[1.341s] DEBUG:colcon:Command line arguments: ['/usr/bin/colcon', 'build', '--symlink-install', '--merge-install']
[1.342s] DEBUG:colcon:Parsed command line arguments: Namespace(allow_overriding=[], ament_cmake_args=None, base_paths=['.'], build_base='build', catkin_cmake_args=None, catkin_skip_building_tests=False, cmake_args=None, cmake_clean_cache=False, cmake_clean_first=False, cmake_force_configure=False, cmake_target=None, cmake_target_skip_unavailable=False, continue_on_error=False, event_handlers=None, executor='parallel', ignore_user_meta=False, install_base='install', log_base=None, log_level=None, main=<bound method BuildVerb.main of <colcon_core.verb.build.BuildVerb object at 0xffffbcc515e0>>, merge_install=True, metas=['./colcon.meta'], mixin=None, mixin_files=None, mixin_verb=('build',), packages_above=None, packages_above_and_dependencies=None, packages_above_depth=None, packages_end=None, packages_ignore=None, packages_ignore_regex=None, packages_select=None, packages_select_build_failed=False, packages_select_by_dep=None, packages_select_regex=None, packages_select_test_failures=False, packages_skip=None, packages_skip_build_finished=False, packages_skip_by_dep=None, packages_skip_regex=None, packages_skip_test_passed=False, packages_skip_up_to=None, packages_start=None, packages_up_to=None, packages_up_to_regex=None, parallel_workers=4, paths=None, symlink_install=True, test_result_base=None, verb_extension=<colcon_core.verb.build.BuildVerb object at 0xffffbcc515e0>, verb_name='build', verb_parser=<colcon_mixin.mixin.mixin_argument.MixinArgumentDecorator object at 0xffffbcc51df0>)
[2.098s] Level 1:colcon.colcon_core.package_discovery:discover_packages(colcon_meta) check parameters
[2.098s] Level 1:colcon.colcon_core.package_discovery:discover_packages(recursive) check parameters
[2.098s] Level 1:colcon.colcon_core.package_discovery:discover_packages(ignore) check parameters
[2.098s] Level 1:colcon.colcon_core.package_discovery:discover_packages(path) check parameters
[2.099s] Level 1:colcon.colcon_core.package_discovery:discover_packages(colcon_meta) discover
[2.099s] Level 1:colcon.colcon_core.package_discovery:discover_packages(recursive) discover
[2.099s] INFO:colcon.colcon_core.package_discovery:Crawling recursively for packages in '/home/wjs/cart_ros2'
[2.099s] Level 1:colcon.colcon_core.package_identification:_identify(.) by extensions ['ignore', 'ignore_ament_install']
[2.100s] Level 1:colcon.colcon_core.package_identification:_identify(.) by extension 'ignore'
[2.101s] Level 1:colcon.colcon_core.package_identification:_identify(.) by extension 'ignore_ament_install'
[2.101s] Level 1:colcon.colcon_core.package_identification:_identify(.) by extensions ['colcon_pkg']
[2.101s] Level 1:colcon.colcon_core.package_identification:_identify(.) by extension 'colcon_pkg'
[2.101s] Level 1:colcon.colcon_core.package_identification:_identify(.) by extensions ['colcon_meta']
[2.101s] Level 1:colcon.colcon_core.package_identification:_identify(.) by extension 'colcon_meta'
[2.101s] Level 1:colcon.colcon_core.package_identification:_identify(.) by extensions ['ros']
[2.102s] Level 1:colcon.colcon_core.package_identification:_identify(.) by extension 'ros'
[2.144s] Level 1:colcon.colcon_core.package_identification:_identify(.) by extensions ['cmake', 'python']
[2.144s] Level 1:colcon.colcon_core.package_identification:_identify(.) by extension 'cmake'
[2.144s] Level 1:colcon.colcon_core.package_identification:_identify(.) by extension 'python'
[2.145s] Level 1:colcon.colcon_core.package_identification:_identify(.) by extensions ['python_setup_py']
[2.145s] Level 1:colcon.colcon_core.package_identification:_identify(.) by extension 'python_setup_py'
[2.145s] Level 1:colcon.colcon_core.package_identification:_identify(build) by extensions ['ignore', 'ignore_ament_install']
[2.146s] Level 1:colcon.colcon_core.package_identification:_identify(build) by extension 'ignore'
[2.146s] Level 1:colcon.colcon_core.package_identification:_identify(build) ignored
[2.146s] Level 1:colcon.colcon_core.package_identification:_identify(install) by extensions ['ignore', 'ignore_ament_install']
[2.147s] Level 1:colcon.colcon_core.package_identification:_identify(install) by extension 'ignore'
[2.147s] Level 1:colcon.colcon_core.package_identification:_identify(install) ignored
[2.147s] Level 1:colcon.colcon_core.package_identification:_identify(log) by extensions ['ignore', 'ignore_ament_install']
[2.147s] Level 1:colcon.colcon_core.package_identification:_identify(log) by extension 'ignore'
[2.148s] Level 1:colcon.colcon_core.package_identification:_identify(log) ignored
[2.148s] Level 1:colcon.colcon_core.package_identification:_identify(src) by extensions ['ignore', 'ignore_ament_install']
[2.148s] Level 1:colcon.colcon_core.package_identification:_identify(src) by extension 'ignore'
[2.148s] Level 1:colcon.colcon_core.package_identification:_identify(src) by extension 'ignore_ament_install'
[2.149s] Level 1:colcon.colcon_core.package_identification:_identify(src) by extensions ['colcon_pkg']
[2.149s] Level 1:colcon.colcon_core.package_identification:_identify(src) by extension 'colcon_pkg'
[2.149s] Level 1:colcon.colcon_core.package_identification:_identify(src) by extensions ['colcon_meta']
[2.149s] Level 1:colcon.colcon_core.package_identification:_identify(src) by extension 'colcon_meta'
[2.149s] Level 1:colcon.colcon_core.package_identification:_identify(src) by extensions ['ros']
[2.149s] Level 1:colcon.colcon_core.package_identification:_identify(src) by extension 'ros'
[2.149s] Level 1:colcon.colcon_core.package_identification:_identify(src) by extensions ['cmake', 'python']
[2.150s] Level 1:colcon.colcon_core.package_identification:_identify(src) by extension 'cmake'
[2.150s] Level 1:colcon.colcon_core.package_identification:_identify(src) by extension 'python'
[2.150s] Level 1:colcon.colcon_core.package_identification:_identify(src) by extensions ['python_setup_py']
[2.150s] Level 1:colcon.colcon_core.package_identification:_identify(src) by extension 'python_setup_py'
[2.150s] Level 1:colcon.colcon_core.package_identification:_identify(src/2th_NtrexAHRS_lib_ROS) by extensions ['ignore', 'ignore_ament_install']
[2.151s] Level 1:colcon.colcon_core.package_identification:_identify(src/2th_NtrexAHRS_lib_ROS) by extension 'ignore'
[2.151s] Level 1:colcon.colcon_core.package_identification:_identify(src/2th_NtrexAHRS_lib_ROS) by extension 'ignore_ament_install'
[2.151s] Level 1:colcon.colcon_core.package_identification:_identify(src/2th_NtrexAHRS_lib_ROS) by extensions ['colcon_pkg']
[2.151s] Level 1:colcon.colcon_core.package_identification:_identify(src/2th_NtrexAHRS_lib_ROS) by extension 'colcon_pkg'
[2.151s] Level 1:colcon.colcon_core.package_identification:_identify(src/2th_NtrexAHRS_lib_ROS) by extensions ['colcon_meta']
[2.151s] Level 1:colcon.colcon_core.package_identification:_identify(src/2th_NtrexAHRS_lib_ROS) by extension 'colcon_meta'
[2.152s] Level 1:colcon.colcon_core.package_identification:_identify(src/2th_NtrexAHRS_lib_ROS) by extensions ['ros']
[2.152s] Level 1:colcon.colcon_core.package_identification:_identify(src/2th_NtrexAHRS_lib_ROS) by extension 'ros'
[2.152s] Level 1:colcon.colcon_core.package_identification:_identify(src/2th_NtrexAHRS_lib_ROS) by extensions ['cmake', 'python']
[2.152s] Level 1:colcon.colcon_core.package_identification:_identify(src/2th_NtrexAHRS_lib_ROS) by extension 'cmake'
[2.152s] Level 1:colcon.colcon_core.package_identification:_identify(src/2th_NtrexAHRS_lib_ROS) by extension 'python'
[2.153s] Level 1:colcon.colcon_core.package_identification:_identify(src/2th_NtrexAHRS_lib_ROS) by extensions ['python_setup_py']
[2.153s] Level 1:colcon.colcon_core.package_identification:_identify(src/2th_NtrexAHRS_lib_ROS) by extension 'python_setup_py'
[2.153s] Level 1:colcon.colcon_core.package_identification:_identify(src/2th_NtrexAHRS_lib_ROS/lib_aarch64) by extensions ['ignore', 'ignore_ament_install']
[2.153s] Level 1:colcon.colcon_core.package_identification:_identify(src/2th_NtrexAHRS_lib_ROS/lib_aarch64) by extension 'ignore'
[2.153s] Level 1:colcon.colcon_core.package_identification:_identify(src/2th_NtrexAHRS_lib_ROS/lib_aarch64) by extension 'ignore_ament_install'
[2.154s] Level 1:colcon.colcon_core.package_identification:_identify(src/2th_NtrexAHRS_lib_ROS/lib_aarch64) by extensions ['colcon_pkg']
[2.154s] Level 1:colcon.colcon_core.package_identification:_identify(src/2th_NtrexAHRS_lib_ROS/lib_aarch64) by extension 'colcon_pkg'
[2.154s] Level 1:colcon.colcon_core.package_identification:_identify(src/2th_NtrexAHRS_lib_ROS/lib_aarch64) by extensions ['colcon_meta']
[2.154s] Level 1:colcon.colcon_core.package_identification:_identify(src/2th_NtrexAHRS_lib_ROS/lib_aarch64) by extension 'colcon_meta'
[2.154s] Level 1:colcon.colcon_core.package_identification:_identify(src/2th_NtrexAHRS_lib_ROS/lib_aarch64) by extensions ['ros']
[2.154s] Level 1:colcon.colcon_core.package_identification:_identify(src/2th_NtrexAHRS_lib_ROS/lib_aarch64) by extension 'ros'
[2.155s] Level 1:colcon.colcon_core.package_identification:_identify(src/2th_NtrexAHRS_lib_ROS/lib_aarch64) by extensions ['cmake', 'python']
[2.155s] Level 1:colcon.colcon_core.package_identification:_identify(src/2th_NtrexAHRS_lib_ROS/lib_aarch64) by extension 'cmake'
[2.155s] Level 1:colcon.colcon_core.package_identification:_identify(src/2th_NtrexAHRS_lib_ROS/lib_aarch64) by extension 'python'
[2.155s] Level 1:colcon.colcon_core.package_identification:_identify(src/2th_NtrexAHRS_lib_ROS/lib_aarch64) by extensions ['python_setup_py']
[2.155s] Level 1:colcon.colcon_core.package_identification:_identify(src/2th_NtrexAHRS_lib_ROS/lib_aarch64) by extension 'python_setup_py'
[2.156s] Level 1:colcon.colcon_core.package_identification:_identify(src/2th_NtrexAHRS_lib_ROS/lib_amd64) by extensions ['ignore', 'ignore_ament_install']
[2.156s] Level 1:colcon.colcon_core.package_identification:_identify(src/2th_NtrexAHRS_lib_ROS/lib_amd64) by extension 'ignore'
[2.156s] Level 1:colcon.colcon_core.package_identification:_identify(src/2th_NtrexAHRS_lib_ROS/lib_amd64) by extension 'ignore_ament_install'
[2.156s] Level 1:colcon.colcon_core.package_identification:_identify(src/2th_NtrexAHRS_lib_ROS/lib_amd64) by extensions ['colcon_pkg']
[2.156s] Level 1:colcon.colcon_core.package_identification:_identify(src/2th_NtrexAHRS_lib_ROS/lib_amd64) by extension 'colcon_pkg'
[2.156s] Level 1:colcon.colcon_core.package_identification:_identify(src/2th_NtrexAHRS_lib_ROS/lib_amd64) by extensions ['colcon_meta']
[2.157s] Level 1:colcon.colcon_core.package_identification:_identify(src/2th_NtrexAHRS_lib_ROS/lib_amd64) by extension 'colcon_meta'
[2.157s] Level 1:colcon.colcon_core.package_identification:_identify(src/2th_NtrexAHRS_lib_ROS/lib_amd64) by extensions ['ros']
[2.157s] Level 1:colcon.colcon_core.package_identification:_identify(src/2th_NtrexAHRS_lib_ROS/lib_amd64) by extension 'ros'
[2.157s] Level 1:colcon.colcon_core.package_identification:_identify(src/2th_NtrexAHRS_lib_ROS/lib_amd64) by extensions ['cmake', 'python']
[2.157s] Level 1:colcon.colcon_core.package_identification:_identify(src/2th_NtrexAHRS_lib_ROS/lib_amd64) by extension 'cmake'
[2.157s] Level 1:colcon.colcon_core.package_identification:_identify(src/2th_NtrexAHRS_lib_ROS/lib_amd64) by extension 'python'
[2.158s] Level 1:colcon.colcon_core.package_identification:_identify(src/2th_NtrexAHRS_lib_ROS/lib_amd64) by extensions ['python_setup_py']
[2.158s] Level 1:colcon.colcon_core.package_identification:_identify(src/2th_NtrexAHRS_lib_ROS/lib_amd64) by extension 'python_setup_py'
[2.158s] Level 1:colcon.colcon_core.package_identification:_identify(src/2th_NtrexAHRS_lib_ROS/lib_arm64) by extensions ['ignore', 'ignore_ament_install']
[2.158s] Level 1:colcon.colcon_core.package_identification:_identify(src/2th_NtrexAHRS_lib_ROS/lib_arm64) by extension 'ignore'
[2.158s] Level 1:colcon.colcon_core.package_identification:_identify(src/2th_NtrexAHRS_lib_ROS/lib_arm64) by extension 'ignore_ament_install'
[2.159s] Level 1:colcon.colcon_core.package_identification:_identify(src/2th_NtrexAHRS_lib_ROS/lib_arm64) by extensions ['colcon_pkg']
[2.159s] Level 1:colcon.colcon_core.package_identification:_identify(src/2th_NtrexAHRS_lib_ROS/lib_arm64) by extension 'colcon_pkg'
[2.159s] Level 1:colcon.colcon_core.package_identification:_identify(src/2th_NtrexAHRS_lib_ROS/lib_arm64) by extensions ['colcon_meta']
[2.159s] Level 1:colcon.colcon_core.package_identification:_identify(src/2th_NtrexAHRS_lib_ROS/lib_arm64) by extension 'colcon_meta'
[2.159s] Level 1:colcon.colcon_core.package_identification:_identify(src/2th_NtrexAHRS_lib_ROS/lib_arm64) by extensions ['ros']
[2.159s] Level 1:colcon.colcon_core.package_identification:_identify(src/2th_NtrexAHRS_lib_ROS/lib_arm64) by extension 'ros'
[2.160s] Level 1:colcon.colcon_core.package_identification:_identify(src/2th_NtrexAHRS_lib_ROS/lib_arm64) by extensions ['cmake', 'python']
[2.160s] Level 1:colcon.colcon_core.package_identification:_identify(src/2th_NtrexAHRS_lib_ROS/lib_arm64) by extension 'cmake'
[2.160s] Level 1:colcon.colcon_core.package_identification:_identify(src/2th_NtrexAHRS_lib_ROS/lib_arm64) by extension 'python'
[2.160s] Level 1:colcon.colcon_core.package_identification:_identify(src/2th_NtrexAHRS_lib_ROS/lib_arm64) by extensions ['python_setup_py']
[2.160s] Level 1:colcon.colcon_core.package_identification:_identify(src/2th_NtrexAHRS_lib_ROS/lib_arm64) by extension 'python_setup_py'
[2.161s] Level 1:colcon.colcon_core.package_identification:_identify(src/2th_NtrexAHRS_lib_ROS/lib_armv7l) by extensions ['ignore', 'ignore_ament_install']
[2.161s] Level 1:colcon.colcon_core.package_identification:_identify(src/2th_NtrexAHRS_lib_ROS/lib_armv7l) by extension 'ignore'
[2.161s] Level 1:colcon.colcon_core.package_identification:_identify(src/2th_NtrexAHRS_lib_ROS/lib_armv7l) by extension 'ignore_ament_install'
[2.161s] Level 1:colcon.colcon_core.package_identification:_identify(src/2th_NtrexAHRS_lib_ROS/lib_armv7l) by extensions ['colcon_pkg']
[2.162s] Level 1:colcon.colcon_core.package_identification:_identify(src/2th_NtrexAHRS_lib_ROS/lib_armv7l) by extension 'colcon_pkg'
[2.162s] Level 1:colcon.colcon_core.package_identification:_identify(src/2th_NtrexAHRS_lib_ROS/lib_armv7l) by extensions ['colcon_meta']
[2.162s] Level 1:colcon.colcon_core.package_identification:_identify(src/2th_NtrexAHRS_lib_ROS/lib_armv7l) by extension 'colcon_meta'
[2.162s] Level 1:colcon.colcon_core.package_identification:_identify(src/2th_NtrexAHRS_lib_ROS/lib_armv7l) by extensions ['ros']
[2.162s] Level 1:colcon.colcon_core.package_identification:_identify(src/2th_NtrexAHRS_lib_ROS/lib_armv7l) by extension 'ros'
[2.162s] Level 1:colcon.colcon_core.package_identification:_identify(src/2th_NtrexAHRS_lib_ROS/lib_armv7l) by extensions ['cmake', 'python']
[2.163s] Level 1:colcon.colcon_core.package_identification:_identify(src/2th_NtrexAHRS_lib_ROS/lib_armv7l) by extension 'cmake'
[2.163s] Level 1:colcon.colcon_core.package_identification:_identify(src/2th_NtrexAHRS_lib_ROS/lib_armv7l) by extension 'python'
[2.163s] Level 1:colcon.colcon_core.package_identification:_identify(src/2th_NtrexAHRS_lib_ROS/lib_armv7l) by extensions ['python_setup_py']
[2.163s] Level 1:colcon.colcon_core.package_identification:_identify(src/2th_NtrexAHRS_lib_ROS/lib_armv7l) by extension 'python_setup_py'
[2.164s] Level 1:colcon.colcon_core.package_identification:_identify(src/2th_NtrexAHRS_lib_ROS/ros2_example) by extensions ['ignore', 'ignore_ament_install']
[2.164s] Level 1:colcon.colcon_core.package_identification:_identify(src/2th_NtrexAHRS_lib_ROS/ros2_example) by extension 'ignore'
[2.164s] Level 1:colcon.colcon_core.package_identification:_identify(src/2th_NtrexAHRS_lib_ROS/ros2_example) by extension 'ignore_ament_install'
[2.164s] Level 1:colcon.colcon_core.package_identification:_identify(src/2th_NtrexAHRS_lib_ROS/ros2_example) by extensions ['colcon_pkg']
[2.165s] Level 1:colcon.colcon_core.package_identification:_identify(src/2th_NtrexAHRS_lib_ROS/ros2_example) by extension 'colcon_pkg'
[2.165s] Level 1:colcon.colcon_core.package_identification:_identify(src/2th_NtrexAHRS_lib_ROS/ros2_example) by extensions ['colcon_meta']
[2.165s] Level 1:colcon.colcon_core.package_identification:_identify(src/2th_NtrexAHRS_lib_ROS/ros2_example) by extension 'colcon_meta'
[2.165s] Level 1:colcon.colcon_core.package_identification:_identify(src/2th_NtrexAHRS_lib_ROS/ros2_example) by extensions ['ros']
[2.165s] Level 1:colcon.colcon_core.package_identification:_identify(src/2th_NtrexAHRS_lib_ROS/ros2_example) by extension 'ros'
[2.166s] Level 1:colcon.colcon_core.package_identification:_identify(src/2th_NtrexAHRS_lib_ROS/ros2_example) by extensions ['cmake', 'python']
[2.166s] Level 1:colcon.colcon_core.package_identification:_identify(src/2th_NtrexAHRS_lib_ROS/ros2_example) by extension 'cmake'
[2.166s] Level 1:colcon.colcon_core.package_identification:_identify(src/2th_NtrexAHRS_lib_ROS/ros2_example) by extension 'python'
[2.166s] Level 1:colcon.colcon_core.package_identification:_identify(src/2th_NtrexAHRS_lib_ROS/ros2_example) by extensions ['python_setup_py']
[2.166s] Level 1:colcon.colcon_core.package_identification:_identify(src/2th_NtrexAHRS_lib_ROS/ros2_example) by extension 'python_setup_py'
[2.167s] Level 1:colcon.colcon_core.package_identification:_identify(src/2th_NtrexAHRS_lib_ROS/ros2_example/stella_ahrs) by extensions ['ignore', 'ignore_ament_install']
[2.167s] Level 1:colcon.colcon_core.package_identification:_identify(src/2th_NtrexAHRS_lib_ROS/ros2_example/stella_ahrs) by extension 'ignore'
[2.167s] Level 1:colcon.colcon_core.package_identification:_identify(src/2th_NtrexAHRS_lib_ROS/ros2_example/stella_ahrs) by extension 'ignore_ament_install'
[2.167s] Level 1:colcon.colcon_core.package_identification:_identify(src/2th_NtrexAHRS_lib_ROS/ros2_example/stella_ahrs) by extensions ['colcon_pkg']
[2.167s] Level 1:colcon.colcon_core.package_identification:_identify(src/2th_NtrexAHRS_lib_ROS/ros2_example/stella_ahrs) by extension 'colcon_pkg'
[2.168s] Level 1:colcon.colcon_core.package_identification:_identify(src/2th_NtrexAHRS_lib_ROS/ros2_example/stella_ahrs) by extensions ['colcon_meta']
[2.168s] Level 1:colcon.colcon_core.package_identification:_identify(src/2th_NtrexAHRS_lib_ROS/ros2_example/stella_ahrs) by extension 'colcon_meta'
[2.168s] Level 1:colcon.colcon_core.package_identification:_identify(src/2th_NtrexAHRS_lib_ROS/ros2_example/stella_ahrs) by extensions ['ros']
[2.168s] Level 1:colcon.colcon_core.package_identification:_identify(src/2th_NtrexAHRS_lib_ROS/ros2_example/stella_ahrs) by extension 'ros'
[2.189s] DEBUG:colcon.colcon_core.package_identification:Package 'src/2th_NtrexAHRS_lib_ROS/ros2_example/stella_ahrs' with type 'ros.ament_cmake' and name 'stella_ahrs'
[2.190s] Level 1:colcon.colcon_core.package_identification:_identify(src/agv_body) by extensions ['ignore', 'ignore_ament_install']
[2.190s] Level 1:colcon.colcon_core.package_identification:_identify(src/agv_body) by extension 'ignore'
[2.190s] Level 1:colcon.colcon_core.package_identification:_identify(src/agv_body) by extension 'ignore_ament_install'
[2.191s] Level 1:colcon.colcon_core.package_identification:_identify(src/agv_body) by extensions ['colcon_pkg']
[2.191s] Level 1:colcon.colcon_core.package_identification:_identify(src/agv_body) by extension 'colcon_pkg'
[2.191s] Level 1:colcon.colcon_core.package_identification:_identify(src/agv_body) by extensions ['colcon_meta']
[2.191s] Level 1:colcon.colcon_core.package_identification:_identify(src/agv_body) by extension 'colcon_meta'
[2.191s] Level 1:colcon.colcon_core.package_identification:_identify(src/agv_body) by extensions ['ros']
[2.191s] Level 1:colcon.colcon_core.package_identification:_identify(src/agv_body) by extension 'ros'
[2.194s] DEBUG:colcon.colcon_core.package_identification:Package 'src/agv_body' with type 'ros.ament_python' and name 'agv_body'
[2.194s] Level 1:colcon.colcon_core.package_identification:_identify(src/agv_mapping) by extensions ['ignore', 'ignore_ament_install']
[2.194s] Level 1:colcon.colcon_core.package_identification:_identify(src/agv_mapping) by extension 'ignore'
[2.195s] Level 1:colcon.colcon_core.package_identification:_identify(src/agv_mapping) by extension 'ignore_ament_install'
[2.195s] Level 1:colcon.colcon_core.package_identification:_identify(src/agv_mapping) by extensions ['colcon_pkg']
[2.195s] Level 1:colcon.colcon_core.package_identification:_identify(src/agv_mapping) by extension 'colcon_pkg'
[2.195s] Level 1:colcon.colcon_core.package_identification:_identify(src/agv_mapping) by extensions ['colcon_meta']
[2.195s] Level 1:colcon.colcon_core.package_identification:_identify(src/agv_mapping) by extension 'colcon_meta'
[2.196s] Level 1:colcon.colcon_core.package_identification:_identify(src/agv_mapping) by extensions ['ros']
[2.196s] Level 1:colcon.colcon_core.package_identification:_identify(src/agv_mapping) by extension 'ros'
[2.198s] DEBUG:colcon.colcon_core.package_identification:Package 'src/agv_mapping' with type 'ros.ament_cmake' and name 'agv_mapping'
[2.198s] Level 1:colcon.colcon_core.package_identification:_identify(src/arduino_ros2) by extensions ['ignore', 'ignore_ament_install']
[2.199s] Level 1:colcon.colcon_core.package_identification:_identify(src/arduino_ros2) by extension 'ignore'
[2.199s] Level 1:colcon.colcon_core.package_identification:_identify(src/arduino_ros2) by extension 'ignore_ament_install'
[2.199s] Level 1:colcon.colcon_core.package_identification:_identify(src/arduino_ros2) by extensions ['colcon_pkg']
[2.199s] Level 1:colcon.colcon_core.package_identification:_identify(src/arduino_ros2) by extension 'colcon_pkg'
[2.199s] Level 1:colcon.colcon_core.package_identification:_identify(src/arduino_ros2) by extensions ['colcon_meta']
[2.199s] Level 1:colcon.colcon_core.package_identification:_identify(src/arduino_ros2) by extension 'colcon_meta'
[2.200s] Level 1:colcon.colcon_core.package_identification:_identify(src/arduino_ros2) by extensions ['ros']
[2.200s] Level 1:colcon.colcon_core.package_identification:_identify(src/arduino_ros2) by extension 'ros'
[2.201s] DEBUG:colcon.colcon_core.package_identification:Package 'src/arduino_ros2' with type 'ros.ament_python' and name 'arduino_ros2'
[2.202s] Level 1:colcon.colcon_core.package_identification:_identify(src/ira_laser_tools) by extensions ['ignore', 'ignore_ament_install']
[2.202s] Level 1:colcon.colcon_core.package_identification:_identify(src/ira_laser_tools) by extension 'ignore'
[2.202s] Level 1:colcon.colcon_core.package_identification:_identify(src/ira_laser_tools) by extension 'ignore_ament_install'
[2.203s] Level 1:colcon.colcon_core.package_identification:_identify(src/ira_laser_tools) by extensions ['colcon_pkg']
[2.203s] Level 1:colcon.colcon_core.package_identification:_identify(src/ira_laser_tools) by extension 'colcon_pkg'
[2.203s] Level 1:colcon.colcon_core.package_identification:_identify(src/ira_laser_tools) by extensions ['colcon_meta']
[2.203s] Level 1:colcon.colcon_core.package_identification:_identify(src/ira_laser_tools) by extension 'colcon_meta'
[2.203s] Level 1:colcon.colcon_core.package_identification:_identify(src/ira_laser_tools) by extensions ['ros']
[2.203s] Level 1:colcon.colcon_core.package_identification:_identify(src/ira_laser_tools) by extension 'ros'
[2.212s] DEBUG:colcon.colcon_core.package_identification:Package 'src/ira_laser_tools' with type 'ros.ament_cmake' and name 'ira_laser_tools'
[2.213s] Level 1:colcon.colcon_core.package_identification:_identify(src/laser_filters) by extensions ['ignore', 'ignore_ament_install']
[2.213s] Level 1:colcon.colcon_core.package_identification:_identify(src/laser_filters) by extension 'ignore'
[2.214s] Level 1:colcon.colcon_core.package_identification:_identify(src/laser_filters) by extension 'ignore_ament_install'
[2.214s] Level 1:colcon.colcon_core.package_identification:_identify(src/laser_filters) by extensions ['colcon_pkg']
[2.214s] Level 1:colcon.colcon_core.package_identification:_identify(src/laser_filters) by extension 'colcon_pkg'
[2.214s] Level 1:colcon.colcon_core.package_identification:_identify(src/laser_filters) by extensions ['colcon_meta']
[2.214s] Level 1:colcon.colcon_core.package_identification:_identify(src/laser_filters) by extension 'colcon_meta'
[2.215s] Level 1:colcon.colcon_core.package_identification:_identify(src/laser_filters) by extensions ['ros']
[2.215s] Level 1:colcon.colcon_core.package_identification:_identify(src/laser_filters) by extension 'ros'
[2.219s] DEBUG:colcon.colcon_core.package_identification:Package 'src/laser_filters' with type 'ros.ament_cmake' and name 'laser_filters'
[2.220s] Level 1:colcon.colcon_core.package_identification:_identify(src/roboteq_controller_ros-galactic-devel) by extensions ['ignore', 'ignore_ament_install']
[2.220s] Level 1:colcon.colcon_core.package_identification:_identify(src/roboteq_controller_ros-galactic-devel) by extension 'ignore'
[2.220s] Level 1:colcon.colcon_core.package_identification:_identify(src/roboteq_controller_ros-galactic-devel) by extension 'ignore_ament_install'
[2.220s] Level 1:colcon.colcon_core.package_identification:_identify(src/roboteq_controller_ros-galactic-devel) by extensions ['colcon_pkg']
[2.220s] Level 1:colcon.colcon_core.package_identification:_identify(src/roboteq_controller_ros-galactic-devel) by extension 'colcon_pkg'
[2.221s] Level 1:colcon.colcon_core.package_identification:_identify(src/roboteq_controller_ros-galactic-devel) by extensions ['colcon_meta']
[2.221s] Level 1:colcon.colcon_core.package_identification:_identify(src/roboteq_controller_ros-galactic-devel) by extension 'colcon_meta'
[2.221s] Level 1:colcon.colcon_core.package_identification:_identify(src/roboteq_controller_ros-galactic-devel) by extensions ['ros']
[2.221s] Level 1:colcon.colcon_core.package_identification:_identify(src/roboteq_controller_ros-galactic-devel) by extension 'ros'
[2.221s] Level 1:colcon.colcon_core.package_identification:_identify(src/roboteq_controller_ros-galactic-devel) by extensions ['cmake', 'python']
[2.221s] Level 1:colcon.colcon_core.package_identification:_identify(src/roboteq_controller_ros-galactic-devel) by extension 'cmake'
[2.222s] Level 1:colcon.colcon_core.package_identification:_identify(src/roboteq_controller_ros-galactic-devel) by extension 'python'
[2.222s] Level 1:colcon.colcon_core.package_identification:_identify(src/roboteq_controller_ros-galactic-devel) by extensions ['python_setup_py']
[2.222s] Level 1:colcon.colcon_core.package_identification:_identify(src/roboteq_controller_ros-galactic-devel) by extension 'python_setup_py'
[2.222s] Level 1:colcon.colcon_core.package_identification:_identify(src/roboteq_controller_ros-galactic-devel/roboteq_controller) by extensions ['ignore', 'ignore_ament_install']
[2.222s] Level 1:colcon.colcon_core.package_identification:_identify(src/roboteq_controller_ros-galactic-devel/roboteq_controller) by extension 'ignore'
[2.223s] Level 1:colcon.colcon_core.package_identification:_identify(src/roboteq_controller_ros-galactic-devel/roboteq_controller) by extension 'ignore_ament_install'
[2.223s] Level 1:colcon.colcon_core.package_identification:_identify(src/roboteq_controller_ros-galactic-devel/roboteq_controller) by extensions ['colcon_pkg']
[2.223s] Level 1:colcon.colcon_core.package_identification:_identify(src/roboteq_controller_ros-galactic-devel/roboteq_controller) by extension 'colcon_pkg'
[2.223s] Level 1:colcon.colcon_core.package_identification:_identify(src/roboteq_controller_ros-galactic-devel/roboteq_controller) by extensions ['colcon_meta']
[2.223s] Level 1:colcon.colcon_core.package_identification:_identify(src/roboteq_controller_ros-galactic-devel/roboteq_controller) by extension 'colcon_meta'
[2.224s] Level 1:colcon.colcon_core.package_identification:_identify(src/roboteq_controller_ros-galactic-devel/roboteq_controller) by extensions ['ros']
[2.224s] Level 1:colcon.colcon_core.package_identification:_identify(src/roboteq_controller_ros-galactic-devel/roboteq_controller) by extension 'ros'
[2.227s] DEBUG:colcon.colcon_core.package_identification:Package 'src/roboteq_controller_ros-galactic-devel/roboteq_controller' with type 'ros.ament_cmake' and name 'roboteq_controller'
[2.227s] Level 1:colcon.colcon_core.package_identification:_identify(src/roboteq_controller_ros-galactic-devel/roboteq_interfaces) by extensions ['ignore', 'ignore_ament_install']
[2.227s] Level 1:colcon.colcon_core.package_identification:_identify(src/roboteq_controller_ros-galactic-devel/roboteq_interfaces) by extension 'ignore'
[2.227s] Level 1:colcon.colcon_core.package_identification:_identify(src/roboteq_controller_ros-galactic-devel/roboteq_interfaces) by extension 'ignore_ament_install'
[2.228s] Level 1:colcon.colcon_core.package_identification:_identify(src/roboteq_controller_ros-galactic-devel/roboteq_interfaces) by extensions ['colcon_pkg']
[2.228s] Level 1:colcon.colcon_core.package_identification:_identify(src/roboteq_controller_ros-galactic-devel/roboteq_interfaces) by extension 'colcon_pkg'
[2.228s] Level 1:colcon.colcon_core.package_identification:_identify(src/roboteq_controller_ros-galactic-devel/roboteq_interfaces) by extensions ['colcon_meta']
[2.228s] Level 1:colcon.colcon_core.package_identification:_identify(src/roboteq_controller_ros-galactic-devel/roboteq_interfaces) by extension 'colcon_meta'
[2.228s] Level 1:colcon.colcon_core.package_identification:_identify(src/roboteq_controller_ros-galactic-devel/roboteq_interfaces) by extensions ['ros']
[2.228s] Level 1:colcon.colcon_core.package_identification:_identify(src/roboteq_controller_ros-galactic-devel/roboteq_interfaces) by extension 'ros'
[2.230s] DEBUG:colcon.colcon_core.package_identification:Package 'src/roboteq_controller_ros-galactic-devel/roboteq_interfaces' with type 'ros.ament_cmake' and name 'roboteq_interfaces'
[2.231s] Level 1:colcon.colcon_core.package_identification:_identify(src/roboteq_controller_ros-galactic-devel/serial-ros2-master) by extensions ['ignore', 'ignore_ament_install']
[2.231s] Level 1:colcon.colcon_core.package_identification:_identify(src/roboteq_controller_ros-galactic-devel/serial-ros2-master) by extension 'ignore'
[2.231s] Level 1:colcon.colcon_core.package_identification:_identify(src/roboteq_controller_ros-galactic-devel/serial-ros2-master) by extension 'ignore_ament_install'
[2.231s] Level 1:colcon.colcon_core.package_identification:_identify(src/roboteq_controller_ros-galactic-devel/serial-ros2-master) by extensions ['colcon_pkg']
[2.232s] Level 1:colcon.colcon_core.package_identification:_identify(src/roboteq_controller_ros-galactic-devel/serial-ros2-master) by extension 'colcon_pkg'
[2.232s] Level 1:colcon.colcon_core.package_identification:_identify(src/roboteq_controller_ros-galactic-devel/serial-ros2-master) by extensions ['colcon_meta']
[2.232s] Level 1:colcon.colcon_core.package_identification:_identify(src/roboteq_controller_ros-galactic-devel/serial-ros2-master) by extension 'colcon_meta'
[2.232s] Level 1:colcon.colcon_core.package_identification:_identify(src/roboteq_controller_ros-galactic-devel/serial-ros2-master) by extensions ['ros']
[2.232s] Level 1:colcon.colcon_core.package_identification:_identify(src/roboteq_controller_ros-galactic-devel/serial-ros2-master) by extension 'ros'
[2.269s] DEBUG:colcon.colcon_core.package_identification:Package 'src/roboteq_controller_ros-galactic-devel/serial-ros2-master' with type 'ros.ament_cmake' and name 'serial'
[2.270s] Level 1:colcon.colcon_core.package_identification:_identify(src/ros2_differential_drive-ros2) by extensions ['ignore', 'ignore_ament_install']
[2.270s] Level 1:colcon.colcon_core.package_identification:_identify(src/ros2_differential_drive-ros2) by extension 'ignore'
[2.270s] Level 1:colcon.colcon_core.package_identification:_identify(src/ros2_differential_drive-ros2) by extension 'ignore_ament_install'
[2.271s] Level 1:colcon.colcon_core.package_identification:_identify(src/ros2_differential_drive-ros2) by extensions ['colcon_pkg']
[2.271s] Level 1:colcon.colcon_core.package_identification:_identify(src/ros2_differential_drive-ros2) by extension 'colcon_pkg'
[2.271s] Level 1:colcon.colcon_core.package_identification:_identify(src/ros2_differential_drive-ros2) by extensions ['colcon_meta']
[2.271s] Level 1:colcon.colcon_core.package_identification:_identify(src/ros2_differential_drive-ros2) by extension 'colcon_meta'
[2.271s] Level 1:colcon.colcon_core.package_identification:_identify(src/ros2_differential_drive-ros2) by extensions ['ros']
[2.271s] Level 1:colcon.colcon_core.package_identification:_identify(src/ros2_differential_drive-ros2) by extension 'ros'
[2.275s] DEBUG:colcon.colcon_core.package_identification:Package 'src/ros2_differential_drive-ros2' with type 'ros.ament_python' and name 'differential_drive'
[2.275s] Level 1:colcon.colcon_core.package_identification:_identify(src/sllidar_ros2) by extensions ['ignore', 'ignore_ament_install']
[2.276s] Level 1:colcon.colcon_core.package_identification:_identify(src/sllidar_ros2) by extension 'ignore'
[2.276s] Level 1:colcon.colcon_core.package_identification:_identify(src/sllidar_ros2) by extension 'ignore_ament_install'
[2.276s] Level 1:colcon.colcon_core.package_identification:_identify(src/sllidar_ros2) by extensions ['colcon_pkg']
[2.276s] Level 1:colcon.colcon_core.package_identification:_identify(src/sllidar_ros2) by extension 'colcon_pkg'
[2.276s] Level 1:colcon.colcon_core.package_identification:_identify(src/sllidar_ros2) by extensions ['colcon_meta']
[2.276s] Level 1:colcon.colcon_core.package_identification:_identify(src/sllidar_ros2) by extension 'colcon_meta'
[2.277s] Level 1:colcon.colcon_core.package_identification:_identify(src/sllidar_ros2) by extensions ['ros']
[2.277s] Level 1:colcon.colcon_core.package_identification:_identify(src/sllidar_ros2) by extension 'ros'
[2.279s] DEBUG:colcon.colcon_core.package_identification:Package 'src/sllidar_ros2' with type 'ros.ament_cmake' and name 'sllidar_ros2'
[2.279s] Level 1:colcon.colcon_core.package_discovery:discover_packages(recursive) using defaults
[2.280s] Level 1:colcon.colcon_core.package_discovery:discover_packages(ignore) discover
[2.280s] Level 1:colcon.colcon_core.package_discovery:discover_packages(ignore) using defaults
[2.280s] Level 1:colcon.colcon_core.package_discovery:discover_packages(path) discover
[2.280s] Level 1:colcon.colcon_core.package_discovery:discover_packages(path) using defaults
[2.377s] Level 1:colcon.colcon_core.package_discovery:discover_packages(prefix_path) check parameters
[2.377s] Level 1:colcon.colcon_core.package_discovery:discover_packages(prefix_path) discover
[2.387s] DEBUG:colcon.colcon_installed_package_information.package_discovery:Found 5 installed packages in /home/wjs/tb3_tpl_ws/install
[2.390s] DEBUG:colcon.colcon_installed_package_information.package_discovery:Found 11 installed packages in /home/wjs/cart_ros2/install
[2.397s] DEBUG:colcon.colcon_installed_package_information.package_discovery:Found 311 installed packages in /opt/ros/galactic
[2.405s] Level 1:colcon.colcon_core.package_discovery:discover_packages(prefix_path) using defaults
[2.745s] Level 5:colcon.colcon_core.verb:set package 'agv_body' build argument 'cmake_args' from command line to 'None'
[2.745s] Level 5:colcon.colcon_core.verb:set package 'agv_body' build argument 'cmake_target' from command line to 'None'
[2.745s] Level 5:colcon.colcon_core.verb:set package 'agv_body' build argument 'cmake_target_skip_unavailable' from command line to 'False'
[2.745s] Level 5:colcon.colcon_core.verb:set package 'agv_body' build argument 'cmake_clean_cache' from command line to 'False'
[2.746s] Level 5:colcon.colcon_core.verb:set package 'agv_body' build argument 'cmake_clean_first' from command line to 'False'
[2.746s] Level 5:colcon.colcon_core.verb:set package 'agv_body' build argument 'cmake_force_configure' from command line to 'False'
[2.746s] Level 5:colcon.colcon_core.verb:set package 'agv_body' build argument 'ament_cmake_args' from command line to 'None'
[2.746s] Level 5:colcon.colcon_core.verb:set package 'agv_body' build argument 'catkin_cmake_args' from command line to 'None'
[2.746s] Level 5:colcon.colcon_core.verb:set package 'agv_body' build argument 'catkin_skip_building_tests' from command line to 'False'
[2.746s] DEBUG:colcon.colcon_core.verb:Building package 'agv_body' with the following arguments: {'ament_cmake_args': None, 'build_base': '/home/wjs/cart_ros2/build/agv_body', 'catkin_cmake_args': None, 'catkin_skip_building_tests': False, 'cmake_args': None, 'cmake_clean_cache': False, 'cmake_clean_first': False, 'cmake_force_configure': False, 'cmake_target': None, 'cmake_target_skip_unavailable': False, 'install_base': '/home/wjs/cart_ros2/install', 'merge_install': True, 'path': '/home/wjs/cart_ros2/src/agv_body', 'symlink_install': True, 'test_result_base': None}
[2.748s] Level 5:colcon.colcon_core.verb:set package 'agv_mapping' build argument 'cmake_args' from command line to 'None'
[2.748s] Level 5:colcon.colcon_core.verb:set package 'agv_mapping' build argument 'cmake_target' from command line to 'None'
[2.748s] Level 5:colcon.colcon_core.verb:set package 'agv_mapping' build argument 'cmake_target_skip_unavailable' from command line to 'False'
[2.748s] Level 5:colcon.colcon_core.verb:set package 'agv_mapping' build argument 'cmake_clean_cache' from command line to 'False'
[2.748s] Level 5:colcon.colcon_core.verb:set package 'agv_mapping' build argument 'cmake_clean_first' from command line to 'False'
[2.748s] Level 5:colcon.colcon_core.verb:set package 'agv_mapping' build argument 'cmake_force_configure' from command line to 'False'
[2.748s] Level 5:colcon.colcon_core.verb:set package 'agv_mapping' build argument 'ament_cmake_args' from command line to 'None'
[2.749s] Level 5:colcon.colcon_core.verb:set package 'agv_mapping' build argument 'catkin_cmake_args' from command line to 'None'
[2.749s] Level 5:colcon.colcon_core.verb:set package 'agv_mapping' build argument 'catkin_skip_building_tests' from command line to 'False'
[2.749s] DEBUG:colcon.colcon_core.verb:Building package 'agv_mapping' with the following arguments: {'ament_cmake_args': None, 'build_base': '/home/wjs/cart_ros2/build/agv_mapping', 'catkin_cmake_args': None, 'catkin_skip_building_tests': False, 'cmake_args': None, 'cmake_clean_cache': False, 'cmake_clean_first': False, 'cmake_force_configure': False, 'cmake_target': None, 'cmake_target_skip_unavailable': False, 'install_base': '/home/wjs/cart_ros2/install', 'merge_install': True, 'path': '/home/wjs/cart_ros2/src/agv_mapping', 'symlink_install': True, 'test_result_base': None}
[2.750s] Level 5:colcon.colcon_core.verb:set package 'arduino_ros2' build argument 'cmake_args' from command line to 'None'
[2.750s] Level 5:colcon.colcon_core.verb:set package 'arduino_ros2' build argument 'cmake_target' from command line to 'None'
[2.750s] Level 5:colcon.colcon_core.verb:set package 'arduino_ros2' build argument 'cmake_target_skip_unavailable' from command line to 'False'
[2.750s] Level 5:colcon.colcon_core.verb:set package 'arduino_ros2' build argument 'cmake_clean_cache' from command line to 'False'
[2.750s] Level 5:colcon.colcon_core.verb:set package 'arduino_ros2' build argument 'cmake_clean_first' from command line to 'False'
[2.751s] Level 5:colcon.colcon_core.verb:set package 'arduino_ros2' build argument 'cmake_force_configure' from command line to 'False'
[2.751s] Level 5:colcon.colcon_core.verb:set package 'arduino_ros2' build argument 'ament_cmake_args' from command line to 'None'
[2.751s] Level 5:colcon.colcon_core.verb:set package 'arduino_ros2' build argument 'catkin_cmake_args' from command line to 'None'
[2.751s] Level 5:colcon.colcon_core.verb:set package 'arduino_ros2' build argument 'catkin_skip_building_tests' from command line to 'False'
[2.751s] DEBUG:colcon.colcon_core.verb:Building package 'arduino_ros2' with the following arguments: {'ament_cmake_args': None, 'build_base': '/home/wjs/cart_ros2/build/arduino_ros2', 'catkin_cmake_args': None, 'catkin_skip_building_tests': False, 'cmake_args': None, 'cmake_clean_cache': False, 'cmake_clean_first': False, 'cmake_force_configure': False, 'cmake_target': None, 'cmake_target_skip_unavailable': False, 'install_base': '/home/wjs/cart_ros2/install', 'merge_install': True, 'path': '/home/wjs/cart_ros2/src/arduino_ros2', 'symlink_install': True, 'test_result_base': None}
[2.752s] Level 5:colcon.colcon_core.verb:set package 'differential_drive' build argument 'cmake_args' from command line to 'None'
[2.752s] Level 5:colcon.colcon_core.verb:set package 'differential_drive' build argument 'cmake_target' from command line to 'None'
[2.752s] Level 5:colcon.colcon_core.verb:set package 'differential_drive' build argument 'cmake_target_skip_unavailable' from command line to 'False'
[2.753s] Level 5:colcon.colcon_core.verb:set package 'differential_drive' build argument 'cmake_clean_cache' from command line to 'False'
[2.753s] Level 5:colcon.colcon_core.verb:set package 'differential_drive' build argument 'cmake_clean_first' from command line to 'False'
[2.753s] Level 5:colcon.colcon_core.verb:set package 'differential_drive' build argument 'cmake_force_configure' from command line to 'False'
[2.753s] Level 5:colcon.colcon_core.verb:set package 'differential_drive' build argument 'ament_cmake_args' from command line to 'None'
[2.753s] Level 5:colcon.colcon_core.verb:set package 'differential_drive' build argument 'catkin_cmake_args' from command line to 'None'
[2.753s] Level 5:colcon.colcon_core.verb:set package 'differential_drive' build argument 'catkin_skip_building_tests' from command line to 'False'
[2.753s] DEBUG:colcon.colcon_core.verb:Building package 'differential_drive' with the following arguments: {'ament_cmake_args': None, 'build_base': '/home/wjs/cart_ros2/build/differential_drive', 'catkin_cmake_args': None, 'catkin_skip_building_tests': False, 'cmake_args': None, 'cmake_clean_cache': False, 'cmake_clean_first': False, 'cmake_force_configure': False, 'cmake_target': None, 'cmake_target_skip_unavailable': False, 'install_base': '/home/wjs/cart_ros2/install', 'merge_install': True, 'path': '/home/wjs/cart_ros2/src/ros2_differential_drive-ros2', 'symlink_install': True, 'test_result_base': None}
[2.754s] Level 5:colcon.colcon_core.verb:set package 'ira_laser_tools' build argument 'cmake_args' from command line to 'None'
[2.754s] Level 5:colcon.colcon_core.verb:set package 'ira_laser_tools' build argument 'cmake_target' from command line to 'None'
[2.754s] Level 5:colcon.colcon_core.verb:set package 'ira_laser_tools' build argument 'cmake_target_skip_unavailable' from command line to 'False'
[2.755s] Level 5:colcon.colcon_core.verb:set package 'ira_laser_tools' build argument 'cmake_clean_cache' from command line to 'False'
[2.755s] Level 5:colcon.colcon_core.verb:set package 'ira_laser_tools' build argument 'cmake_clean_first' from command line to 'False'
[2.755s] Level 5:colcon.colcon_core.verb:set package 'ira_laser_tools' build argument 'cmake_force_configure' from command line to 'False'
[2.755s] Level 5:colcon.colcon_core.verb:set package 'ira_laser_tools' build argument 'ament_cmake_args' from command line to 'None'
[2.755s] Level 5:colcon.colcon_core.verb:set package 'ira_laser_tools' build argument 'catkin_cmake_args' from command line to 'None'
[2.755s] Level 5:colcon.colcon_core.verb:set package 'ira_laser_tools' build argument 'catkin_skip_building_tests' from command line to 'False'
[2.755s] DEBUG:colcon.colcon_core.verb:Building package 'ira_laser_tools' with the following arguments: {'ament_cmake_args': None, 'build_base': '/home/wjs/cart_ros2/build/ira_laser_tools', 'catkin_cmake_args': None, 'catkin_skip_building_tests': False, 'cmake_args': None, 'cmake_clean_cache': False, 'cmake_clean_first': False, 'cmake_force_configure': False, 'cmake_target': None, 'cmake_target_skip_unavailable': False, 'install_base': '/home/wjs/cart_ros2/install', 'merge_install': True, 'path': '/home/wjs/cart_ros2/src/ira_laser_tools', 'symlink_install': True, 'test_result_base': None}
[2.756s] Level 5:colcon.colcon_core.verb:set package 'laser_filters' build argument 'cmake_args' from command line to 'None'
[2.756s] Level 5:colcon.colcon_core.verb:set package 'laser_filters' build argument 'cmake_target' from command line to 'None'
[2.756s] Level 5:colcon.colcon_core.verb:set package 'laser_filters' build argument 'cmake_target_skip_unavailable' from command line to 'False'
[2.757s] Level 5:colcon.colcon_core.verb:set package 'laser_filters' build argument 'cmake_clean_cache' from command line to 'False'
[2.757s] Level 5:colcon.colcon_core.verb:set package 'laser_filters' build argument 'cmake_clean_first' from command line to 'False'
[2.757s] Level 5:colcon.colcon_core.verb:set package 'laser_filters' build argument 'cmake_force_configure' from command line to 'False'
[2.757s] Level 5:colcon.colcon_core.verb:set package 'laser_filters' build argument 'ament_cmake_args' from command line to 'None'
[2.757s] Level 5:colcon.colcon_core.verb:set package 'laser_filters' build argument 'catkin_cmake_args' from command line to 'None'
[2.757s] Level 5:colcon.colcon_core.verb:set package 'laser_filters' build argument 'catkin_skip_building_tests' from command line to 'False'
[2.757s] DEBUG:colcon.colcon_core.verb:Building package 'laser_filters' with the following arguments: {'ament_cmake_args': None, 'build_base': '/home/wjs/cart_ros2/build/laser_filters', 'catkin_cmake_args': None, 'catkin_skip_building_tests': False, 'cmake_args': None, 'cmake_clean_cache': False, 'cmake_clean_first': False, 'cmake_force_configure': False, 'cmake_target': None, 'cmake_target_skip_unavailable': False, 'install_base': '/home/wjs/cart_ros2/install', 'merge_install': True, 'path': '/home/wjs/cart_ros2/src/laser_filters', 'symlink_install': True, 'test_result_base': None}
[2.758s] Level 5:colcon.colcon_core.verb:set package 'roboteq_interfaces' build argument 'cmake_args' from command line to 'None'
[2.758s] Level 5:colcon.colcon_core.verb:set package 'roboteq_interfaces' build argument 'cmake_target' from command line to 'None'
[2.759s] Level 5:colcon.colcon_core.verb:set package 'roboteq_interfaces' build argument 'cmake_target_skip_unavailable' from command line to 'False'
[2.759s] Level 5:colcon.colcon_core.verb:set package 'roboteq_interfaces' build argument 'cmake_clean_cache' from command line to 'False'
[2.759s] Level 5:colcon.colcon_core.verb:set package 'roboteq_interfaces' build argument 'cmake_clean_first' from command line to 'False'
[2.759s] Level 5:colcon.colcon_core.verb:set package 'roboteq_interfaces' build argument 'cmake_force_configure' from command line to 'False'
[2.759s] Level 5:colcon.colcon_core.verb:set package 'roboteq_interfaces' build argument 'ament_cmake_args' from command line to 'None'
[2.759s] Level 5:colcon.colcon_core.verb:set package 'roboteq_interfaces' build argument 'catkin_cmake_args' from command line to 'None'
[2.759s] Level 5:colcon.colcon_core.verb:set package 'roboteq_interfaces' build argument 'catkin_skip_building_tests' from command line to 'False'
[2.759s] DEBUG:colcon.colcon_core.verb:Building package 'roboteq_interfaces' with the following arguments: {'ament_cmake_args': None, 'build_base': '/home/wjs/cart_ros2/build/roboteq_interfaces', 'catkin_cmake_args': None, 'catkin_skip_building_tests': False, 'cmake_args': None, 'cmake_clean_cache': False, 'cmake_clean_first': False, 'cmake_force_configure': False, 'cmake_target': None, 'cmake_target_skip_unavailable': False, 'install_base': '/home/wjs/cart_ros2/install', 'merge_install': True, 'path': '/home/wjs/cart_ros2/src/roboteq_controller_ros-galactic-devel/roboteq_interfaces', 'symlink_install': True, 'test_result_base': None}
[2.760s] Level 5:colcon.colcon_core.verb:set package 'serial' build argument 'cmake_args' from command line to 'None'
[2.761s] Level 5:colcon.colcon_core.verb:set package 'serial' build argument 'cmake_target' from command line to 'None'
[2.761s] Level 5:colcon.colcon_core.verb:set package 'serial' build argument 'cmake_target_skip_unavailable' from command line to 'False'
[2.761s] Level 5:colcon.colcon_core.verb:set package 'serial' build argument 'cmake_clean_cache' from command line to 'False'
[2.761s] Level 5:colcon.colcon_core.verb:set package 'serial' build argument 'cmake_clean_first' from command line to 'False'
[2.761s] Level 5:colcon.colcon_core.verb:set package 'serial' build argument 'cmake_force_configure' from command line to 'False'
[2.761s] Level 5:colcon.colcon_core.verb:set package 'serial' build argument 'ament_cmake_args' from command line to 'None'
[2.761s] Level 5:colcon.colcon_core.verb:set package 'serial' build argument 'catkin_cmake_args' from command line to 'None'
[2.761s] Level 5:colcon.colcon_core.verb:set package 'serial' build argument 'catkin_skip_building_tests' from command line to 'False'
[2.761s] DEBUG:colcon.colcon_core.verb:Building package 'serial' with the following arguments: {'ament_cmake_args': None, 'build_base': '/home/wjs/cart_ros2/build/serial', 'catkin_cmake_args': None, 'catkin_skip_building_tests': False, 'cmake_args': None, 'cmake_clean_cache': False, 'cmake_clean_first': False, 'cmake_force_configure': False, 'cmake_target': None, 'cmake_target_skip_unavailable': False, 'install_base': '/home/wjs/cart_ros2/install', 'merge_install': True, 'path': '/home/wjs/cart_ros2/src/roboteq_controller_ros-galactic-devel/serial-ros2-master', 'symlink_install': True, 'test_result_base': None}
[2.762s] Level 5:colcon.colcon_core.verb:set package 'sllidar_ros2' build argument 'cmake_args' from command line to 'None'
[2.763s] Level 5:colcon.colcon_core.verb:set package 'sllidar_ros2' build argument 'cmake_target' from command line to 'None'
[2.763s] Level 5:colcon.colcon_core.verb:set package 'sllidar_ros2' build argument 'cmake_target_skip_unavailable' from command line to 'False'
[2.763s] Level 5:colcon.colcon_core.verb:set package 'sllidar_ros2' build argument 'cmake_clean_cache' from command line to 'False'
[2.763s] Level 5:colcon.colcon_core.verb:set package 'sllidar_ros2' build argument 'cmake_clean_first' from command line to 'False'
[2.763s] Level 5:colcon.colcon_core.verb:set package 'sllidar_ros2' build argument 'cmake_force_configure' from command line to 'False'
[2.763s] Level 5:colcon.colcon_core.verb:set package 'sllidar_ros2' build argument 'ament_cmake_args' from command line to 'None'
[2.763s] Level 5:colcon.colcon_core.verb:set package 'sllidar_ros2' build argument 'catkin_cmake_args' from command line to 'None'
[2.763s] Level 5:colcon.colcon_core.verb:set package 'sllidar_ros2' build argument 'catkin_skip_building_tests' from command line to 'False'
[2.763s] DEBUG:colcon.colcon_core.verb:Building package 'sllidar_ros2' with the following arguments: {'ament_cmake_args': None, 'build_base': '/home/wjs/cart_ros2/build/sllidar_ros2', 'catkin_cmake_args': None, 'catkin_skip_building_tests': False, 'cmake_args': None, 'cmake_clean_cache': False, 'cmake_clean_first': False, 'cmake_force_configure': False, 'cmake_target': None, 'cmake_target_skip_unavailable': False, 'install_base': '/home/wjs/cart_ros2/install', 'merge_install': True, 'path': '/home/wjs/cart_ros2/src/sllidar_ros2', 'symlink_install': True, 'test_result_base': None}
[2.764s] Level 5:colcon.colcon_core.verb:set package 'stella_ahrs' build argument 'cmake_args' from command line to 'None'
[2.764s] Level 5:colcon.colcon_core.verb:set package 'stella_ahrs' build argument 'cmake_target' from command line to 'None'
[2.765s] Level 5:colcon.colcon_core.verb:set package 'stella_ahrs' build argument 'cmake_target_skip_unavailable' from command line to 'False'
[2.765s] Level 5:colcon.colcon_core.verb:set package 'stella_ahrs' build argument 'cmake_clean_cache' from command line to 'False'
[2.765s] Level 5:colcon.colcon_core.verb:set package 'stella_ahrs' build argument 'cmake_clean_first' from command line to 'False'
[2.765s] Level 5:colcon.colcon_core.verb:set package 'stella_ahrs' build argument 'cmake_force_configure' from command line to 'False'
[2.765s] Level 5:colcon.colcon_core.verb:set package 'stella_ahrs' build argument 'ament_cmake_args' from command line to 'None'
[2.765s] Level 5:colcon.colcon_core.verb:set package 'stella_ahrs' build argument 'catkin_cmake_args' from command line to 'None'
[2.765s] Level 5:colcon.colcon_core.verb:set package 'stella_ahrs' build argument 'catkin_skip_building_tests' from command line to 'False'
[2.765s] DEBUG:colcon.colcon_core.verb:Building package 'stella_ahrs' with the following arguments: {'ament_cmake_args': None, 'build_base': '/home/wjs/cart_ros2/build/stella_ahrs', 'catkin_cmake_args': None, 'catkin_skip_building_tests': False, 'cmake_args': None, 'cmake_clean_cache': False, 'cmake_clean_first': False, 'cmake_force_configure': False, 'cmake_target': None, 'cmake_target_skip_unavailable': False, 'install_base': '/home/wjs/cart_ros2/install', 'merge_install': True, 'path': '/home/wjs/cart_ros2/src/2th_NtrexAHRS_lib_ROS/ros2_example/stella_ahrs', 'symlink_install': True, 'test_result_base': None}
[2.766s] Level 5:colcon.colcon_core.verb:set package 'roboteq_controller' build argument 'cmake_args' from command line to 'None'
[2.766s] Level 5:colcon.colcon_core.verb:set package 'roboteq_controller' build argument 'cmake_target' from command line to 'None'
[2.766s] Level 5:colcon.colcon_core.verb:set package 'roboteq_controller' build argument 'cmake_target_skip_unavailable' from command line to 'False'
[2.766s] Level 5:colcon.colcon_core.verb:set package 'roboteq_controller' build argument 'cmake_clean_cache' from command line to 'False'
[2.767s] Level 5:colcon.colcon_core.verb:set package 'roboteq_controller' build argument 'cmake_clean_first' from command line to 'False'
[2.767s] Level 5:colcon.colcon_core.verb:set package 'roboteq_controller' build argument 'cmake_force_configure' from command line to 'False'
[2.767s] Level 5:colcon.colcon_core.verb:set package 'roboteq_controller' build argument 'ament_cmake_args' from command line to 'None'
[2.767s] Level 5:colcon.colcon_core.verb:set package 'roboteq_controller' build argument 'catkin_cmake_args' from command line to 'None'
[2.767s] Level 5:colcon.colcon_core.verb:set package 'roboteq_controller' build argument 'catkin_skip_building_tests' from command line to 'False'
[2.767s] DEBUG:colcon.colcon_core.verb:Building package 'roboteq_controller' with the following arguments: {'ament_cmake_args': None, 'build_base': '/home/wjs/cart_ros2/build/roboteq_controller', 'catkin_cmake_args': None, 'catkin_skip_building_tests': False, 'cmake_args': None, 'cmake_clean_cache': False, 'cmake_clean_first': False, 'cmake_force_configure': False, 'cmake_target': None, 'cmake_target_skip_unavailable': False, 'install_base': '/home/wjs/cart_ros2/install', 'merge_install': True, 'path': '/home/wjs/cart_ros2/src/roboteq_controller_ros-galactic-devel/roboteq_controller', 'symlink_install': True, 'test_result_base': None}
[2.768s] INFO:colcon.colcon_core.executor:Executing jobs using 'parallel' executor
[2.772s] DEBUG:colcon.colcon_parallel_executor.executor.parallel:run_until_complete
[2.773s] INFO:colcon.colcon_ros.task.ament_cmake.build:Building ROS package in '/home/wjs/cart_ros2/src/roboteq_controller_ros-galactic-devel/roboteq_interfaces' with build type 'ament_cmake'
[2.773s] INFO:colcon.colcon_cmake.task.cmake.build:Building CMake package in '/home/wjs/cart_ros2/src/roboteq_controller_ros-galactic-devel/roboteq_interfaces'
[2.798s] INFO:colcon.colcon_core.plugin_system:Skipping extension 'colcon_core.shell.bat': Not used on non-Windows systems
[2.799s] INFO:colcon.colcon_core.shell:Skip shell extension 'powershell' for command environment: Not usable outside of PowerShell
[2.799s] DEBUG:colcon.colcon_core.shell:Skip shell extension 'dsv' for command environment
[2.833s] INFO:colcon.colcon_ros.task.ament_cmake.build:Building ROS package in '/home/wjs/cart_ros2/src/roboteq_controller_ros-galactic-devel/serial-ros2-master' with build type 'ament_cmake'
[2.835s] INFO:colcon.colcon_cmake.task.cmake.build:Building CMake package in '/home/wjs/cart_ros2/src/roboteq_controller_ros-galactic-devel/serial-ros2-master'
[2.838s] INFO:colcon.colcon_core.shell:Skip shell extension 'powershell' for command environment: Not usable outside of PowerShell
[2.839s] DEBUG:colcon.colcon_core.shell:Skip shell extension 'dsv' for command environment
[2.878s] INFO:colcon.colcon_ros.task.ament_python.build:Building ROS package in '/home/wjs/cart_ros2/src/agv_body' with build type 'ament_python'
[2.880s] Level 1:colcon.colcon_core.shell:create_environment_hook('agv_body', 'ament_prefix_path')
[2.885s] INFO:colcon.colcon_core.shell:Creating environment hook '/home/wjs/cart_ros2/install/share/agv_body/hook/ament_prefix_path.ps1'
[2.899s] INFO:colcon.colcon_core.shell:Creating environment descriptor '/home/wjs/cart_ros2/install/share/agv_body/hook/ament_prefix_path.dsv'
[2.904s] INFO:colcon.colcon_core.shell:Creating environment hook '/home/wjs/cart_ros2/install/share/agv_body/hook/ament_prefix_path.sh'
[2.909s] INFO:colcon.colcon_core.shell:Skip shell extension 'powershell' for command environment: Not usable outside of PowerShell
[2.910s] DEBUG:colcon.colcon_core.shell:Skip shell extension 'dsv' for command environment
[2.937s] INFO:colcon.colcon_ros.task.ament_cmake.build:Building ROS package in '/home/wjs/cart_ros2/src/agv_mapping' with build type 'ament_cmake'
[2.940s] INFO:colcon.colcon_cmake.task.cmake.build:Building CMake package in '/home/wjs/cart_ros2/src/agv_mapping'
[2.944s] INFO:colcon.colcon_core.shell:Skip shell extension 'powershell' for command environment: Not usable outside of PowerShell
[2.945s] DEBUG:colcon.colcon_core.shell:Skip shell extension 'dsv' for command environment
[3.016s] DEBUG:colcon.colcon_core.event_handler.log_command:Invoking command in '/home/wjs/cart_ros2/build/roboteq_interfaces': CMAKE_PREFIX_PATH=${CMAKE_PREFIX_PATH}:/opt/ros/galactic /usr/bin/cmake --build /home/wjs/cart_ros2/build/roboteq_interfaces -- -j4 -l4
[3.075s] DEBUG:colcon.colcon_core.event_handler.log_command:Invoking command in '/home/wjs/cart_ros2/build/serial': CMAKE_PREFIX_PATH=${CMAKE_PREFIX_PATH}:/opt/ros/galactic /usr/bin/cmake --build /home/wjs/cart_ros2/build/serial -- -j4 -l4
[4.596s] INFO:colcon.colcon_core.task.python.build:Building Python package in '/home/wjs/cart_ros2/src/agv_body'
[4.600s] INFO:colcon.colcon_core.shell:Skip shell extension 'powershell' for command environment: Not usable outside of PowerShell
[4.601s] DEBUG:colcon.colcon_core.shell:Skip shell extension 'dsv' for command environment
[4.652s] DEBUG:colcon.colcon_core.event_handler.log_command:Invoking command in '/home/wjs/cart_ros2/build/agv_mapping': CMAKE_PREFIX_PATH=${CMAKE_PREFIX_PATH}:/opt/ros/galactic /usr/bin/cmake --build /home/wjs/cart_ros2/build/agv_mapping -- -j4 -l4
[4.686s] DEBUG:colcon.colcon_core.event_handler.log_command:Invoked command in '/home/wjs/cart_ros2/build/roboteq_interfaces' returned '0': CMAKE_PREFIX_PATH=${CMAKE_PREFIX_PATH}:/opt/ros/galactic /usr/bin/cmake --build /home/wjs/cart_ros2/build/roboteq_interfaces -- -j4 -l4
[4.756s] DEBUG:colcon.colcon_core.event_handler.log_command:Invoking command in '/home/wjs/cart_ros2/build/roboteq_interfaces': CMAKE_PREFIX_PATH=${CMAKE_PREFIX_PATH}:/opt/ros/galactic /usr/bin/cmake --install /home/wjs/cart_ros2/build/roboteq_interfaces
[4.764s] DEBUG:colcon.colcon_core.event_handler.log_command:Invoked command in '/home/wjs/cart_ros2/build/serial' returned '0': CMAKE_PREFIX_PATH=${CMAKE_PREFIX_PATH}:/opt/ros/galactic /usr/bin/cmake --build /home/wjs/cart_ros2/build/serial -- -j4 -l4
[4.780s] DEBUG:colcon.colcon_core.event_handler.log_command:Invoking command in '/home/wjs/cart_ros2/build/serial': CMAKE_PREFIX_PATH=${CMAKE_PREFIX_PATH}:/opt/ros/galactic /usr/bin/cmake --install /home/wjs/cart_ros2/build/serial
[4.902s] DEBUG:colcon.colcon_core.event_handler.log_command:Invoked command in '/home/wjs/cart_ros2/build/agv_mapping' returned '0': CMAKE_PREFIX_PATH=${CMAKE_PREFIX_PATH}:/opt/ros/galactic /usr/bin/cmake --build /home/wjs/cart_ros2/build/agv_mapping -- -j4 -l4
[4.915s] DEBUG:colcon.colcon_core.event_handler.log_command:Invoking command in '/home/wjs/cart_ros2/build/agv_mapping': CMAKE_PREFIX_PATH=${CMAKE_PREFIX_PATH}:/opt/ros/galactic /usr/bin/cmake --install /home/wjs/cart_ros2/build/agv_mapping
[4.961s] Level 1:colcon.colcon_core.environment:create_environment_scripts_only(serial)
[4.970s] DEBUG:colcon.colcon_core.event_handler.log_command:Invoked command in '/home/wjs/cart_ros2/build/serial' returned '0': CMAKE_PREFIX_PATH=${CMAKE_PREFIX_PATH}:/opt/ros/galactic /usr/bin/cmake --install /home/wjs/cart_ros2/build/serial
[5.022s] Level 1:colcon.colcon_core.environment:checking '/home/wjs/cart_ros2/install' for CMake module files
[5.026s] Level 1:colcon.colcon_core.environment:checking '/home/wjs/cart_ros2/install' for CMake config files
[5.068s] Level 1:colcon.colcon_core.shell:create_environment_hook('serial', 'cmake_prefix_path')
[5.069s] INFO:colcon.colcon_core.shell:Creating environment hook '/home/wjs/cart_ros2/install/share/serial/hook/cmake_prefix_path.ps1'
[5.077s] INFO:colcon.colcon_core.shell:Creating environment descriptor '/home/wjs/cart_ros2/install/share/serial/hook/cmake_prefix_path.dsv'
[5.081s] INFO:colcon.colcon_core.shell:Creating environment hook '/home/wjs/cart_ros2/install/share/serial/hook/cmake_prefix_path.sh'
[5.087s] Level 1:colcon.colcon_core.environment:checking '/home/wjs/cart_ros2/install/lib'
[5.089s] Level 1:colcon.colcon_core.shell:create_environment_hook('serial', 'ld_library_path_lib')
[5.090s] INFO:colcon.colcon_core.shell:Creating environment hook '/home/wjs/cart_ros2/install/share/serial/hook/ld_library_path_lib.ps1'
[5.092s] INFO:colcon.colcon_core.shell:Creating environment descriptor '/home/wjs/cart_ros2/install/share/serial/hook/ld_library_path_lib.dsv'
[5.094s] INFO:colcon.colcon_core.shell:Creating environment hook '/home/wjs/cart_ros2/install/share/serial/hook/ld_library_path_lib.sh'
[5.096s] Level 1:colcon.colcon_core.environment:checking '/home/wjs/cart_ros2/install/bin'
[5.096s] Level 1:colcon.colcon_core.environment:checking '/home/wjs/cart_ros2/install/lib/pkgconfig/serial.pc'
[5.098s] Level 1:colcon.colcon_core.environment:checking '/home/wjs/cart_ros2/install/lib/python3.8/site-packages'
[5.098s] Level 1:colcon.colcon_core.shell:create_environment_hook('serial', 'pythonpath')
[5.099s] INFO:colcon.colcon_core.shell:Creating environment hook '/home/wjs/cart_ros2/install/share/serial/hook/pythonpath.ps1'
[5.102s] INFO:colcon.colcon_core.shell:Creating environment descriptor '/home/wjs/cart_ros2/install/share/serial/hook/pythonpath.dsv'
[5.103s] INFO:colcon.colcon_core.shell:Creating environment hook '/home/wjs/cart_ros2/install/share/serial/hook/pythonpath.sh'
[5.106s] Level 1:colcon.colcon_core.environment:checking '/home/wjs/cart_ros2/install/bin'
[5.108s] INFO:colcon.colcon_core.shell:Creating package script '/home/wjs/cart_ros2/install/share/serial/package.ps1'
[5.113s] INFO:colcon.colcon_core.shell:Creating package descriptor '/home/wjs/cart_ros2/install/share/serial/package.dsv'
[5.118s] INFO:colcon.colcon_core.shell:Creating package script '/home/wjs/cart_ros2/install/share/serial/package.sh'
[5.122s] INFO:colcon.colcon_core.shell:Creating package script '/home/wjs/cart_ros2/install/share/serial/package.bash'
[5.127s] INFO:colcon.colcon_core.shell:Creating package script '/home/wjs/cart_ros2/install/share/serial/package.zsh'
[5.133s] Level 1:colcon.colcon_core.environment:create_file_with_runtime_dependencies(/home/wjs/cart_ros2/install/share/colcon-core/packages/serial)
[5.137s] Level 1:colcon.colcon_core.environment:create_environment_scripts_only(serial)
[5.138s] Level 1:colcon.colcon_core.environment:checking '/home/wjs/cart_ros2/install' for CMake module files
[5.140s] Level 1:colcon.colcon_core.environment:checking '/home/wjs/cart_ros2/install' for CMake config files
[5.152s] Level 1:colcon.colcon_core.shell:create_environment_hook('serial', 'cmake_prefix_path')
[5.153s] INFO:colcon.colcon_core.shell:Creating environment hook '/home/wjs/cart_ros2/install/share/serial/hook/cmake_prefix_path.ps1'
[5.159s] INFO:colcon.colcon_core.shell:Creating environment descriptor '/home/wjs/cart_ros2/install/share/serial/hook/cmake_prefix_path.dsv'
[5.161s] INFO:colcon.colcon_core.shell:Creating environment hook '/home/wjs/cart_ros2/install/share/serial/hook/cmake_prefix_path.sh'
[5.170s] Level 1:colcon.colcon_core.environment:checking '/home/wjs/cart_ros2/install/lib'
[5.170s] Level 1:colcon.colcon_core.shell:create_environment_hook('serial', 'ld_library_path_lib')
[5.171s] INFO:colcon.colcon_core.shell:Creating environment hook '/home/wjs/cart_ros2/install/share/serial/hook/ld_library_path_lib.ps1'
[5.176s] INFO:colcon.colcon_core.shell:Creating environment descriptor '/home/wjs/cart_ros2/install/share/serial/hook/ld_library_path_lib.dsv'
[5.178s] INFO:colcon.colcon_core.shell:Creating environment hook '/home/wjs/cart_ros2/install/share/serial/hook/ld_library_path_lib.sh'
[5.182s] Level 1:colcon.colcon_core.environment:checking '/home/wjs/cart_ros2/install/bin'
[5.183s] Level 1:colcon.colcon_core.environment:checking '/home/wjs/cart_ros2/install/lib/pkgconfig/serial.pc'
[5.184s] Level 1:colcon.colcon_core.environment:checking '/home/wjs/cart_ros2/install/lib/python3.8/site-packages'
[5.184s] Level 1:colcon.colcon_core.shell:create_environment_hook('serial', 'pythonpath')
[5.186s] INFO:colcon.colcon_core.shell:Creating environment hook '/home/wjs/cart_ros2/install/share/serial/hook/pythonpath.ps1'
[5.189s] INFO:colcon.colcon_core.shell:Creating environment descriptor '/home/wjs/cart_ros2/install/share/serial/hook/pythonpath.dsv'
[5.193s] INFO:colcon.colcon_core.shell:Creating environment hook '/home/wjs/cart_ros2/install/share/serial/hook/pythonpath.sh'
[5.196s] Level 1:colcon.colcon_core.environment:checking '/home/wjs/cart_ros2/install/bin'
[5.198s] INFO:colcon.colcon_core.shell:Creating package script '/home/wjs/cart_ros2/install/share/serial/package.ps1'
[5.202s] INFO:colcon.colcon_core.shell:Creating package descriptor '/home/wjs/cart_ros2/install/share/serial/package.dsv'
[5.205s] INFO:colcon.colcon_core.shell:Creating package script '/home/wjs/cart_ros2/install/share/serial/package.sh'
[5.208s] INFO:colcon.colcon_core.shell:Creating package script '/home/wjs/cart_ros2/install/share/serial/package.bash'
[5.210s] INFO:colcon.colcon_core.shell:Creating package script '/home/wjs/cart_ros2/install/share/serial/package.zsh'
[5.212s] Level 1:colcon.colcon_core.environment:create_file_with_runtime_dependencies(/home/wjs/cart_ros2/install/share/colcon-core/packages/serial)
[5.216s] INFO:colcon.colcon_ros.task.ament_python.build:Building ROS package in '/home/wjs/cart_ros2/src/arduino_ros2' with build type 'ament_python'
[5.217s] Level 1:colcon.colcon_core.shell:create_environment_hook('arduino_ros2', 'ament_prefix_path')
[5.218s] INFO:colcon.colcon_core.shell:Creating environment hook '/home/wjs/cart_ros2/install/share/arduino_ros2/hook/ament_prefix_path.ps1'
[5.223s] INFO:colcon.colcon_core.shell:Creating environment descriptor '/home/wjs/cart_ros2/install/share/arduino_ros2/hook/ament_prefix_path.dsv'
[5.226s] INFO:colcon.colcon_core.shell:Creating environment hook '/home/wjs/cart_ros2/install/share/arduino_ros2/hook/ament_prefix_path.sh'
[5.230s] INFO:colcon.colcon_core.shell:Skip shell extension 'powershell' for command environment: Not usable outside of PowerShell
[5.230s] DEBUG:colcon.colcon_core.shell:Skip shell extension 'dsv' for command environment
[5.280s] Level 1:colcon.colcon_core.environment:create_environment_scripts_only(agv_mapping)
[5.284s] DEBUG:colcon.colcon_core.event_handler.log_command:Invoked command in '/home/wjs/cart_ros2/build/agv_mapping' returned '0': CMAKE_PREFIX_PATH=${CMAKE_PREFIX_PATH}:/opt/ros/galactic /usr/bin/cmake --install /home/wjs/cart_ros2/build/agv_mapping
[5.287s] Level 1:colcon.colcon_core.environment:checking '/home/wjs/cart_ros2/install' for CMake module files
[5.290s] Level 1:colcon.colcon_core.environment:checking '/home/wjs/cart_ros2/install' for CMake config files
[5.297s] Level 1:colcon.colcon_core.shell:create_environment_hook('agv_mapping', 'cmake_prefix_path')
[5.299s] INFO:colcon.colcon_core.shell:Creating environment hook '/home/wjs/cart_ros2/install/share/agv_mapping/hook/cmake_prefix_path.ps1'
[5.304s] INFO:colcon.colcon_core.shell:Creating environment descriptor '/home/wjs/cart_ros2/install/share/agv_mapping/hook/cmake_prefix_path.dsv'
[5.306s] INFO:colcon.colcon_core.shell:Creating environment hook '/home/wjs/cart_ros2/install/share/agv_mapping/hook/cmake_prefix_path.sh'
[5.311s] Level 1:colcon.colcon_core.environment:checking '/home/wjs/cart_ros2/install/lib'
[5.312s] Level 1:colcon.colcon_core.shell:create_environment_hook('agv_mapping', 'ld_library_path_lib')
[5.314s] INFO:colcon.colcon_core.shell:Creating environment hook '/home/wjs/cart_ros2/install/share/agv_mapping/hook/ld_library_path_lib.ps1'
[5.318s] INFO:colcon.colcon_core.shell:Creating environment descriptor '/home/wjs/cart_ros2/install/share/agv_mapping/hook/ld_library_path_lib.dsv'
[5.320s] INFO:colcon.colcon_core.shell:Creating environment hook '/home/wjs/cart_ros2/install/share/agv_mapping/hook/ld_library_path_lib.sh'
[5.324s] Level 1:colcon.colcon_core.environment:checking '/home/wjs/cart_ros2/install/bin'
[5.324s] Level 1:colcon.colcon_core.environment:checking '/home/wjs/cart_ros2/install/lib/pkgconfig/agv_mapping.pc'
[5.326s] Level 1:colcon.colcon_core.environment:checking '/home/wjs/cart_ros2/install/lib/python3.8/site-packages'
[5.326s] Level 1:colcon.colcon_core.shell:create_environment_hook('agv_mapping', 'pythonpath')
[5.327s] INFO:colcon.colcon_core.shell:Creating environment hook '/home/wjs/cart_ros2/install/share/agv_mapping/hook/pythonpath.ps1'
[5.330s] INFO:colcon.colcon_core.shell:Creating environment descriptor '/home/wjs/cart_ros2/install/share/agv_mapping/hook/pythonpath.dsv'
[5.332s] INFO:colcon.colcon_core.shell:Creating environment hook '/home/wjs/cart_ros2/install/share/agv_mapping/hook/pythonpath.sh'
[5.336s] Level 1:colcon.colcon_core.environment:checking '/home/wjs/cart_ros2/install/bin'
[5.337s] INFO:colcon.colcon_core.shell:Creating package script '/home/wjs/cart_ros2/install/share/agv_mapping/package.ps1'
[5.341s] INFO:colcon.colcon_core.shell:Creating package descriptor '/home/wjs/cart_ros2/install/share/agv_mapping/package.dsv'
[5.344s] INFO:colcon.colcon_core.shell:Creating package script '/home/wjs/cart_ros2/install/share/agv_mapping/package.sh'
[5.346s] INFO:colcon.colcon_core.shell:Creating package script '/home/wjs/cart_ros2/install/share/agv_mapping/package.bash'
[5.350s] INFO:colcon.colcon_core.shell:Creating package script '/home/wjs/cart_ros2/install/share/agv_mapping/package.zsh'
[5.354s] Level 1:colcon.colcon_core.environment:create_file_with_runtime_dependencies(/home/wjs/cart_ros2/install/share/colcon-core/packages/agv_mapping)
[5.358s] Level 1:colcon.colcon_core.environment:create_environment_scripts_only(agv_mapping)
[5.359s] Level 1:colcon.colcon_core.environment:checking '/home/wjs/cart_ros2/install' for CMake module files
[5.362s] Level 1:colcon.colcon_core.environment:checking '/home/wjs/cart_ros2/install' for CMake config files
[5.369s] Level 1:colcon.colcon_core.shell:create_environment_hook('agv_mapping', 'cmake_prefix_path')
[5.372s] INFO:colcon.colcon_core.shell:Creating environment hook '/home/wjs/cart_ros2/install/share/agv_mapping/hook/cmake_prefix_path.ps1'
[5.374s] INFO:colcon.colcon_core.shell:Creating environment descriptor '/home/wjs/cart_ros2/install/share/agv_mapping/hook/cmake_prefix_path.dsv'
[5.376s] INFO:colcon.colcon_core.shell:Creating environment hook '/home/wjs/cart_ros2/install/share/agv_mapping/hook/cmake_prefix_path.sh'
[5.382s] Level 1:colcon.colcon_core.environment:checking '/home/wjs/cart_ros2/install/lib'
[5.383s] Level 1:colcon.colcon_core.shell:create_environment_hook('agv_mapping', 'ld_library_path_lib')
[5.385s] INFO:colcon.colcon_core.shell:Creating environment hook '/home/wjs/cart_ros2/install/share/agv_mapping/hook/ld_library_path_lib.ps1'
[5.390s] INFO:colcon.colcon_core.shell:Creating environment descriptor '/home/wjs/cart_ros2/install/share/agv_mapping/hook/ld_library_path_lib.dsv'
[5.392s] INFO:colcon.colcon_core.shell:Creating environment hook '/home/wjs/cart_ros2/install/share/agv_mapping/hook/ld_library_path_lib.sh'
[5.394s] Level 1:colcon.colcon_core.environment:checking '/home/wjs/cart_ros2/install/bin'
[5.395s] Level 1:colcon.colcon_core.environment:checking '/home/wjs/cart_ros2/install/lib/pkgconfig/agv_mapping.pc'
[5.395s] Level 1:colcon.colcon_core.environment:checking '/home/wjs/cart_ros2/install/lib/python3.8/site-packages'
[5.396s] Level 1:colcon.colcon_core.shell:create_environment_hook('agv_mapping', 'pythonpath')
[5.397s] INFO:colcon.colcon_core.shell:Creating environment hook '/home/wjs/cart_ros2/install/share/agv_mapping/hook/pythonpath.ps1'
[5.399s] INFO:colcon.colcon_core.shell:Creating environment descriptor '/home/wjs/cart_ros2/install/share/agv_mapping/hook/pythonpath.dsv'
[5.401s] INFO:colcon.colcon_core.shell:Creating environment hook '/home/wjs/cart_ros2/install/share/agv_mapping/hook/pythonpath.sh'
[5.404s] Level 1:colcon.colcon_core.environment:checking '/home/wjs/cart_ros2/install/bin'
[5.405s] INFO:colcon.colcon_core.shell:Creating package script '/home/wjs/cart_ros2/install/share/agv_mapping/package.ps1'
[5.408s] INFO:colcon.colcon_core.shell:Creating package descriptor '/home/wjs/cart_ros2/install/share/agv_mapping/package.dsv'
[5.411s] INFO:colcon.colcon_core.shell:Creating package script '/home/wjs/cart_ros2/install/share/agv_mapping/package.sh'
[5.415s] INFO:colcon.colcon_core.shell:Creating package script '/home/wjs/cart_ros2/install/share/agv_mapping/package.bash'
[5.417s] INFO:colcon.colcon_core.shell:Creating package script '/home/wjs/cart_ros2/install/share/agv_mapping/package.zsh'
[5.420s] Level 1:colcon.colcon_core.environment:create_file_with_runtime_dependencies(/home/wjs/cart_ros2/install/share/colcon-core/packages/agv_mapping)
[5.427s] INFO:colcon.colcon_ros.task.ament_python.build:Building ROS package in '/home/wjs/cart_ros2/src/ros2_differential_drive-ros2' with build type 'ament_python'
[5.428s] Level 1:colcon.colcon_core.shell:create_environment_hook('differential_drive', 'ament_prefix_path')
[5.430s] INFO:colcon.colcon_core.shell:Creating environment hook '/home/wjs/cart_ros2/install/share/differential_drive/hook/ament_prefix_path.ps1'
[5.432s] INFO:colcon.colcon_core.shell:Creating environment descriptor '/home/wjs/cart_ros2/install/share/differential_drive/hook/ament_prefix_path.dsv'
[5.434s] INFO:colcon.colcon_core.shell:Creating environment hook '/home/wjs/cart_ros2/install/share/differential_drive/hook/ament_prefix_path.sh'
[5.441s] INFO:colcon.colcon_core.shell:Skip shell extension 'powershell' for command environment: Not usable outside of PowerShell
[5.441s] DEBUG:colcon.colcon_core.shell:Skip shell extension 'dsv' for command environment
[5.481s] Level 1:colcon.colcon_core.environment:create_environment_scripts_only(roboteq_interfaces)
[5.485s] Level 1:colcon.colcon_core.environment:checking '/home/wjs/cart_ros2/install' for CMake module files
[5.487s] DEBUG:colcon.colcon_core.event_handler.log_command:Invoked command in '/home/wjs/cart_ros2/build/roboteq_interfaces' returned '0': CMAKE_PREFIX_PATH=${CMAKE_PREFIX_PATH}:/opt/ros/galactic /usr/bin/cmake --install /home/wjs/cart_ros2/build/roboteq_interfaces
[5.491s] Level 1:colcon.colcon_core.environment:checking '/home/wjs/cart_ros2/install' for CMake config files
[5.498s] Level 1:colcon.colcon_core.shell:create_environment_hook('roboteq_interfaces', 'cmake_prefix_path')
[5.499s] INFO:colcon.colcon_core.shell:Creating environment hook '/home/wjs/cart_ros2/install/share/roboteq_interfaces/hook/cmake_prefix_path.ps1'
[5.503s] INFO:colcon.colcon_core.shell:Creating environment descriptor '/home/wjs/cart_ros2/install/share/roboteq_interfaces/hook/cmake_prefix_path.dsv'
[5.509s] INFO:colcon.colcon_core.shell:Creating environment hook '/home/wjs/cart_ros2/install/share/roboteq_interfaces/hook/cmake_prefix_path.sh'
[5.513s] Level 1:colcon.colcon_core.environment:checking '/home/wjs/cart_ros2/install/lib'
[5.513s] Level 1:colcon.colcon_core.shell:create_environment_hook('roboteq_interfaces', 'ld_library_path_lib')
[5.514s] INFO:colcon.colcon_core.shell:Creating environment hook '/home/wjs/cart_ros2/install/share/roboteq_interfaces/hook/ld_library_path_lib.ps1'
[5.516s] INFO:colcon.colcon_core.shell:Creating environment descriptor '/home/wjs/cart_ros2/install/share/roboteq_interfaces/hook/ld_library_path_lib.dsv'
[5.518s] INFO:colcon.colcon_core.shell:Creating environment hook '/home/wjs/cart_ros2/install/share/roboteq_interfaces/hook/ld_library_path_lib.sh'
[5.520s] Level 1:colcon.colcon_core.environment:checking '/home/wjs/cart_ros2/install/bin'
[5.520s] Level 1:colcon.colcon_core.environment:checking '/home/wjs/cart_ros2/install/lib/pkgconfig/roboteq_interfaces.pc'
[5.521s] Level 1:colcon.colcon_core.environment:checking '/home/wjs/cart_ros2/install/lib/python3.8/site-packages'
[5.521s] Level 1:colcon.colcon_core.shell:create_environment_hook('roboteq_interfaces', 'pythonpath')
[5.522s] INFO:colcon.colcon_core.shell:Creating environment hook '/home/wjs/cart_ros2/install/share/roboteq_interfaces/hook/pythonpath.ps1'
[5.524s] INFO:colcon.colcon_core.shell:Creating environment descriptor '/home/wjs/cart_ros2/install/share/roboteq_interfaces/hook/pythonpath.dsv'
[5.526s] INFO:colcon.colcon_core.shell:Creating environment hook '/home/wjs/cart_ros2/install/share/roboteq_interfaces/hook/pythonpath.sh'
[5.530s] Level 1:colcon.colcon_core.environment:checking '/home/wjs/cart_ros2/install/bin'
[5.531s] INFO:colcon.colcon_core.shell:Creating package script '/home/wjs/cart_ros2/install/share/roboteq_interfaces/package.ps1'
[5.534s] INFO:colcon.colcon_core.shell:Creating package descriptor '/home/wjs/cart_ros2/install/share/roboteq_interfaces/package.dsv'
[5.536s] INFO:colcon.colcon_core.shell:Creating package script '/home/wjs/cart_ros2/install/share/roboteq_interfaces/package.sh'
[5.538s] INFO:colcon.colcon_core.shell:Creating package script '/home/wjs/cart_ros2/install/share/roboteq_interfaces/package.bash'
[5.540s] INFO:colcon.colcon_core.shell:Creating package script '/home/wjs/cart_ros2/install/share/roboteq_interfaces/package.zsh'
[5.547s] Level 1:colcon.colcon_core.environment:create_file_with_runtime_dependencies(/home/wjs/cart_ros2/install/share/colcon-core/packages/roboteq_interfaces)
[5.552s] Level 1:colcon.colcon_core.environment:create_environment_scripts_only(roboteq_interfaces)
[5.553s] Level 1:colcon.colcon_core.environment:checking '/home/wjs/cart_ros2/install' for CMake module files
[5.557s] Level 1:colcon.colcon_core.environment:checking '/home/wjs/cart_ros2/install' for CMake config files
[5.565s] Level 1:colcon.colcon_core.shell:create_environment_hook('roboteq_interfaces', 'cmake_prefix_path')
[5.566s] INFO:colcon.colcon_core.shell:Creating environment hook '/home/wjs/cart_ros2/install/share/roboteq_interfaces/hook/cmake_prefix_path.ps1'
[5.569s] INFO:colcon.colcon_core.shell:Creating environment descriptor '/home/wjs/cart_ros2/install/share/roboteq_interfaces/hook/cmake_prefix_path.dsv'
[5.574s] INFO:colcon.colcon_core.shell:Creating environment hook '/home/wjs/cart_ros2/install/share/roboteq_interfaces/hook/cmake_prefix_path.sh'
[5.578s] Level 1:colcon.colcon_core.environment:checking '/home/wjs/cart_ros2/install/lib'
[5.578s] Level 1:colcon.colcon_core.shell:create_environment_hook('roboteq_interfaces', 'ld_library_path_lib')
[5.579s] INFO:colcon.colcon_core.shell:Creating environment hook '/home/wjs/cart_ros2/install/share/roboteq_interfaces/hook/ld_library_path_lib.ps1'
[5.581s] INFO:colcon.colcon_core.shell:Creating environment descriptor '/home/wjs/cart_ros2/install/share/roboteq_interfaces/hook/ld_library_path_lib.dsv'
[5.582s] INFO:colcon.colcon_core.shell:Creating environment hook '/home/wjs/cart_ros2/install/share/roboteq_interfaces/hook/ld_library_path_lib.sh'
[5.584s] Level 1:colcon.colcon_core.environment:checking '/home/wjs/cart_ros2/install/bin'
[5.585s] Level 1:colcon.colcon_core.environment:checking '/home/wjs/cart_ros2/install/lib/pkgconfig/roboteq_interfaces.pc'
[5.586s] Level 1:colcon.colcon_core.environment:checking '/home/wjs/cart_ros2/install/lib/python3.8/site-packages'
[5.586s] Level 1:colcon.colcon_core.shell:create_environment_hook('roboteq_interfaces', 'pythonpath')
[5.587s] INFO:colcon.colcon_core.shell:Creating environment hook '/home/wjs/cart_ros2/install/share/roboteq_interfaces/hook/pythonpath.ps1'
[5.589s] INFO:colcon.colcon_core.shell:Creating environment descriptor '/home/wjs/cart_ros2/install/share/roboteq_interfaces/hook/pythonpath.dsv'
[5.590s] INFO:colcon.colcon_core.shell:Creating environment hook '/home/wjs/cart_ros2/install/share/roboteq_interfaces/hook/pythonpath.sh'
[5.593s] Level 1:colcon.colcon_core.environment:checking '/home/wjs/cart_ros2/install/bin'
[5.595s] INFO:colcon.colcon_core.shell:Creating package script '/home/wjs/cart_ros2/install/share/roboteq_interfaces/package.ps1'
[5.597s] INFO:colcon.colcon_core.shell:Creating package descriptor '/home/wjs/cart_ros2/install/share/roboteq_interfaces/package.dsv'
[5.600s] INFO:colcon.colcon_core.shell:Creating package script '/home/wjs/cart_ros2/install/share/roboteq_interfaces/package.sh'
[5.603s] INFO:colcon.colcon_core.shell:Creating package script '/home/wjs/cart_ros2/install/share/roboteq_interfaces/package.bash'
[5.605s] INFO:colcon.colcon_core.shell:Creating package script '/home/wjs/cart_ros2/install/share/roboteq_interfaces/package.zsh'
[5.607s] Level 1:colcon.colcon_core.environment:create_file_with_runtime_dependencies(/home/wjs/cart_ros2/install/share/colcon-core/packages/roboteq_interfaces)
[6.737s] INFO:colcon.colcon_core.task.python.build:Building Python package in '/home/wjs/cart_ros2/src/arduino_ros2'
[6.740s] INFO:colcon.colcon_core.shell:Skip shell extension 'powershell' for command environment: Not usable outside of PowerShell
[6.741s] DEBUG:colcon.colcon_core.shell:Skip shell extension 'dsv' for command environment
[6.779s] INFO:colcon.colcon_ros.task.ament_cmake.build:Building ROS package in '/home/wjs/cart_ros2/src/ira_laser_tools' with build type 'ament_cmake'
[6.783s] INFO:colcon.colcon_cmake.task.cmake.build:Building CMake package in '/home/wjs/cart_ros2/src/ira_laser_tools'
[6.787s] INFO:colcon.colcon_core.shell:Skip shell extension 'powershell' for command environment: Not usable outside of PowerShell
[6.787s] DEBUG:colcon.colcon_core.shell:Skip shell extension 'dsv' for command environment
[7.998s] INFO:colcon.colcon_core.task.python.build:Building Python package in '/home/wjs/cart_ros2/src/ros2_differential_drive-ros2'
[8.002s] INFO:colcon.colcon_core.shell:Skip shell extension 'powershell' for command environment: Not usable outside of PowerShell
[8.002s] DEBUG:colcon.colcon_core.shell:Skip shell extension 'dsv' for command environment
[8.097s] DEBUG:colcon.colcon_core.event_handler.log_command:Invoking command in '/home/wjs/cart_ros2/build/ira_laser_tools': CMAKE_PREFIX_PATH=${CMAKE_PREFIX_PATH}:/opt/ros/galactic /usr/bin/cmake --build /home/wjs/cart_ros2/build/ira_laser_tools -- -j4 -l4
[8.117s] DEBUG:colcon.colcon_core.event_handler.log_command:Invoking command in '/home/wjs/cart_ros2/build/agv_body': PYTHONPATH=/home/wjs/cart_ros2/build/agv_body/prefix_override:/usr/lib/python3/dist-packages/colcon_core/task/python/colcon_distutils_commands:/home/wjs/cart_ros2/install/lib/python3.8/site-packages:${PYTHONPATH} /usr/bin/python3 -W ignore:setup.py install is deprecated -W ignore:easy_install command is deprecated setup.py develop --editable --build-directory /home/wjs/cart_ros2/build/agv_body/build --no-deps symlink_data
[8.906s] DEBUG:colcon.colcon_core.event_handler.log_command:Invoked command in '/home/wjs/cart_ros2/build/ira_laser_tools' returned '0': CMAKE_PREFIX_PATH=${CMAKE_PREFIX_PATH}:/opt/ros/galactic /usr/bin/cmake --build /home/wjs/cart_ros2/build/ira_laser_tools -- -j4 -l4
[8.934s] DEBUG:colcon.colcon_core.event_handler.log_command:Invoking command in '/home/wjs/cart_ros2/build/ira_laser_tools': CMAKE_PREFIX_PATH=${CMAKE_PREFIX_PATH}:/opt/ros/galactic /usr/bin/cmake --install /home/wjs/cart_ros2/build/ira_laser_tools
[9.100s] Level 1:colcon.colcon_core.environment:create_environment_scripts_only(ira_laser_tools)
[9.103s] Level 1:colcon.colcon_core.environment:checking '/home/wjs/cart_ros2/install' for CMake module files
[9.105s] DEBUG:colcon.colcon_core.event_handler.log_command:Invoked command in '/home/wjs/cart_ros2/build/ira_laser_tools' returned '0': CMAKE_PREFIX_PATH=${CMAKE_PREFIX_PATH}:/opt/ros/galactic /usr/bin/cmake --install /home/wjs/cart_ros2/build/ira_laser_tools
[9.117s] Level 1:colcon.colcon_core.environment:checking '/home/wjs/cart_ros2/install' for CMake config files
[9.123s] Level 1:colcon.colcon_core.shell:create_environment_hook('ira_laser_tools', 'cmake_prefix_path')
[9.125s] INFO:colcon.colcon_core.shell:Creating environment hook '/home/wjs/cart_ros2/install/share/ira_laser_tools/hook/cmake_prefix_path.ps1'
[9.129s] INFO:colcon.colcon_core.shell:Creating environment descriptor '/home/wjs/cart_ros2/install/share/ira_laser_tools/hook/cmake_prefix_path.dsv'
[9.137s] INFO:colcon.colcon_core.shell:Creating environment hook '/home/wjs/cart_ros2/install/share/ira_laser_tools/hook/cmake_prefix_path.sh'
[9.141s] Level 1:colcon.colcon_core.environment:checking '/home/wjs/cart_ros2/install/lib'
[9.141s] Level 1:colcon.colcon_core.shell:create_environment_hook('ira_laser_tools', 'ld_library_path_lib')
[9.142s] INFO:colcon.colcon_core.shell:Creating environment hook '/home/wjs/cart_ros2/install/share/ira_laser_tools/hook/ld_library_path_lib.ps1'
[9.144s] INFO:colcon.colcon_core.shell:Creating environment descriptor '/home/wjs/cart_ros2/install/share/ira_laser_tools/hook/ld_library_path_lib.dsv'
[9.145s] INFO:colcon.colcon_core.shell:Creating environment hook '/home/wjs/cart_ros2/install/share/ira_laser_tools/hook/ld_library_path_lib.sh'
[9.147s] Level 1:colcon.colcon_core.environment:checking '/home/wjs/cart_ros2/install/bin'
[9.147s] Level 1:colcon.colcon_core.environment:checking '/home/wjs/cart_ros2/install/lib/pkgconfig/ira_laser_tools.pc'
[9.149s] Level 1:colcon.colcon_core.environment:checking '/home/wjs/cart_ros2/install/lib/python3.8/site-packages'
[9.149s] Level 1:colcon.colcon_core.shell:create_environment_hook('ira_laser_tools', 'pythonpath')
[9.150s] INFO:colcon.colcon_core.shell:Creating environment hook '/home/wjs/cart_ros2/install/share/ira_laser_tools/hook/pythonpath.ps1'
[9.153s] INFO:colcon.colcon_core.shell:Creating environment descriptor '/home/wjs/cart_ros2/install/share/ira_laser_tools/hook/pythonpath.dsv'
[9.155s] INFO:colcon.colcon_core.shell:Creating environment hook '/home/wjs/cart_ros2/install/share/ira_laser_tools/hook/pythonpath.sh'
[9.157s] Level 1:colcon.colcon_core.environment:checking '/home/wjs/cart_ros2/install/bin'
[9.160s] INFO:colcon.colcon_core.shell:Creating package script '/home/wjs/cart_ros2/install/share/ira_laser_tools/package.ps1'
[9.163s] INFO:colcon.colcon_core.shell:Creating package descriptor '/home/wjs/cart_ros2/install/share/ira_laser_tools/package.dsv'
[9.165s] INFO:colcon.colcon_core.shell:Creating package script '/home/wjs/cart_ros2/install/share/ira_laser_tools/package.sh'
[9.167s] INFO:colcon.colcon_core.shell:Creating package script '/home/wjs/cart_ros2/install/share/ira_laser_tools/package.bash'
[9.169s] INFO:colcon.colcon_core.shell:Creating package script '/home/wjs/cart_ros2/install/share/ira_laser_tools/package.zsh'
[9.171s] Level 1:colcon.colcon_core.environment:create_file_with_runtime_dependencies(/home/wjs/cart_ros2/install/share/colcon-core/packages/ira_laser_tools)
[9.188s] Level 1:colcon.colcon_core.environment:create_environment_scripts_only(ira_laser_tools)
[9.189s] Level 1:colcon.colcon_core.environment:checking '/home/wjs/cart_ros2/install' for CMake module files
[9.193s] Level 1:colcon.colcon_core.environment:checking '/home/wjs/cart_ros2/install' for CMake config files
[9.200s] Level 1:colcon.colcon_core.shell:create_environment_hook('ira_laser_tools', 'cmake_prefix_path')
[9.201s] INFO:colcon.colcon_core.shell:Creating environment hook '/home/wjs/cart_ros2/install/share/ira_laser_tools/hook/cmake_prefix_path.ps1'
[9.204s] INFO:colcon.colcon_core.shell:Creating environment descriptor '/home/wjs/cart_ros2/install/share/ira_laser_tools/hook/cmake_prefix_path.dsv'
[9.213s] INFO:colcon.colcon_core.shell:Creating environment hook '/home/wjs/cart_ros2/install/share/ira_laser_tools/hook/cmake_prefix_path.sh'
[9.222s] Level 1:colcon.colcon_core.environment:checking '/home/wjs/cart_ros2/install/lib'
[9.223s] Level 1:colcon.colcon_core.shell:create_environment_hook('ira_laser_tools', 'ld_library_path_lib')
[9.224s] INFO:colcon.colcon_core.shell:Creating environment hook '/home/wjs/cart_ros2/install/share/ira_laser_tools/hook/ld_library_path_lib.ps1'
[9.227s] INFO:colcon.colcon_core.shell:Creating environment descriptor '/home/wjs/cart_ros2/install/share/ira_laser_tools/hook/ld_library_path_lib.dsv'
[9.229s] INFO:colcon.colcon_core.shell:Creating environment hook '/home/wjs/cart_ros2/install/share/ira_laser_tools/hook/ld_library_path_lib.sh'
[9.231s] Level 1:colcon.colcon_core.environment:checking '/home/wjs/cart_ros2/install/bin'
[9.231s] Level 1:colcon.colcon_core.environment:checking '/home/wjs/cart_ros2/install/lib/pkgconfig/ira_laser_tools.pc'
[9.232s] Level 1:colcon.colcon_core.environment:checking '/home/wjs/cart_ros2/install/lib/python3.8/site-packages'
[9.232s] Level 1:colcon.colcon_core.shell:create_environment_hook('ira_laser_tools', 'pythonpath')
[9.233s] INFO:colcon.colcon_core.shell:Creating environment hook '/home/wjs/cart_ros2/install/share/ira_laser_tools/hook/pythonpath.ps1'
[9.235s] INFO:colcon.colcon_core.shell:Creating environment descriptor '/home/wjs/cart_ros2/install/share/ira_laser_tools/hook/pythonpath.dsv'
[9.237s] INFO:colcon.colcon_core.shell:Creating environment hook '/home/wjs/cart_ros2/install/share/ira_laser_tools/hook/pythonpath.sh'
[9.240s] Level 1:colcon.colcon_core.environment:checking '/home/wjs/cart_ros2/install/bin'
[9.241s] INFO:colcon.colcon_core.shell:Creating package script '/home/wjs/cart_ros2/install/share/ira_laser_tools/package.ps1'
[9.244s] INFO:colcon.colcon_core.shell:Creating package descriptor '/home/wjs/cart_ros2/install/share/ira_laser_tools/package.dsv'
[9.246s] INFO:colcon.colcon_core.shell:Creating package script '/home/wjs/cart_ros2/install/share/ira_laser_tools/package.sh'
[9.249s] INFO:colcon.colcon_core.shell:Creating package script '/home/wjs/cart_ros2/install/share/ira_laser_tools/package.bash'
[9.251s] INFO:colcon.colcon_core.shell:Creating package script '/home/wjs/cart_ros2/install/share/ira_laser_tools/package.zsh'
[9.253s] Level 1:colcon.colcon_core.environment:create_file_with_runtime_dependencies(/home/wjs/cart_ros2/install/share/colcon-core/packages/ira_laser_tools)
[9.271s] INFO:colcon.colcon_ros.task.ament_cmake.build:Building ROS package in '/home/wjs/cart_ros2/src/laser_filters' with build type 'ament_cmake'
[9.272s] INFO:colcon.colcon_cmake.task.cmake.build:Building CMake package in '/home/wjs/cart_ros2/src/laser_filters'
[9.273s] INFO:colcon.colcon_core.shell:Skip shell extension 'powershell' for command environment: Not usable outside of PowerShell
[9.273s] DEBUG:colcon.colcon_core.shell:Skip shell extension 'dsv' for command environment
[9.395s] DEBUG:colcon.colcon_core.event_handler.log_command:Invoking command in '/home/wjs/cart_ros2/build/laser_filters': CMAKE_PREFIX_PATH=${CMAKE_PREFIX_PATH}:/opt/ros/galactic /usr/bin/cmake --build /home/wjs/cart_ros2/build/laser_filters -- -j4 -l4
[10.257s] DEBUG:colcon.colcon_core.event_handler.log_command:Invoking command in '/home/wjs/cart_ros2/build/arduino_ros2': PYTHONPATH=/home/wjs/cart_ros2/build/arduino_ros2/prefix_override:/usr/lib/python3/dist-packages/colcon_core/task/python/colcon_distutils_commands:/home/wjs/cart_ros2/install/lib/python3.8/site-packages:${PYTHONPATH} /usr/bin/python3 -W ignore:setup.py install is deprecated -W ignore:easy_install command is deprecated setup.py develop --editable --build-directory /home/wjs/cart_ros2/build/arduino_ros2/build --no-deps symlink_data
[10.518s] DEBUG:colcon.colcon_core.event_handler.log_command:Invoked command in '/home/wjs/cart_ros2/build/laser_filters' returned '0': CMAKE_PREFIX_PATH=${CMAKE_PREFIX_PATH}:/opt/ros/galactic /usr/bin/cmake --build /home/wjs/cart_ros2/build/laser_filters -- -j4 -l4
[10.545s] DEBUG:colcon.colcon_core.event_handler.log_command:Invoking command in '/home/wjs/cart_ros2/build/laser_filters': CMAKE_PREFIX_PATH=${CMAKE_PREFIX_PATH}:/opt/ros/galactic /usr/bin/cmake --install /home/wjs/cart_ros2/build/laser_filters
[10.720s] DEBUG:colcon.colcon_core.event_handler.log_command:Invoking command in '/home/wjs/cart_ros2/build/differential_drive': PYTHONPATH=/home/wjs/cart_ros2/build/differential_drive/prefix_override:/usr/lib/python3/dist-packages/colcon_core/task/python/colcon_distutils_commands:/home/wjs/cart_ros2/install/lib/python3.8/site-packages:${PYTHONPATH} /usr/bin/python3 -W ignore:setup.py install is deprecated -W ignore:easy_install command is deprecated setup.py develop --editable --build-directory /home/wjs/cart_ros2/build/differential_drive/build --no-deps symlink_data
[10.832s] Level 1:colcon.colcon_core.environment:create_environment_scripts_only(laser_filters)
[10.836s] Level 1:colcon.colcon_core.environment:checking '/home/wjs/cart_ros2/install' for CMake module files
[10.838s] DEBUG:colcon.colcon_core.event_handler.log_command:Invoked command in '/home/wjs/cart_ros2/build/laser_filters' returned '0': CMAKE_PREFIX_PATH=${CMAKE_PREFIX_PATH}:/opt/ros/galactic /usr/bin/cmake --install /home/wjs/cart_ros2/build/laser_filters
[10.841s] Level 1:colcon.colcon_core.environment:checking '/home/wjs/cart_ros2/install' for CMake config files
[10.848s] Level 1:colcon.colcon_core.shell:create_environment_hook('laser_filters', 'cmake_prefix_path')
[10.851s] INFO:colcon.colcon_core.shell:Creating environment hook '/home/wjs/cart_ros2/install/share/laser_filters/hook/cmake_prefix_path.ps1'
[10.865s] INFO:colcon.colcon_core.shell:Creating environment descriptor '/home/wjs/cart_ros2/install/share/laser_filters/hook/cmake_prefix_path.dsv'
[10.869s] INFO:colcon.colcon_core.shell:Creating environment hook '/home/wjs/cart_ros2/install/share/laser_filters/hook/cmake_prefix_path.sh'
[10.873s] Level 1:colcon.colcon_core.environment:checking '/home/wjs/cart_ros2/install/lib'
[10.873s] Level 1:colcon.colcon_core.shell:create_environment_hook('laser_filters', 'ld_library_path_lib')
[10.874s] INFO:colcon.colcon_core.shell:Creating environment hook '/home/wjs/cart_ros2/install/share/laser_filters/hook/ld_library_path_lib.ps1'
[10.876s] INFO:colcon.colcon_core.shell:Creating environment descriptor '/home/wjs/cart_ros2/install/share/laser_filters/hook/ld_library_path_lib.dsv'
[10.878s] INFO:colcon.colcon_core.shell:Creating environment hook '/home/wjs/cart_ros2/install/share/laser_filters/hook/ld_library_path_lib.sh'
[10.881s] Level 1:colcon.colcon_core.environment:checking '/home/wjs/cart_ros2/install/bin'
[10.881s] Level 1:colcon.colcon_core.environment:checking '/home/wjs/cart_ros2/install/lib/pkgconfig/laser_filters.pc'
[10.882s] Level 1:colcon.colcon_core.environment:checking '/home/wjs/cart_ros2/install/lib/python3.8/site-packages'
[10.883s] Level 1:colcon.colcon_core.shell:create_environment_hook('laser_filters', 'pythonpath')
[10.884s] INFO:colcon.colcon_core.shell:Creating environment hook '/home/wjs/cart_ros2/install/share/laser_filters/hook/pythonpath.ps1'
[10.887s] INFO:colcon.colcon_core.shell:Creating environment descriptor '/home/wjs/cart_ros2/install/share/laser_filters/hook/pythonpath.dsv'
[10.889s] INFO:colcon.colcon_core.shell:Creating environment hook '/home/wjs/cart_ros2/install/share/laser_filters/hook/pythonpath.sh'
[10.892s] Level 1:colcon.colcon_core.environment:checking '/home/wjs/cart_ros2/install/bin'
[10.894s] INFO:colcon.colcon_core.shell:Creating package script '/home/wjs/cart_ros2/install/share/laser_filters/package.ps1'
[10.897s] INFO:colcon.colcon_core.shell:Creating package descriptor '/home/wjs/cart_ros2/install/share/laser_filters/package.dsv'
[10.900s] INFO:colcon.colcon_core.shell:Creating package script '/home/wjs/cart_ros2/install/share/laser_filters/package.sh'
[10.903s] INFO:colcon.colcon_core.shell:Creating package script '/home/wjs/cart_ros2/install/share/laser_filters/package.bash'
[10.905s] INFO:colcon.colcon_core.shell:Creating package script '/home/wjs/cart_ros2/install/share/laser_filters/package.zsh'
[10.906s] Level 1:colcon.colcon_core.environment:create_file_with_runtime_dependencies(/home/wjs/cart_ros2/install/share/colcon-core/packages/laser_filters)
[10.910s] Level 1:colcon.colcon_core.environment:create_environment_scripts_only(laser_filters)
[10.911s] Level 1:colcon.colcon_core.environment:checking '/home/wjs/cart_ros2/install' for CMake module files
[10.913s] Level 1:colcon.colcon_core.environment:checking '/home/wjs/cart_ros2/install' for CMake config files
[10.919s] Level 1:colcon.colcon_core.shell:create_environment_hook('laser_filters', 'cmake_prefix_path')
[10.922s] INFO:colcon.colcon_core.shell:Creating environment hook '/home/wjs/cart_ros2/install/share/laser_filters/hook/cmake_prefix_path.ps1'
[10.925s] INFO:colcon.colcon_core.shell:Creating environment descriptor '/home/wjs/cart_ros2/install/share/laser_filters/hook/cmake_prefix_path.dsv'
[10.937s] INFO:colcon.colcon_core.shell:Creating environment hook '/home/wjs/cart_ros2/install/share/laser_filters/hook/cmake_prefix_path.sh'
[10.940s] Level 1:colcon.colcon_core.environment:checking '/home/wjs/cart_ros2/install/lib'
[10.941s] Level 1:colcon.colcon_core.shell:create_environment_hook('laser_filters', 'ld_library_path_lib')
[10.943s] INFO:colcon.colcon_core.shell:Creating environment hook '/home/wjs/cart_ros2/install/share/laser_filters/hook/ld_library_path_lib.ps1'
[10.945s] INFO:colcon.colcon_core.shell:Creating environment descriptor '/home/wjs/cart_ros2/install/share/laser_filters/hook/ld_library_path_lib.dsv'
[10.946s] INFO:colcon.colcon_core.shell:Creating environment hook '/home/wjs/cart_ros2/install/share/laser_filters/hook/ld_library_path_lib.sh'
[10.949s] Level 1:colcon.colcon_core.environment:checking '/home/wjs/cart_ros2/install/bin'
[10.949s] Level 1:colcon.colcon_core.environment:checking '/home/wjs/cart_ros2/install/lib/pkgconfig/laser_filters.pc'
[10.950s] Level 1:colcon.colcon_core.environment:checking '/home/wjs/cart_ros2/install/lib/python3.8/site-packages'
[10.950s] Level 1:colcon.colcon_core.shell:create_environment_hook('laser_filters', 'pythonpath')
[10.953s] INFO:colcon.colcon_core.shell:Creating environment hook '/home/wjs/cart_ros2/install/share/laser_filters/hook/pythonpath.ps1'
[10.955s] INFO:colcon.colcon_core.shell:Creating environment descriptor '/home/wjs/cart_ros2/install/share/laser_filters/hook/pythonpath.dsv'
[10.956s] INFO:colcon.colcon_core.shell:Creating environment hook '/home/wjs/cart_ros2/install/share/laser_filters/hook/pythonpath.sh'
[10.961s] Level 1:colcon.colcon_core.environment:checking '/home/wjs/cart_ros2/install/bin'
[10.968s] INFO:colcon.colcon_core.shell:Creating package script '/home/wjs/cart_ros2/install/share/laser_filters/package.ps1'
[10.971s] INFO:colcon.colcon_core.shell:Creating package descriptor '/home/wjs/cart_ros2/install/share/laser_filters/package.dsv'
[10.974s] INFO:colcon.colcon_core.shell:Creating package script '/home/wjs/cart_ros2/install/share/laser_filters/package.sh'
[10.976s] INFO:colcon.colcon_core.shell:Creating package script '/home/wjs/cart_ros2/install/share/laser_filters/package.bash'
[10.978s] INFO:colcon.colcon_core.shell:Creating package script '/home/wjs/cart_ros2/install/share/laser_filters/package.zsh'
[10.981s] Level 1:colcon.colcon_core.environment:create_file_with_runtime_dependencies(/home/wjs/cart_ros2/install/share/colcon-core/packages/laser_filters)
[10.984s] INFO:colcon.colcon_ros.task.ament_cmake.build:Building ROS package in '/home/wjs/cart_ros2/src/sllidar_ros2' with build type 'ament_cmake'
[10.986s] INFO:colcon.colcon_cmake.task.cmake.build:Building CMake package in '/home/wjs/cart_ros2/src/sllidar_ros2'
[10.987s] INFO:colcon.colcon_core.shell:Skip shell extension 'powershell' for command environment: Not usable outside of PowerShell
[10.987s] DEBUG:colcon.colcon_core.shell:Skip shell extension 'dsv' for command environment
[11.115s] DEBUG:colcon.colcon_core.event_handler.log_command:Invoking command in '/home/wjs/cart_ros2/build/sllidar_ros2': CMAKE_PREFIX_PATH=${CMAKE_PREFIX_PATH}:/opt/ros/galactic /usr/bin/cmake --build /home/wjs/cart_ros2/build/sllidar_ros2 -- -j4 -l4
[11.506s] Level 1:colcon.colcon_core.shell:create_environment_hook('agv_body', 'pythonpath_develop')
[11.513s] INFO:colcon.colcon_core.shell:Creating environment hook '/home/wjs/cart_ros2/build/agv_body/share/agv_body/hook/pythonpath_develop.ps1'
[11.515s] DEBUG:colcon.colcon_core.event_handler.log_command:Invoked command in '/home/wjs/cart_ros2/build/agv_body' returned '0': PYTHONPATH=/home/wjs/cart_ros2/build/agv_body/prefix_override:/usr/lib/python3/dist-packages/colcon_core/task/python/colcon_distutils_commands:/home/wjs/cart_ros2/install/lib/python3.8/site-packages:${PYTHONPATH} /usr/bin/python3 -W ignore:setup.py install is deprecated -W ignore:easy_install command is deprecated setup.py develop --editable --build-directory /home/wjs/cart_ros2/build/agv_body/build --no-deps symlink_data
[11.518s] INFO:colcon.colcon_core.shell:Creating environment descriptor '/home/wjs/cart_ros2/build/agv_body/share/agv_body/hook/pythonpath_develop.dsv'
[11.536s] INFO:colcon.colcon_core.shell:Creating environment hook '/home/wjs/cart_ros2/build/agv_body/share/agv_body/hook/pythonpath_develop.sh'
[11.539s] Level 1:colcon.colcon_core.environment:checking '/home/wjs/cart_ros2/install' for CMake module files
[11.542s] Level 1:colcon.colcon_core.environment:checking '/home/wjs/cart_ros2/install' for CMake config files
[11.552s] Level 1:colcon.colcon_core.shell:create_environment_hook('agv_body', 'cmake_prefix_path')
[11.553s] INFO:colcon.colcon_core.shell:Creating environment hook '/home/wjs/cart_ros2/install/share/agv_body/hook/cmake_prefix_path.ps1'
[11.556s] INFO:colcon.colcon_core.shell:Creating environment descriptor '/home/wjs/cart_ros2/install/share/agv_body/hook/cmake_prefix_path.dsv'
[11.558s] INFO:colcon.colcon_core.shell:Creating environment hook '/home/wjs/cart_ros2/install/share/agv_body/hook/cmake_prefix_path.sh'
[11.568s] Level 1:colcon.colcon_core.environment:checking '/home/wjs/cart_ros2/install/lib'
[11.568s] Level 1:colcon.colcon_core.shell:create_environment_hook('agv_body', 'ld_library_path_lib')
[11.570s] INFO:colcon.colcon_core.shell:Creating environment hook '/home/wjs/cart_ros2/install/share/agv_body/hook/ld_library_path_lib.ps1'
[11.572s] INFO:colcon.colcon_core.shell:Creating environment descriptor '/home/wjs/cart_ros2/install/share/agv_body/hook/ld_library_path_lib.dsv'
[11.585s] INFO:colcon.colcon_core.shell:Creating environment hook '/home/wjs/cart_ros2/install/share/agv_body/hook/ld_library_path_lib.sh'
[11.589s] Level 1:colcon.colcon_core.environment:checking '/home/wjs/cart_ros2/install/bin'
[11.589s] Level 1:colcon.colcon_core.environment:checking '/home/wjs/cart_ros2/install/lib/pkgconfig/agv_body.pc'
[11.592s] Level 1:colcon.colcon_core.environment:checking '/home/wjs/cart_ros2/install/lib/python3.8/site-packages'
[11.592s] Level 1:colcon.colcon_core.shell:create_environment_hook('agv_body', 'pythonpath')
[11.593s] INFO:colcon.colcon_core.shell:Creating environment hook '/home/wjs/cart_ros2/install/share/agv_body/hook/pythonpath.ps1'
[11.596s] INFO:colcon.colcon_core.shell:Creating environment descriptor '/home/wjs/cart_ros2/install/share/agv_body/hook/pythonpath.dsv'
[11.597s] INFO:colcon.colcon_core.shell:Creating environment hook '/home/wjs/cart_ros2/install/share/agv_body/hook/pythonpath.sh'
[11.611s] Level 1:colcon.colcon_core.environment:checking '/home/wjs/cart_ros2/install/bin'
[11.611s] Level 1:colcon.colcon_core.environment:create_environment_scripts_only(agv_body)
[11.613s] INFO:colcon.colcon_core.shell:Creating package script '/home/wjs/cart_ros2/install/share/agv_body/package.ps1'
[11.617s] INFO:colcon.colcon_core.shell:Creating package descriptor '/home/wjs/cart_ros2/install/share/agv_body/package.dsv'
[11.622s] INFO:colcon.colcon_core.shell:Creating package script '/home/wjs/cart_ros2/install/share/agv_body/package.sh'
[11.627s] INFO:colcon.colcon_core.shell:Creating package script '/home/wjs/cart_ros2/install/share/agv_body/package.bash'
[11.629s] INFO:colcon.colcon_core.shell:Creating package script '/home/wjs/cart_ros2/install/share/agv_body/package.zsh'
[11.631s] Level 1:colcon.colcon_core.environment:create_file_with_runtime_dependencies(/home/wjs/cart_ros2/install/share/colcon-core/packages/agv_body)
[11.634s] INFO:colcon.colcon_ros.task.ament_cmake.build:Building ROS package in '/home/wjs/cart_ros2/src/2th_NtrexAHRS_lib_ROS/ros2_example/stella_ahrs' with build type 'ament_cmake'
[11.635s] INFO:colcon.colcon_cmake.task.cmake.build:Building CMake package in '/home/wjs/cart_ros2/src/2th_NtrexAHRS_lib_ROS/ros2_example/stella_ahrs'
[11.636s] INFO:colcon.colcon_core.shell:Skip shell extension 'powershell' for command environment: Not usable outside of PowerShell
[11.637s] DEBUG:colcon.colcon_core.shell:Skip shell extension 'dsv' for command environment
[11.772s] DEBUG:colcon.colcon_core.event_handler.log_command:Invoking command in '/home/wjs/cart_ros2/build/stella_ahrs': CMAKE_PREFIX_PATH=${CMAKE_PREFIX_PATH}:/opt/ros/galactic /usr/bin/cmake --build /home/wjs/cart_ros2/build/stella_ahrs -- -j4 -l4
[11.817s] DEBUG:colcon.colcon_core.event_handler.log_command:Invoked command in '/home/wjs/cart_ros2/build/sllidar_ros2' returned '0': CMAKE_PREFIX_PATH=${CMAKE_PREFIX_PATH}:/opt/ros/galactic /usr/bin/cmake --build /home/wjs/cart_ros2/build/sllidar_ros2 -- -j4 -l4
[11.846s] DEBUG:colcon.colcon_core.event_handler.log_command:Invoking command in '/home/wjs/cart_ros2/build/sllidar_ros2': CMAKE_PREFIX_PATH=${CMAKE_PREFIX_PATH}:/opt/ros/galactic /usr/bin/cmake --install /home/wjs/cart_ros2/build/sllidar_ros2
[12.028s] Level 1:colcon.colcon_core.environment:create_environment_scripts_only(sllidar_ros2)
[12.032s] Level 1:colcon.colcon_core.environment:checking '/home/wjs/cart_ros2/install' for CMake module files
[12.033s] DEBUG:colcon.colcon_core.event_handler.log_command:Invoked command in '/home/wjs/cart_ros2/build/sllidar_ros2' returned '0': CMAKE_PREFIX_PATH=${CMAKE_PREFIX_PATH}:/opt/ros/galactic /usr/bin/cmake --install /home/wjs/cart_ros2/build/sllidar_ros2
[12.037s] Level 1:colcon.colcon_core.environment:checking '/home/wjs/cart_ros2/install' for CMake config files
[12.044s] Level 1:colcon.colcon_core.shell:create_environment_hook('sllidar_ros2', 'cmake_prefix_path')
[12.046s] INFO:colcon.colcon_core.shell:Creating environment hook '/home/wjs/cart_ros2/install/share/sllidar_ros2/hook/cmake_prefix_path.ps1'
[12.050s] INFO:colcon.colcon_core.shell:Creating environment descriptor '/home/wjs/cart_ros2/install/share/sllidar_ros2/hook/cmake_prefix_path.dsv'
[12.052s] INFO:colcon.colcon_core.shell:Creating environment hook '/home/wjs/cart_ros2/install/share/sllidar_ros2/hook/cmake_prefix_path.sh'
[12.055s] Level 1:colcon.colcon_core.environment:checking '/home/wjs/cart_ros2/install/lib'
[12.055s] Level 1:colcon.colcon_core.shell:create_environment_hook('sllidar_ros2', 'ld_library_path_lib')
[12.056s] INFO:colcon.colcon_core.shell:Creating environment hook '/home/wjs/cart_ros2/install/share/sllidar_ros2/hook/ld_library_path_lib.ps1'
[12.058s] INFO:colcon.colcon_core.shell:Creating environment descriptor '/home/wjs/cart_ros2/install/share/sllidar_ros2/hook/ld_library_path_lib.dsv'
[12.060s] INFO:colcon.colcon_core.shell:Creating environment hook '/home/wjs/cart_ros2/install/share/sllidar_ros2/hook/ld_library_path_lib.sh'
[12.063s] Level 1:colcon.colcon_core.environment:checking '/home/wjs/cart_ros2/install/bin'
[12.064s] Level 1:colcon.colcon_core.environment:checking '/home/wjs/cart_ros2/install/lib/pkgconfig/sllidar_ros2.pc'
[12.065s] Level 1:colcon.colcon_core.environment:checking '/home/wjs/cart_ros2/install/lib/python3.8/site-packages'
[12.065s] Level 1:colcon.colcon_core.shell:create_environment_hook('sllidar_ros2', 'pythonpath')
[12.066s] INFO:colcon.colcon_core.shell:Creating environment hook '/home/wjs/cart_ros2/install/share/sllidar_ros2/hook/pythonpath.ps1'
[12.070s] INFO:colcon.colcon_core.shell:Creating environment descriptor '/home/wjs/cart_ros2/install/share/sllidar_ros2/hook/pythonpath.dsv'
[12.072s] INFO:colcon.colcon_core.shell:Creating environment hook '/home/wjs/cart_ros2/install/share/sllidar_ros2/hook/pythonpath.sh'
[12.074s] Level 1:colcon.colcon_core.environment:checking '/home/wjs/cart_ros2/install/bin'
[12.076s] INFO:colcon.colcon_core.shell:Creating package script '/home/wjs/cart_ros2/install/share/sllidar_ros2/package.ps1'
[12.079s] INFO:colcon.colcon_core.shell:Creating package descriptor '/home/wjs/cart_ros2/install/share/sllidar_ros2/package.dsv'
[12.082s] INFO:colcon.colcon_core.shell:Creating package script '/home/wjs/cart_ros2/install/share/sllidar_ros2/package.sh'
[12.085s] INFO:colcon.colcon_core.shell:Creating package script '/home/wjs/cart_ros2/install/share/sllidar_ros2/package.bash'
[12.088s] INFO:colcon.colcon_core.shell:Creating package script '/home/wjs/cart_ros2/install/share/sllidar_ros2/package.zsh'
[12.090s] Level 1:colcon.colcon_core.environment:create_file_with_runtime_dependencies(/home/wjs/cart_ros2/install/share/colcon-core/packages/sllidar_ros2)
[12.093s] Level 1:colcon.colcon_core.environment:create_environment_scripts_only(sllidar_ros2)
[12.094s] Level 1:colcon.colcon_core.environment:checking '/home/wjs/cart_ros2/install' for CMake module files
[12.097s] Level 1:colcon.colcon_core.environment:checking '/home/wjs/cart_ros2/install' for CMake config files
[12.103s] Level 1:colcon.colcon_core.shell:create_environment_hook('sllidar_ros2', 'cmake_prefix_path')
[12.104s] INFO:colcon.colcon_core.shell:Creating environment hook '/home/wjs/cart_ros2/install/share/sllidar_ros2/hook/cmake_prefix_path.ps1'
[12.107s] INFO:colcon.colcon_core.shell:Creating environment descriptor '/home/wjs/cart_ros2/install/share/sllidar_ros2/hook/cmake_prefix_path.dsv'
[12.114s] INFO:colcon.colcon_core.shell:Creating environment hook '/home/wjs/cart_ros2/install/share/sllidar_ros2/hook/cmake_prefix_path.sh'
[12.117s] Level 1:colcon.colcon_core.environment:checking '/home/wjs/cart_ros2/install/lib'
[12.117s] Level 1:colcon.colcon_core.shell:create_environment_hook('sllidar_ros2', 'ld_library_path_lib')
[12.118s] INFO:colcon.colcon_core.shell:Creating environment hook '/home/wjs/cart_ros2/install/share/sllidar_ros2/hook/ld_library_path_lib.ps1'
[12.120s] INFO:colcon.colcon_core.shell:Creating environment descriptor '/home/wjs/cart_ros2/install/share/sllidar_ros2/hook/ld_library_path_lib.dsv'
[12.122s] INFO:colcon.colcon_core.shell:Creating environment hook '/home/wjs/cart_ros2/install/share/sllidar_ros2/hook/ld_library_path_lib.sh'
[12.124s] Level 1:colcon.colcon_core.environment:checking '/home/wjs/cart_ros2/install/bin'
[12.124s] Level 1:colcon.colcon_core.environment:checking '/home/wjs/cart_ros2/install/lib/pkgconfig/sllidar_ros2.pc'
[12.125s] Level 1:colcon.colcon_core.environment:checking '/home/wjs/cart_ros2/install/lib/python3.8/site-packages'
[12.125s] Level 1:colcon.colcon_core.shell:create_environment_hook('sllidar_ros2', 'pythonpath')
[12.126s] INFO:colcon.colcon_core.shell:Creating environment hook '/home/wjs/cart_ros2/install/share/sllidar_ros2/hook/pythonpath.ps1'
[12.129s] INFO:colcon.colcon_core.shell:Creating environment descriptor '/home/wjs/cart_ros2/install/share/sllidar_ros2/hook/pythonpath.dsv'
[12.130s] INFO:colcon.colcon_core.shell:Creating environment hook '/home/wjs/cart_ros2/install/share/sllidar_ros2/hook/pythonpath.sh'
[12.132s] Level 1:colcon.colcon_core.environment:checking '/home/wjs/cart_ros2/install/bin'
[12.134s] INFO:colcon.colcon_core.shell:Creating package script '/home/wjs/cart_ros2/install/share/sllidar_ros2/package.ps1'
[12.136s] INFO:colcon.colcon_core.shell:Creating package descriptor '/home/wjs/cart_ros2/install/share/sllidar_ros2/package.dsv'
[12.139s] INFO:colcon.colcon_core.shell:Creating package script '/home/wjs/cart_ros2/install/share/sllidar_ros2/package.sh'
[12.141s] INFO:colcon.colcon_core.shell:Creating package script '/home/wjs/cart_ros2/install/share/sllidar_ros2/package.bash'
[12.143s] INFO:colcon.colcon_core.shell:Creating package script '/home/wjs/cart_ros2/install/share/sllidar_ros2/package.zsh'
[12.145s] Level 1:colcon.colcon_core.environment:create_file_with_runtime_dependencies(/home/wjs/cart_ros2/install/share/colcon-core/packages/sllidar_ros2)
[12.151s] INFO:colcon.colcon_ros.task.ament_cmake.build:Building ROS package in '/home/wjs/cart_ros2/src/roboteq_controller_ros-galactic-devel/roboteq_controller' with build type 'ament_cmake'
[12.152s] INFO:colcon.colcon_cmake.task.cmake.build:Building CMake package in '/home/wjs/cart_ros2/src/roboteq_controller_ros-galactic-devel/roboteq_controller'
[12.153s] INFO:colcon.colcon_core.shell:Skip shell extension 'powershell' for command environment: Not usable outside of PowerShell
[12.153s] DEBUG:colcon.colcon_core.shell:Skip shell extension 'dsv' for command environment
[12.317s] DEBUG:colcon.colcon_core.event_handler.log_command:Invoking command in '/home/wjs/cart_ros2/build/roboteq_controller': CMAKE_PREFIX_PATH=${CMAKE_PREFIX_PATH}:/opt/ros/galactic LD_LIBRARY_PATH=/home/wjs/cart_ros2/install/lib:/opt/opencv-4.5.5-cuda/lib:/home/wjs/tb3_tpl_ws/install/lib:/opt/ros/galactic/opt/yaml_cpp_vendor/lib:/opt/ros/galactic/opt/rviz_ogre_vendor/lib:/opt/ros/galactic/lib/aarch64-linux-gnu:/opt/ros/galactic/lib:/usr/local/cuda-11.4/lib64 PYTHONPATH=/home/wjs/cart_ros2/install/lib/python3.8/site-packages:/opt/opencv-4.5.5-cuda/lib/python3.8/site-packages:/home/wjs/cart_ros2/build/differential_drive/src:/home/wjs/cart_ros2/build/arduino_ros2:/home/wjs/cart_ros2/build/agv_body:/home/wjs/tb3_tpl_ws/build/turtlebot3_teleop:/home/wjs/tb3_tpl_ws/install/lib/python3.8/site-packages:/opt/ros/galactic/lib/python3.8/site-packages /usr/bin/cmake --build /home/wjs/cart_ros2/build/roboteq_controller -- -j4 -l4
[12.376s] DEBUG:colcon.colcon_core.event_handler.log_command:Invoked command in '/home/wjs/cart_ros2/build/stella_ahrs' returned '0': CMAKE_PREFIX_PATH=${CMAKE_PREFIX_PATH}:/opt/ros/galactic /usr/bin/cmake --build /home/wjs/cart_ros2/build/stella_ahrs -- -j4 -l4
[12.395s] DEBUG:colcon.colcon_core.event_handler.log_command:Invoking command in '/home/wjs/cart_ros2/build/stella_ahrs': CMAKE_PREFIX_PATH=${CMAKE_PREFIX_PATH}:/opt/ros/galactic /usr/bin/cmake --install /home/wjs/cart_ros2/build/stella_ahrs
[12.560s] Level 1:colcon.colcon_core.environment:create_environment_scripts_only(stella_ahrs)
[12.564s] Level 1:colcon.colcon_core.environment:checking '/home/wjs/cart_ros2/install' for CMake module files
[12.565s] DEBUG:colcon.colcon_core.event_handler.log_command:Invoked command in '/home/wjs/cart_ros2/build/stella_ahrs' returned '0': CMAKE_PREFIX_PATH=${CMAKE_PREFIX_PATH}:/opt/ros/galactic /usr/bin/cmake --install /home/wjs/cart_ros2/build/stella_ahrs
[12.570s] Level 1:colcon.colcon_core.environment:checking '/home/wjs/cart_ros2/install' for CMake config files
[12.594s] Level 1:colcon.colcon_core.shell:create_environment_hook('stella_ahrs', 'cmake_prefix_path')
[12.595s] INFO:colcon.colcon_core.shell:Creating environment hook '/home/wjs/cart_ros2/install/share/stella_ahrs/hook/cmake_prefix_path.ps1'
[12.610s] INFO:colcon.colcon_core.shell:Creating environment descriptor '/home/wjs/cart_ros2/install/share/stella_ahrs/hook/cmake_prefix_path.dsv'
[12.617s] INFO:colcon.colcon_core.shell:Creating environment hook '/home/wjs/cart_ros2/install/share/stella_ahrs/hook/cmake_prefix_path.sh'
[12.624s] Level 1:colcon.colcon_core.environment:checking '/home/wjs/cart_ros2/install/lib'
[12.625s] Level 1:colcon.colcon_core.shell:create_environment_hook('stella_ahrs', 'ld_library_path_lib')
[12.626s] INFO:colcon.colcon_core.shell:Creating environment hook '/home/wjs/cart_ros2/install/share/stella_ahrs/hook/ld_library_path_lib.ps1'
[12.628s] INFO:colcon.colcon_core.shell:Creating environment descriptor '/home/wjs/cart_ros2/install/share/stella_ahrs/hook/ld_library_path_lib.dsv'
[12.630s] INFO:colcon.colcon_core.shell:Creating environment hook '/home/wjs/cart_ros2/install/share/stella_ahrs/hook/ld_library_path_lib.sh'
[12.632s] Level 1:colcon.colcon_core.environment:checking '/home/wjs/cart_ros2/install/bin'
[12.632s] Level 1:colcon.colcon_core.environment:checking '/home/wjs/cart_ros2/install/lib/pkgconfig/stella_ahrs.pc'
[12.635s] Level 1:colcon.colcon_core.environment:checking '/home/wjs/cart_ros2/install/lib/python3.8/site-packages'
[12.635s] Level 1:colcon.colcon_core.shell:create_environment_hook('stella_ahrs', 'pythonpath')
[12.636s] INFO:colcon.colcon_core.shell:Creating environment hook '/home/wjs/cart_ros2/install/share/stella_ahrs/hook/pythonpath.ps1'
[12.638s] INFO:colcon.colcon_core.shell:Creating environment descriptor '/home/wjs/cart_ros2/install/share/stella_ahrs/hook/pythonpath.dsv'
[12.640s] INFO:colcon.colcon_core.shell:Creating environment hook '/home/wjs/cart_ros2/install/share/stella_ahrs/hook/pythonpath.sh'
[12.643s] Level 1:colcon.colcon_core.environment:checking '/home/wjs/cart_ros2/install/bin'
[12.645s] INFO:colcon.colcon_core.shell:Creating package script '/home/wjs/cart_ros2/install/share/stella_ahrs/package.ps1'
[12.648s] INFO:colcon.colcon_core.shell:Creating package descriptor '/home/wjs/cart_ros2/install/share/stella_ahrs/package.dsv'
[12.650s] INFO:colcon.colcon_core.shell:Creating package script '/home/wjs/cart_ros2/install/share/stella_ahrs/package.sh'
[12.653s] INFO:colcon.colcon_core.shell:Creating package script '/home/wjs/cart_ros2/install/share/stella_ahrs/package.bash'
[12.655s] INFO:colcon.colcon_core.shell:Creating package script '/home/wjs/cart_ros2/install/share/stella_ahrs/package.zsh'
[12.657s] Level 1:colcon.colcon_core.environment:create_file_with_runtime_dependencies(/home/wjs/cart_ros2/install/share/colcon-core/packages/stella_ahrs)
[12.661s] Level 1:colcon.colcon_core.environment:create_environment_scripts_only(stella_ahrs)
[12.662s] Level 1:colcon.colcon_core.environment:checking '/home/wjs/cart_ros2/install' for CMake module files
[12.665s] Level 1:colcon.colcon_core.environment:checking '/home/wjs/cart_ros2/install' for CMake config files
[12.671s] Level 1:colcon.colcon_core.shell:create_environment_hook('stella_ahrs', 'cmake_prefix_path')
[12.672s] INFO:colcon.colcon_core.shell:Creating environment hook '/home/wjs/cart_ros2/install/share/stella_ahrs/hook/cmake_prefix_path.ps1'
[12.676s] INFO:colcon.colcon_core.shell:Creating environment descriptor '/home/wjs/cart_ros2/install/share/stella_ahrs/hook/cmake_prefix_path.dsv'
[12.690s] INFO:colcon.colcon_core.shell:Creating environment hook '/home/wjs/cart_ros2/install/share/stella_ahrs/hook/cmake_prefix_path.sh'
[12.699s] Level 1:colcon.colcon_core.environment:checking '/home/wjs/cart_ros2/install/lib'
[12.700s] Level 1:colcon.colcon_core.shell:create_environment_hook('stella_ahrs', 'ld_library_path_lib')
[12.701s] INFO:colcon.colcon_core.shell:Creating environment hook '/home/wjs/cart_ros2/install/share/stella_ahrs/hook/ld_library_path_lib.ps1'
[12.710s] INFO:colcon.colcon_core.shell:Creating environment descriptor '/home/wjs/cart_ros2/install/share/stella_ahrs/hook/ld_library_path_lib.dsv'
[12.712s] INFO:colcon.colcon_core.shell:Creating environment hook '/home/wjs/cart_ros2/install/share/stella_ahrs/hook/ld_library_path_lib.sh'
[12.715s] Level 1:colcon.colcon_core.environment:checking '/home/wjs/cart_ros2/install/bin'
[12.716s] Level 1:colcon.colcon_core.environment:checking '/home/wjs/cart_ros2/install/lib/pkgconfig/stella_ahrs.pc'
[12.716s] Level 1:colcon.colcon_core.environment:checking '/home/wjs/cart_ros2/install/lib/python3.8/site-packages'
[12.717s] Level 1:colcon.colcon_core.shell:create_environment_hook('stella_ahrs', 'pythonpath')
[12.718s] INFO:colcon.colcon_core.shell:Creating environment hook '/home/wjs/cart_ros2/install/share/stella_ahrs/hook/pythonpath.ps1'
[12.721s] INFO:colcon.colcon_core.shell:Creating environment descriptor '/home/wjs/cart_ros2/install/share/stella_ahrs/hook/pythonpath.dsv'
[12.723s] INFO:colcon.colcon_core.shell:Creating environment hook '/home/wjs/cart_ros2/install/share/stella_ahrs/hook/pythonpath.sh'
[12.726s] Level 1:colcon.colcon_core.environment:checking '/home/wjs/cart_ros2/install/bin'
[12.727s] INFO:colcon.colcon_core.shell:Creating package script '/home/wjs/cart_ros2/install/share/stella_ahrs/package.ps1'
[12.731s] INFO:colcon.colcon_core.shell:Creating package descriptor '/home/wjs/cart_ros2/install/share/stella_ahrs/package.dsv'
[12.733s] INFO:colcon.colcon_core.shell:Creating package script '/home/wjs/cart_ros2/install/share/stella_ahrs/package.sh'
[12.736s] INFO:colcon.colcon_core.shell:Creating package script '/home/wjs/cart_ros2/install/share/stella_ahrs/package.bash'
[12.737s] INFO:colcon.colcon_core.shell:Creating package script '/home/wjs/cart_ros2/install/share/stella_ahrs/package.zsh'
[12.739s] Level 1:colcon.colcon_core.environment:create_file_with_runtime_dependencies(/home/wjs/cart_ros2/install/share/colcon-core/packages/stella_ahrs)
[12.780s] DEBUG:colcon.colcon_core.event_handler.log_command:Invoked command in '/home/wjs/cart_ros2/build/roboteq_controller' returned '0': CMAKE_PREFIX_PATH=${CMAKE_PREFIX_PATH}:/opt/ros/galactic LD_LIBRARY_PATH=/home/wjs/cart_ros2/install/lib:/opt/opencv-4.5.5-cuda/lib:/home/wjs/tb3_tpl_ws/install/lib:/opt/ros/galactic/opt/yaml_cpp_vendor/lib:/opt/ros/galactic/opt/rviz_ogre_vendor/lib:/opt/ros/galactic/lib/aarch64-linux-gnu:/opt/ros/galactic/lib:/usr/local/cuda-11.4/lib64 PYTHONPATH=/home/wjs/cart_ros2/install/lib/python3.8/site-packages:/opt/opencv-4.5.5-cuda/lib/python3.8/site-packages:/home/wjs/cart_ros2/build/differential_drive/src:/home/wjs/cart_ros2/build/arduino_ros2:/home/wjs/cart_ros2/build/agv_body:/home/wjs/tb3_tpl_ws/build/turtlebot3_teleop:/home/wjs/tb3_tpl_ws/install/lib/python3.8/site-packages:/opt/ros/galactic/lib/python3.8/site-packages /usr/bin/cmake --build /home/wjs/cart_ros2/build/roboteq_controller -- -j4 -l4
[12.868s] DEBUG:colcon.colcon_core.event_handler.log_command:Invoking command in '/home/wjs/cart_ros2/build/roboteq_controller': CMAKE_PREFIX_PATH=${CMAKE_PREFIX_PATH}:/opt/ros/galactic LD_LIBRARY_PATH=/home/wjs/cart_ros2/install/lib:/opt/opencv-4.5.5-cuda/lib:/home/wjs/tb3_tpl_ws/install/lib:/opt/ros/galactic/opt/yaml_cpp_vendor/lib:/opt/ros/galactic/opt/rviz_ogre_vendor/lib:/opt/ros/galactic/lib/aarch64-linux-gnu:/opt/ros/galactic/lib:/usr/local/cuda-11.4/lib64 PYTHONPATH=/home/wjs/cart_ros2/install/lib/python3.8/site-packages:/opt/opencv-4.5.5-cuda/lib/python3.8/site-packages:/home/wjs/cart_ros2/build/differential_drive/src:/home/wjs/cart_ros2/build/arduino_ros2:/home/wjs/cart_ros2/build/agv_body:/home/wjs/tb3_tpl_ws/build/turtlebot3_teleop:/home/wjs/tb3_tpl_ws/install/lib/python3.8/site-packages:/opt/ros/galactic/lib/python3.8/site-packages /usr/bin/cmake --install /home/wjs/cart_ros2/build/roboteq_controller
[12.998s] Level 1:colcon.colcon_core.environment:create_environment_scripts_only(roboteq_controller)
[13.001s] Level 1:colcon.colcon_core.environment:checking '/home/wjs/cart_ros2/install' for CMake module files
[13.004s] DEBUG:colcon.colcon_core.event_handler.log_command:Invoked command in '/home/wjs/cart_ros2/build/roboteq_controller' returned '0': CMAKE_PREFIX_PATH=${CMAKE_PREFIX_PATH}:/opt/ros/galactic LD_LIBRARY_PATH=/home/wjs/cart_ros2/install/lib:/opt/opencv-4.5.5-cuda/lib:/home/wjs/tb3_tpl_ws/install/lib:/opt/ros/galactic/opt/yaml_cpp_vendor/lib:/opt/ros/galactic/opt/rviz_ogre_vendor/lib:/opt/ros/galactic/lib/aarch64-linux-gnu:/opt/ros/galactic/lib:/usr/local/cuda-11.4/lib64 PYTHONPATH=/home/wjs/cart_ros2/install/lib/python3.8/site-packages:/opt/opencv-4.5.5-cuda/lib/python3.8/site-packages:/home/wjs/cart_ros2/build/differential_drive/src:/home/wjs/cart_ros2/build/arduino_ros2:/home/wjs/cart_ros2/build/agv_body:/home/wjs/tb3_tpl_ws/build/turtlebot3_teleop:/home/wjs/tb3_tpl_ws/install/lib/python3.8/site-packages:/opt/ros/galactic/lib/python3.8/site-packages /usr/bin/cmake --install /home/wjs/cart_ros2/build/roboteq_controller
[13.006s] Level 1:colcon.colcon_core.environment:checking '/home/wjs/cart_ros2/install' for CMake config files
[13.015s] Level 1:colcon.colcon_core.shell:create_environment_hook('roboteq_controller', 'cmake_prefix_path')
[13.017s] INFO:colcon.colcon_core.shell:Creating environment hook '/home/wjs/cart_ros2/install/share/roboteq_controller/hook/cmake_prefix_path.ps1'
[13.021s] INFO:colcon.colcon_core.shell:Creating environment descriptor '/home/wjs/cart_ros2/install/share/roboteq_controller/hook/cmake_prefix_path.dsv'
[13.024s] INFO:colcon.colcon_core.shell:Creating environment hook '/home/wjs/cart_ros2/install/share/roboteq_controller/hook/cmake_prefix_path.sh'
[13.028s] Level 1:colcon.colcon_core.environment:checking '/home/wjs/cart_ros2/install/lib'
[13.028s] Level 1:colcon.colcon_core.shell:create_environment_hook('roboteq_controller', 'ld_library_path_lib')
[13.029s] INFO:colcon.colcon_core.shell:Creating environment hook '/home/wjs/cart_ros2/install/share/roboteq_controller/hook/ld_library_path_lib.ps1'
[13.031s] INFO:colcon.colcon_core.shell:Creating environment descriptor '/home/wjs/cart_ros2/install/share/roboteq_controller/hook/ld_library_path_lib.dsv'
[13.035s] INFO:colcon.colcon_core.shell:Creating environment hook '/home/wjs/cart_ros2/install/share/roboteq_controller/hook/ld_library_path_lib.sh'
[13.037s] Level 1:colcon.colcon_core.environment:checking '/home/wjs/cart_ros2/install/bin'
[13.037s] Level 1:colcon.colcon_core.environment:checking '/home/wjs/cart_ros2/install/lib/pkgconfig/roboteq_controller.pc'
[13.038s] Level 1:colcon.colcon_core.environment:checking '/home/wjs/cart_ros2/install/lib/python3.8/site-packages'
[13.039s] Level 1:colcon.colcon_core.shell:create_environment_hook('roboteq_controller', 'pythonpath')
[13.040s] INFO:colcon.colcon_core.shell:Creating environment hook '/home/wjs/cart_ros2/install/share/roboteq_controller/hook/pythonpath.ps1'
[13.042s] INFO:colcon.colcon_core.shell:Creating environment descriptor '/home/wjs/cart_ros2/install/share/roboteq_controller/hook/pythonpath.dsv'
[13.044s] INFO:colcon.colcon_core.shell:Creating environment hook '/home/wjs/cart_ros2/install/share/roboteq_controller/hook/pythonpath.sh'
[13.046s] Level 1:colcon.colcon_core.environment:checking '/home/wjs/cart_ros2/install/bin'
[13.048s] INFO:colcon.colcon_core.shell:Creating package script '/home/wjs/cart_ros2/install/share/roboteq_controller/package.ps1'
[13.051s] INFO:colcon.colcon_core.shell:Creating package descriptor '/home/wjs/cart_ros2/install/share/roboteq_controller/package.dsv'
[13.055s] INFO:colcon.colcon_core.shell:Creating package script '/home/wjs/cart_ros2/install/share/roboteq_controller/package.sh'
[13.058s] INFO:colcon.colcon_core.shell:Creating package script '/home/wjs/cart_ros2/install/share/roboteq_controller/package.bash'
[13.062s] INFO:colcon.colcon_core.shell:Creating package script '/home/wjs/cart_ros2/install/share/roboteq_controller/package.zsh'
[13.064s] Level 1:colcon.colcon_core.environment:create_file_with_runtime_dependencies(/home/wjs/cart_ros2/install/share/colcon-core/packages/roboteq_controller)
[13.069s] Level 1:colcon.colcon_core.environment:create_environment_scripts_only(roboteq_controller)
[13.070s] Level 1:colcon.colcon_core.environment:checking '/home/wjs/cart_ros2/install' for CMake module files
[13.072s] Level 1:colcon.colcon_core.environment:checking '/home/wjs/cart_ros2/install' for CMake config files
[13.083s] Level 1:colcon.colcon_core.shell:create_environment_hook('roboteq_controller', 'cmake_prefix_path')
[13.084s] INFO:colcon.colcon_core.shell:Creating environment hook '/home/wjs/cart_ros2/install/share/roboteq_controller/hook/cmake_prefix_path.ps1'
[13.087s] INFO:colcon.colcon_core.shell:Creating environment descriptor '/home/wjs/cart_ros2/install/share/roboteq_controller/hook/cmake_prefix_path.dsv'
[13.089s] INFO:colcon.colcon_core.shell:Creating environment hook '/home/wjs/cart_ros2/install/share/roboteq_controller/hook/cmake_prefix_path.sh'
[13.100s] Level 1:colcon.colcon_core.environment:checking '/home/wjs/cart_ros2/install/lib'
[13.101s] Level 1:colcon.colcon_core.shell:create_environment_hook('roboteq_controller', 'ld_library_path_lib')
[13.102s] INFO:colcon.colcon_core.shell:Creating environment hook '/home/wjs/cart_ros2/install/share/roboteq_controller/hook/ld_library_path_lib.ps1'
[13.104s] INFO:colcon.colcon_core.shell:Creating environment descriptor '/home/wjs/cart_ros2/install/share/roboteq_controller/hook/ld_library_path_lib.dsv'
[13.110s] INFO:colcon.colcon_core.shell:Creating environment hook '/home/wjs/cart_ros2/install/share/roboteq_controller/hook/ld_library_path_lib.sh'
[13.113s] Level 1:colcon.colcon_core.environment:checking '/home/wjs/cart_ros2/install/bin'
[13.113s] Level 1:colcon.colcon_core.environment:checking '/home/wjs/cart_ros2/install/lib/pkgconfig/roboteq_controller.pc'
[13.114s] Level 1:colcon.colcon_core.environment:checking '/home/wjs/cart_ros2/install/lib/python3.8/site-packages'
[13.114s] Level 1:colcon.colcon_core.shell:create_environment_hook('roboteq_controller', 'pythonpath')
[13.115s] INFO:colcon.colcon_core.shell:Creating environment hook '/home/wjs/cart_ros2/install/share/roboteq_controller/hook/pythonpath.ps1'
[13.118s] INFO:colcon.colcon_core.shell:Creating environment descriptor '/home/wjs/cart_ros2/install/share/roboteq_controller/hook/pythonpath.dsv'
[13.120s] INFO:colcon.colcon_core.shell:Creating environment hook '/home/wjs/cart_ros2/install/share/roboteq_controller/hook/pythonpath.sh'
[13.124s] Level 1:colcon.colcon_core.environment:checking '/home/wjs/cart_ros2/install/bin'
[13.125s] INFO:colcon.colcon_core.shell:Creating package script '/home/wjs/cart_ros2/install/share/roboteq_controller/package.ps1'
[13.129s] INFO:colcon.colcon_core.shell:Creating package descriptor '/home/wjs/cart_ros2/install/share/roboteq_controller/package.dsv'
[13.132s] INFO:colcon.colcon_core.shell:Creating package script '/home/wjs/cart_ros2/install/share/roboteq_controller/package.sh'
[13.136s] INFO:colcon.colcon_core.shell:Creating package script '/home/wjs/cart_ros2/install/share/roboteq_controller/package.bash'
[13.141s] INFO:colcon.colcon_core.shell:Creating package script '/home/wjs/cart_ros2/install/share/roboteq_controller/package.zsh'
[13.144s] Level 1:colcon.colcon_core.environment:create_file_with_runtime_dependencies(/home/wjs/cart_ros2/install/share/colcon-core/packages/roboteq_controller)
[13.213s] Level 1:colcon.colcon_core.shell:create_environment_hook('arduino_ros2', 'pythonpath_develop')
[13.214s] INFO:colcon.colcon_core.shell:Creating environment hook '/home/wjs/cart_ros2/build/arduino_ros2/share/arduino_ros2/hook/pythonpath_develop.ps1'
[13.215s] DEBUG:colcon.colcon_core.event_handler.log_command:Invoked command in '/home/wjs/cart_ros2/build/arduino_ros2' returned '0': PYTHONPATH=/home/wjs/cart_ros2/build/arduino_ros2/prefix_override:/usr/lib/python3/dist-packages/colcon_core/task/python/colcon_distutils_commands:/home/wjs/cart_ros2/install/lib/python3.8/site-packages:${PYTHONPATH} /usr/bin/python3 -W ignore:setup.py install is deprecated -W ignore:easy_install command is deprecated setup.py develop --editable --build-directory /home/wjs/cart_ros2/build/arduino_ros2/build --no-deps symlink_data
[13.218s] INFO:colcon.colcon_core.shell:Creating environment descriptor '/home/wjs/cart_ros2/build/arduino_ros2/share/arduino_ros2/hook/pythonpath_develop.dsv'
[13.221s] INFO:colcon.colcon_core.shell:Creating environment hook '/home/wjs/cart_ros2/build/arduino_ros2/share/arduino_ros2/hook/pythonpath_develop.sh'
[13.224s] Level 1:colcon.colcon_core.environment:checking '/home/wjs/cart_ros2/install' for CMake module files
[13.226s] Level 1:colcon.colcon_core.environment:checking '/home/wjs/cart_ros2/install' for CMake config files
[13.232s] Level 1:colcon.colcon_core.shell:create_environment_hook('arduino_ros2', 'cmake_prefix_path')
[13.233s] INFO:colcon.colcon_core.shell:Creating environment hook '/home/wjs/cart_ros2/install/share/arduino_ros2/hook/cmake_prefix_path.ps1'
[13.235s] INFO:colcon.colcon_core.shell:Creating environment descriptor '/home/wjs/cart_ros2/install/share/arduino_ros2/hook/cmake_prefix_path.dsv'
[13.237s] INFO:colcon.colcon_core.shell:Creating environment hook '/home/wjs/cart_ros2/install/share/arduino_ros2/hook/cmake_prefix_path.sh'
[13.239s] Level 1:colcon.colcon_core.environment:checking '/home/wjs/cart_ros2/install/lib'
[13.240s] Level 1:colcon.colcon_core.shell:create_environment_hook('arduino_ros2', 'ld_library_path_lib')
[13.241s] INFO:colcon.colcon_core.shell:Creating environment hook '/home/wjs/cart_ros2/install/share/arduino_ros2/hook/ld_library_path_lib.ps1'
[13.242s] INFO:colcon.colcon_core.shell:Creating environment descriptor '/home/wjs/cart_ros2/install/share/arduino_ros2/hook/ld_library_path_lib.dsv'
[13.244s] INFO:colcon.colcon_core.shell:Creating environment hook '/home/wjs/cart_ros2/install/share/arduino_ros2/hook/ld_library_path_lib.sh'
[13.245s] Level 1:colcon.colcon_core.environment:checking '/home/wjs/cart_ros2/install/bin'
[13.245s] Level 1:colcon.colcon_core.environment:checking '/home/wjs/cart_ros2/install/lib/pkgconfig/arduino_ros2.pc'
[13.246s] Level 1:colcon.colcon_core.environment:checking '/home/wjs/cart_ros2/install/lib/python3.8/site-packages'
[13.246s] Level 1:colcon.colcon_core.shell:create_environment_hook('arduino_ros2', 'pythonpath')
[13.247s] INFO:colcon.colcon_core.shell:Creating environment hook '/home/wjs/cart_ros2/install/share/arduino_ros2/hook/pythonpath.ps1'
[13.249s] INFO:colcon.colcon_core.shell:Creating environment descriptor '/home/wjs/cart_ros2/install/share/arduino_ros2/hook/pythonpath.dsv'
[13.250s] INFO:colcon.colcon_core.shell:Creating environment hook '/home/wjs/cart_ros2/install/share/arduino_ros2/hook/pythonpath.sh'
[13.253s] Level 1:colcon.colcon_core.environment:checking '/home/wjs/cart_ros2/install/bin'
[13.253s] Level 1:colcon.colcon_core.environment:create_environment_scripts_only(arduino_ros2)
[13.254s] INFO:colcon.colcon_core.shell:Creating package script '/home/wjs/cart_ros2/install/share/arduino_ros2/package.ps1'
[13.257s] INFO:colcon.colcon_core.shell:Creating package descriptor '/home/wjs/cart_ros2/install/share/arduino_ros2/package.dsv'
[13.262s] INFO:colcon.colcon_core.shell:Creating package script '/home/wjs/cart_ros2/install/share/arduino_ros2/package.sh'
[13.266s] INFO:colcon.colcon_core.shell:Creating package script '/home/wjs/cart_ros2/install/share/arduino_ros2/package.bash'
[13.269s] INFO:colcon.colcon_core.shell:Creating package script '/home/wjs/cart_ros2/install/share/arduino_ros2/package.zsh'
[13.271s] Level 1:colcon.colcon_core.environment:create_file_with_runtime_dependencies(/home/wjs/cart_ros2/install/share/colcon-core/packages/arduino_ros2)
[13.602s] Level 1:colcon.colcon_core.shell:create_environment_hook('differential_drive', 'pythonpath_develop')
[13.604s] INFO:colcon.colcon_core.shell:Creating environment hook '/home/wjs/cart_ros2/build/differential_drive/src/share/differential_drive/hook/pythonpath_develop.ps1'
[13.605s] DEBUG:colcon.colcon_core.event_handler.log_command:Invoked command in '/home/wjs/cart_ros2/build/differential_drive' returned '0': PYTHONPATH=/home/wjs/cart_ros2/build/differential_drive/prefix_override:/usr/lib/python3/dist-packages/colcon_core/task/python/colcon_distutils_commands:/home/wjs/cart_ros2/install/lib/python3.8/site-packages:${PYTHONPATH} /usr/bin/python3 -W ignore:setup.py install is deprecated -W ignore:easy_install command is deprecated setup.py develop --editable --build-directory /home/wjs/cart_ros2/build/differential_drive/build --no-deps symlink_data
[13.608s] INFO:colcon.colcon_core.shell:Creating environment descriptor '/home/wjs/cart_ros2/build/differential_drive/src/share/differential_drive/hook/pythonpath_develop.dsv'
[13.614s] INFO:colcon.colcon_core.shell:Creating environment hook '/home/wjs/cart_ros2/build/differential_drive/src/share/differential_drive/hook/pythonpath_develop.sh'
[13.617s] Level 1:colcon.colcon_core.environment:checking '/home/wjs/cart_ros2/install' for CMake module files
[13.619s] Level 1:colcon.colcon_core.environment:checking '/home/wjs/cart_ros2/install' for CMake config files
[13.625s] Level 1:colcon.colcon_core.shell:create_environment_hook('differential_drive', 'cmake_prefix_path')
[13.625s] INFO:colcon.colcon_core.shell:Creating environment hook '/home/wjs/cart_ros2/install/share/differential_drive/hook/cmake_prefix_path.ps1'
[13.627s] INFO:colcon.colcon_core.shell:Creating environment descriptor '/home/wjs/cart_ros2/install/share/differential_drive/hook/cmake_prefix_path.dsv'
[13.629s] INFO:colcon.colcon_core.shell:Creating environment hook '/home/wjs/cart_ros2/install/share/differential_drive/hook/cmake_prefix_path.sh'
[13.631s] Level 1:colcon.colcon_core.environment:checking '/home/wjs/cart_ros2/install/lib'
[13.631s] Level 1:colcon.colcon_core.shell:create_environment_hook('differential_drive', 'ld_library_path_lib')
[13.632s] INFO:colcon.colcon_core.shell:Creating environment hook '/home/wjs/cart_ros2/install/share/differential_drive/hook/ld_library_path_lib.ps1'
[13.633s] INFO:colcon.colcon_core.shell:Creating environment descriptor '/home/wjs/cart_ros2/install/share/differential_drive/hook/ld_library_path_lib.dsv'
[13.635s] INFO:colcon.colcon_core.shell:Creating environment hook '/home/wjs/cart_ros2/install/share/differential_drive/hook/ld_library_path_lib.sh'
[13.636s] Level 1:colcon.colcon_core.environment:checking '/home/wjs/cart_ros2/install/bin'
[13.637s] Level 1:colcon.colcon_core.environment:checking '/home/wjs/cart_ros2/install/lib/pkgconfig/differential_drive.pc'
[13.637s] Level 1:colcon.colcon_core.environment:checking '/home/wjs/cart_ros2/install/lib/python3.8/site-packages'
[13.637s] Level 1:colcon.colcon_core.shell:create_environment_hook('differential_drive', 'pythonpath')
[13.638s] INFO:colcon.colcon_core.shell:Creating environment hook '/home/wjs/cart_ros2/install/share/differential_drive/hook/pythonpath.ps1'
[13.639s] INFO:colcon.colcon_core.shell:Creating environment descriptor '/home/wjs/cart_ros2/install/share/differential_drive/hook/pythonpath.dsv'
[13.641s] INFO:colcon.colcon_core.shell:Creating environment hook '/home/wjs/cart_ros2/install/share/differential_drive/hook/pythonpath.sh'
[13.643s] Level 1:colcon.colcon_core.environment:checking '/home/wjs/cart_ros2/install/bin'
[13.643s] Level 1:colcon.colcon_core.environment:create_environment_scripts_only(differential_drive)
[13.644s] INFO:colcon.colcon_core.shell:Creating package script '/home/wjs/cart_ros2/install/share/differential_drive/package.ps1'
[13.647s] INFO:colcon.colcon_core.shell:Creating package descriptor '/home/wjs/cart_ros2/install/share/differential_drive/package.dsv'
[13.649s] INFO:colcon.colcon_core.shell:Creating package script '/home/wjs/cart_ros2/install/share/differential_drive/package.sh'
[13.651s] INFO:colcon.colcon_core.shell:Creating package script '/home/wjs/cart_ros2/install/share/differential_drive/package.bash'
[13.653s] INFO:colcon.colcon_core.shell:Creating package script '/home/wjs/cart_ros2/install/share/differential_drive/package.zsh'
[13.654s] Level 1:colcon.colcon_core.environment:create_file_with_runtime_dependencies(/home/wjs/cart_ros2/install/share/colcon-core/packages/differential_drive)
[13.655s] DEBUG:colcon.colcon_parallel_executor.executor.parallel:closing loop
[13.657s] DEBUG:colcon.colcon_parallel_executor.executor.parallel:loop closed
[13.657s] DEBUG:colcon.colcon_parallel_executor.executor.parallel:run_until_complete finished with '0'
[13.659s] DEBUG:colcon.colcon_core.event_reactor:joining thread
[13.716s] INFO:colcon.colcon_core.plugin_system:Skipping extension 'colcon_notification.desktop_notification.terminal_notifier': Not used on non-Darwin systems
[13.716s] INFO:colcon.colcon_core.plugin_system:Skipping extension 'colcon_notification.desktop_notification.win32': Not used on non-Windows systems
[13.717s] INFO:colcon.colcon_notification.desktop_notification:Sending desktop notification using 'notify2'
[13.797s] DEBUG:colcon.colcon_core.event_reactor:joined thread
[13.798s] INFO:colcon.colcon_core.shell:Creating prefix script '/home/wjs/cart_ros2/install/local_setup.ps1'
[13.803s] INFO:colcon.colcon_core.shell:Creating prefix util module '/home/wjs/cart_ros2/install/_local_setup_util_ps1.py'
[13.811s] INFO:colcon.colcon_core.shell:Creating prefix chain script '/home/wjs/cart_ros2/install/setup.ps1'
[13.816s] INFO:colcon.colcon_core.shell:Creating prefix script '/home/wjs/cart_ros2/install/local_setup.sh'
[13.821s] INFO:colcon.colcon_core.shell:Creating prefix util module '/home/wjs/cart_ros2/install/_local_setup_util_sh.py'
[13.824s] INFO:colcon.colcon_core.shell:Creating prefix chain script '/home/wjs/cart_ros2/install/setup.sh'
[13.860s] INFO:colcon.colcon_core.shell:Creating prefix script '/home/wjs/cart_ros2/install/local_setup.bash'
[13.865s] INFO:colcon.colcon_core.shell:Creating prefix chain script '/home/wjs/cart_ros2/install/setup.bash'
[13.871s] INFO:colcon.colcon_core.shell:Creating prefix script '/home/wjs/cart_ros2/install/local_setup.zsh'
[13.876s] INFO:colcon.colcon_core.shell:Creating prefix chain script '/home/wjs/cart_ros2/install/setup.zsh'
