[0.000000] (-) TimerEvent: {}
[0.001051] (agv_body) JobQueued: {'identifier': 'agv_body', 'dependencies': OrderedDict()}
[0.002332] (agv_mapping) JobQueued: {'identifier': 'agv_mapping', 'dependencies': OrderedDict()}
[0.002780] (arduino_ros2) JobQueued: {'identifier': 'arduino_ros2', 'dependencies': OrderedDict()}
[0.002871] (differential_drive) JobQueued: {'identifier': 'differential_drive', 'dependencies': OrderedDict()}
[0.003303] (ira_laser_tools) JobQueued: {'identifier': 'ira_laser_tools', 'dependencies': OrderedDict()}
[0.003386] (laser_filters) JobQueued: {'identifier': 'laser_filters', 'dependencies': OrderedDict()}
[0.003567] (roboteq_interfaces) JobQueued: {'identifier': 'roboteq_interfaces', 'dependencies': OrderedDict()}
[0.003645] (serial) JobQueued: {'identifier': 'serial', 'dependencies': OrderedDict()}
[0.003718] (sllidar_ros2) JobQueued: {'identifier': 'sllidar_ros2', 'dependencies': OrderedDict()}
[0.003993] (stella_ahrs) JobQueued: {'identifier': 'stella_ahrs', 'dependencies': OrderedDict()}
[0.004089] (roboteq_controller) JobQueued: {'identifier': 'roboteq_controller', 'dependencies': OrderedDict([('roboteq_interfaces', '/home/wjs/cart_ros2/install'), ('serial', '/home/wjs/cart_ros2/install')])}
[0.004255] (roboteq_interfaces) JobStarted: {'identifier': 'roboteq_interfaces'}
[0.063789] (serial) JobStarted: {'identifier': 'serial'}
[0.102168] (-) TimerEvent: {}
[0.107576] (agv_body) JobStarted: {'identifier': 'agv_body'}
[0.161294] (agv_mapping) JobStarted: {'identifier': 'agv_mapping'}
[0.203919] (-) TimerEvent: {}
[0.214188] (roboteq_interfaces) JobProgress: {'identifier': 'roboteq_interfaces', 'progress': 'cmake'}
[0.216630] (roboteq_interfaces) Command: {'cmd': ['/usr/bin/cmake', '/home/wjs/cart_ros2/src/roboteq_controller_ros-galactic-devel/roboteq_interfaces', '-DAMENT_CMAKE_SYMLINK_INSTALL=1', '-DCMAKE_INSTALL_PREFIX=/home/wjs/cart_ros2/install'], 'cwd': '/home/wjs/cart_ros2/build/roboteq_interfaces', 'env': OrderedDict([('LESSOPEN', '| /usr/bin/lesspipe %s'), ('USER', 'wjs'), ('SSH_AGENT_PID', '4023'), ('XDG_SESSION_TYPE', 'x11'), ('PIP_CACHE_DIR', '/mnt/sdcard/.cache/pip'), ('XDG_CACHE_HOME', '/mnt/sdcard/.cache'), ('SHLVL', '1'), ('LD_LIBRARY_PATH', '/opt/opencv-4.5.5-cuda/lib:/home/wjs/cart_ros2/install/lib:/home/wjs/tb3_tpl_ws/install/lib:/opt/ros/galactic/opt/yaml_cpp_vendor/lib:/opt/ros/galactic/opt/rviz_ogre_vendor/lib:/opt/ros/galactic/lib/aarch64-linux-gnu:/opt/ros/galactic/lib:/usr/local/cuda-11.4/lib64:'), ('HOME', '/home/wjs'), ('CYCLONEDDS_URI', 'file:///home/wjs/cyclonedds_lo.xml'), ('OLDPWD', '/home/wjs'), ('DESKTOP_SESSION', 'ubuntu'), ('JETSON_L4T', '35.6.3'), ('ROS_PYTHON_VERSION', '3'), ('GNOME_SHELL_SESSION_MODE', 'ubuntu'), ('GTK_MODULES', 'gail:atk-bridge'), ('JETSON_MODEL', 'Jetson-AGX'), ('MANAGERPID', '3877'), ('DBUS_SESSION_BUS_ADDRESS', 'unix:path=/run/user/1000/bus'), ('COLORTERM', 'truecolor'), ('TERMINATOR_DBUS_NAME', 'net.tenshu.Terminator23558193cd9818af7fe4d2c2f5bd9d00f'), ('GIO_LAUNCHED_DESKTOP_FILE_PID', '6835'), ('IM_CONFIG_PHASE', '1'), ('TMPDIR', '/mnt/sdcard/tmp'), ('COLCON_PREFIX_PATH', '/home/wjs/tb3_tpl_ws/install:/home/wjs/cart_ros2/install'), ('TORCH_HOME', '/mnt/sdcard/.cache/torch'), ('ROS_DISTRO', 'galactic'), ('LOGNAME', 'wjs'), ('JETSON_MODULE', 'NVIDIA Jetson AGX Xavier (32 GB ram)'), ('JETSON_SERIAL_NUMBER', '1423420009543'), ('JOURNAL_STREAM', '8:75457'), ('_', '/usr/bin/colcon'), ('ROS_VERSION', '2'), ('JETSON_CODENAME', 'Galen'), ('XDG_SESSION_CLASS', 'user'), ('USERNAME', 'wjs'), ('TERM', 'xterm-256color'), ('GNOME_DESKTOP_SESSION_ID', 'this-is-deprecated'), ('ROS_LOCALHOST_ONLY', '1'), ('WINDOWPATH', '2'), ('PATH', '/opt/ros/galactic/bin:/usr/local/cuda-11.4/bin:/home/wjs/.local/bin:/usr/local/sbin:/usr/local/bin:/usr/sbin:/usr/bin:/sbin:/bin:/usr/games:/usr/local/games:/snap/bin'), ('SESSION_MANAGER', 'local/ubuntu:@/tmp/.ICE-unix/4058,unix/ubuntu:/tmp/.ICE-unix/4058'), ('INVOCATION_ID', 'da0bea70aefc4c20b47af68647634234'), ('XDG_MENU_PREFIX', 'gnome-'), ('XDG_RUNTIME_DIR', '/run/user/1000'), ('DISPLAY', ':1'), ('TERMINATOR_DBUS_PATH', '/net/tenshu/Terminator2'), ('LANG', 'en_US.UTF-8'), ('XDG_CURRENT_DESKTOP', 'ubuntu:GNOME'), ('RMW_IMPLEMENTATION', 'rmw_cyclonedds_cpp'), ('XMODIFIERS', '@im=ibus'), ('XDG_SESSION_DESKTOP', 'ubuntu'), ('XAUTHORITY', '/run/user/1000/gdm/Xauthority'), ('LS_COLORS', 'rs=0:di=01;34:ln=01;36:mh=00:pi=40;33:so=01;35:do=01;35:bd=40;33;01:cd=40;33;01:or=40;31;01:mi=00:su=37;41:sg=30;43:ca=30;41:tw=30;42:ow=34;42:st=37;44:ex=01;32:*.tar=01;31:*.tgz=01;31:*.arc=01;31:*.arj=01;31:*.taz=01;31:*.lha=01;31:*.lz4=01;31:*.lzh=01;31:*.lzma=01;31:*.tlz=01;31:*.txz=01;31:*.tzo=01;31:*.t7z=01;31:*.zip=01;31:*.z=01;31:*.dz=01;31:*.gz=01;31:*.lrz=01;31:*.lz=01;31:*.lzo=01;31:*.xz=01;31:*.zst=01;31:*.tzst=01;31:*.bz2=01;31:*.bz=01;31:*.tbz=01;31:*.tbz2=01;31:*.tz=01;31:*.deb=01;31:*.rpm=01;31:*.jar=01;31:*.war=01;31:*.ear=01;31:*.sar=01;31:*.rar=01;31:*.alz=01;31:*.ace=01;31:*.zoo=01;31:*.cpio=01;31:*.7z=01;31:*.rz=01;31:*.cab=01;31:*.wim=01;31:*.swm=01;31:*.dwm=01;31:*.esd=01;31:*.jpg=01;35:*.jpeg=01;35:*.mjpg=01;35:*.mjpeg=01;35:*.gif=01;35:*.bmp=01;35:*.pbm=01;35:*.pgm=01;35:*.ppm=01;35:*.tga=01;35:*.xbm=01;35:*.xpm=01;35:*.tif=01;35:*.tiff=01;35:*.png=01;35:*.svg=01;35:*.svgz=01;35:*.mng=01;35:*.pcx=01;35:*.mov=01;35:*.mpg=01;35:*.mpeg=01;35:*.m2v=01;35:*.mkv=01;35:*.webm=01;35:*.ogm=01;35:*.mp4=01;35:*.m4v=01;35:*.mp4v=01;35:*.vob=01;35:*.qt=01;35:*.nuv=01;35:*.wmv=01;35:*.asf=01;35:*.rm=01;35:*.rmvb=01;35:*.flc=01;35:*.avi=01;35:*.fli=01;35:*.flv=01;35:*.gl=01;35:*.dl=01;35:*.xcf=01;35:*.xwd=01;35:*.yuv=01;35:*.cgm=01;35:*.emf=01;35:*.ogv=01;35:*.ogx=01;35:*.aac=00;36:*.au=00;36:*.flac=00;36:*.m4a=00;36:*.mid=00;36:*.midi=00;36:*.mka=00;36:*.mp3=00;36:*.mpc=00;36:*.ogg=00;36:*.ra=00;36:*.wav=00;36:*.oga=00;36:*.opus=00;36:*.spx=00;36:*.xspf=00;36:'), ('JETSON_SOC', 'tegra194'), ('SSH_AUTH_SOCK', '/run/user/1000/keyring/ssh'), ('ROS_DOMAIN_ID', '35'), ('AMENT_PREFIX_PATH', '/home/wjs/cart_ros2/install:/home/wjs/tb3_tpl_ws/install:/opt/ros/galactic'), ('SHELL', '/bin/bash'), ('TERMINATOR_UUID', 'urn:uuid:1409ebbf-e917-4bfd-a3f8-4e94c2694854'), ('QT_ACCESSIBILITY', '1'), ('GDMSESSION', 'ubuntu'), ('LESSCLOSE', '/usr/bin/lesspipe %s %s'), ('GPG_AGENT_INFO', '/run/user/1000/gnupg/S.gpg-agent:0:1'), ('QT_IM_MODULE', 'ibus'), ('JETSON_CUDA_ARCH_BIN', '7.2'), ('PWD', '/home/wjs/cart_ros2/build/roboteq_interfaces'), ('XDG_CONFIG_DIRS', '/etc/xdg/xdg-ubuntu:/etc/xdg'), ('XDG_DATA_DIRS', '/usr/share/ubuntu:/usr/local/share/:/usr/share/:/var/lib/snapd/desktop'), ('PYTHONPATH', '/opt/opencv-4.5.5-cuda/lib/python3.8/site-packages:/home/wjs/cart_ros2/build/differential_drive/src:/home/wjs/cart_ros2/build/arduino_ros2:/home/wjs/cart_ros2/build/agv_body:/home/wjs/cart_ros2/install/lib/python3.8/site-packages:/home/wjs/tb3_tpl_ws/build/turtlebot3_teleop:/home/wjs/tb3_tpl_ws/install/lib/python3.8/site-packages:/opt/ros/galactic/lib/python3.8/site-packages'), ('COLCON', '1'), ('VTE_VERSION', '6003'), ('JETSON_JETPACK', '5.1.7'), ('CMAKE_PREFIX_PATH', '/home/wjs/cart_ros2/install:/home/wjs/tb3_tpl_ws/install:/opt/ros/galactic'), ('JETSON_P_NUMBER', 'p2888-0004')]), 'shell': False}
[0.256886] (serial) JobProgress: {'identifier': 'serial', 'progress': 'cmake'}
[0.259771] (serial) Command: {'cmd': ['/usr/bin/cmake', '/home/wjs/cart_ros2/src/roboteq_controller_ros-galactic-devel/serial-ros2-master', '-DAMENT_CMAKE_SYMLINK_INSTALL=1', '-DCMAKE_INSTALL_PREFIX=/home/wjs/cart_ros2/install'], 'cwd': '/home/wjs/cart_ros2/build/serial', 'env': OrderedDict([('LESSOPEN', '| /usr/bin/lesspipe %s'), ('USER', 'wjs'), ('SSH_AGENT_PID', '4023'), ('XDG_SESSION_TYPE', 'x11'), ('PIP_CACHE_DIR', '/mnt/sdcard/.cache/pip'), ('XDG_CACHE_HOME', '/mnt/sdcard/.cache'), ('SHLVL', '1'), ('LD_LIBRARY_PATH', '/opt/opencv-4.5.5-cuda/lib:/home/wjs/cart_ros2/install/lib:/home/wjs/tb3_tpl_ws/install/lib:/opt/ros/galactic/opt/yaml_cpp_vendor/lib:/opt/ros/galactic/opt/rviz_ogre_vendor/lib:/opt/ros/galactic/lib/aarch64-linux-gnu:/opt/ros/galactic/lib:/usr/local/cuda-11.4/lib64:'), ('HOME', '/home/wjs'), ('CYCLONEDDS_URI', 'file:///home/wjs/cyclonedds_lo.xml'), ('OLDPWD', '/home/wjs'), ('DESKTOP_SESSION', 'ubuntu'), ('JETSON_L4T', '35.6.3'), ('ROS_PYTHON_VERSION', '3'), ('GNOME_SHELL_SESSION_MODE', 'ubuntu'), ('GTK_MODULES', 'gail:atk-bridge'), ('JETSON_MODEL', 'Jetson-AGX'), ('MANAGERPID', '3877'), ('DBUS_SESSION_BUS_ADDRESS', 'unix:path=/run/user/1000/bus'), ('COLORTERM', 'truecolor'), ('TERMINATOR_DBUS_NAME', 'net.tenshu.Terminator23558193cd9818af7fe4d2c2f5bd9d00f'), ('GIO_LAUNCHED_DESKTOP_FILE_PID', '6835'), ('IM_CONFIG_PHASE', '1'), ('TMPDIR', '/mnt/sdcard/tmp'), ('COLCON_PREFIX_PATH', '/home/wjs/tb3_tpl_ws/install:/home/wjs/cart_ros2/install'), ('TORCH_HOME', '/mnt/sdcard/.cache/torch'), ('ROS_DISTRO', 'galactic'), ('LOGNAME', 'wjs'), ('JETSON_MODULE', 'NVIDIA Jetson AGX Xavier (32 GB ram)'), ('JETSON_SERIAL_NUMBER', '1423420009543'), ('JOURNAL_STREAM', '8:75457'), ('_', '/usr/bin/colcon'), ('ROS_VERSION', '2'), ('JETSON_CODENAME', 'Galen'), ('XDG_SESSION_CLASS', 'user'), ('USERNAME', 'wjs'), ('TERM', 'xterm-256color'), ('GNOME_DESKTOP_SESSION_ID', 'this-is-deprecated'), ('ROS_LOCALHOST_ONLY', '1'), ('WINDOWPATH', '2'), ('PATH', '/opt/ros/galactic/bin:/usr/local/cuda-11.4/bin:/home/wjs/.local/bin:/usr/local/sbin:/usr/local/bin:/usr/sbin:/usr/bin:/sbin:/bin:/usr/games:/usr/local/games:/snap/bin'), ('SESSION_MANAGER', 'local/ubuntu:@/tmp/.ICE-unix/4058,unix/ubuntu:/tmp/.ICE-unix/4058'), ('INVOCATION_ID', 'da0bea70aefc4c20b47af68647634234'), ('XDG_MENU_PREFIX', 'gnome-'), ('XDG_RUNTIME_DIR', '/run/user/1000'), ('DISPLAY', ':1'), ('TERMINATOR_DBUS_PATH', '/net/tenshu/Terminator2'), ('LANG', 'en_US.UTF-8'), ('XDG_CURRENT_DESKTOP', 'ubuntu:GNOME'), ('RMW_IMPLEMENTATION', 'rmw_cyclonedds_cpp'), ('XMODIFIERS', '@im=ibus'), ('XDG_SESSION_DESKTOP', 'ubuntu'), ('XAUTHORITY', '/run/user/1000/gdm/Xauthority'), ('LS_COLORS', 'rs=0:di=01;34:ln=01;36:mh=00:pi=40;33:so=01;35:do=01;35:bd=40;33;01:cd=40;33;01:or=40;31;01:mi=00:su=37;41:sg=30;43:ca=30;41:tw=30;42:ow=34;42:st=37;44:ex=01;32:*.tar=01;31:*.tgz=01;31:*.arc=01;31:*.arj=01;31:*.taz=01;31:*.lha=01;31:*.lz4=01;31:*.lzh=01;31:*.lzma=01;31:*.tlz=01;31:*.txz=01;31:*.tzo=01;31:*.t7z=01;31:*.zip=01;31:*.z=01;31:*.dz=01;31:*.gz=01;31:*.lrz=01;31:*.lz=01;31:*.lzo=01;31:*.xz=01;31:*.zst=01;31:*.tzst=01;31:*.bz2=01;31:*.bz=01;31:*.tbz=01;31:*.tbz2=01;31:*.tz=01;31:*.deb=01;31:*.rpm=01;31:*.jar=01;31:*.war=01;31:*.ear=01;31:*.sar=01;31:*.rar=01;31:*.alz=01;31:*.ace=01;31:*.zoo=01;31:*.cpio=01;31:*.7z=01;31:*.rz=01;31:*.cab=01;31:*.wim=01;31:*.swm=01;31:*.dwm=01;31:*.esd=01;31:*.jpg=01;35:*.jpeg=01;35:*.mjpg=01;35:*.mjpeg=01;35:*.gif=01;35:*.bmp=01;35:*.pbm=01;35:*.pgm=01;35:*.ppm=01;35:*.tga=01;35:*.xbm=01;35:*.xpm=01;35:*.tif=01;35:*.tiff=01;35:*.png=01;35:*.svg=01;35:*.svgz=01;35:*.mng=01;35:*.pcx=01;35:*.mov=01;35:*.mpg=01;35:*.mpeg=01;35:*.m2v=01;35:*.mkv=01;35:*.webm=01;35:*.ogm=01;35:*.mp4=01;35:*.m4v=01;35:*.mp4v=01;35:*.vob=01;35:*.qt=01;35:*.nuv=01;35:*.wmv=01;35:*.asf=01;35:*.rm=01;35:*.rmvb=01;35:*.flc=01;35:*.avi=01;35:*.fli=01;35:*.flv=01;35:*.gl=01;35:*.dl=01;35:*.xcf=01;35:*.xwd=01;35:*.yuv=01;35:*.cgm=01;35:*.emf=01;35:*.ogv=01;35:*.ogx=01;35:*.aac=00;36:*.au=00;36:*.flac=00;36:*.m4a=00;36:*.mid=00;36:*.midi=00;36:*.mka=00;36:*.mp3=00;36:*.mpc=00;36:*.ogg=00;36:*.ra=00;36:*.wav=00;36:*.oga=00;36:*.opus=00;36:*.spx=00;36:*.xspf=00;36:'), ('JETSON_SOC', 'tegra194'), ('SSH_AUTH_SOCK', '/run/user/1000/keyring/ssh'), ('ROS_DOMAIN_ID', '35'), ('AMENT_PREFIX_PATH', '/home/wjs/cart_ros2/install:/home/wjs/tb3_tpl_ws/install:/opt/ros/galactic'), ('SHELL', '/bin/bash'), ('TERMINATOR_UUID', 'urn:uuid:1409ebbf-e917-4bfd-a3f8-4e94c2694854'), ('QT_ACCESSIBILITY', '1'), ('GDMSESSION', 'ubuntu'), ('LESSCLOSE', '/usr/bin/lesspipe %s %s'), ('GPG_AGENT_INFO', '/run/user/1000/gnupg/S.gpg-agent:0:1'), ('QT_IM_MODULE', 'ibus'), ('JETSON_CUDA_ARCH_BIN', '7.2'), ('PWD', '/home/wjs/cart_ros2/build/serial'), ('XDG_CONFIG_DIRS', '/etc/xdg/xdg-ubuntu:/etc/xdg'), ('XDG_DATA_DIRS', '/usr/share/ubuntu:/usr/local/share/:/usr/share/:/var/lib/snapd/desktop'), ('PYTHONPATH', '/opt/opencv-4.5.5-cuda/lib/python3.8/site-packages:/home/wjs/cart_ros2/build/differential_drive/src:/home/wjs/cart_ros2/build/arduino_ros2:/home/wjs/cart_ros2/build/agv_body:/home/wjs/cart_ros2/install/lib/python3.8/site-packages:/home/wjs/tb3_tpl_ws/build/turtlebot3_teleop:/home/wjs/tb3_tpl_ws/install/lib/python3.8/site-packages:/opt/ros/galactic/lib/python3.8/site-packages'), ('COLCON', '1'), ('VTE_VERSION', '6003'), ('JETSON_JETPACK', '5.1.7'), ('CMAKE_PREFIX_PATH', '/home/wjs/cart_ros2/install:/home/wjs/tb3_tpl_ws/install:/opt/ros/galactic'), ('JETSON_P_NUMBER', 'p2888-0004')]), 'shell': False}
[0.304656] (-) TimerEvent: {}
[0.407376] (-) TimerEvent: {}
[0.508303] (-) TimerEvent: {}
[0.609490] (-) TimerEvent: {}
[0.710460] (-) TimerEvent: {}
[0.812136] (-) TimerEvent: {}
[0.913077] (-) TimerEvent: {}
[1.014090] (-) TimerEvent: {}
[1.126145] (-) TimerEvent: {}
[1.270094] (-) TimerEvent: {}
[1.371148] (-) TimerEvent: {}
[1.472755] (-) TimerEvent: {}
[1.573856] (-) TimerEvent: {}
[1.680023] (agv_mapping) JobProgress: {'identifier': 'agv_mapping', 'progress': 'cmake'}
[1.680981] (-) TimerEvent: {}
[1.685614] (agv_mapping) Command: {'cmd': ['/usr/bin/cmake', '/home/wjs/cart_ros2/src/agv_mapping', '-DAMENT_CMAKE_SYMLINK_INSTALL=1', '-DCMAKE_INSTALL_PREFIX=/home/wjs/cart_ros2/install'], 'cwd': '/home/wjs/cart_ros2/build/agv_mapping', 'env': OrderedDict([('LESSOPEN', '| /usr/bin/lesspipe %s'), ('USER', 'wjs'), ('SSH_AGENT_PID', '4023'), ('XDG_SESSION_TYPE', 'x11'), ('PIP_CACHE_DIR', '/mnt/sdcard/.cache/pip'), ('XDG_CACHE_HOME', '/mnt/sdcard/.cache'), ('SHLVL', '1'), ('LD_LIBRARY_PATH', '/opt/opencv-4.5.5-cuda/lib:/home/wjs/cart_ros2/install/lib:/home/wjs/tb3_tpl_ws/install/lib:/opt/ros/galactic/opt/yaml_cpp_vendor/lib:/opt/ros/galactic/opt/rviz_ogre_vendor/lib:/opt/ros/galactic/lib/aarch64-linux-gnu:/opt/ros/galactic/lib:/usr/local/cuda-11.4/lib64:'), ('HOME', '/home/wjs'), ('CYCLONEDDS_URI', 'file:///home/wjs/cyclonedds_lo.xml'), ('OLDPWD', '/home/wjs'), ('DESKTOP_SESSION', 'ubuntu'), ('JETSON_L4T', '35.6.3'), ('ROS_PYTHON_VERSION', '3'), ('GNOME_SHELL_SESSION_MODE', 'ubuntu'), ('GTK_MODULES', 'gail:atk-bridge'), ('JETSON_MODEL', 'Jetson-AGX'), ('MANAGERPID', '3877'), ('DBUS_SESSION_BUS_ADDRESS', 'unix:path=/run/user/1000/bus'), ('COLORTERM', 'truecolor'), ('TERMINATOR_DBUS_NAME', 'net.tenshu.Terminator23558193cd9818af7fe4d2c2f5bd9d00f'), ('GIO_LAUNCHED_DESKTOP_FILE_PID', '6835'), ('IM_CONFIG_PHASE', '1'), ('TMPDIR', '/mnt/sdcard/tmp'), ('COLCON_PREFIX_PATH', '/home/wjs/tb3_tpl_ws/install:/home/wjs/cart_ros2/install'), ('TORCH_HOME', '/mnt/sdcard/.cache/torch'), ('ROS_DISTRO', 'galactic'), ('LOGNAME', 'wjs'), ('JETSON_MODULE', 'NVIDIA Jetson AGX Xavier (32 GB ram)'), ('JETSON_SERIAL_NUMBER', '1423420009543'), ('JOURNAL_STREAM', '8:75457'), ('_', '/usr/bin/colcon'), ('ROS_VERSION', '2'), ('JETSON_CODENAME', 'Galen'), ('XDG_SESSION_CLASS', 'user'), ('USERNAME', 'wjs'), ('TERM', 'xterm-256color'), ('GNOME_DESKTOP_SESSION_ID', 'this-is-deprecated'), ('ROS_LOCALHOST_ONLY', '1'), ('WINDOWPATH', '2'), ('PATH', '/opt/ros/galactic/bin:/usr/local/cuda-11.4/bin:/home/wjs/.local/bin:/usr/local/sbin:/usr/local/bin:/usr/sbin:/usr/bin:/sbin:/bin:/usr/games:/usr/local/games:/snap/bin'), ('SESSION_MANAGER', 'local/ubuntu:@/tmp/.ICE-unix/4058,unix/ubuntu:/tmp/.ICE-unix/4058'), ('INVOCATION_ID', 'da0bea70aefc4c20b47af68647634234'), ('XDG_MENU_PREFIX', 'gnome-'), ('XDG_RUNTIME_DIR', '/run/user/1000'), ('DISPLAY', ':1'), ('TERMINATOR_DBUS_PATH', '/net/tenshu/Terminator2'), ('LANG', 'en_US.UTF-8'), ('XDG_CURRENT_DESKTOP', 'ubuntu:GNOME'), ('RMW_IMPLEMENTATION', 'rmw_cyclonedds_cpp'), ('XMODIFIERS', '@im=ibus'), ('XDG_SESSION_DESKTOP', 'ubuntu'), ('XAUTHORITY', '/run/user/1000/gdm/Xauthority'), ('LS_COLORS', 'rs=0:di=01;34:ln=01;36:mh=00:pi=40;33:so=01;35:do=01;35:bd=40;33;01:cd=40;33;01:or=40;31;01:mi=00:su=37;41:sg=30;43:ca=30;41:tw=30;42:ow=34;42:st=37;44:ex=01;32:*.tar=01;31:*.tgz=01;31:*.arc=01;31:*.arj=01;31:*.taz=01;31:*.lha=01;31:*.lz4=01;31:*.lzh=01;31:*.lzma=01;31:*.tlz=01;31:*.txz=01;31:*.tzo=01;31:*.t7z=01;31:*.zip=01;31:*.z=01;31:*.dz=01;31:*.gz=01;31:*.lrz=01;31:*.lz=01;31:*.lzo=01;31:*.xz=01;31:*.zst=01;31:*.tzst=01;31:*.bz2=01;31:*.bz=01;31:*.tbz=01;31:*.tbz2=01;31:*.tz=01;31:*.deb=01;31:*.rpm=01;31:*.jar=01;31:*.war=01;31:*.ear=01;31:*.sar=01;31:*.rar=01;31:*.alz=01;31:*.ace=01;31:*.zoo=01;31:*.cpio=01;31:*.7z=01;31:*.rz=01;31:*.cab=01;31:*.wim=01;31:*.swm=01;31:*.dwm=01;31:*.esd=01;31:*.jpg=01;35:*.jpeg=01;35:*.mjpg=01;35:*.mjpeg=01;35:*.gif=01;35:*.bmp=01;35:*.pbm=01;35:*.pgm=01;35:*.ppm=01;35:*.tga=01;35:*.xbm=01;35:*.xpm=01;35:*.tif=01;35:*.tiff=01;35:*.png=01;35:*.svg=01;35:*.svgz=01;35:*.mng=01;35:*.pcx=01;35:*.mov=01;35:*.mpg=01;35:*.mpeg=01;35:*.m2v=01;35:*.mkv=01;35:*.webm=01;35:*.ogm=01;35:*.mp4=01;35:*.m4v=01;35:*.mp4v=01;35:*.vob=01;35:*.qt=01;35:*.nuv=01;35:*.wmv=01;35:*.asf=01;35:*.rm=01;35:*.rmvb=01;35:*.flc=01;35:*.avi=01;35:*.fli=01;35:*.flv=01;35:*.gl=01;35:*.dl=01;35:*.xcf=01;35:*.xwd=01;35:*.yuv=01;35:*.cgm=01;35:*.emf=01;35:*.ogv=01;35:*.ogx=01;35:*.aac=00;36:*.au=00;36:*.flac=00;36:*.m4a=00;36:*.mid=00;36:*.midi=00;36:*.mka=00;36:*.mp3=00;36:*.mpc=00;36:*.ogg=00;36:*.ra=00;36:*.wav=00;36:*.oga=00;36:*.opus=00;36:*.spx=00;36:*.xspf=00;36:'), ('JETSON_SOC', 'tegra194'), ('SSH_AUTH_SOCK', '/run/user/1000/keyring/ssh'), ('ROS_DOMAIN_ID', '35'), ('AMENT_PREFIX_PATH', '/home/wjs/cart_ros2/install:/home/wjs/tb3_tpl_ws/install:/opt/ros/galactic'), ('SHELL', '/bin/bash'), ('TERMINATOR_UUID', 'urn:uuid:1409ebbf-e917-4bfd-a3f8-4e94c2694854'), ('QT_ACCESSIBILITY', '1'), ('GDMSESSION', 'ubuntu'), ('LESSCLOSE', '/usr/bin/lesspipe %s %s'), ('GPG_AGENT_INFO', '/run/user/1000/gnupg/S.gpg-agent:0:1'), ('QT_IM_MODULE', 'ibus'), ('JETSON_CUDA_ARCH_BIN', '7.2'), ('PWD', '/home/wjs/cart_ros2/build/agv_mapping'), ('XDG_CONFIG_DIRS', '/etc/xdg/xdg-ubuntu:/etc/xdg'), ('XDG_DATA_DIRS', '/usr/share/ubuntu:/usr/local/share/:/usr/share/:/var/lib/snapd/desktop'), ('PYTHONPATH', '/opt/opencv-4.5.5-cuda/lib/python3.8/site-packages:/home/wjs/cart_ros2/build/differential_drive/src:/home/wjs/cart_ros2/build/arduino_ros2:/home/wjs/cart_ros2/build/agv_body:/home/wjs/cart_ros2/install/lib/python3.8/site-packages:/home/wjs/tb3_tpl_ws/build/turtlebot3_teleop:/home/wjs/tb3_tpl_ws/install/lib/python3.8/site-packages:/opt/ros/galactic/lib/python3.8/site-packages'), ('COLCON', '1'), ('VTE_VERSION', '6003'), ('JETSON_JETPACK', '5.1.7'), ('CMAKE_PREFIX_PATH', '/home/wjs/cart_ros2/install:/home/wjs/tb3_tpl_ws/install:/opt/ros/galactic'), ('JETSON_P_NUMBER', 'p2888-0004')]), 'shell': False}
[1.722786] (roboteq_interfaces) StdoutLine: {'line': b'-- The C compiler identification is GNU 10.5.0\n'}
[1.724638] (roboteq_interfaces) StdoutLine: {'line': b'-- The CXX compiler identification is GNU 10.5.0\n'}
[1.724991] (roboteq_interfaces) StdoutLine: {'line': b'-- Check for working C compiler: /usr/bin/cc\n'}
[1.728615] (serial) StdoutLine: {'line': b'-- The C compiler identification is GNU 10.5.0\n'}
[1.730029] (serial) StdoutLine: {'line': b'-- The CXX compiler identification is GNU 10.5.0\n'}
[1.730370] (serial) StdoutLine: {'line': b'-- Check for working C compiler: /usr/bin/cc\n'}
[1.781660] (-) TimerEvent: {}
[1.807235] (roboteq_interfaces) StdoutLine: {'line': b'-- Check for working C compiler: /usr/bin/cc -- works\n'}
[1.821610] (serial) StdoutLine: {'line': b'-- Check for working C compiler: /usr/bin/cc -- works\n'}
[1.822817] (roboteq_interfaces) StdoutLine: {'line': b'-- Detecting C compiler ABI info\n'}
[1.827875] (serial) StdoutLine: {'line': b'-- Detecting C compiler ABI info\n'}
[1.881711] (-) TimerEvent: {}
[1.983736] (-) TimerEvent: {}
[2.084675] (-) TimerEvent: {}
[2.119831] (agv_mapping) StdoutLine: {'line': b'-- The C compiler identification is GNU 10.5.0\n'}
[2.184902] (-) TimerEvent: {}
[2.286907] (-) TimerEvent: {}
[2.388429] (-) TimerEvent: {}
[2.435631] (roboteq_interfaces) StdoutLine: {'line': b'-- Detecting C compiler ABI info - done\n'}
[2.452853] (serial) StdoutLine: {'line': b'-- Detecting C compiler ABI info - done\n'}
[2.488703] (-) TimerEvent: {}
[2.503522] (agv_mapping) StdoutLine: {'line': b'-- The CXX compiler identification is GNU 10.5.0\n'}
[2.510907] (roboteq_interfaces) StdoutLine: {'line': b'-- Detecting C compile features\n'}
[2.513220] (roboteq_interfaces) StdoutLine: {'line': b'-- Detecting C compile features - done\n'}
[2.514891] (serial) StdoutLine: {'line': b'-- Detecting C compile features\n'}
[2.516808] (serial) StdoutLine: {'line': b'-- Detecting C compile features - done\n'}
[2.538042] (serial) StdoutLine: {'line': b'-- Check for working CXX compiler: /usr/bin/c++\n'}
[2.540441] (agv_mapping) StdoutLine: {'line': b'-- Check for working C compiler: /usr/bin/cc\n'}
[2.548648] (roboteq_interfaces) StdoutLine: {'line': b'-- Check for working CXX compiler: /usr/bin/c++\n'}
[2.588930] (-) TimerEvent: {}
[2.689996] (-) TimerEvent: {}
[2.797317] (-) TimerEvent: {}
[2.900546] (-) TimerEvent: {}
[3.003013] (-) TimerEvent: {}
[3.081059] (agv_mapping) StdoutLine: {'line': b'-- Check for working C compiler: /usr/bin/cc -- works\n'}
[3.083263] (serial) StdoutLine: {'line': b'-- Check for working CXX compiler: /usr/bin/c++ -- works\n'}
[3.087037] (agv_mapping) StdoutLine: {'line': b'-- Detecting C compiler ABI info\n'}
[3.088195] (serial) StdoutLine: {'line': b'-- Detecting CXX compiler ABI info\n'}
[3.103257] (-) TimerEvent: {}
[3.155309] (roboteq_interfaces) StdoutLine: {'line': b'-- Check for working CXX compiler: /usr/bin/c++ -- works\n'}
[3.161397] (roboteq_interfaces) StdoutLine: {'line': b'-- Detecting CXX compiler ABI info\n'}
[3.203476] (-) TimerEvent: {}
[3.304589] (-) TimerEvent: {}
[3.405712] (-) TimerEvent: {}
[3.506957] (-) TimerEvent: {}
[3.537809] (agv_mapping) StdoutLine: {'line': b'-- Detecting C compiler ABI info - done\n'}
[3.592959] (agv_mapping) StdoutLine: {'line': b'-- Detecting C compile features\n'}
[3.595822] (agv_mapping) StdoutLine: {'line': b'-- Detecting C compile features - done\n'}
[3.607211] (-) TimerEvent: {}
[3.610653] (agv_mapping) StdoutLine: {'line': b'-- Check for working CXX compiler: /usr/bin/c++\n'}
[3.623941] (serial) StdoutLine: {'line': b'-- Detecting CXX compiler ABI info - done\n'}
[3.682262] (serial) StdoutLine: {'line': b'-- Detecting CXX compile features\n'}
[3.683286] (serial) StdoutLine: {'line': b'-- Detecting CXX compile features - done\n'}
[3.685592] (roboteq_interfaces) StdoutLine: {'line': b'-- Detecting CXX compiler ABI info - done\n'}
[3.707526] (-) TimerEvent: {}
[3.717938] (serial) StdoutLine: {'line': b'-- Found ament_cmake: 1.1.6 (/opt/ros/galactic/share/ament_cmake/cmake)\n'}
[3.740714] (roboteq_interfaces) StdoutLine: {'line': b'-- Detecting CXX compile features\n'}
[3.742963] (roboteq_interfaces) StdoutLine: {'line': b'-- Detecting CXX compile features - done\n'}
[3.754543] (roboteq_interfaces) StdoutLine: {'line': b'-- Found ament_cmake: 1.1.6 (/opt/ros/galactic/share/ament_cmake/cmake)\n'}
[3.807720] (-) TimerEvent: {}
[3.908703] (-) TimerEvent: {}
[3.913907] (roboteq_interfaces) StdoutLine: {'line': b'-- Found PythonInterp: /usr/bin/python3 (found suitable version "3.8.10", minimum required is "3") \n'}
[3.914833] (roboteq_interfaces) StdoutLine: {'line': b'-- Using PYTHON_EXECUTABLE: /usr/bin/python3\n'}
[3.915968] (serial) StdoutLine: {'line': b'-- Found PythonInterp: /usr/bin/python3 (found suitable version "3.8.10", minimum required is "3") \n'}
[3.917563] (serial) StdoutLine: {'line': b'-- Using PYTHON_EXECUTABLE: /usr/bin/python3\n'}
[4.009007] (-) TimerEvent: {}
[4.090241] (agv_mapping) StdoutLine: {'line': b'-- Check for working CXX compiler: /usr/bin/c++ -- works\n'}
[4.094871] (agv_mapping) StdoutLine: {'line': b'-- Detecting CXX compiler ABI info\n'}
[4.109304] (-) TimerEvent: {}
[4.210331] (-) TimerEvent: {}
[4.299872] (roboteq_interfaces) StdoutLine: {'line': b'-- Override CMake install command with custom implementation using symlinks instead of copying resources\n'}
[4.310590] (-) TimerEvent: {}
[4.324471] (serial) StdoutLine: {'line': b'-- Override CMake install command with custom implementation using symlinks instead of copying resources\n'}
[4.410803] (-) TimerEvent: {}
[4.511741] (-) TimerEvent: {}
[4.546016] (roboteq_interfaces) StdoutLine: {'line': b'-- Found std_msgs: 2.2.4 (/opt/ros/galactic/share/std_msgs/cmake)\n'}
[4.611954] (-) TimerEvent: {}
[4.712868] (-) TimerEvent: {}
[4.812626] (roboteq_interfaces) StdoutLine: {'line': b'-- Using all available rosidl_typesupport_c: rosidl_typesupport_fastrtps_c;rosidl_typesupport_introspection_c\n'}
[4.813379] (-) TimerEvent: {}
[4.829758] (agv_mapping) StdoutLine: {'line': b'-- Detecting CXX compiler ABI info - done\n'}
[4.875518] (roboteq_interfaces) StdoutLine: {'line': b'-- Found rosidl_adapter: 2.2.3 (/opt/ros/galactic/share/rosidl_adapter/cmake)\n'}
[4.887592] (agv_mapping) StdoutLine: {'line': b'-- Detecting CXX compile features\n'}
[4.890999] (agv_mapping) StdoutLine: {'line': b'-- Detecting CXX compile features - done\n'}
[4.903774] (agv_mapping) StdoutLine: {'line': b'-- Found ament_cmake: 1.1.6 (/opt/ros/galactic/share/ament_cmake/cmake)\n'}
[4.913723] (-) TimerEvent: {}
[5.014673] (-) TimerEvent: {}
[5.028805] (serial) StdoutLine: {'line': b'-- Configuring done\n'}
[5.054347] (agv_mapping) StdoutLine: {'line': b'-- Found PythonInterp: /usr/bin/python3 (found suitable version "3.8.10", minimum required is "3") \n'}
[5.055330] (agv_mapping) StdoutLine: {'line': b'-- Using PYTHON_EXECUTABLE: /usr/bin/python3\n'}
[5.056974] (serial) StdoutLine: {'line': b'-- Generating done\n'}
[5.073266] (serial) StdoutLine: {'line': b'-- Build files have been written to: /home/wjs/cart_ros2/build/serial\n'}
[5.095947] (serial) CommandEnded: {'returncode': 0}
[5.098615] (serial) JobProgress: {'identifier': 'serial', 'progress': 'build'}
[5.098777] (serial) Command: {'cmd': ['/usr/bin/cmake', '--build', '/home/wjs/cart_ros2/build/serial', '--', '-j4', '-l4'], 'cwd': '/home/wjs/cart_ros2/build/serial', 'env': OrderedDict([('LESSOPEN', '| /usr/bin/lesspipe %s'), ('USER', 'wjs'), ('SSH_AGENT_PID', '4023'), ('XDG_SESSION_TYPE', 'x11'), ('PIP_CACHE_DIR', '/mnt/sdcard/.cache/pip'), ('XDG_CACHE_HOME', '/mnt/sdcard/.cache'), ('SHLVL', '1'), ('LD_LIBRARY_PATH', '/opt/opencv-4.5.5-cuda/lib:/home/wjs/cart_ros2/install/lib:/home/wjs/tb3_tpl_ws/install/lib:/opt/ros/galactic/opt/yaml_cpp_vendor/lib:/opt/ros/galactic/opt/rviz_ogre_vendor/lib:/opt/ros/galactic/lib/aarch64-linux-gnu:/opt/ros/galactic/lib:/usr/local/cuda-11.4/lib64:'), ('HOME', '/home/wjs'), ('CYCLONEDDS_URI', 'file:///home/wjs/cyclonedds_lo.xml'), ('OLDPWD', '/home/wjs'), ('DESKTOP_SESSION', 'ubuntu'), ('JETSON_L4T', '35.6.3'), ('ROS_PYTHON_VERSION', '3'), ('GNOME_SHELL_SESSION_MODE', 'ubuntu'), ('GTK_MODULES', 'gail:atk-bridge'), ('JETSON_MODEL', 'Jetson-AGX'), ('MANAGERPID', '3877'), ('DBUS_SESSION_BUS_ADDRESS', 'unix:path=/run/user/1000/bus'), ('COLORTERM', 'truecolor'), ('TERMINATOR_DBUS_NAME', 'net.tenshu.Terminator23558193cd9818af7fe4d2c2f5bd9d00f'), ('GIO_LAUNCHED_DESKTOP_FILE_PID', '6835'), ('IM_CONFIG_PHASE', '1'), ('TMPDIR', '/mnt/sdcard/tmp'), ('COLCON_PREFIX_PATH', '/home/wjs/tb3_tpl_ws/install:/home/wjs/cart_ros2/install'), ('TORCH_HOME', '/mnt/sdcard/.cache/torch'), ('ROS_DISTRO', 'galactic'), ('LOGNAME', 'wjs'), ('JETSON_MODULE', 'NVIDIA Jetson AGX Xavier (32 GB ram)'), ('JETSON_SERIAL_NUMBER', '1423420009543'), ('JOURNAL_STREAM', '8:75457'), ('_', '/usr/bin/colcon'), ('ROS_VERSION', '2'), ('JETSON_CODENAME', 'Galen'), ('XDG_SESSION_CLASS', 'user'), ('USERNAME', 'wjs'), ('TERM', 'xterm-256color'), ('GNOME_DESKTOP_SESSION_ID', 'this-is-deprecated'), ('ROS_LOCALHOST_ONLY', '1'), ('WINDOWPATH', '2'), ('PATH', '/opt/ros/galactic/bin:/usr/local/cuda-11.4/bin:/home/wjs/.local/bin:/usr/local/sbin:/usr/local/bin:/usr/sbin:/usr/bin:/sbin:/bin:/usr/games:/usr/local/games:/snap/bin'), ('SESSION_MANAGER', 'local/ubuntu:@/tmp/.ICE-unix/4058,unix/ubuntu:/tmp/.ICE-unix/4058'), ('INVOCATION_ID', 'da0bea70aefc4c20b47af68647634234'), ('XDG_MENU_PREFIX', 'gnome-'), ('XDG_RUNTIME_DIR', '/run/user/1000'), ('DISPLAY', ':1'), ('TERMINATOR_DBUS_PATH', '/net/tenshu/Terminator2'), ('LANG', 'en_US.UTF-8'), ('XDG_CURRENT_DESKTOP', 'ubuntu:GNOME'), ('RMW_IMPLEMENTATION', 'rmw_cyclonedds_cpp'), ('XMODIFIERS', '@im=ibus'), ('XDG_SESSION_DESKTOP', 'ubuntu'), ('XAUTHORITY', '/run/user/1000/gdm/Xauthority'), ('LS_COLORS', 'rs=0:di=01;34:ln=01;36:mh=00:pi=40;33:so=01;35:do=01;35:bd=40;33;01:cd=40;33;01:or=40;31;01:mi=00:su=37;41:sg=30;43:ca=30;41:tw=30;42:ow=34;42:st=37;44:ex=01;32:*.tar=01;31:*.tgz=01;31:*.arc=01;31:*.arj=01;31:*.taz=01;31:*.lha=01;31:*.lz4=01;31:*.lzh=01;31:*.lzma=01;31:*.tlz=01;31:*.txz=01;31:*.tzo=01;31:*.t7z=01;31:*.zip=01;31:*.z=01;31:*.dz=01;31:*.gz=01;31:*.lrz=01;31:*.lz=01;31:*.lzo=01;31:*.xz=01;31:*.zst=01;31:*.tzst=01;31:*.bz2=01;31:*.bz=01;31:*.tbz=01;31:*.tbz2=01;31:*.tz=01;31:*.deb=01;31:*.rpm=01;31:*.jar=01;31:*.war=01;31:*.ear=01;31:*.sar=01;31:*.rar=01;31:*.alz=01;31:*.ace=01;31:*.zoo=01;31:*.cpio=01;31:*.7z=01;31:*.rz=01;31:*.cab=01;31:*.wim=01;31:*.swm=01;31:*.dwm=01;31:*.esd=01;31:*.jpg=01;35:*.jpeg=01;35:*.mjpg=01;35:*.mjpeg=01;35:*.gif=01;35:*.bmp=01;35:*.pbm=01;35:*.pgm=01;35:*.ppm=01;35:*.tga=01;35:*.xbm=01;35:*.xpm=01;35:*.tif=01;35:*.tiff=01;35:*.png=01;35:*.svg=01;35:*.svgz=01;35:*.mng=01;35:*.pcx=01;35:*.mov=01;35:*.mpg=01;35:*.mpeg=01;35:*.m2v=01;35:*.mkv=01;35:*.webm=01;35:*.ogm=01;35:*.mp4=01;35:*.m4v=01;35:*.mp4v=01;35:*.vob=01;35:*.qt=01;35:*.nuv=01;35:*.wmv=01;35:*.asf=01;35:*.rm=01;35:*.rmvb=01;35:*.flc=01;35:*.avi=01;35:*.fli=01;35:*.flv=01;35:*.gl=01;35:*.dl=01;35:*.xcf=01;35:*.xwd=01;35:*.yuv=01;35:*.cgm=01;35:*.emf=01;35:*.ogv=01;35:*.ogx=01;35:*.aac=00;36:*.au=00;36:*.flac=00;36:*.m4a=00;36:*.mid=00;36:*.midi=00;36:*.mka=00;36:*.mp3=00;36:*.mpc=00;36:*.ogg=00;36:*.ra=00;36:*.wav=00;36:*.oga=00;36:*.opus=00;36:*.spx=00;36:*.xspf=00;36:'), ('JETSON_SOC', 'tegra194'), ('SSH_AUTH_SOCK', '/run/user/1000/keyring/ssh'), ('ROS_DOMAIN_ID', '35'), ('AMENT_PREFIX_PATH', '/home/wjs/cart_ros2/install:/home/wjs/tb3_tpl_ws/install:/opt/ros/galactic'), ('SHELL', '/bin/bash'), ('TERMINATOR_UUID', 'urn:uuid:1409ebbf-e917-4bfd-a3f8-4e94c2694854'), ('QT_ACCESSIBILITY', '1'), ('GDMSESSION', 'ubuntu'), ('LESSCLOSE', '/usr/bin/lesspipe %s %s'), ('GPG_AGENT_INFO', '/run/user/1000/gnupg/S.gpg-agent:0:1'), ('QT_IM_MODULE', 'ibus'), ('JETSON_CUDA_ARCH_BIN', '7.2'), ('PWD', '/home/wjs/cart_ros2/build/serial'), ('XDG_CONFIG_DIRS', '/etc/xdg/xdg-ubuntu:/etc/xdg'), ('XDG_DATA_DIRS', '/usr/share/ubuntu:/usr/local/share/:/usr/share/:/var/lib/snapd/desktop'), ('PYTHONPATH', '/opt/opencv-4.5.5-cuda/lib/python3.8/site-packages:/home/wjs/cart_ros2/build/differential_drive/src:/home/wjs/cart_ros2/build/arduino_ros2:/home/wjs/cart_ros2/build/agv_body:/home/wjs/cart_ros2/install/lib/python3.8/site-packages:/home/wjs/tb3_tpl_ws/build/turtlebot3_teleop:/home/wjs/tb3_tpl_ws/install/lib/python3.8/site-packages:/opt/ros/galactic/lib/python3.8/site-packages'), ('COLCON', '1'), ('VTE_VERSION', '6003'), ('JETSON_JETPACK', '5.1.7'), ('CMAKE_PREFIX_PATH', '/home/wjs/cart_ros2/install:/home/wjs/tb3_tpl_ws/install:/opt/ros/galactic'), ('JETSON_P_NUMBER', 'p2888-0004')]), 'shell': False}
[5.115285] (-) TimerEvent: {}
[5.152581] (agv_body) Command: {'cmd': ['/usr/bin/python3', '-W', 'ignore:setup.py install is deprecated', '-W', 'ignore:easy_install command is deprecated', 'setup.py', 'develop', '--editable', '--build-directory', '/home/wjs/cart_ros2/build/agv_body/build', '--no-deps', 'symlink_data'], 'cwd': '/home/wjs/cart_ros2/build/agv_body', 'env': {'LESSOPEN': '| /usr/bin/lesspipe %s', 'USER': 'wjs', 'SSH_AGENT_PID': '4023', 'XDG_SESSION_TYPE': 'x11', 'PIP_CACHE_DIR': '/mnt/sdcard/.cache/pip', 'XDG_CACHE_HOME': '/mnt/sdcard/.cache', 'SHLVL': '1', 'LD_LIBRARY_PATH': '/opt/opencv-4.5.5-cuda/lib:/home/wjs/cart_ros2/install/lib:/home/wjs/tb3_tpl_ws/install/lib:/opt/ros/galactic/opt/yaml_cpp_vendor/lib:/opt/ros/galactic/opt/rviz_ogre_vendor/lib:/opt/ros/galactic/lib/aarch64-linux-gnu:/opt/ros/galactic/lib:/usr/local/cuda-11.4/lib64:', 'HOME': '/home/wjs', 'CYCLONEDDS_URI': 'file:///home/wjs/cyclonedds_lo.xml', 'OLDPWD': '/home/wjs', 'DESKTOP_SESSION': 'ubuntu', 'JETSON_L4T': '35.6.3', 'ROS_PYTHON_VERSION': '3', 'GNOME_SHELL_SESSION_MODE': 'ubuntu', 'GTK_MODULES': 'gail:atk-bridge', 'JETSON_MODEL': 'Jetson-AGX', 'MANAGERPID': '3877', 'DBUS_SESSION_BUS_ADDRESS': 'unix:path=/run/user/1000/bus', 'COLORTERM': 'truecolor', 'TERMINATOR_DBUS_NAME': 'net.tenshu.Terminator23558193cd9818af7fe4d2c2f5bd9d00f', 'GIO_LAUNCHED_DESKTOP_FILE_PID': '6835', 'IM_CONFIG_PHASE': '1', 'TMPDIR': '/mnt/sdcard/tmp', 'COLCON_PREFIX_PATH': '/home/wjs/tb3_tpl_ws/install:/home/wjs/cart_ros2/install', 'TORCH_HOME': '/mnt/sdcard/.cache/torch', 'ROS_DISTRO': 'galactic', 'LOGNAME': 'wjs', 'JETSON_MODULE': 'NVIDIA Jetson AGX Xavier (32 GB ram)', 'JETSON_SERIAL_NUMBER': '1423420009543', 'JOURNAL_STREAM': '8:75457', '_': '/usr/bin/colcon', 'ROS_VERSION': '2', 'JETSON_CODENAME': 'Galen', 'XDG_SESSION_CLASS': 'user', 'USERNAME': 'wjs', 'TERM': 'xterm-256color', 'GNOME_DESKTOP_SESSION_ID': 'this-is-deprecated', 'ROS_LOCALHOST_ONLY': '1', 'WINDOWPATH': '2', 'PATH': '/opt/ros/galactic/bin:/usr/local/cuda-11.4/bin:/home/wjs/.local/bin:/usr/local/sbin:/usr/local/bin:/usr/sbin:/usr/bin:/sbin:/bin:/usr/games:/usr/local/games:/snap/bin', 'SESSION_MANAGER': 'local/ubuntu:@/tmp/.ICE-unix/4058,unix/ubuntu:/tmp/.ICE-unix/4058', 'INVOCATION_ID': 'da0bea70aefc4c20b47af68647634234', 'XDG_MENU_PREFIX': 'gnome-', 'XDG_RUNTIME_DIR': '/run/user/1000', 'DISPLAY': ':1', 'TERMINATOR_DBUS_PATH': '/net/tenshu/Terminator2', 'LANG': 'en_US.UTF-8', 'XDG_CURRENT_DESKTOP': 'ubuntu:GNOME', 'RMW_IMPLEMENTATION': 'rmw_cyclonedds_cpp', 'XMODIFIERS': '@im=ibus', 'XDG_SESSION_DESKTOP': 'ubuntu', 'XAUTHORITY': '/run/user/1000/gdm/Xauthority', 'LS_COLORS': 'rs=0:di=01;34:ln=01;36:mh=00:pi=40;33:so=01;35:do=01;35:bd=40;33;01:cd=40;33;01:or=40;31;01:mi=00:su=37;41:sg=30;43:ca=30;41:tw=30;42:ow=34;42:st=37;44:ex=01;32:*.tar=01;31:*.tgz=01;31:*.arc=01;31:*.arj=01;31:*.taz=01;31:*.lha=01;31:*.lz4=01;31:*.lzh=01;31:*.lzma=01;31:*.tlz=01;31:*.txz=01;31:*.tzo=01;31:*.t7z=01;31:*.zip=01;31:*.z=01;31:*.dz=01;31:*.gz=01;31:*.lrz=01;31:*.lz=01;31:*.lzo=01;31:*.xz=01;31:*.zst=01;31:*.tzst=01;31:*.bz2=01;31:*.bz=01;31:*.tbz=01;31:*.tbz2=01;31:*.tz=01;31:*.deb=01;31:*.rpm=01;31:*.jar=01;31:*.war=01;31:*.ear=01;31:*.sar=01;31:*.rar=01;31:*.alz=01;31:*.ace=01;31:*.zoo=01;31:*.cpio=01;31:*.7z=01;31:*.rz=01;31:*.cab=01;31:*.wim=01;31:*.swm=01;31:*.dwm=01;31:*.esd=01;31:*.jpg=01;35:*.jpeg=01;35:*.mjpg=01;35:*.mjpeg=01;35:*.gif=01;35:*.bmp=01;35:*.pbm=01;35:*.pgm=01;35:*.ppm=01;35:*.tga=01;35:*.xbm=01;35:*.xpm=01;35:*.tif=01;35:*.tiff=01;35:*.png=01;35:*.svg=01;35:*.svgz=01;35:*.mng=01;35:*.pcx=01;35:*.mov=01;35:*.mpg=01;35:*.mpeg=01;35:*.m2v=01;35:*.mkv=01;35:*.webm=01;35:*.ogm=01;35:*.mp4=01;35:*.m4v=01;35:*.mp4v=01;35:*.vob=01;35:*.qt=01;35:*.nuv=01;35:*.wmv=01;35:*.asf=01;35:*.rm=01;35:*.rmvb=01;35:*.flc=01;35:*.avi=01;35:*.fli=01;35:*.flv=01;35:*.gl=01;35:*.dl=01;35:*.xcf=01;35:*.xwd=01;35:*.yuv=01;35:*.cgm=01;35:*.emf=01;35:*.ogv=01;35:*.ogx=01;35:*.aac=00;36:*.au=00;36:*.flac=00;36:*.m4a=00;36:*.mid=00;36:*.midi=00;36:*.mka=00;36:*.mp3=00;36:*.mpc=00;36:*.ogg=00;36:*.ra=00;36:*.wav=00;36:*.oga=00;36:*.opus=00;36:*.spx=00;36:*.xspf=00;36:', 'JETSON_SOC': 'tegra194', 'SSH_AUTH_SOCK': '/run/user/1000/keyring/ssh', 'ROS_DOMAIN_ID': '35', 'AMENT_PREFIX_PATH': '/home/wjs/cart_ros2/install:/home/wjs/tb3_tpl_ws/install:/opt/ros/galactic', 'SHELL': '/bin/bash', 'TERMINATOR_UUID': 'urn:uuid:1409ebbf-e917-4bfd-a3f8-4e94c2694854', 'QT_ACCESSIBILITY': '1', 'GDMSESSION': 'ubuntu', 'LESSCLOSE': '/usr/bin/lesspipe %s %s', 'GPG_AGENT_INFO': '/run/user/1000/gnupg/S.gpg-agent:0:1', 'QT_IM_MODULE': 'ibus', 'JETSON_CUDA_ARCH_BIN': '7.2', 'PWD': '/home/wjs/cart_ros2/build/agv_body', 'XDG_CONFIG_DIRS': '/etc/xdg/xdg-ubuntu:/etc/xdg', 'XDG_DATA_DIRS': '/usr/share/ubuntu:/usr/local/share/:/usr/share/:/var/lib/snapd/desktop', 'PYTHONPATH': '/home/wjs/cart_ros2/build/agv_body/prefix_override:/usr/lib/python3/dist-packages/colcon_core/task/python/colcon_distutils_commands:/home/wjs/cart_ros2/install/lib/python3.8/site-packages:/opt/opencv-4.5.5-cuda/lib/python3.8/site-packages:/home/wjs/cart_ros2/build/differential_drive/src:/home/wjs/cart_ros2/build/arduino_ros2:/home/wjs/cart_ros2/build/agv_body:/home/wjs/cart_ros2/install/lib/python3.8/site-packages:/home/wjs/tb3_tpl_ws/build/turtlebot3_teleop:/home/wjs/tb3_tpl_ws/install/lib/python3.8/site-packages:/opt/ros/galactic/lib/python3.8/site-packages', 'COLCON': '1', 'VTE_VERSION': '6003', 'JETSON_JETPACK': '5.1.7', 'CMAKE_PREFIX_PATH': '/home/wjs/cart_ros2/install:/home/wjs/tb3_tpl_ws/install', 'JETSON_P_NUMBER': 'p2888-0004'}, 'shell': False}
[5.215346] (-) TimerEvent: {}
[5.318546] (-) TimerEvent: {}
[5.352625] (serial) StdoutLine: {'line': b'\x1b[35m\x1b[1mScanning dependencies of target serial\x1b[0m\n'}
[5.402190] (agv_mapping) StdoutLine: {'line': b'-- Override CMake install command with custom implementation using symlinks instead of copying resources\n'}
[5.418848] (-) TimerEvent: {}
[5.427133] (serial) StdoutLine: {'line': b'[ 25%] \x1b[32mBuilding CXX object CMakeFiles/serial.dir/src/serial.cc.o\x1b[0m\n'}
[5.452158] (serial) StdoutLine: {'line': b'[ 50%] \x1b[32mBuilding CXX object CMakeFiles/serial.dir/src/impl/list_ports/list_ports_linux.cc.o\x1b[0m\n'}
[5.468474] (serial) StdoutLine: {'line': b'[ 75%] \x1b[32mBuilding CXX object CMakeFiles/serial.dir/src/impl/unix.cc.o\x1b[0m\n'}
[5.519086] (-) TimerEvent: {}
[5.619965] (-) TimerEvent: {}
[5.642996] (agv_mapping) StdoutLine: {'line': b'-- Found ament_lint_auto: 0.10.7 (/opt/ros/galactic/share/ament_lint_auto/cmake)\n'}
[5.677468] (roboteq_interfaces) StdoutLine: {'line': b'-- Found OpenSSL: /usr/lib/aarch64-linux-gnu/libcrypto.so (found version "1.1.1f")  \n'}
[5.720161] (-) TimerEvent: {}
[5.821102] (-) TimerEvent: {}
[5.922824] (-) TimerEvent: {}
[6.024640] (-) TimerEvent: {}
[6.103273] (roboteq_interfaces) StdoutLine: {'line': b'-- Found FastRTPS: /opt/ros/galactic/include  \n'}
[6.124917] (-) TimerEvent: {}
[6.185485] (agv_mapping) StdoutLine: {'line': b"-- Added test 'copyright' to check source files copyright and LICENSE\n"}
[6.225101] (-) TimerEvent: {}
[6.230246] (agv_mapping) StdoutLine: {'line': b"-- Added test 'flake8' to check Python code syntax and style conventions\n"}
[6.241584] (agv_mapping) StdoutLine: {'line': b"-- Added test 'lint_cmake' to check CMake code style\n"}
[6.250106] (agv_mapping) StdoutLine: {'line': b"-- Added test 'pep257' to check Python code against some of the style conventions in PEP 257\n"}
[6.260539] (agv_mapping) StdoutLine: {'line': b"-- Added test 'xmllint' to check XML markup files\n"}
[6.297602] (agv_mapping) StdoutLine: {'line': b'-- Configuring done\n'}
[6.308967] (agv_mapping) StdoutLine: {'line': b'-- Generating done\n'}
[6.325405] (-) TimerEvent: {}
[6.350523] (agv_mapping) StdoutLine: {'line': b'-- Build files have been written to: /home/wjs/cart_ros2/build/agv_mapping\n'}
[6.390964] (agv_mapping) CommandEnded: {'returncode': 0}
[6.398289] (agv_mapping) JobProgress: {'identifier': 'agv_mapping', 'progress': 'build'}
[6.398516] (agv_mapping) Command: {'cmd': ['/usr/bin/cmake', '--build', '/home/wjs/cart_ros2/build/agv_mapping', '--', '-j4', '-l4'], 'cwd': '/home/wjs/cart_ros2/build/agv_mapping', 'env': OrderedDict([('LESSOPEN', '| /usr/bin/lesspipe %s'), ('USER', 'wjs'), ('SSH_AGENT_PID', '4023'), ('XDG_SESSION_TYPE', 'x11'), ('PIP_CACHE_DIR', '/mnt/sdcard/.cache/pip'), ('XDG_CACHE_HOME', '/mnt/sdcard/.cache'), ('SHLVL', '1'), ('LD_LIBRARY_PATH', '/opt/opencv-4.5.5-cuda/lib:/home/wjs/cart_ros2/install/lib:/home/wjs/tb3_tpl_ws/install/lib:/opt/ros/galactic/opt/yaml_cpp_vendor/lib:/opt/ros/galactic/opt/rviz_ogre_vendor/lib:/opt/ros/galactic/lib/aarch64-linux-gnu:/opt/ros/galactic/lib:/usr/local/cuda-11.4/lib64:'), ('HOME', '/home/wjs'), ('CYCLONEDDS_URI', 'file:///home/wjs/cyclonedds_lo.xml'), ('OLDPWD', '/home/wjs'), ('DESKTOP_SESSION', 'ubuntu'), ('JETSON_L4T', '35.6.3'), ('ROS_PYTHON_VERSION', '3'), ('GNOME_SHELL_SESSION_MODE', 'ubuntu'), ('GTK_MODULES', 'gail:atk-bridge'), ('JETSON_MODEL', 'Jetson-AGX'), ('MANAGERPID', '3877'), ('DBUS_SESSION_BUS_ADDRESS', 'unix:path=/run/user/1000/bus'), ('COLORTERM', 'truecolor'), ('TERMINATOR_DBUS_NAME', 'net.tenshu.Terminator23558193cd9818af7fe4d2c2f5bd9d00f'), ('GIO_LAUNCHED_DESKTOP_FILE_PID', '6835'), ('IM_CONFIG_PHASE', '1'), ('TMPDIR', '/mnt/sdcard/tmp'), ('COLCON_PREFIX_PATH', '/home/wjs/tb3_tpl_ws/install:/home/wjs/cart_ros2/install'), ('TORCH_HOME', '/mnt/sdcard/.cache/torch'), ('ROS_DISTRO', 'galactic'), ('LOGNAME', 'wjs'), ('JETSON_MODULE', 'NVIDIA Jetson AGX Xavier (32 GB ram)'), ('JETSON_SERIAL_NUMBER', '1423420009543'), ('JOURNAL_STREAM', '8:75457'), ('_', '/usr/bin/colcon'), ('ROS_VERSION', '2'), ('JETSON_CODENAME', 'Galen'), ('XDG_SESSION_CLASS', 'user'), ('USERNAME', 'wjs'), ('TERM', 'xterm-256color'), ('GNOME_DESKTOP_SESSION_ID', 'this-is-deprecated'), ('ROS_LOCALHOST_ONLY', '1'), ('WINDOWPATH', '2'), ('PATH', '/opt/ros/galactic/bin:/usr/local/cuda-11.4/bin:/home/wjs/.local/bin:/usr/local/sbin:/usr/local/bin:/usr/sbin:/usr/bin:/sbin:/bin:/usr/games:/usr/local/games:/snap/bin'), ('SESSION_MANAGER', 'local/ubuntu:@/tmp/.ICE-unix/4058,unix/ubuntu:/tmp/.ICE-unix/4058'), ('INVOCATION_ID', 'da0bea70aefc4c20b47af68647634234'), ('XDG_MENU_PREFIX', 'gnome-'), ('XDG_RUNTIME_DIR', '/run/user/1000'), ('DISPLAY', ':1'), ('TERMINATOR_DBUS_PATH', '/net/tenshu/Terminator2'), ('LANG', 'en_US.UTF-8'), ('XDG_CURRENT_DESKTOP', 'ubuntu:GNOME'), ('RMW_IMPLEMENTATION', 'rmw_cyclonedds_cpp'), ('XMODIFIERS', '@im=ibus'), ('XDG_SESSION_DESKTOP', 'ubuntu'), ('XAUTHORITY', '/run/user/1000/gdm/Xauthority'), ('LS_COLORS', 'rs=0:di=01;34:ln=01;36:mh=00:pi=40;33:so=01;35:do=01;35:bd=40;33;01:cd=40;33;01:or=40;31;01:mi=00:su=37;41:sg=30;43:ca=30;41:tw=30;42:ow=34;42:st=37;44:ex=01;32:*.tar=01;31:*.tgz=01;31:*.arc=01;31:*.arj=01;31:*.taz=01;31:*.lha=01;31:*.lz4=01;31:*.lzh=01;31:*.lzma=01;31:*.tlz=01;31:*.txz=01;31:*.tzo=01;31:*.t7z=01;31:*.zip=01;31:*.z=01;31:*.dz=01;31:*.gz=01;31:*.lrz=01;31:*.lz=01;31:*.lzo=01;31:*.xz=01;31:*.zst=01;31:*.tzst=01;31:*.bz2=01;31:*.bz=01;31:*.tbz=01;31:*.tbz2=01;31:*.tz=01;31:*.deb=01;31:*.rpm=01;31:*.jar=01;31:*.war=01;31:*.ear=01;31:*.sar=01;31:*.rar=01;31:*.alz=01;31:*.ace=01;31:*.zoo=01;31:*.cpio=01;31:*.7z=01;31:*.rz=01;31:*.cab=01;31:*.wim=01;31:*.swm=01;31:*.dwm=01;31:*.esd=01;31:*.jpg=01;35:*.jpeg=01;35:*.mjpg=01;35:*.mjpeg=01;35:*.gif=01;35:*.bmp=01;35:*.pbm=01;35:*.pgm=01;35:*.ppm=01;35:*.tga=01;35:*.xbm=01;35:*.xpm=01;35:*.tif=01;35:*.tiff=01;35:*.png=01;35:*.svg=01;35:*.svgz=01;35:*.mng=01;35:*.pcx=01;35:*.mov=01;35:*.mpg=01;35:*.mpeg=01;35:*.m2v=01;35:*.mkv=01;35:*.webm=01;35:*.ogm=01;35:*.mp4=01;35:*.m4v=01;35:*.mp4v=01;35:*.vob=01;35:*.qt=01;35:*.nuv=01;35:*.wmv=01;35:*.asf=01;35:*.rm=01;35:*.rmvb=01;35:*.flc=01;35:*.avi=01;35:*.fli=01;35:*.flv=01;35:*.gl=01;35:*.dl=01;35:*.xcf=01;35:*.xwd=01;35:*.yuv=01;35:*.cgm=01;35:*.emf=01;35:*.ogv=01;35:*.ogx=01;35:*.aac=00;36:*.au=00;36:*.flac=00;36:*.m4a=00;36:*.mid=00;36:*.midi=00;36:*.mka=00;36:*.mp3=00;36:*.mpc=00;36:*.ogg=00;36:*.ra=00;36:*.wav=00;36:*.oga=00;36:*.opus=00;36:*.spx=00;36:*.xspf=00;36:'), ('JETSON_SOC', 'tegra194'), ('SSH_AUTH_SOCK', '/run/user/1000/keyring/ssh'), ('ROS_DOMAIN_ID', '35'), ('AMENT_PREFIX_PATH', '/home/wjs/cart_ros2/install:/home/wjs/tb3_tpl_ws/install:/opt/ros/galactic'), ('SHELL', '/bin/bash'), ('TERMINATOR_UUID', 'urn:uuid:1409ebbf-e917-4bfd-a3f8-4e94c2694854'), ('QT_ACCESSIBILITY', '1'), ('GDMSESSION', 'ubuntu'), ('LESSCLOSE', '/usr/bin/lesspipe %s %s'), ('GPG_AGENT_INFO', '/run/user/1000/gnupg/S.gpg-agent:0:1'), ('QT_IM_MODULE', 'ibus'), ('JETSON_CUDA_ARCH_BIN', '7.2'), ('PWD', '/home/wjs/cart_ros2/build/agv_mapping'), ('XDG_CONFIG_DIRS', '/etc/xdg/xdg-ubuntu:/etc/xdg'), ('XDG_DATA_DIRS', '/usr/share/ubuntu:/usr/local/share/:/usr/share/:/var/lib/snapd/desktop'), ('PYTHONPATH', '/opt/opencv-4.5.5-cuda/lib/python3.8/site-packages:/home/wjs/cart_ros2/build/differential_drive/src:/home/wjs/cart_ros2/build/arduino_ros2:/home/wjs/cart_ros2/build/agv_body:/home/wjs/cart_ros2/install/lib/python3.8/site-packages:/home/wjs/tb3_tpl_ws/build/turtlebot3_teleop:/home/wjs/tb3_tpl_ws/install/lib/python3.8/site-packages:/opt/ros/galactic/lib/python3.8/site-packages'), ('COLCON', '1'), ('VTE_VERSION', '6003'), ('JETSON_JETPACK', '5.1.7'), ('CMAKE_PREFIX_PATH', '/home/wjs/cart_ros2/install:/home/wjs/tb3_tpl_ws/install:/opt/ros/galactic'), ('JETSON_P_NUMBER', 'p2888-0004')]), 'shell': False}
[6.425966] (-) TimerEvent: {}
[6.535357] (-) TimerEvent: {}
[6.636868] (-) TimerEvent: {}
[6.738574] (-) TimerEvent: {}
[6.841294] (-) TimerEvent: {}
[6.884522] (agv_mapping) CommandEnded: {'returncode': 0}
[6.892338] (agv_mapping) JobProgress: {'identifier': 'agv_mapping', 'progress': 'install'}
[6.941384] (-) TimerEvent: {}
[7.026293] (agv_body) StdoutLine: {'line': b'running develop\n'}
[7.034155] (roboteq_interfaces) StdoutLine: {'line': b'-- Using all available rosidl_typesupport_cpp: rosidl_typesupport_fastrtps_cpp;rosidl_typesupport_introspection_cpp\n'}
[7.041474] (agv_mapping) Command: {'cmd': ['/usr/bin/cmake', '--install', '/home/wjs/cart_ros2/build/agv_mapping'], 'cwd': '/home/wjs/cart_ros2/build/agv_mapping', 'env': OrderedDict([('LESSOPEN', '| /usr/bin/lesspipe %s'), ('USER', 'wjs'), ('SSH_AGENT_PID', '4023'), ('XDG_SESSION_TYPE', 'x11'), ('PIP_CACHE_DIR', '/mnt/sdcard/.cache/pip'), ('XDG_CACHE_HOME', '/mnt/sdcard/.cache'), ('SHLVL', '1'), ('LD_LIBRARY_PATH', '/opt/opencv-4.5.5-cuda/lib:/home/wjs/cart_ros2/install/lib:/home/wjs/tb3_tpl_ws/install/lib:/opt/ros/galactic/opt/yaml_cpp_vendor/lib:/opt/ros/galactic/opt/rviz_ogre_vendor/lib:/opt/ros/galactic/lib/aarch64-linux-gnu:/opt/ros/galactic/lib:/usr/local/cuda-11.4/lib64:'), ('HOME', '/home/wjs'), ('CYCLONEDDS_URI', 'file:///home/wjs/cyclonedds_lo.xml'), ('OLDPWD', '/home/wjs'), ('DESKTOP_SESSION', 'ubuntu'), ('JETSON_L4T', '35.6.3'), ('ROS_PYTHON_VERSION', '3'), ('GNOME_SHELL_SESSION_MODE', 'ubuntu'), ('GTK_MODULES', 'gail:atk-bridge'), ('JETSON_MODEL', 'Jetson-AGX'), ('MANAGERPID', '3877'), ('DBUS_SESSION_BUS_ADDRESS', 'unix:path=/run/user/1000/bus'), ('COLORTERM', 'truecolor'), ('TERMINATOR_DBUS_NAME', 'net.tenshu.Terminator23558193cd9818af7fe4d2c2f5bd9d00f'), ('GIO_LAUNCHED_DESKTOP_FILE_PID', '6835'), ('IM_CONFIG_PHASE', '1'), ('TMPDIR', '/mnt/sdcard/tmp'), ('COLCON_PREFIX_PATH', '/home/wjs/tb3_tpl_ws/install:/home/wjs/cart_ros2/install'), ('TORCH_HOME', '/mnt/sdcard/.cache/torch'), ('ROS_DISTRO', 'galactic'), ('LOGNAME', 'wjs'), ('JETSON_MODULE', 'NVIDIA Jetson AGX Xavier (32 GB ram)'), ('JETSON_SERIAL_NUMBER', '1423420009543'), ('JOURNAL_STREAM', '8:75457'), ('_', '/usr/bin/colcon'), ('ROS_VERSION', '2'), ('JETSON_CODENAME', 'Galen'), ('XDG_SESSION_CLASS', 'user'), ('USERNAME', 'wjs'), ('TERM', 'xterm-256color'), ('GNOME_DESKTOP_SESSION_ID', 'this-is-deprecated'), ('ROS_LOCALHOST_ONLY', '1'), ('WINDOWPATH', '2'), ('PATH', '/opt/ros/galactic/bin:/usr/local/cuda-11.4/bin:/home/wjs/.local/bin:/usr/local/sbin:/usr/local/bin:/usr/sbin:/usr/bin:/sbin:/bin:/usr/games:/usr/local/games:/snap/bin'), ('SESSION_MANAGER', 'local/ubuntu:@/tmp/.ICE-unix/4058,unix/ubuntu:/tmp/.ICE-unix/4058'), ('INVOCATION_ID', 'da0bea70aefc4c20b47af68647634234'), ('XDG_MENU_PREFIX', 'gnome-'), ('XDG_RUNTIME_DIR', '/run/user/1000'), ('DISPLAY', ':1'), ('TERMINATOR_DBUS_PATH', '/net/tenshu/Terminator2'), ('LANG', 'en_US.UTF-8'), ('XDG_CURRENT_DESKTOP', 'ubuntu:GNOME'), ('RMW_IMPLEMENTATION', 'rmw_cyclonedds_cpp'), ('XMODIFIERS', '@im=ibus'), ('XDG_SESSION_DESKTOP', 'ubuntu'), ('XAUTHORITY', '/run/user/1000/gdm/Xauthority'), ('LS_COLORS', 'rs=0:di=01;34:ln=01;36:mh=00:pi=40;33:so=01;35:do=01;35:bd=40;33;01:cd=40;33;01:or=40;31;01:mi=00:su=37;41:sg=30;43:ca=30;41:tw=30;42:ow=34;42:st=37;44:ex=01;32:*.tar=01;31:*.tgz=01;31:*.arc=01;31:*.arj=01;31:*.taz=01;31:*.lha=01;31:*.lz4=01;31:*.lzh=01;31:*.lzma=01;31:*.tlz=01;31:*.txz=01;31:*.tzo=01;31:*.t7z=01;31:*.zip=01;31:*.z=01;31:*.dz=01;31:*.gz=01;31:*.lrz=01;31:*.lz=01;31:*.lzo=01;31:*.xz=01;31:*.zst=01;31:*.tzst=01;31:*.bz2=01;31:*.bz=01;31:*.tbz=01;31:*.tbz2=01;31:*.tz=01;31:*.deb=01;31:*.rpm=01;31:*.jar=01;31:*.war=01;31:*.ear=01;31:*.sar=01;31:*.rar=01;31:*.alz=01;31:*.ace=01;31:*.zoo=01;31:*.cpio=01;31:*.7z=01;31:*.rz=01;31:*.cab=01;31:*.wim=01;31:*.swm=01;31:*.dwm=01;31:*.esd=01;31:*.jpg=01;35:*.jpeg=01;35:*.mjpg=01;35:*.mjpeg=01;35:*.gif=01;35:*.bmp=01;35:*.pbm=01;35:*.pgm=01;35:*.ppm=01;35:*.tga=01;35:*.xbm=01;35:*.xpm=01;35:*.tif=01;35:*.tiff=01;35:*.png=01;35:*.svg=01;35:*.svgz=01;35:*.mng=01;35:*.pcx=01;35:*.mov=01;35:*.mpg=01;35:*.mpeg=01;35:*.m2v=01;35:*.mkv=01;35:*.webm=01;35:*.ogm=01;35:*.mp4=01;35:*.m4v=01;35:*.mp4v=01;35:*.vob=01;35:*.qt=01;35:*.nuv=01;35:*.wmv=01;35:*.asf=01;35:*.rm=01;35:*.rmvb=01;35:*.flc=01;35:*.avi=01;35:*.fli=01;35:*.flv=01;35:*.gl=01;35:*.dl=01;35:*.xcf=01;35:*.xwd=01;35:*.yuv=01;35:*.cgm=01;35:*.emf=01;35:*.ogv=01;35:*.ogx=01;35:*.aac=00;36:*.au=00;36:*.flac=00;36:*.m4a=00;36:*.mid=00;36:*.midi=00;36:*.mka=00;36:*.mp3=00;36:*.mpc=00;36:*.ogg=00;36:*.ra=00;36:*.wav=00;36:*.oga=00;36:*.opus=00;36:*.spx=00;36:*.xspf=00;36:'), ('JETSON_SOC', 'tegra194'), ('SSH_AUTH_SOCK', '/run/user/1000/keyring/ssh'), ('ROS_DOMAIN_ID', '35'), ('AMENT_PREFIX_PATH', '/home/wjs/cart_ros2/install:/home/wjs/tb3_tpl_ws/install:/opt/ros/galactic'), ('SHELL', '/bin/bash'), ('TERMINATOR_UUID', 'urn:uuid:1409ebbf-e917-4bfd-a3f8-4e94c2694854'), ('QT_ACCESSIBILITY', '1'), ('GDMSESSION', 'ubuntu'), ('LESSCLOSE', '/usr/bin/lesspipe %s %s'), ('GPG_AGENT_INFO', '/run/user/1000/gnupg/S.gpg-agent:0:1'), ('QT_IM_MODULE', 'ibus'), ('JETSON_CUDA_ARCH_BIN', '7.2'), ('PWD', '/home/wjs/cart_ros2/build/agv_mapping'), ('XDG_CONFIG_DIRS', '/etc/xdg/xdg-ubuntu:/etc/xdg'), ('XDG_DATA_DIRS', '/usr/share/ubuntu:/usr/local/share/:/usr/share/:/var/lib/snapd/desktop'), ('PYTHONPATH', '/opt/opencv-4.5.5-cuda/lib/python3.8/site-packages:/home/wjs/cart_ros2/build/differential_drive/src:/home/wjs/cart_ros2/build/arduino_ros2:/home/wjs/cart_ros2/build/agv_body:/home/wjs/cart_ros2/install/lib/python3.8/site-packages:/home/wjs/tb3_tpl_ws/build/turtlebot3_teleop:/home/wjs/tb3_tpl_ws/install/lib/python3.8/site-packages:/opt/ros/galactic/lib/python3.8/site-packages'), ('COLCON', '1'), ('VTE_VERSION', '6003'), ('JETSON_JETPACK', '5.1.7'), ('CMAKE_PREFIX_PATH', '/home/wjs/cart_ros2/install:/home/wjs/tb3_tpl_ws/install:/opt/ros/galactic'), ('JETSON_P_NUMBER', 'p2888-0004')]), 'shell': False}
[7.043127] (-) TimerEvent: {}
[7.144812] (-) TimerEvent: {}
[7.227147] (agv_mapping) StdoutLine: {'line': b'-- Install configuration: ""\n'}
[7.228765] (agv_mapping) StdoutLine: {'line': b'-- Execute custom install script\n'}
[7.244791] (agv_mapping) StdoutLine: {'line': b'-- Symlinking: /home/wjs/cart_ros2/install/share/agv_mapping/launch/online_async_launch.py\n'}
[7.245683] (-) TimerEvent: {}
[7.347223] (-) TimerEvent: {}
[7.349311] (agv_mapping) StdoutLine: {'line': b'-- Symlinking: /home/wjs/cart_ros2/install/share/agv_mapping/launch/online_cartographer_launch.py\n'}
[7.447487] (-) TimerEvent: {}
[7.449476] (agv_mapping) StdoutLine: {'line': b'-- Symlinking: /home/wjs/cart_ros2/install/share/agv_mapping/config/.ekf.yaml.swo\n'}
[7.548423] (-) TimerEvent: {}
[7.564460] (agv_mapping) StdoutLine: {'line': b'-- Symlinking: /home/wjs/cart_ros2/install/share/agv_mapping/config/agv_cartographer_2d.lua\n'}
[7.648632] (-) TimerEvent: {}
[7.695554] (agv_mapping) StdoutLine: {'line': b'-- Symlinking: /home/wjs/cart_ros2/install/share/agv_mapping/config/ekf.yaml\n'}
[7.734324] (roboteq_interfaces) StdoutLine: {'line': b'-- Found rosidl_default_generators: 1.1.1 (/opt/ros/galactic/share/rosidl_default_generators/cmake)\n'}
[7.748964] (-) TimerEvent: {}
[7.850269] (-) TimerEvent: {}
[7.887395] (agv_mapping) StdoutLine: {'line': b'-- Symlinking: /home/wjs/cart_ros2/install/share/agv_mapping/config/mapper_params_online_async.yaml\n'}
[7.950476] (-) TimerEvent: {}
[8.009246] (agv_mapping) StdoutLine: {'line': b'-- Symlinking: /home/wjs/cart_ros2/install/share/ament_index/resource_index/package_run_dependencies/agv_mapping\n'}
[8.050825] (-) TimerEvent: {}
[8.108566] (agv_mapping) StdoutLine: {'line': b'-- Symlinking: /home/wjs/cart_ros2/install/share/ament_index/resource_index/parent_prefix_path/agv_mapping\n'}
[8.151156] (-) TimerEvent: {}
[8.164947] (agv_mapping) StdoutLine: {'line': b'-- Symlinking: /home/wjs/cart_ros2/install/share/agv_mapping/environment/ament_prefix_path.sh\n'}
[8.251355] (-) TimerEvent: {}
[8.288426] (agv_mapping) StdoutLine: {'line': b'-- Symlinking: /home/wjs/cart_ros2/install/share/agv_mapping/environment/ament_prefix_path.dsv\n'}
[8.289370] (roboteq_interfaces) StdoutLine: {'line': b'-- Found PythonInterp: /usr/bin/python3 (found version "3.8.10") \n'}
[8.352309] (-) TimerEvent: {}
[8.404316] (agv_mapping) StdoutLine: {'line': b'-- Symlinking: /home/wjs/cart_ros2/install/share/agv_mapping/environment/path.sh\n'}
[8.452579] (-) TimerEvent: {}
[8.525399] (agv_mapping) StdoutLine: {'line': b'-- Symlinking: /home/wjs/cart_ros2/install/share/agv_mapping/environment/path.dsv\n'}
[8.557201] (-) TimerEvent: {}
[8.625362] (agv_mapping) StdoutLine: {'line': b'-- Symlinking: /home/wjs/cart_ros2/install/share/agv_mapping/local_setup.bash\n'}
[8.655509] (-) TimerEvent: {}
[8.756545] (-) TimerEvent: {}
[8.762054] (agv_mapping) StdoutLine: {'line': b'-- Symlinking: /home/wjs/cart_ros2/install/share/agv_mapping/local_setup.sh\n'}
[8.856785] (-) TimerEvent: {}
[8.872267] (agv_mapping) StdoutLine: {'line': b'-- Symlinking: /home/wjs/cart_ros2/install/share/agv_mapping/local_setup.zsh\n'}
[8.924399] (agv_mapping) StdoutLine: {'line': b'-- Symlinking: /home/wjs/cart_ros2/install/share/agv_mapping/local_setup.dsv\n'}
[8.957032] (-) TimerEvent: {}
[8.973749] (agv_mapping) StdoutLine: {'line': b'-- Symlinking: /home/wjs/cart_ros2/install/share/agv_mapping/package.dsv\n'}
[9.025528] (agv_mapping) StdoutLine: {'line': b'-- Symlinking: /home/wjs/cart_ros2/install/share/ament_index/resource_index/packages/agv_mapping\n'}
[9.057306] (-) TimerEvent: {}
[9.150311] (agv_mapping) StdoutLine: {'line': b'-- Symlinking: /home/wjs/cart_ros2/install/share/agv_mapping/cmake/agv_mappingConfig.cmake\n'}
[9.157791] (-) TimerEvent: {}
[9.171290] (agv_body) StdoutLine: {'line': b'running egg_info\n'}
[9.173456] (agv_body) StdoutLine: {'line': b'creating agv_body.egg-info\n'}
[9.176897] (agv_body) StdoutLine: {'line': b'writing agv_body.egg-info/PKG-INFO\n'}
[9.178366] (agv_body) StdoutLine: {'line': b'writing dependency_links to agv_body.egg-info/dependency_links.txt\n'}
[9.180143] (agv_body) StdoutLine: {'line': b'writing entry points to agv_body.egg-info/entry_points.txt\n'}
[9.182297] (agv_body) StdoutLine: {'line': b'writing requirements to agv_body.egg-info/requires.txt\n'}
[9.187877] (agv_body) StdoutLine: {'line': b'writing top-level names to agv_body.egg-info/top_level.txt\n'}
[9.212685] (agv_body) StdoutLine: {'line': b"writing manifest file 'agv_body.egg-info/SOURCES.txt'\n"}
[9.248336] (agv_mapping) StdoutLine: {'line': b'-- Symlinking: /home/wjs/cart_ros2/install/share/agv_mapping/cmake/agv_mappingConfig-version.cmake\n'}
[9.258080] (-) TimerEvent: {}
[9.359061] (-) TimerEvent: {}
[9.386811] (agv_mapping) StdoutLine: {'line': b'-- Symlinking: /home/wjs/cart_ros2/install/share/agv_mapping/package.xml\n'}
[9.459391] (-) TimerEvent: {}
[9.560723] (-) TimerEvent: {}
[9.646550] (agv_mapping) CommandEnded: {'returncode': 0}
[9.661251] (-) TimerEvent: {}
[9.670580] (agv_body) StdoutLine: {'line': b"reading manifest file 'agv_body.egg-info/SOURCES.txt'\n"}
[9.709717] (agv_body) StdoutLine: {'line': b"writing manifest file 'agv_body.egg-info/SOURCES.txt'\n"}
[9.761472] (-) TimerEvent: {}
[9.856461] (agv_mapping) JobEnded: {'identifier': 'agv_mapping', 'rc': 0}
[9.859884] (arduino_ros2) JobStarted: {'identifier': 'arduino_ros2'}
[9.861736] (-) TimerEvent: {}
[9.962785] (-) TimerEvent: {}
[10.069062] (-) TimerEvent: {}
[10.094308] (serial) StdoutLine: {'line': b'[100%] \x1b[32m\x1b[1mLinking CXX static library libserial.a\x1b[0m\n'}
[10.169109] (-) TimerEvent: {}
[10.270348] (-) TimerEvent: {}
[10.297676] (agv_body) StdoutLine: {'line': b'running build_ext\n'}
[10.306715] (agv_body) StdoutLine: {'line': b'Creating /home/wjs/cart_ros2/install/lib/python3.8/site-packages/site.py\n'}
[10.323716] (agv_body) StdoutLine: {'line': b'Creating /home/wjs/cart_ros2/install/lib/python3.8/site-packages/agv-body.egg-link (link to .)\n'}
[10.327235] (agv_body) StdoutLine: {'line': b'\n'}
[10.327842] (agv_body) StdoutLine: {'line': b'Installed /home/wjs/cart_ros2/build/agv_body\n'}
[10.328152] (agv_body) StdoutLine: {'line': b'running symlink_data\n'}
[10.328661] (agv_body) StdoutLine: {'line': b'symbolically linking /home/wjs/cart_ros2/build/agv_body/resource/agv_body -> /home/wjs/cart_ros2/install/share/ament_index/resource_index/packages\n'}
[10.329047] (agv_body) StdoutLine: {'line': b'symbolically linking /home/wjs/cart_ros2/build/agv_body/package.xml -> /home/wjs/cart_ros2/install/share/agv_body\n'}
[10.329453] (agv_body) StdoutLine: {'line': b'symbolically linking /home/wjs/cart_ros2/build/agv_body/launch/agv_body.launch.py -> /home/wjs/cart_ros2/install/share/agv_body\n'}
[10.329964] (agv_body) StdoutLine: {'line': b'symbolically linking /home/wjs/cart_ros2/build/agv_body/launch/agv_body.launch (copy).py -> /home/wjs/cart_ros2/install/share/agv_body\n'}
[10.330283] (agv_body) StdoutLine: {'line': b'symbolically linking /home/wjs/cart_ros2/build/agv_body/urdf/cart_body.dae -> /home/wjs/cart_ros2/install/share/agv_body\n'}
[10.330556] (agv_body) StdoutLine: {'line': b'symbolically linking /home/wjs/cart_ros2/build/agv_body/urdf/AGV_v6.urdf.bak_20260203_144315 -> /home/wjs/cart_ros2/install/share/agv_body\n'}
[10.331004] (agv_body) StdoutLine: {'line': b'symbolically linking /home/wjs/cart_ros2/build/agv_body/urdf/AGV_v6.urdf -> /home/wjs/cart_ros2/install/share/agv_body\n'}
[10.331269] (agv_body) StdoutLine: {'line': b'symbolically linking /home/wjs/cart_ros2/build/agv_body/urdf/cart_body.rviz -> /home/wjs/cart_ros2/install/share/agv_body\n'}
[10.370603] (-) TimerEvent: {}
[10.471707] (-) TimerEvent: {}
[10.524725] (serial) StdoutLine: {'line': b'[100%] Built target serial\n'}
[10.571978] (-) TimerEvent: {}
[10.673864] (-) TimerEvent: {}
[10.742322] (roboteq_interfaces) StdoutLine: {'line': b'-- Found ament_cmake_ros: 0.9.2 (/opt/ros/galactic/share/ament_cmake_ros/cmake)\n'}
[10.774117] (-) TimerEvent: {}
[10.875118] (-) TimerEvent: {}
[10.976757] (-) TimerEvent: {}
[11.077791] (-) TimerEvent: {}
[11.180479] (-) TimerEvent: {}
[11.283250] (-) TimerEvent: {}
[11.384359] (-) TimerEvent: {}
[11.485545] (-) TimerEvent: {}
[11.586624] (-) TimerEvent: {}
[11.687751] (-) TimerEvent: {}
[11.792648] (-) TimerEvent: {}
[11.830820] (agv_body) CommandEnded: {'returncode': 0}
[11.893415] (-) TimerEvent: {}
[11.897851] (agv_body) JobEnded: {'identifier': 'agv_body', 'rc': 0}
[11.901933] (serial) CommandEnded: {'returncode': 0}
[11.903469] (serial) JobProgress: {'identifier': 'serial', 'progress': 'install'}
[11.912565] (serial) Command: {'cmd': ['/usr/bin/cmake', '--install', '/home/wjs/cart_ros2/build/serial'], 'cwd': '/home/wjs/cart_ros2/build/serial', 'env': OrderedDict([('LESSOPEN', '| /usr/bin/lesspipe %s'), ('USER', 'wjs'), ('SSH_AGENT_PID', '4023'), ('XDG_SESSION_TYPE', 'x11'), ('PIP_CACHE_DIR', '/mnt/sdcard/.cache/pip'), ('XDG_CACHE_HOME', '/mnt/sdcard/.cache'), ('SHLVL', '1'), ('LD_LIBRARY_PATH', '/opt/opencv-4.5.5-cuda/lib:/home/wjs/cart_ros2/install/lib:/home/wjs/tb3_tpl_ws/install/lib:/opt/ros/galactic/opt/yaml_cpp_vendor/lib:/opt/ros/galactic/opt/rviz_ogre_vendor/lib:/opt/ros/galactic/lib/aarch64-linux-gnu:/opt/ros/galactic/lib:/usr/local/cuda-11.4/lib64:'), ('HOME', '/home/wjs'), ('CYCLONEDDS_URI', 'file:///home/wjs/cyclonedds_lo.xml'), ('OLDPWD', '/home/wjs'), ('DESKTOP_SESSION', 'ubuntu'), ('JETSON_L4T', '35.6.3'), ('ROS_PYTHON_VERSION', '3'), ('GNOME_SHELL_SESSION_MODE', 'ubuntu'), ('GTK_MODULES', 'gail:atk-bridge'), ('JETSON_MODEL', 'Jetson-AGX'), ('MANAGERPID', '3877'), ('DBUS_SESSION_BUS_ADDRESS', 'unix:path=/run/user/1000/bus'), ('COLORTERM', 'truecolor'), ('TERMINATOR_DBUS_NAME', 'net.tenshu.Terminator23558193cd9818af7fe4d2c2f5bd9d00f'), ('GIO_LAUNCHED_DESKTOP_FILE_PID', '6835'), ('IM_CONFIG_PHASE', '1'), ('TMPDIR', '/mnt/sdcard/tmp'), ('COLCON_PREFIX_PATH', '/home/wjs/tb3_tpl_ws/install:/home/wjs/cart_ros2/install'), ('TORCH_HOME', '/mnt/sdcard/.cache/torch'), ('ROS_DISTRO', 'galactic'), ('LOGNAME', 'wjs'), ('JETSON_MODULE', 'NVIDIA Jetson AGX Xavier (32 GB ram)'), ('JETSON_SERIAL_NUMBER', '1423420009543'), ('JOURNAL_STREAM', '8:75457'), ('_', '/usr/bin/colcon'), ('ROS_VERSION', '2'), ('JETSON_CODENAME', 'Galen'), ('XDG_SESSION_CLASS', 'user'), ('USERNAME', 'wjs'), ('TERM', 'xterm-256color'), ('GNOME_DESKTOP_SESSION_ID', 'this-is-deprecated'), ('ROS_LOCALHOST_ONLY', '1'), ('WINDOWPATH', '2'), ('PATH', '/opt/ros/galactic/bin:/usr/local/cuda-11.4/bin:/home/wjs/.local/bin:/usr/local/sbin:/usr/local/bin:/usr/sbin:/usr/bin:/sbin:/bin:/usr/games:/usr/local/games:/snap/bin'), ('SESSION_MANAGER', 'local/ubuntu:@/tmp/.ICE-unix/4058,unix/ubuntu:/tmp/.ICE-unix/4058'), ('INVOCATION_ID', 'da0bea70aefc4c20b47af68647634234'), ('XDG_MENU_PREFIX', 'gnome-'), ('XDG_RUNTIME_DIR', '/run/user/1000'), ('DISPLAY', ':1'), ('TERMINATOR_DBUS_PATH', '/net/tenshu/Terminator2'), ('LANG', 'en_US.UTF-8'), ('XDG_CURRENT_DESKTOP', 'ubuntu:GNOME'), ('RMW_IMPLEMENTATION', 'rmw_cyclonedds_cpp'), ('XMODIFIERS', '@im=ibus'), ('XDG_SESSION_DESKTOP', 'ubuntu'), ('XAUTHORITY', '/run/user/1000/gdm/Xauthority'), ('LS_COLORS', 'rs=0:di=01;34:ln=01;36:mh=00:pi=40;33:so=01;35:do=01;35:bd=40;33;01:cd=40;33;01:or=40;31;01:mi=00:su=37;41:sg=30;43:ca=30;41:tw=30;42:ow=34;42:st=37;44:ex=01;32:*.tar=01;31:*.tgz=01;31:*.arc=01;31:*.arj=01;31:*.taz=01;31:*.lha=01;31:*.lz4=01;31:*.lzh=01;31:*.lzma=01;31:*.tlz=01;31:*.txz=01;31:*.tzo=01;31:*.t7z=01;31:*.zip=01;31:*.z=01;31:*.dz=01;31:*.gz=01;31:*.lrz=01;31:*.lz=01;31:*.lzo=01;31:*.xz=01;31:*.zst=01;31:*.tzst=01;31:*.bz2=01;31:*.bz=01;31:*.tbz=01;31:*.tbz2=01;31:*.tz=01;31:*.deb=01;31:*.rpm=01;31:*.jar=01;31:*.war=01;31:*.ear=01;31:*.sar=01;31:*.rar=01;31:*.alz=01;31:*.ace=01;31:*.zoo=01;31:*.cpio=01;31:*.7z=01;31:*.rz=01;31:*.cab=01;31:*.wim=01;31:*.swm=01;31:*.dwm=01;31:*.esd=01;31:*.jpg=01;35:*.jpeg=01;35:*.mjpg=01;35:*.mjpeg=01;35:*.gif=01;35:*.bmp=01;35:*.pbm=01;35:*.pgm=01;35:*.ppm=01;35:*.tga=01;35:*.xbm=01;35:*.xpm=01;35:*.tif=01;35:*.tiff=01;35:*.png=01;35:*.svg=01;35:*.svgz=01;35:*.mng=01;35:*.pcx=01;35:*.mov=01;35:*.mpg=01;35:*.mpeg=01;35:*.m2v=01;35:*.mkv=01;35:*.webm=01;35:*.ogm=01;35:*.mp4=01;35:*.m4v=01;35:*.mp4v=01;35:*.vob=01;35:*.qt=01;35:*.nuv=01;35:*.wmv=01;35:*.asf=01;35:*.rm=01;35:*.rmvb=01;35:*.flc=01;35:*.avi=01;35:*.fli=01;35:*.flv=01;35:*.gl=01;35:*.dl=01;35:*.xcf=01;35:*.xwd=01;35:*.yuv=01;35:*.cgm=01;35:*.emf=01;35:*.ogv=01;35:*.ogx=01;35:*.aac=00;36:*.au=00;36:*.flac=00;36:*.m4a=00;36:*.mid=00;36:*.midi=00;36:*.mka=00;36:*.mp3=00;36:*.mpc=00;36:*.ogg=00;36:*.ra=00;36:*.wav=00;36:*.oga=00;36:*.opus=00;36:*.spx=00;36:*.xspf=00;36:'), ('JETSON_SOC', 'tegra194'), ('SSH_AUTH_SOCK', '/run/user/1000/keyring/ssh'), ('ROS_DOMAIN_ID', '35'), ('AMENT_PREFIX_PATH', '/home/wjs/cart_ros2/install:/home/wjs/tb3_tpl_ws/install:/opt/ros/galactic'), ('SHELL', '/bin/bash'), ('TERMINATOR_UUID', 'urn:uuid:1409ebbf-e917-4bfd-a3f8-4e94c2694854'), ('QT_ACCESSIBILITY', '1'), ('GDMSESSION', 'ubuntu'), ('LESSCLOSE', '/usr/bin/lesspipe %s %s'), ('GPG_AGENT_INFO', '/run/user/1000/gnupg/S.gpg-agent:0:1'), ('QT_IM_MODULE', 'ibus'), ('JETSON_CUDA_ARCH_BIN', '7.2'), ('PWD', '/home/wjs/cart_ros2/build/serial'), ('XDG_CONFIG_DIRS', '/etc/xdg/xdg-ubuntu:/etc/xdg'), ('XDG_DATA_DIRS', '/usr/share/ubuntu:/usr/local/share/:/usr/share/:/var/lib/snapd/desktop'), ('PYTHONPATH', '/opt/opencv-4.5.5-cuda/lib/python3.8/site-packages:/home/wjs/cart_ros2/build/differential_drive/src:/home/wjs/cart_ros2/build/arduino_ros2:/home/wjs/cart_ros2/build/agv_body:/home/wjs/cart_ros2/install/lib/python3.8/site-packages:/home/wjs/tb3_tpl_ws/build/turtlebot3_teleop:/home/wjs/tb3_tpl_ws/install/lib/python3.8/site-packages:/opt/ros/galactic/lib/python3.8/site-packages'), ('COLCON', '1'), ('VTE_VERSION', '6003'), ('JETSON_JETPACK', '5.1.7'), ('CMAKE_PREFIX_PATH', '/home/wjs/cart_ros2/install:/home/wjs/tb3_tpl_ws/install:/opt/ros/galactic'), ('JETSON_P_NUMBER', 'p2888-0004')]), 'shell': False}
[11.926774] (differential_drive) JobStarted: {'identifier': 'differential_drive'}
[12.009266] (serial) StdoutLine: {'line': b'-- Install configuration: ""\n'}
[12.010776] (-) TimerEvent: {}
[12.015984] (serial) StdoutLine: {'line': b'-- Execute custom install script\n'}
[12.019533] (serial) StdoutLine: {'line': b'-- Symlinking: /home/wjs/cart_ros2/install/share/serial/environment/library_path.sh\n'}
[12.025383] (roboteq_interfaces) StdoutLine: {'line': b'-- Using all available rosidl_typesupport_c: rosidl_typesupport_fastrtps_c;rosidl_typesupport_introspection_c\n'}
[12.076654] (serial) StdoutLine: {'line': b'-- Symlinking: /home/wjs/cart_ros2/install/share/serial/environment/library_path.dsv\n'}
[12.121717] (-) TimerEvent: {}
[12.189866] (serial) StdoutLine: {'line': b'-- Symlinking: /home/wjs/cart_ros2/install/lib/libserial.a\n'}
[12.221998] (-) TimerEvent: {}
[12.319716] (serial) StdoutLine: {'line': b'-- Symlinking: /home/wjs/cart_ros2/install/include/serial/serial.h\n'}
[12.325390] (-) TimerEvent: {}
[12.426919] (-) TimerEvent: {}
[12.439100] (serial) StdoutLine: {'line': b'-- Symlinking: /home/wjs/cart_ros2/install/include/serial/v8stdint.h\n'}
[12.527217] (-) TimerEvent: {}
[12.558799] (serial) StdoutLine: {'line': b'-- Symlinking: /home/wjs/cart_ros2/install/share/ament_index/resource_index/package_run_dependencies/serial\n'}
[12.581413] (roboteq_interfaces) StdoutLine: {'line': b'-- Using all available rosidl_typesupport_cpp: rosidl_typesupport_fastrtps_cpp;rosidl_typesupport_introspection_cpp\n'}
[12.625578] (serial) StdoutLine: {'line': b'-- Symlinking: /home/wjs/cart_ros2/install/share/ament_index/resource_index/parent_prefix_path/serial\n'}
[12.627399] (-) TimerEvent: {}
[12.679036] (serial) StdoutLine: {'line': b'-- Symlinking: /home/wjs/cart_ros2/install/share/serial/environment/ament_prefix_path.sh\n'}
[12.727772] (-) TimerEvent: {}
[12.734788] (serial) StdoutLine: {'line': b'-- Symlinking: /home/wjs/cart_ros2/install/share/serial/environment/ament_prefix_path.dsv\n'}
[12.814635] (roboteq_interfaces) StdoutLine: {'line': b'-- Found PythonInterp: /usr/bin/python3 (found suitable version "3.8.10", minimum required is "3.5") \n'}
[12.828103] (-) TimerEvent: {}
[12.832680] (serial) StdoutLine: {'line': b'-- Symlinking: /home/wjs/cart_ros2/install/share/serial/environment/path.sh\n'}
[12.844789] (roboteq_interfaces) StdoutLine: {'line': b'-- Found python_cmake_module: 0.8.1 (/opt/ros/galactic/share/python_cmake_module/cmake)\n'}
[12.928336] (-) TimerEvent: {}
[12.954544] (serial) StdoutLine: {'line': b'-- Symlinking: /home/wjs/cart_ros2/install/share/serial/environment/path.dsv\n'}
[13.028577] (-) TimerEvent: {}
[13.036363] (serial) StdoutLine: {'line': b'-- Symlinking: /home/wjs/cart_ros2/install/share/serial/local_setup.bash\n'}
[13.088683] (roboteq_interfaces) StdoutLine: {'line': b'-- Found PythonLibs: /usr/lib/aarch64-linux-gnu/libpython3.8.so (found suitable version "3.8.10", minimum required is "3.5") \n'}
[13.094044] (roboteq_interfaces) StdoutLine: {'line': b'-- Using PYTHON_EXECUTABLE: /usr/bin/python3\n'}
[13.094700] (roboteq_interfaces) StdoutLine: {'line': b'-- Using PYTHON_INCLUDE_DIRS: /usr/include/python3.8\n'}
[13.095032] (roboteq_interfaces) StdoutLine: {'line': b'-- Using PYTHON_LIBRARIES: /usr/lib/aarch64-linux-gnu/libpython3.8.so\n'}
[13.111538] (serial) StdoutLine: {'line': b'-- Symlinking: /home/wjs/cart_ros2/install/share/serial/local_setup.sh\n'}
[13.128888] (-) TimerEvent: {}
[13.177597] (serial) StdoutLine: {'line': b'-- Symlinking: /home/wjs/cart_ros2/install/share/serial/local_setup.zsh\n'}
[13.229111] (-) TimerEvent: {}
[13.248834] (serial) StdoutLine: {'line': b'-- Symlinking: /home/wjs/cart_ros2/install/share/serial/local_setup.dsv\n'}
[13.329437] (-) TimerEvent: {}
[13.337207] (roboteq_interfaces) StdoutLine: {'line': b'-- Found PythonExtra: .so  \n'}
[13.369747] (serial) StdoutLine: {'line': b'-- Symlinking: /home/wjs/cart_ros2/install/share/serial/package.dsv\n'}
[13.423560] (serial) StdoutLine: {'line': b'-- Symlinking: /home/wjs/cart_ros2/install/share/ament_index/resource_index/packages/serial\n'}
[13.429646] (-) TimerEvent: {}
[13.475509] (serial) StdoutLine: {'line': b'-- Symlinking: /home/wjs/cart_ros2/install/share/serial/cmake/ament_cmake_export_include_directories-extras.cmake\n'}
[13.522234] (serial) StdoutLine: {'line': b'-- Symlinking: /home/wjs/cart_ros2/install/share/serial/cmake/ament_cmake_export_libraries-extras.cmake\n'}
[13.529848] (-) TimerEvent: {}
[13.570713] (serial) StdoutLine: {'line': b'-- Symlinking: /home/wjs/cart_ros2/install/share/serial/cmake/serialConfig.cmake\n'}
[13.620686] (serial) StdoutLine: {'line': b'-- Symlinking: /home/wjs/cart_ros2/install/share/serial/cmake/serialConfig-version.cmake\n'}
[13.630168] (-) TimerEvent: {}
[13.671053] (serial) StdoutLine: {'line': b'-- Symlinking: /home/wjs/cart_ros2/install/share/serial/package.xml\n'}
[13.731356] (-) TimerEvent: {}
[13.774170] (serial) CommandEnded: {'returncode': 0}
[13.797212] (roboteq_interfaces) StdoutLine: {'line': b'-- Found ament_lint_auto: 0.10.7 (/opt/ros/galactic/share/ament_lint_auto/cmake)\n'}
[13.832649] (-) TimerEvent: {}
[13.863787] (serial) JobEnded: {'identifier': 'serial', 'rc': 0}
[13.875111] (ira_laser_tools) JobStarted: {'identifier': 'ira_laser_tools'}
[13.934566] (-) TimerEvent: {}
[13.939177] (roboteq_interfaces) StdoutLine: {'line': b"-- Added test 'copyright' to check source files copyright and LICENSE\n"}
[13.958278] (roboteq_interfaces) StdoutLine: {'line': b"-- Added test 'lint_cmake' to check CMake code style\n"}
[13.970777] (roboteq_interfaces) StdoutLine: {'line': b"-- Added test 'xmllint' to check XML markup files\n"}
[13.972569] (ira_laser_tools) JobProgress: {'identifier': 'ira_laser_tools', 'progress': 'cmake'}
[13.975038] (ira_laser_tools) Command: {'cmd': ['/usr/bin/cmake', '/home/wjs/cart_ros2/src/ira_laser_tools', '-DAMENT_CMAKE_SYMLINK_INSTALL=1', '-DCMAKE_INSTALL_PREFIX=/home/wjs/cart_ros2/install'], 'cwd': '/home/wjs/cart_ros2/build/ira_laser_tools', 'env': OrderedDict([('LESSOPEN', '| /usr/bin/lesspipe %s'), ('USER', 'wjs'), ('SSH_AGENT_PID', '4023'), ('XDG_SESSION_TYPE', 'x11'), ('PIP_CACHE_DIR', '/mnt/sdcard/.cache/pip'), ('XDG_CACHE_HOME', '/mnt/sdcard/.cache'), ('SHLVL', '1'), ('LD_LIBRARY_PATH', '/opt/opencv-4.5.5-cuda/lib:/home/wjs/cart_ros2/install/lib:/home/wjs/tb3_tpl_ws/install/lib:/opt/ros/galactic/opt/yaml_cpp_vendor/lib:/opt/ros/galactic/opt/rviz_ogre_vendor/lib:/opt/ros/galactic/lib/aarch64-linux-gnu:/opt/ros/galactic/lib:/usr/local/cuda-11.4/lib64:'), ('HOME', '/home/wjs'), ('CYCLONEDDS_URI', 'file:///home/wjs/cyclonedds_lo.xml'), ('OLDPWD', '/home/wjs'), ('DESKTOP_SESSION', 'ubuntu'), ('JETSON_L4T', '35.6.3'), ('ROS_PYTHON_VERSION', '3'), ('GNOME_SHELL_SESSION_MODE', 'ubuntu'), ('GTK_MODULES', 'gail:atk-bridge'), ('JETSON_MODEL', 'Jetson-AGX'), ('MANAGERPID', '3877'), ('DBUS_SESSION_BUS_ADDRESS', 'unix:path=/run/user/1000/bus'), ('COLORTERM', 'truecolor'), ('TERMINATOR_DBUS_NAME', 'net.tenshu.Terminator23558193cd9818af7fe4d2c2f5bd9d00f'), ('GIO_LAUNCHED_DESKTOP_FILE_PID', '6835'), ('IM_CONFIG_PHASE', '1'), ('TMPDIR', '/mnt/sdcard/tmp'), ('COLCON_PREFIX_PATH', '/home/wjs/tb3_tpl_ws/install:/home/wjs/cart_ros2/install'), ('TORCH_HOME', '/mnt/sdcard/.cache/torch'), ('ROS_DISTRO', 'galactic'), ('LOGNAME', 'wjs'), ('JETSON_MODULE', 'NVIDIA Jetson AGX Xavier (32 GB ram)'), ('JETSON_SERIAL_NUMBER', '1423420009543'), ('JOURNAL_STREAM', '8:75457'), ('_', '/usr/bin/colcon'), ('ROS_VERSION', '2'), ('JETSON_CODENAME', 'Galen'), ('XDG_SESSION_CLASS', 'user'), ('USERNAME', 'wjs'), ('TERM', 'xterm-256color'), ('GNOME_DESKTOP_SESSION_ID', 'this-is-deprecated'), ('ROS_LOCALHOST_ONLY', '1'), ('WINDOWPATH', '2'), ('PATH', '/opt/ros/galactic/bin:/usr/local/cuda-11.4/bin:/home/wjs/.local/bin:/usr/local/sbin:/usr/local/bin:/usr/sbin:/usr/bin:/sbin:/bin:/usr/games:/usr/local/games:/snap/bin'), ('SESSION_MANAGER', 'local/ubuntu:@/tmp/.ICE-unix/4058,unix/ubuntu:/tmp/.ICE-unix/4058'), ('INVOCATION_ID', 'da0bea70aefc4c20b47af68647634234'), ('XDG_MENU_PREFIX', 'gnome-'), ('XDG_RUNTIME_DIR', '/run/user/1000'), ('DISPLAY', ':1'), ('TERMINATOR_DBUS_PATH', '/net/tenshu/Terminator2'), ('LANG', 'en_US.UTF-8'), ('XDG_CURRENT_DESKTOP', 'ubuntu:GNOME'), ('RMW_IMPLEMENTATION', 'rmw_cyclonedds_cpp'), ('XMODIFIERS', '@im=ibus'), ('XDG_SESSION_DESKTOP', 'ubuntu'), ('XAUTHORITY', '/run/user/1000/gdm/Xauthority'), ('LS_COLORS', 'rs=0:di=01;34:ln=01;36:mh=00:pi=40;33:so=01;35:do=01;35:bd=40;33;01:cd=40;33;01:or=40;31;01:mi=00:su=37;41:sg=30;43:ca=30;41:tw=30;42:ow=34;42:st=37;44:ex=01;32:*.tar=01;31:*.tgz=01;31:*.arc=01;31:*.arj=01;31:*.taz=01;31:*.lha=01;31:*.lz4=01;31:*.lzh=01;31:*.lzma=01;31:*.tlz=01;31:*.txz=01;31:*.tzo=01;31:*.t7z=01;31:*.zip=01;31:*.z=01;31:*.dz=01;31:*.gz=01;31:*.lrz=01;31:*.lz=01;31:*.lzo=01;31:*.xz=01;31:*.zst=01;31:*.tzst=01;31:*.bz2=01;31:*.bz=01;31:*.tbz=01;31:*.tbz2=01;31:*.tz=01;31:*.deb=01;31:*.rpm=01;31:*.jar=01;31:*.war=01;31:*.ear=01;31:*.sar=01;31:*.rar=01;31:*.alz=01;31:*.ace=01;31:*.zoo=01;31:*.cpio=01;31:*.7z=01;31:*.rz=01;31:*.cab=01;31:*.wim=01;31:*.swm=01;31:*.dwm=01;31:*.esd=01;31:*.jpg=01;35:*.jpeg=01;35:*.mjpg=01;35:*.mjpeg=01;35:*.gif=01;35:*.bmp=01;35:*.pbm=01;35:*.pgm=01;35:*.ppm=01;35:*.tga=01;35:*.xbm=01;35:*.xpm=01;35:*.tif=01;35:*.tiff=01;35:*.png=01;35:*.svg=01;35:*.svgz=01;35:*.mng=01;35:*.pcx=01;35:*.mov=01;35:*.mpg=01;35:*.mpeg=01;35:*.m2v=01;35:*.mkv=01;35:*.webm=01;35:*.ogm=01;35:*.mp4=01;35:*.m4v=01;35:*.mp4v=01;35:*.vob=01;35:*.qt=01;35:*.nuv=01;35:*.wmv=01;35:*.asf=01;35:*.rm=01;35:*.rmvb=01;35:*.flc=01;35:*.avi=01;35:*.fli=01;35:*.flv=01;35:*.gl=01;35:*.dl=01;35:*.xcf=01;35:*.xwd=01;35:*.yuv=01;35:*.cgm=01;35:*.emf=01;35:*.ogv=01;35:*.ogx=01;35:*.aac=00;36:*.au=00;36:*.flac=00;36:*.m4a=00;36:*.mid=00;36:*.midi=00;36:*.mka=00;36:*.mp3=00;36:*.mpc=00;36:*.ogg=00;36:*.ra=00;36:*.wav=00;36:*.oga=00;36:*.opus=00;36:*.spx=00;36:*.xspf=00;36:'), ('JETSON_SOC', 'tegra194'), ('SSH_AUTH_SOCK', '/run/user/1000/keyring/ssh'), ('ROS_DOMAIN_ID', '35'), ('AMENT_PREFIX_PATH', '/home/wjs/cart_ros2/install:/home/wjs/tb3_tpl_ws/install:/opt/ros/galactic'), ('SHELL', '/bin/bash'), ('TERMINATOR_UUID', 'urn:uuid:1409ebbf-e917-4bfd-a3f8-4e94c2694854'), ('QT_ACCESSIBILITY', '1'), ('GDMSESSION', 'ubuntu'), ('LESSCLOSE', '/usr/bin/lesspipe %s %s'), ('GPG_AGENT_INFO', '/run/user/1000/gnupg/S.gpg-agent:0:1'), ('QT_IM_MODULE', 'ibus'), ('JETSON_CUDA_ARCH_BIN', '7.2'), ('PWD', '/home/wjs/cart_ros2/build/ira_laser_tools'), ('XDG_CONFIG_DIRS', '/etc/xdg/xdg-ubuntu:/etc/xdg'), ('XDG_DATA_DIRS', '/usr/share/ubuntu:/usr/local/share/:/usr/share/:/var/lib/snapd/desktop'), ('PYTHONPATH', '/opt/opencv-4.5.5-cuda/lib/python3.8/site-packages:/home/wjs/cart_ros2/build/differential_drive/src:/home/wjs/cart_ros2/build/arduino_ros2:/home/wjs/cart_ros2/build/agv_body:/home/wjs/cart_ros2/install/lib/python3.8/site-packages:/home/wjs/tb3_tpl_ws/build/turtlebot3_teleop:/home/wjs/tb3_tpl_ws/install/lib/python3.8/site-packages:/opt/ros/galactic/lib/python3.8/site-packages'), ('COLCON', '1'), ('VTE_VERSION', '6003'), ('JETSON_JETPACK', '5.1.7'), ('CMAKE_PREFIX_PATH', '/home/wjs/cart_ros2/install:/home/wjs/tb3_tpl_ws/install:/opt/ros/galactic'), ('JETSON_P_NUMBER', 'p2888-0004')]), 'shell': False}
[14.031983] (roboteq_interfaces) StdoutLine: {'line': b'-- Configuring done\n'}
[14.034395] (-) TimerEvent: {}
[14.135695] (-) TimerEvent: {}
[14.236505] (-) TimerEvent: {}
[14.345703] (-) TimerEvent: {}
[14.473032] (-) TimerEvent: {}
[14.498652] (roboteq_interfaces) StdoutLine: {'line': b'-- Generating done\n'}
[14.573280] (-) TimerEvent: {}
[14.630300] (roboteq_interfaces) StdoutLine: {'line': b'-- Build files have been written to: /home/wjs/cart_ros2/build/roboteq_interfaces\n'}
[14.651641] (ira_laser_tools) StdoutLine: {'line': b'-- The C compiler identification is GNU 10.5.0\n'}
[14.673500] (-) TimerEvent: {}
[14.722909] (roboteq_interfaces) CommandEnded: {'returncode': 0}
[14.743286] (roboteq_interfaces) JobProgress: {'identifier': 'roboteq_interfaces', 'progress': 'build'}
[14.743876] (roboteq_interfaces) Command: {'cmd': ['/usr/bin/cmake', '--build', '/home/wjs/cart_ros2/build/roboteq_interfaces', '--', '-j4', '-l4'], 'cwd': '/home/wjs/cart_ros2/build/roboteq_interfaces', 'env': OrderedDict([('LESSOPEN', '| /usr/bin/lesspipe %s'), ('USER', 'wjs'), ('SSH_AGENT_PID', '4023'), ('XDG_SESSION_TYPE', 'x11'), ('PIP_CACHE_DIR', '/mnt/sdcard/.cache/pip'), ('XDG_CACHE_HOME', '/mnt/sdcard/.cache'), ('SHLVL', '1'), ('LD_LIBRARY_PATH', '/opt/opencv-4.5.5-cuda/lib:/home/wjs/cart_ros2/install/lib:/home/wjs/tb3_tpl_ws/install/lib:/opt/ros/galactic/opt/yaml_cpp_vendor/lib:/opt/ros/galactic/opt/rviz_ogre_vendor/lib:/opt/ros/galactic/lib/aarch64-linux-gnu:/opt/ros/galactic/lib:/usr/local/cuda-11.4/lib64:'), ('HOME', '/home/wjs'), ('CYCLONEDDS_URI', 'file:///home/wjs/cyclonedds_lo.xml'), ('OLDPWD', '/home/wjs'), ('DESKTOP_SESSION', 'ubuntu'), ('JETSON_L4T', '35.6.3'), ('ROS_PYTHON_VERSION', '3'), ('GNOME_SHELL_SESSION_MODE', 'ubuntu'), ('GTK_MODULES', 'gail:atk-bridge'), ('JETSON_MODEL', 'Jetson-AGX'), ('MANAGERPID', '3877'), ('DBUS_SESSION_BUS_ADDRESS', 'unix:path=/run/user/1000/bus'), ('COLORTERM', 'truecolor'), ('TERMINATOR_DBUS_NAME', 'net.tenshu.Terminator23558193cd9818af7fe4d2c2f5bd9d00f'), ('GIO_LAUNCHED_DESKTOP_FILE_PID', '6835'), ('IM_CONFIG_PHASE', '1'), ('TMPDIR', '/mnt/sdcard/tmp'), ('COLCON_PREFIX_PATH', '/home/wjs/tb3_tpl_ws/install:/home/wjs/cart_ros2/install'), ('TORCH_HOME', '/mnt/sdcard/.cache/torch'), ('ROS_DISTRO', 'galactic'), ('LOGNAME', 'wjs'), ('JETSON_MODULE', 'NVIDIA Jetson AGX Xavier (32 GB ram)'), ('JETSON_SERIAL_NUMBER', '1423420009543'), ('JOURNAL_STREAM', '8:75457'), ('_', '/usr/bin/colcon'), ('ROS_VERSION', '2'), ('JETSON_CODENAME', 'Galen'), ('XDG_SESSION_CLASS', 'user'), ('USERNAME', 'wjs'), ('TERM', 'xterm-256color'), ('GNOME_DESKTOP_SESSION_ID', 'this-is-deprecated'), ('ROS_LOCALHOST_ONLY', '1'), ('WINDOWPATH', '2'), ('PATH', '/opt/ros/galactic/bin:/usr/local/cuda-11.4/bin:/home/wjs/.local/bin:/usr/local/sbin:/usr/local/bin:/usr/sbin:/usr/bin:/sbin:/bin:/usr/games:/usr/local/games:/snap/bin'), ('SESSION_MANAGER', 'local/ubuntu:@/tmp/.ICE-unix/4058,unix/ubuntu:/tmp/.ICE-unix/4058'), ('INVOCATION_ID', 'da0bea70aefc4c20b47af68647634234'), ('XDG_MENU_PREFIX', 'gnome-'), ('XDG_RUNTIME_DIR', '/run/user/1000'), ('DISPLAY', ':1'), ('TERMINATOR_DBUS_PATH', '/net/tenshu/Terminator2'), ('LANG', 'en_US.UTF-8'), ('XDG_CURRENT_DESKTOP', 'ubuntu:GNOME'), ('RMW_IMPLEMENTATION', 'rmw_cyclonedds_cpp'), ('XMODIFIERS', '@im=ibus'), ('XDG_SESSION_DESKTOP', 'ubuntu'), ('XAUTHORITY', '/run/user/1000/gdm/Xauthority'), ('LS_COLORS', 'rs=0:di=01;34:ln=01;36:mh=00:pi=40;33:so=01;35:do=01;35:bd=40;33;01:cd=40;33;01:or=40;31;01:mi=00:su=37;41:sg=30;43:ca=30;41:tw=30;42:ow=34;42:st=37;44:ex=01;32:*.tar=01;31:*.tgz=01;31:*.arc=01;31:*.arj=01;31:*.taz=01;31:*.lha=01;31:*.lz4=01;31:*.lzh=01;31:*.lzma=01;31:*.tlz=01;31:*.txz=01;31:*.tzo=01;31:*.t7z=01;31:*.zip=01;31:*.z=01;31:*.dz=01;31:*.gz=01;31:*.lrz=01;31:*.lz=01;31:*.lzo=01;31:*.xz=01;31:*.zst=01;31:*.tzst=01;31:*.bz2=01;31:*.bz=01;31:*.tbz=01;31:*.tbz2=01;31:*.tz=01;31:*.deb=01;31:*.rpm=01;31:*.jar=01;31:*.war=01;31:*.ear=01;31:*.sar=01;31:*.rar=01;31:*.alz=01;31:*.ace=01;31:*.zoo=01;31:*.cpio=01;31:*.7z=01;31:*.rz=01;31:*.cab=01;31:*.wim=01;31:*.swm=01;31:*.dwm=01;31:*.esd=01;31:*.jpg=01;35:*.jpeg=01;35:*.mjpg=01;35:*.mjpeg=01;35:*.gif=01;35:*.bmp=01;35:*.pbm=01;35:*.pgm=01;35:*.ppm=01;35:*.tga=01;35:*.xbm=01;35:*.xpm=01;35:*.tif=01;35:*.tiff=01;35:*.png=01;35:*.svg=01;35:*.svgz=01;35:*.mng=01;35:*.pcx=01;35:*.mov=01;35:*.mpg=01;35:*.mpeg=01;35:*.m2v=01;35:*.mkv=01;35:*.webm=01;35:*.ogm=01;35:*.mp4=01;35:*.m4v=01;35:*.mp4v=01;35:*.vob=01;35:*.qt=01;35:*.nuv=01;35:*.wmv=01;35:*.asf=01;35:*.rm=01;35:*.rmvb=01;35:*.flc=01;35:*.avi=01;35:*.fli=01;35:*.flv=01;35:*.gl=01;35:*.dl=01;35:*.xcf=01;35:*.xwd=01;35:*.yuv=01;35:*.cgm=01;35:*.emf=01;35:*.ogv=01;35:*.ogx=01;35:*.aac=00;36:*.au=00;36:*.flac=00;36:*.m4a=00;36:*.mid=00;36:*.midi=00;36:*.mka=00;36:*.mp3=00;36:*.mpc=00;36:*.ogg=00;36:*.ra=00;36:*.wav=00;36:*.oga=00;36:*.opus=00;36:*.spx=00;36:*.xspf=00;36:'), ('JETSON_SOC', 'tegra194'), ('SSH_AUTH_SOCK', '/run/user/1000/keyring/ssh'), ('ROS_DOMAIN_ID', '35'), ('AMENT_PREFIX_PATH', '/home/wjs/cart_ros2/install:/home/wjs/tb3_tpl_ws/install:/opt/ros/galactic'), ('SHELL', '/bin/bash'), ('TERMINATOR_UUID', 'urn:uuid:1409ebbf-e917-4bfd-a3f8-4e94c2694854'), ('QT_ACCESSIBILITY', '1'), ('GDMSESSION', 'ubuntu'), ('LESSCLOSE', '/usr/bin/lesspipe %s %s'), ('GPG_AGENT_INFO', '/run/user/1000/gnupg/S.gpg-agent:0:1'), ('QT_IM_MODULE', 'ibus'), ('JETSON_CUDA_ARCH_BIN', '7.2'), ('PWD', '/home/wjs/cart_ros2/build/roboteq_interfaces'), ('XDG_CONFIG_DIRS', '/etc/xdg/xdg-ubuntu:/etc/xdg'), ('XDG_DATA_DIRS', '/usr/share/ubuntu:/usr/local/share/:/usr/share/:/var/lib/snapd/desktop'), ('PYTHONPATH', '/opt/opencv-4.5.5-cuda/lib/python3.8/site-packages:/home/wjs/cart_ros2/build/differential_drive/src:/home/wjs/cart_ros2/build/arduino_ros2:/home/wjs/cart_ros2/build/agv_body:/home/wjs/cart_ros2/install/lib/python3.8/site-packages:/home/wjs/tb3_tpl_ws/build/turtlebot3_teleop:/home/wjs/tb3_tpl_ws/install/lib/python3.8/site-packages:/opt/ros/galactic/lib/python3.8/site-packages'), ('COLCON', '1'), ('VTE_VERSION', '6003'), ('JETSON_JETPACK', '5.1.7'), ('CMAKE_PREFIX_PATH', '/home/wjs/cart_ros2/install:/home/wjs/tb3_tpl_ws/install:/opt/ros/galactic'), ('JETSON_P_NUMBER', 'p2888-0004')]), 'shell': False}
[14.773801] (-) TimerEvent: {}
[14.875179] (-) TimerEvent: {}
[14.976057] (-) TimerEvent: {}
[15.076989] (-) TimerEvent: {}
[15.135108] (roboteq_interfaces) StdoutLine: {'line': b'[  1%] \x1b[34m\x1b[1mGenerating C code for ROS interfaces\x1b[0m\n'}
[15.177411] (-) TimerEvent: {}
[15.181381] (roboteq_interfaces) StdoutLine: {'line': b'\x1b[35m\x1b[1mScanning dependencies of target roboteq_interfaces__cpp\x1b[0m\n'}
[15.275204] (arduino_ros2) Command: {'cmd': ['/usr/bin/python3', '-W', 'ignore:setup.py install is deprecated', '-W', 'ignore:easy_install command is deprecated', 'setup.py', 'develop', '--editable', '--build-directory', '/home/wjs/cart_ros2/build/arduino_ros2/build', '--no-deps', 'symlink_data'], 'cwd': '/home/wjs/cart_ros2/build/arduino_ros2', 'env': {'LESSOPEN': '| /usr/bin/lesspipe %s', 'USER': 'wjs', 'SSH_AGENT_PID': '4023', 'XDG_SESSION_TYPE': 'x11', 'PIP_CACHE_DIR': '/mnt/sdcard/.cache/pip', 'XDG_CACHE_HOME': '/mnt/sdcard/.cache', 'SHLVL': '1', 'LD_LIBRARY_PATH': '/opt/opencv-4.5.5-cuda/lib:/home/wjs/cart_ros2/install/lib:/home/wjs/tb3_tpl_ws/install/lib:/opt/ros/galactic/opt/yaml_cpp_vendor/lib:/opt/ros/galactic/opt/rviz_ogre_vendor/lib:/opt/ros/galactic/lib/aarch64-linux-gnu:/opt/ros/galactic/lib:/usr/local/cuda-11.4/lib64:', 'HOME': '/home/wjs', 'CYCLONEDDS_URI': 'file:///home/wjs/cyclonedds_lo.xml', 'OLDPWD': '/home/wjs', 'DESKTOP_SESSION': 'ubuntu', 'JETSON_L4T': '35.6.3', 'ROS_PYTHON_VERSION': '3', 'GNOME_SHELL_SESSION_MODE': 'ubuntu', 'GTK_MODULES': 'gail:atk-bridge', 'JETSON_MODEL': 'Jetson-AGX', 'MANAGERPID': '3877', 'DBUS_SESSION_BUS_ADDRESS': 'unix:path=/run/user/1000/bus', 'COLORTERM': 'truecolor', 'TERMINATOR_DBUS_NAME': 'net.tenshu.Terminator23558193cd9818af7fe4d2c2f5bd9d00f', 'GIO_LAUNCHED_DESKTOP_FILE_PID': '6835', 'IM_CONFIG_PHASE': '1', 'TMPDIR': '/mnt/sdcard/tmp', 'COLCON_PREFIX_PATH': '/home/wjs/tb3_tpl_ws/install:/home/wjs/cart_ros2/install', 'TORCH_HOME': '/mnt/sdcard/.cache/torch', 'ROS_DISTRO': 'galactic', 'LOGNAME': 'wjs', 'JETSON_MODULE': 'NVIDIA Jetson AGX Xavier (32 GB ram)', 'JETSON_SERIAL_NUMBER': '1423420009543', 'JOURNAL_STREAM': '8:75457', '_': '/usr/bin/colcon', 'ROS_VERSION': '2', 'JETSON_CODENAME': 'Galen', 'XDG_SESSION_CLASS': 'user', 'USERNAME': 'wjs', 'TERM': 'xterm-256color', 'GNOME_DESKTOP_SESSION_ID': 'this-is-deprecated', 'ROS_LOCALHOST_ONLY': '1', 'WINDOWPATH': '2', 'PATH': '/opt/ros/galactic/bin:/usr/local/cuda-11.4/bin:/home/wjs/.local/bin:/usr/local/sbin:/usr/local/bin:/usr/sbin:/usr/bin:/sbin:/bin:/usr/games:/usr/local/games:/snap/bin', 'SESSION_MANAGER': 'local/ubuntu:@/tmp/.ICE-unix/4058,unix/ubuntu:/tmp/.ICE-unix/4058', 'INVOCATION_ID': 'da0bea70aefc4c20b47af68647634234', 'XDG_MENU_PREFIX': 'gnome-', 'XDG_RUNTIME_DIR': '/run/user/1000', 'DISPLAY': ':1', 'TERMINATOR_DBUS_PATH': '/net/tenshu/Terminator2', 'LANG': 'en_US.UTF-8', 'XDG_CURRENT_DESKTOP': 'ubuntu:GNOME', 'RMW_IMPLEMENTATION': 'rmw_cyclonedds_cpp', 'XMODIFIERS': '@im=ibus', 'XDG_SESSION_DESKTOP': 'ubuntu', 'XAUTHORITY': '/run/user/1000/gdm/Xauthority', 'LS_COLORS': 'rs=0:di=01;34:ln=01;36:mh=00:pi=40;33:so=01;35:do=01;35:bd=40;33;01:cd=40;33;01:or=40;31;01:mi=00:su=37;41:sg=30;43:ca=30;41:tw=30;42:ow=34;42:st=37;44:ex=01;32:*.tar=01;31:*.tgz=01;31:*.arc=01;31:*.arj=01;31:*.taz=01;31:*.lha=01;31:*.lz4=01;31:*.lzh=01;31:*.lzma=01;31:*.tlz=01;31:*.txz=01;31:*.tzo=01;31:*.t7z=01;31:*.zip=01;31:*.z=01;31:*.dz=01;31:*.gz=01;31:*.lrz=01;31:*.lz=01;31:*.lzo=01;31:*.xz=01;31:*.zst=01;31:*.tzst=01;31:*.bz2=01;31:*.bz=01;31:*.tbz=01;31:*.tbz2=01;31:*.tz=01;31:*.deb=01;31:*.rpm=01;31:*.jar=01;31:*.war=01;31:*.ear=01;31:*.sar=01;31:*.rar=01;31:*.alz=01;31:*.ace=01;31:*.zoo=01;31:*.cpio=01;31:*.7z=01;31:*.rz=01;31:*.cab=01;31:*.wim=01;31:*.swm=01;31:*.dwm=01;31:*.esd=01;31:*.jpg=01;35:*.jpeg=01;35:*.mjpg=01;35:*.mjpeg=01;35:*.gif=01;35:*.bmp=01;35:*.pbm=01;35:*.pgm=01;35:*.ppm=01;35:*.tga=01;35:*.xbm=01;35:*.xpm=01;35:*.tif=01;35:*.tiff=01;35:*.png=01;35:*.svg=01;35:*.svgz=01;35:*.mng=01;35:*.pcx=01;35:*.mov=01;35:*.mpg=01;35:*.mpeg=01;35:*.m2v=01;35:*.mkv=01;35:*.webm=01;35:*.ogm=01;35:*.mp4=01;35:*.m4v=01;35:*.mp4v=01;35:*.vob=01;35:*.qt=01;35:*.nuv=01;35:*.wmv=01;35:*.asf=01;35:*.rm=01;35:*.rmvb=01;35:*.flc=01;35:*.avi=01;35:*.fli=01;35:*.flv=01;35:*.gl=01;35:*.dl=01;35:*.xcf=01;35:*.xwd=01;35:*.yuv=01;35:*.cgm=01;35:*.emf=01;35:*.ogv=01;35:*.ogx=01;35:*.aac=00;36:*.au=00;36:*.flac=00;36:*.m4a=00;36:*.mid=00;36:*.midi=00;36:*.mka=00;36:*.mp3=00;36:*.mpc=00;36:*.ogg=00;36:*.ra=00;36:*.wav=00;36:*.oga=00;36:*.opus=00;36:*.spx=00;36:*.xspf=00;36:', 'JETSON_SOC': 'tegra194', 'SSH_AUTH_SOCK': '/run/user/1000/keyring/ssh', 'ROS_DOMAIN_ID': '35', 'AMENT_PREFIX_PATH': '/home/wjs/cart_ros2/install:/home/wjs/tb3_tpl_ws/install:/opt/ros/galactic', 'SHELL': '/bin/bash', 'TERMINATOR_UUID': 'urn:uuid:1409ebbf-e917-4bfd-a3f8-4e94c2694854', 'QT_ACCESSIBILITY': '1', 'GDMSESSION': 'ubuntu', 'LESSCLOSE': '/usr/bin/lesspipe %s %s', 'GPG_AGENT_INFO': '/run/user/1000/gnupg/S.gpg-agent:0:1', 'QT_IM_MODULE': 'ibus', 'JETSON_CUDA_ARCH_BIN': '7.2', 'PWD': '/home/wjs/cart_ros2/build/arduino_ros2', 'XDG_CONFIG_DIRS': '/etc/xdg/xdg-ubuntu:/etc/xdg', 'XDG_DATA_DIRS': '/usr/share/ubuntu:/usr/local/share/:/usr/share/:/var/lib/snapd/desktop', 'PYTHONPATH': '/home/wjs/cart_ros2/build/arduino_ros2/prefix_override:/usr/lib/python3/dist-packages/colcon_core/task/python/colcon_distutils_commands:/home/wjs/cart_ros2/install/lib/python3.8/site-packages:/opt/opencv-4.5.5-cuda/lib/python3.8/site-packages:/home/wjs/cart_ros2/build/differential_drive/src:/home/wjs/cart_ros2/build/arduino_ros2:/home/wjs/cart_ros2/build/agv_body:/home/wjs/cart_ros2/install/lib/python3.8/site-packages:/home/wjs/tb3_tpl_ws/build/turtlebot3_teleop:/home/wjs/tb3_tpl_ws/install/lib/python3.8/site-packages:/opt/ros/galactic/lib/python3.8/site-packages', 'COLCON': '1', 'VTE_VERSION': '6003', 'JETSON_JETPACK': '5.1.7', 'CMAKE_PREFIX_PATH': '/home/wjs/cart_ros2/install:/home/wjs/tb3_tpl_ws/install', 'JETSON_P_NUMBER': 'p2888-0004'}, 'shell': False}
[15.289592] (-) TimerEvent: {}
[15.313765] (ira_laser_tools) StdoutLine: {'line': b'-- The CXX compiler identification is GNU 10.5.0\n'}
[15.331377] (roboteq_interfaces) StdoutLine: {'line': b'[  3%] \x1b[34m\x1b[1mGenerating C++ code for ROS interfaces\x1b[0m\n'}
[15.377117] (ira_laser_tools) StdoutLine: {'line': b'-- Check for working C compiler: /usr/bin/cc\n'}
[15.389764] (-) TimerEvent: {}
[15.490672] (-) TimerEvent: {}
[15.591628] (-) TimerEvent: {}
[15.692481] (-) TimerEvent: {}
[15.793400] (-) TimerEvent: {}
[15.894252] (-) TimerEvent: {}
[16.003067] (-) TimerEvent: {}
[16.116997] (-) TimerEvent: {}
[16.222141] (-) TimerEvent: {}
[16.323027] (-) TimerEvent: {}
[16.344862] (ira_laser_tools) StdoutLine: {'line': b'-- Check for working C compiler: /usr/bin/cc -- works\n'}
[16.348917] (ira_laser_tools) StdoutLine: {'line': b'-- Detecting C compiler ABI info\n'}
[16.423233] (-) TimerEvent: {}
[16.524039] (-) TimerEvent: {}
[16.624872] (-) TimerEvent: {}
[16.725833] (-) TimerEvent: {}
[16.826680] (-) TimerEvent: {}
[16.927627] (-) TimerEvent: {}
[17.029621] (-) TimerEvent: {}
[17.082886] (arduino_ros2) StdoutLine: {'line': b'running develop\n'}
[17.085854] (differential_drive) Command: {'cmd': ['/usr/bin/python3', '-W', 'ignore:setup.py install is deprecated', '-W', 'ignore:easy_install command is deprecated', 'setup.py', 'develop', '--editable', '--build-directory', '/home/wjs/cart_ros2/build/differential_drive/build', '--no-deps', 'symlink_data'], 'cwd': '/home/wjs/cart_ros2/build/differential_drive', 'env': {'LESSOPEN': '| /usr/bin/lesspipe %s', 'USER': 'wjs', 'SSH_AGENT_PID': '4023', 'XDG_SESSION_TYPE': 'x11', 'PIP_CACHE_DIR': '/mnt/sdcard/.cache/pip', 'XDG_CACHE_HOME': '/mnt/sdcard/.cache', 'SHLVL': '1', 'LD_LIBRARY_PATH': '/opt/opencv-4.5.5-cuda/lib:/home/wjs/cart_ros2/install/lib:/home/wjs/tb3_tpl_ws/install/lib:/opt/ros/galactic/opt/yaml_cpp_vendor/lib:/opt/ros/galactic/opt/rviz_ogre_vendor/lib:/opt/ros/galactic/lib/aarch64-linux-gnu:/opt/ros/galactic/lib:/usr/local/cuda-11.4/lib64:', 'HOME': '/home/wjs', 'CYCLONEDDS_URI': 'file:///home/wjs/cyclonedds_lo.xml', 'OLDPWD': '/home/wjs', 'DESKTOP_SESSION': 'ubuntu', 'JETSON_L4T': '35.6.3', 'ROS_PYTHON_VERSION': '3', 'GNOME_SHELL_SESSION_MODE': 'ubuntu', 'GTK_MODULES': 'gail:atk-bridge', 'JETSON_MODEL': 'Jetson-AGX', 'MANAGERPID': '3877', 'DBUS_SESSION_BUS_ADDRESS': 'unix:path=/run/user/1000/bus', 'COLORTERM': 'truecolor', 'TERMINATOR_DBUS_NAME': 'net.tenshu.Terminator23558193cd9818af7fe4d2c2f5bd9d00f', 'GIO_LAUNCHED_DESKTOP_FILE_PID': '6835', 'IM_CONFIG_PHASE': '1', 'TMPDIR': '/mnt/sdcard/tmp', 'COLCON_PREFIX_PATH': '/home/wjs/tb3_tpl_ws/install:/home/wjs/cart_ros2/install', 'TORCH_HOME': '/mnt/sdcard/.cache/torch', 'ROS_DISTRO': 'galactic', 'LOGNAME': 'wjs', 'JETSON_MODULE': 'NVIDIA Jetson AGX Xavier (32 GB ram)', 'JETSON_SERIAL_NUMBER': '1423420009543', 'JOURNAL_STREAM': '8:75457', '_': '/usr/bin/colcon', 'ROS_VERSION': '2', 'JETSON_CODENAME': 'Galen', 'XDG_SESSION_CLASS': 'user', 'USERNAME': 'wjs', 'TERM': 'xterm-256color', 'GNOME_DESKTOP_SESSION_ID': 'this-is-deprecated', 'ROS_LOCALHOST_ONLY': '1', 'WINDOWPATH': '2', 'PATH': '/opt/ros/galactic/bin:/usr/local/cuda-11.4/bin:/home/wjs/.local/bin:/usr/local/sbin:/usr/local/bin:/usr/sbin:/usr/bin:/sbin:/bin:/usr/games:/usr/local/games:/snap/bin', 'SESSION_MANAGER': 'local/ubuntu:@/tmp/.ICE-unix/4058,unix/ubuntu:/tmp/.ICE-unix/4058', 'INVOCATION_ID': 'da0bea70aefc4c20b47af68647634234', 'XDG_MENU_PREFIX': 'gnome-', 'XDG_RUNTIME_DIR': '/run/user/1000', 'DISPLAY': ':1', 'TERMINATOR_DBUS_PATH': '/net/tenshu/Terminator2', 'LANG': 'en_US.UTF-8', 'XDG_CURRENT_DESKTOP': 'ubuntu:GNOME', 'RMW_IMPLEMENTATION': 'rmw_cyclonedds_cpp', 'XMODIFIERS': '@im=ibus', 'XDG_SESSION_DESKTOP': 'ubuntu', 'XAUTHORITY': '/run/user/1000/gdm/Xauthority', 'LS_COLORS': 'rs=0:di=01;34:ln=01;36:mh=00:pi=40;33:so=01;35:do=01;35:bd=40;33;01:cd=40;33;01:or=40;31;01:mi=00:su=37;41:sg=30;43:ca=30;41:tw=30;42:ow=34;42:st=37;44:ex=01;32:*.tar=01;31:*.tgz=01;31:*.arc=01;31:*.arj=01;31:*.taz=01;31:*.lha=01;31:*.lz4=01;31:*.lzh=01;31:*.lzma=01;31:*.tlz=01;31:*.txz=01;31:*.tzo=01;31:*.t7z=01;31:*.zip=01;31:*.z=01;31:*.dz=01;31:*.gz=01;31:*.lrz=01;31:*.lz=01;31:*.lzo=01;31:*.xz=01;31:*.zst=01;31:*.tzst=01;31:*.bz2=01;31:*.bz=01;31:*.tbz=01;31:*.tbz2=01;31:*.tz=01;31:*.deb=01;31:*.rpm=01;31:*.jar=01;31:*.war=01;31:*.ear=01;31:*.sar=01;31:*.rar=01;31:*.alz=01;31:*.ace=01;31:*.zoo=01;31:*.cpio=01;31:*.7z=01;31:*.rz=01;31:*.cab=01;31:*.wim=01;31:*.swm=01;31:*.dwm=01;31:*.esd=01;31:*.jpg=01;35:*.jpeg=01;35:*.mjpg=01;35:*.mjpeg=01;35:*.gif=01;35:*.bmp=01;35:*.pbm=01;35:*.pgm=01;35:*.ppm=01;35:*.tga=01;35:*.xbm=01;35:*.xpm=01;35:*.tif=01;35:*.tiff=01;35:*.png=01;35:*.svg=01;35:*.svgz=01;35:*.mng=01;35:*.pcx=01;35:*.mov=01;35:*.mpg=01;35:*.mpeg=01;35:*.m2v=01;35:*.mkv=01;35:*.webm=01;35:*.ogm=01;35:*.mp4=01;35:*.m4v=01;35:*.mp4v=01;35:*.vob=01;35:*.qt=01;35:*.nuv=01;35:*.wmv=01;35:*.asf=01;35:*.rm=01;35:*.rmvb=01;35:*.flc=01;35:*.avi=01;35:*.fli=01;35:*.flv=01;35:*.gl=01;35:*.dl=01;35:*.xcf=01;35:*.xwd=01;35:*.yuv=01;35:*.cgm=01;35:*.emf=01;35:*.ogv=01;35:*.ogx=01;35:*.aac=00;36:*.au=00;36:*.flac=00;36:*.m4a=00;36:*.mid=00;36:*.midi=00;36:*.mka=00;36:*.mp3=00;36:*.mpc=00;36:*.ogg=00;36:*.ra=00;36:*.wav=00;36:*.oga=00;36:*.opus=00;36:*.spx=00;36:*.xspf=00;36:', 'JETSON_SOC': 'tegra194', 'SSH_AUTH_SOCK': '/run/user/1000/keyring/ssh', 'ROS_DOMAIN_ID': '35', 'AMENT_PREFIX_PATH': '/home/wjs/cart_ros2/install:/home/wjs/tb3_tpl_ws/install:/opt/ros/galactic', 'SHELL': '/bin/bash', 'TERMINATOR_UUID': 'urn:uuid:1409ebbf-e917-4bfd-a3f8-4e94c2694854', 'QT_ACCESSIBILITY': '1', 'GDMSESSION': 'ubuntu', 'LESSCLOSE': '/usr/bin/lesspipe %s %s', 'GPG_AGENT_INFO': '/run/user/1000/gnupg/S.gpg-agent:0:1', 'QT_IM_MODULE': 'ibus', 'JETSON_CUDA_ARCH_BIN': '7.2', 'PWD': '/home/wjs/cart_ros2/build/differential_drive', 'XDG_CONFIG_DIRS': '/etc/xdg/xdg-ubuntu:/etc/xdg', 'XDG_DATA_DIRS': '/usr/share/ubuntu:/usr/local/share/:/usr/share/:/var/lib/snapd/desktop', 'PYTHONPATH': '/home/wjs/cart_ros2/build/differential_drive/prefix_override:/usr/lib/python3/dist-packages/colcon_core/task/python/colcon_distutils_commands:/home/wjs/cart_ros2/install/lib/python3.8/site-packages:/opt/opencv-4.5.5-cuda/lib/python3.8/site-packages:/home/wjs/cart_ros2/build/differential_drive/src:/home/wjs/cart_ros2/build/arduino_ros2:/home/wjs/cart_ros2/build/agv_body:/home/wjs/cart_ros2/install/lib/python3.8/site-packages:/home/wjs/tb3_tpl_ws/build/turtlebot3_teleop:/home/wjs/tb3_tpl_ws/install/lib/python3.8/site-packages:/opt/ros/galactic/lib/python3.8/site-packages', 'COLCON': '1', 'VTE_VERSION': '6003', 'JETSON_JETPACK': '5.1.7', 'CMAKE_PREFIX_PATH': '/home/wjs/cart_ros2/install:/home/wjs/tb3_tpl_ws/install', 'JETSON_P_NUMBER': 'p2888-0004'}, 'shell': False}
[17.130279] (-) TimerEvent: {}
[17.233881] (-) TimerEvent: {}
[17.327578] (ira_laser_tools) StdoutLine: {'line': b'-- Detecting C compiler ABI info - done\n'}
[17.334080] (-) TimerEvent: {}
[17.422869] (ira_laser_tools) StdoutLine: {'line': b'-- Detecting C compile features\n'}
[17.424296] (ira_laser_tools) StdoutLine: {'line': b'-- Detecting C compile features - done\n'}
[17.434301] (-) TimerEvent: {}
[17.437872] (ira_laser_tools) StdoutLine: {'line': b'-- Check for working CXX compiler: /usr/bin/c++\n'}
[17.534513] (-) TimerEvent: {}
[17.635366] (-) TimerEvent: {}
[17.743566] (-) TimerEvent: {}
[17.854393] (-) TimerEvent: {}
[17.956344] (-) TimerEvent: {}
[18.057639] (-) TimerEvent: {}
[18.158649] (-) TimerEvent: {}
[18.259547] (-) TimerEvent: {}
[18.361713] (-) TimerEvent: {}
[18.403277] (ira_laser_tools) StdoutLine: {'line': b'-- Check for working CXX compiler: /usr/bin/c++ -- works\n'}
[18.409517] (ira_laser_tools) StdoutLine: {'line': b'-- Detecting CXX compiler ABI info\n'}
[18.461959] (-) TimerEvent: {}
[18.562885] (-) TimerEvent: {}
[18.664390] (-) TimerEvent: {}
[18.765638] (-) TimerEvent: {}
[18.787304] (roboteq_interfaces) StdoutLine: {'line': b'[  3%] Built target roboteq_interfaces__cpp\n'}
[18.790861] (arduino_ros2) StdoutLine: {'line': b'running egg_info\n'}
[18.795697] (arduino_ros2) StdoutLine: {'line': b'creating arduino_ros2.egg-info\n'}
[18.796538] (arduino_ros2) StdoutLine: {'line': b'writing arduino_ros2.egg-info/PKG-INFO\n'}
[18.801232] (arduino_ros2) StdoutLine: {'line': b'writing dependency_links to arduino_ros2.egg-info/dependency_links.txt\n'}
[18.802815] (arduino_ros2) StdoutLine: {'line': b'writing entry points to arduino_ros2.egg-info/entry_points.txt\n'}
[18.810859] (arduino_ros2) StdoutLine: {'line': b'writing requirements to arduino_ros2.egg-info/requires.txt\n'}
[18.817352] (arduino_ros2) StdoutLine: {'line': b'writing top-level names to arduino_ros2.egg-info/top_level.txt\n'}
[18.846363] (arduino_ros2) StdoutLine: {'line': b"writing manifest file 'arduino_ros2.egg-info/SOURCES.txt'\n"}
[18.866010] (-) TimerEvent: {}
[18.967014] (-) TimerEvent: {}
[19.068003] (-) TimerEvent: {}
[19.129104] (roboteq_interfaces) StdoutLine: {'line': b'[  5%] \x1b[34m\x1b[1mGenerating C++ introspection for ROS interfaces\x1b[0m\n'}
[19.168291] (-) TimerEvent: {}
[19.271482] (-) TimerEvent: {}
[19.379832] (-) TimerEvent: {}
[19.455402] (roboteq_interfaces) StdoutLine: {'line': b'[  7%] \x1b[34m\x1b[1mGenerating C++ type support for eProsima Fast-RTPS\x1b[0m\n'}
[19.461641] (arduino_ros2) StdoutLine: {'line': b"reading manifest file 'arduino_ros2.egg-info/SOURCES.txt'\n"}
[19.464980] (arduino_ros2) StdoutLine: {'line': b"writing manifest file 'arduino_ros2.egg-info/SOURCES.txt'\n"}
[19.480344] (-) TimerEvent: {}
[19.543896] (roboteq_interfaces) StdoutLine: {'line': b'[  9%] \x1b[34m\x1b[1mGenerating C++ type support dispatch for ROS interfaces\x1b[0m\n'}
[19.565776] (differential_drive) StdoutLine: {'line': b'running develop\n'}
[19.581897] (-) TimerEvent: {}
[19.658374] (roboteq_interfaces) StdoutLine: {'line': b'\x1b[35m\x1b[1mScanning dependencies of target roboteq_interfaces__rosidl_generator_c\x1b[0m\n'}
[19.682105] (-) TimerEvent: {}
[19.783655] (-) TimerEvent: {}
[19.884585] (-) TimerEvent: {}
[19.902435] (ira_laser_tools) StdoutLine: {'line': b'-- Detecting CXX compiler ABI info - done\n'}
[19.918321] (roboteq_interfaces) StdoutLine: {'line': b'[ 10%] \x1b[32mBuilding C object CMakeFiles/roboteq_interfaces__rosidl_generator_c.dir/rosidl_generator_c/roboteq_interfaces/msg/detail/channel_values__functions.c.o\x1b[0m\n'}
[19.984859] (-) TimerEvent: {}
[20.082294] (ira_laser_tools) StdoutLine: {'line': b'-- Detecting CXX compile features\n'}
[20.084379] (ira_laser_tools) StdoutLine: {'line': b'-- Detecting CXX compile features - done\n'}
[20.084965] (-) TimerEvent: {}
[20.135711] (ira_laser_tools) StdoutLine: {'line': b'-- Found ament_cmake: 1.1.6 (/opt/ros/galactic/share/ament_cmake/cmake)\n'}
[20.185308] (-) TimerEvent: {}
[20.241043] (arduino_ros2) StdoutLine: {'line': b'running build_ext\n'}
[20.243194] (arduino_ros2) StdoutLine: {'line': b'Creating /home/wjs/cart_ros2/install/lib/python3.8/site-packages/arduino-ros2.egg-link (link to .)\n'}
[20.246948] (arduino_ros2) StdoutLine: {'line': b'Installing pub_joycmd script to /home/wjs/cart_ros2/install/lib/arduino_ros2\n'}
[20.258107] (arduino_ros2) StdoutLine: {'line': b'\n'}
[20.258829] (arduino_ros2) StdoutLine: {'line': b'Installed /home/wjs/cart_ros2/build/arduino_ros2\n'}
[20.259710] (arduino_ros2) StdoutLine: {'line': b'running symlink_data\n'}
[20.260786] (arduino_ros2) StdoutLine: {'line': b'symbolically linking /home/wjs/cart_ros2/build/arduino_ros2/resource/arduino_ros2 -> /home/wjs/cart_ros2/install/share/ament_index/resource_index/packages\n'}
[20.270382] (arduino_ros2) StdoutLine: {'line': b'symbolically linking /home/wjs/cart_ros2/build/arduino_ros2/package.xml -> /home/wjs/cart_ros2/install/share/arduino_ros2\n'}
[20.285507] (-) TimerEvent: {}
[20.386430] (-) TimerEvent: {}
[20.499570] (-) TimerEvent: {}
[20.556241] (ira_laser_tools) StdoutLine: {'line': b'-- Found PythonInterp: /usr/bin/python3 (found suitable version "3.8.10", minimum required is "3") \n'}
[20.557801] (ira_laser_tools) StdoutLine: {'line': b'-- Using PYTHON_EXECUTABLE: /usr/bin/python3\n'}
[20.596662] (-) TimerEvent: {}
[20.652788] (arduino_ros2) CommandEnded: {'returncode': 0}
[20.696950] (-) TimerEvent: {}
[20.705651] (roboteq_interfaces) StdoutLine: {'line': b'[ 12%] \x1b[32mBuilding C object CMakeFiles/roboteq_interfaces__rosidl_generator_c.dir/rosidl_generator_c/roboteq_interfaces/srv/detail/command__functions.c.o\x1b[0m\n'}
[20.712089] (arduino_ros2) JobEnded: {'identifier': 'arduino_ros2', 'rc': 0}
[20.715596] (laser_filters) JobStarted: {'identifier': 'laser_filters'}
[20.797807] (-) TimerEvent: {}
[20.836699] (laser_filters) JobProgress: {'identifier': 'laser_filters', 'progress': 'cmake'}
[20.841262] (laser_filters) Command: {'cmd': ['/usr/bin/cmake', '/home/wjs/cart_ros2/src/laser_filters', '-DAMENT_CMAKE_SYMLINK_INSTALL=1', '-DCMAKE_INSTALL_PREFIX=/home/wjs/cart_ros2/install'], 'cwd': '/home/wjs/cart_ros2/build/laser_filters', 'env': OrderedDict([('LESSOPEN', '| /usr/bin/lesspipe %s'), ('USER', 'wjs'), ('SSH_AGENT_PID', '4023'), ('XDG_SESSION_TYPE', 'x11'), ('PIP_CACHE_DIR', '/mnt/sdcard/.cache/pip'), ('XDG_CACHE_HOME', '/mnt/sdcard/.cache'), ('SHLVL', '1'), ('LD_LIBRARY_PATH', '/opt/opencv-4.5.5-cuda/lib:/home/wjs/cart_ros2/install/lib:/home/wjs/tb3_tpl_ws/install/lib:/opt/ros/galactic/opt/yaml_cpp_vendor/lib:/opt/ros/galactic/opt/rviz_ogre_vendor/lib:/opt/ros/galactic/lib/aarch64-linux-gnu:/opt/ros/galactic/lib:/usr/local/cuda-11.4/lib64:'), ('HOME', '/home/wjs'), ('CYCLONEDDS_URI', 'file:///home/wjs/cyclonedds_lo.xml'), ('OLDPWD', '/home/wjs'), ('DESKTOP_SESSION', 'ubuntu'), ('JETSON_L4T', '35.6.3'), ('ROS_PYTHON_VERSION', '3'), ('GNOME_SHELL_SESSION_MODE', 'ubuntu'), ('GTK_MODULES', 'gail:atk-bridge'), ('JETSON_MODEL', 'Jetson-AGX'), ('MANAGERPID', '3877'), ('DBUS_SESSION_BUS_ADDRESS', 'unix:path=/run/user/1000/bus'), ('COLORTERM', 'truecolor'), ('TERMINATOR_DBUS_NAME', 'net.tenshu.Terminator23558193cd9818af7fe4d2c2f5bd9d00f'), ('GIO_LAUNCHED_DESKTOP_FILE_PID', '6835'), ('IM_CONFIG_PHASE', '1'), ('TMPDIR', '/mnt/sdcard/tmp'), ('COLCON_PREFIX_PATH', '/home/wjs/tb3_tpl_ws/install:/home/wjs/cart_ros2/install'), ('TORCH_HOME', '/mnt/sdcard/.cache/torch'), ('ROS_DISTRO', 'galactic'), ('LOGNAME', 'wjs'), ('JETSON_MODULE', 'NVIDIA Jetson AGX Xavier (32 GB ram)'), ('JETSON_SERIAL_NUMBER', '1423420009543'), ('JOURNAL_STREAM', '8:75457'), ('_', '/usr/bin/colcon'), ('ROS_VERSION', '2'), ('JETSON_CODENAME', 'Galen'), ('XDG_SESSION_CLASS', 'user'), ('USERNAME', 'wjs'), ('TERM', 'xterm-256color'), ('GNOME_DESKTOP_SESSION_ID', 'this-is-deprecated'), ('ROS_LOCALHOST_ONLY', '1'), ('WINDOWPATH', '2'), ('PATH', '/opt/ros/galactic/bin:/usr/local/cuda-11.4/bin:/home/wjs/.local/bin:/usr/local/sbin:/usr/local/bin:/usr/sbin:/usr/bin:/sbin:/bin:/usr/games:/usr/local/games:/snap/bin'), ('SESSION_MANAGER', 'local/ubuntu:@/tmp/.ICE-unix/4058,unix/ubuntu:/tmp/.ICE-unix/4058'), ('INVOCATION_ID', 'da0bea70aefc4c20b47af68647634234'), ('XDG_MENU_PREFIX', 'gnome-'), ('XDG_RUNTIME_DIR', '/run/user/1000'), ('DISPLAY', ':1'), ('TERMINATOR_DBUS_PATH', '/net/tenshu/Terminator2'), ('LANG', 'en_US.UTF-8'), ('XDG_CURRENT_DESKTOP', 'ubuntu:GNOME'), ('RMW_IMPLEMENTATION', 'rmw_cyclonedds_cpp'), ('XMODIFIERS', '@im=ibus'), ('XDG_SESSION_DESKTOP', 'ubuntu'), ('XAUTHORITY', '/run/user/1000/gdm/Xauthority'), ('LS_COLORS', 'rs=0:di=01;34:ln=01;36:mh=00:pi=40;33:so=01;35:do=01;35:bd=40;33;01:cd=40;33;01:or=40;31;01:mi=00:su=37;41:sg=30;43:ca=30;41:tw=30;42:ow=34;42:st=37;44:ex=01;32:*.tar=01;31:*.tgz=01;31:*.arc=01;31:*.arj=01;31:*.taz=01;31:*.lha=01;31:*.lz4=01;31:*.lzh=01;31:*.lzma=01;31:*.tlz=01;31:*.txz=01;31:*.tzo=01;31:*.t7z=01;31:*.zip=01;31:*.z=01;31:*.dz=01;31:*.gz=01;31:*.lrz=01;31:*.lz=01;31:*.lzo=01;31:*.xz=01;31:*.zst=01;31:*.tzst=01;31:*.bz2=01;31:*.bz=01;31:*.tbz=01;31:*.tbz2=01;31:*.tz=01;31:*.deb=01;31:*.rpm=01;31:*.jar=01;31:*.war=01;31:*.ear=01;31:*.sar=01;31:*.rar=01;31:*.alz=01;31:*.ace=01;31:*.zoo=01;31:*.cpio=01;31:*.7z=01;31:*.rz=01;31:*.cab=01;31:*.wim=01;31:*.swm=01;31:*.dwm=01;31:*.esd=01;31:*.jpg=01;35:*.jpeg=01;35:*.mjpg=01;35:*.mjpeg=01;35:*.gif=01;35:*.bmp=01;35:*.pbm=01;35:*.pgm=01;35:*.ppm=01;35:*.tga=01;35:*.xbm=01;35:*.xpm=01;35:*.tif=01;35:*.tiff=01;35:*.png=01;35:*.svg=01;35:*.svgz=01;35:*.mng=01;35:*.pcx=01;35:*.mov=01;35:*.mpg=01;35:*.mpeg=01;35:*.m2v=01;35:*.mkv=01;35:*.webm=01;35:*.ogm=01;35:*.mp4=01;35:*.m4v=01;35:*.mp4v=01;35:*.vob=01;35:*.qt=01;35:*.nuv=01;35:*.wmv=01;35:*.asf=01;35:*.rm=01;35:*.rmvb=01;35:*.flc=01;35:*.avi=01;35:*.fli=01;35:*.flv=01;35:*.gl=01;35:*.dl=01;35:*.xcf=01;35:*.xwd=01;35:*.yuv=01;35:*.cgm=01;35:*.emf=01;35:*.ogv=01;35:*.ogx=01;35:*.aac=00;36:*.au=00;36:*.flac=00;36:*.m4a=00;36:*.mid=00;36:*.midi=00;36:*.mka=00;36:*.mp3=00;36:*.mpc=00;36:*.ogg=00;36:*.ra=00;36:*.wav=00;36:*.oga=00;36:*.opus=00;36:*.spx=00;36:*.xspf=00;36:'), ('JETSON_SOC', 'tegra194'), ('SSH_AUTH_SOCK', '/run/user/1000/keyring/ssh'), ('ROS_DOMAIN_ID', '35'), ('AMENT_PREFIX_PATH', '/home/wjs/cart_ros2/install:/home/wjs/tb3_tpl_ws/install:/opt/ros/galactic'), ('SHELL', '/bin/bash'), ('TERMINATOR_UUID', 'urn:uuid:1409ebbf-e917-4bfd-a3f8-4e94c2694854'), ('QT_ACCESSIBILITY', '1'), ('GDMSESSION', 'ubuntu'), ('LESSCLOSE', '/usr/bin/lesspipe %s %s'), ('GPG_AGENT_INFO', '/run/user/1000/gnupg/S.gpg-agent:0:1'), ('QT_IM_MODULE', 'ibus'), ('JETSON_CUDA_ARCH_BIN', '7.2'), ('PWD', '/home/wjs/cart_ros2/build/laser_filters'), ('XDG_CONFIG_DIRS', '/etc/xdg/xdg-ubuntu:/etc/xdg'), ('XDG_DATA_DIRS', '/usr/share/ubuntu:/usr/local/share/:/usr/share/:/var/lib/snapd/desktop'), ('PYTHONPATH', '/opt/opencv-4.5.5-cuda/lib/python3.8/site-packages:/home/wjs/cart_ros2/build/differential_drive/src:/home/wjs/cart_ros2/build/arduino_ros2:/home/wjs/cart_ros2/build/agv_body:/home/wjs/cart_ros2/install/lib/python3.8/site-packages:/home/wjs/tb3_tpl_ws/build/turtlebot3_teleop:/home/wjs/tb3_tpl_ws/install/lib/python3.8/site-packages:/opt/ros/galactic/lib/python3.8/site-packages'), ('COLCON', '1'), ('VTE_VERSION', '6003'), ('JETSON_JETPACK', '5.1.7'), ('CMAKE_PREFIX_PATH', '/home/wjs/cart_ros2/install:/home/wjs/tb3_tpl_ws/install:/opt/ros/galactic'), ('JETSON_P_NUMBER', 'p2888-0004')]), 'shell': False}
[20.902745] (-) TimerEvent: {}
[21.004863] (-) TimerEvent: {}
[21.105876] (-) TimerEvent: {}
[21.206768] (-) TimerEvent: {}
[21.307660] (-) TimerEvent: {}
[21.401685] (differential_drive) StdoutLine: {'line': b'running egg_info\n'}
[21.404780] (differential_drive) StdoutLine: {'line': b'creating src/differential_drive.egg-info\n'}
[21.405264] (differential_drive) StdoutLine: {'line': b'writing src/differential_drive.egg-info/PKG-INFO\n'}
[21.405592] (differential_drive) StdoutLine: {'line': b'writing dependency_links to src/differential_drive.egg-info/dependency_links.txt\n'}
[21.405917] (differential_drive) StdoutLine: {'line': b'writing entry points to src/differential_drive.egg-info/entry_points.txt\n'}
[21.406163] (differential_drive) StdoutLine: {'line': b'writing requirements to src/differential_drive.egg-info/requires.txt\n'}
[21.406406] (differential_drive) StdoutLine: {'line': b'writing top-level names to src/differential_drive.egg-info/top_level.txt\n'}
[21.409748] (-) TimerEvent: {}
[21.411866] (differential_drive) StdoutLine: {'line': b"writing manifest file 'src/differential_drive.egg-info/SOURCES.txt'\n"}
[21.499563] (ira_laser_tools) StdoutLine: {'line': b'-- Override CMake install command with custom implementation using symlinks instead of copying resources\n'}
[21.509962] (-) TimerEvent: {}
[21.594190] (roboteq_interfaces) StdoutLine: {'line': b'[ 14%] \x1b[32mBuilding C object CMakeFiles/roboteq_interfaces__rosidl_generator_c.dir/rosidl_generator_c/roboteq_interfaces/srv/detail/config__functions.c.o\x1b[0m\n'}
[21.610182] (-) TimerEvent: {}
[21.711665] (-) TimerEvent: {}
[21.752134] (differential_drive) StdoutLine: {'line': b"reading manifest file 'src/differential_drive.egg-info/SOURCES.txt'\n"}
[21.767702] (differential_drive) StdoutLine: {'line': b"writing manifest file 'src/differential_drive.egg-info/SOURCES.txt'\n"}
[21.771832] (laser_filters) StdoutLine: {'line': b'-- The C compiler identification is GNU 10.5.0\n'}
[21.795472] (ira_laser_tools) StdoutLine: {'line': b'-- Found rclcpp: 9.2.2 (/opt/ros/galactic/share/rclcpp/cmake)\n'}
[21.811987] (-) TimerEvent: {}
[21.913024] (-) TimerEvent: {}
[22.014593] (-) TimerEvent: {}
[22.116059] (-) TimerEvent: {}
[22.168193] (differential_drive) StdoutLine: {'line': b'running build_ext\n'}
[22.169674] (differential_drive) StdoutLine: {'line': b'Creating /home/wjs/cart_ros2/install/lib/python3.8/site-packages/differential-drive.egg-link (link to src)\n'}
[22.172816] (differential_drive) StdoutLine: {'line': b'Installing diff_tf script to /home/wjs/cart_ros2/install/lib/differential_drive\n'}
[22.173776] (differential_drive) StdoutLine: {'line': b'Installing pid_velocity script to /home/wjs/cart_ros2/install/lib/differential_drive\n'}
[22.174441] (differential_drive) StdoutLine: {'line': b'Installing twist_to_motors script to /home/wjs/cart_ros2/install/lib/differential_drive\n'}
[22.175255] (differential_drive) StdoutLine: {'line': b'Installing virtual_joystick script to /home/wjs/cart_ros2/install/lib/differential_drive\n'}
[22.175736] (differential_drive) StdoutLine: {'line': b'Installing wheel_loopback script to /home/wjs/cart_ros2/install/lib/differential_drive\n'}
[22.176009] (differential_drive) StdoutLine: {'line': b'Installing wheel_scaler script to /home/wjs/cart_ros2/install/lib/differential_drive\n'}
[22.176739] (differential_drive) StdoutLine: {'line': b'\n'}
[22.177101] (differential_drive) StdoutLine: {'line': b'Installed /home/wjs/cart_ros2/build/differential_drive/src\n'}
[22.177658] (differential_drive) StdoutLine: {'line': b'running symlink_data\n'}
[22.178152] (differential_drive) StdoutLine: {'line': b'symbolically linking /home/wjs/cart_ros2/build/differential_drive/resource/differential_drive -> /home/wjs/cart_ros2/install/share/ament_index/resource_index/packages\n'}
[22.178500] (differential_drive) StdoutLine: {'line': b'symbolically linking /home/wjs/cart_ros2/build/differential_drive/package.xml -> /home/wjs/cart_ros2/install/share/differential_drive\n'}
[22.179343] (differential_drive) StdoutLine: {'line': b'creating /home/wjs/cart_ros2/install/share/differential_drive/launch\n'}
[22.179886] (differential_drive) StdoutLine: {'line': b'creating /home/wjs/cart_ros2/install/share/differential_drive/config\n'}
[22.216339] (-) TimerEvent: {}
[22.292235] (ira_laser_tools) StdoutLine: {'line': b'-- Using all available rosidl_typesupport_c: rosidl_typesupport_fastrtps_c;rosidl_typesupport_introspection_c\n'}
[22.298569] (roboteq_interfaces) StdoutLine: {'line': b'[ 16%] \x1b[32mBuilding C object CMakeFiles/roboteq_interfaces__rosidl_generator_c.dir/rosidl_generator_c/roboteq_interfaces/srv/detail/maintenance__functions.c.o\x1b[0m\n'}
[22.316635] (-) TimerEvent: {}
[22.330955] (differential_drive) CommandEnded: {'returncode': 0}
[22.333615] (roboteq_interfaces) StdoutLine: {'line': b'\x1b[35m\x1b[1mScanning dependencies of target roboteq_interfaces__rosidl_typesupport_cpp\x1b[0m\n'}
[22.348749] (laser_filters) StdoutLine: {'line': b'-- The CXX compiler identification is GNU 10.5.0\n'}
[22.350642] (ira_laser_tools) StdoutLine: {'line': b'-- Found rosidl_adapter: 2.2.3 (/opt/ros/galactic/share/rosidl_adapter/cmake)\n'}
[22.408957] (laser_filters) StdoutLine: {'line': b'-- Check for working C compiler: /usr/bin/cc\n'}
[22.430865] (differential_drive) JobEnded: {'identifier': 'differential_drive', 'rc': 0}
[22.437477] (-) TimerEvent: {}
[22.437961] (sllidar_ros2) JobStarted: {'identifier': 'sllidar_ros2'}
[22.523457] (roboteq_interfaces) StdoutLine: {'line': b'\x1b[35m\x1b[1mScanning dependencies of target roboteq_interfaces__rosidl_typesupport_introspection_cpp\x1b[0m\n'}
[22.538855] (-) TimerEvent: {}
[22.544687] (roboteq_interfaces) StdoutLine: {'line': b'[ 18%] \x1b[32mBuilding CXX object CMakeFiles/roboteq_interfaces__rosidl_typesupport_cpp.dir/rosidl_typesupport_cpp/roboteq_interfaces/msg/channel_values__type_support.cpp.o\x1b[0m\n'}
[22.563363] (sllidar_ros2) JobProgress: {'identifier': 'sllidar_ros2', 'progress': 'cmake'}
[22.575785] (sllidar_ros2) Command: {'cmd': ['/usr/bin/cmake', '/home/wjs/cart_ros2/src/sllidar_ros2', '-DAMENT_CMAKE_SYMLINK_INSTALL=1', '-DCMAKE_INSTALL_PREFIX=/home/wjs/cart_ros2/install'], 'cwd': '/home/wjs/cart_ros2/build/sllidar_ros2', 'env': OrderedDict([('LESSOPEN', '| /usr/bin/lesspipe %s'), ('USER', 'wjs'), ('SSH_AGENT_PID', '4023'), ('XDG_SESSION_TYPE', 'x11'), ('PIP_CACHE_DIR', '/mnt/sdcard/.cache/pip'), ('XDG_CACHE_HOME', '/mnt/sdcard/.cache'), ('SHLVL', '1'), ('LD_LIBRARY_PATH', '/opt/opencv-4.5.5-cuda/lib:/home/wjs/cart_ros2/install/lib:/home/wjs/tb3_tpl_ws/install/lib:/opt/ros/galactic/opt/yaml_cpp_vendor/lib:/opt/ros/galactic/opt/rviz_ogre_vendor/lib:/opt/ros/galactic/lib/aarch64-linux-gnu:/opt/ros/galactic/lib:/usr/local/cuda-11.4/lib64:'), ('HOME', '/home/wjs'), ('CYCLONEDDS_URI', 'file:///home/wjs/cyclonedds_lo.xml'), ('OLDPWD', '/home/wjs'), ('DESKTOP_SESSION', 'ubuntu'), ('JETSON_L4T', '35.6.3'), ('ROS_PYTHON_VERSION', '3'), ('GNOME_SHELL_SESSION_MODE', 'ubuntu'), ('GTK_MODULES', 'gail:atk-bridge'), ('JETSON_MODEL', 'Jetson-AGX'), ('MANAGERPID', '3877'), ('DBUS_SESSION_BUS_ADDRESS', 'unix:path=/run/user/1000/bus'), ('COLORTERM', 'truecolor'), ('TERMINATOR_DBUS_NAME', 'net.tenshu.Terminator23558193cd9818af7fe4d2c2f5bd9d00f'), ('GIO_LAUNCHED_DESKTOP_FILE_PID', '6835'), ('IM_CONFIG_PHASE', '1'), ('TMPDIR', '/mnt/sdcard/tmp'), ('COLCON_PREFIX_PATH', '/home/wjs/tb3_tpl_ws/install:/home/wjs/cart_ros2/install'), ('TORCH_HOME', '/mnt/sdcard/.cache/torch'), ('ROS_DISTRO', 'galactic'), ('LOGNAME', 'wjs'), ('JETSON_MODULE', 'NVIDIA Jetson AGX Xavier (32 GB ram)'), ('JETSON_SERIAL_NUMBER', '1423420009543'), ('JOURNAL_STREAM', '8:75457'), ('_', '/usr/bin/colcon'), ('ROS_VERSION', '2'), ('JETSON_CODENAME', 'Galen'), ('XDG_SESSION_CLASS', 'user'), ('USERNAME', 'wjs'), ('TERM', 'xterm-256color'), ('GNOME_DESKTOP_SESSION_ID', 'this-is-deprecated'), ('ROS_LOCALHOST_ONLY', '1'), ('WINDOWPATH', '2'), ('PATH', '/opt/ros/galactic/bin:/usr/local/cuda-11.4/bin:/home/wjs/.local/bin:/usr/local/sbin:/usr/local/bin:/usr/sbin:/usr/bin:/sbin:/bin:/usr/games:/usr/local/games:/snap/bin'), ('SESSION_MANAGER', 'local/ubuntu:@/tmp/.ICE-unix/4058,unix/ubuntu:/tmp/.ICE-unix/4058'), ('INVOCATION_ID', 'da0bea70aefc4c20b47af68647634234'), ('XDG_MENU_PREFIX', 'gnome-'), ('XDG_RUNTIME_DIR', '/run/user/1000'), ('DISPLAY', ':1'), ('TERMINATOR_DBUS_PATH', '/net/tenshu/Terminator2'), ('LANG', 'en_US.UTF-8'), ('XDG_CURRENT_DESKTOP', 'ubuntu:GNOME'), ('RMW_IMPLEMENTATION', 'rmw_cyclonedds_cpp'), ('XMODIFIERS', '@im=ibus'), ('XDG_SESSION_DESKTOP', 'ubuntu'), ('XAUTHORITY', '/run/user/1000/gdm/Xauthority'), ('LS_COLORS', 'rs=0:di=01;34:ln=01;36:mh=00:pi=40;33:so=01;35:do=01;35:bd=40;33;01:cd=40;33;01:or=40;31;01:mi=00:su=37;41:sg=30;43:ca=30;41:tw=30;42:ow=34;42:st=37;44:ex=01;32:*.tar=01;31:*.tgz=01;31:*.arc=01;31:*.arj=01;31:*.taz=01;31:*.lha=01;31:*.lz4=01;31:*.lzh=01;31:*.lzma=01;31:*.tlz=01;31:*.txz=01;31:*.tzo=01;31:*.t7z=01;31:*.zip=01;31:*.z=01;31:*.dz=01;31:*.gz=01;31:*.lrz=01;31:*.lz=01;31:*.lzo=01;31:*.xz=01;31:*.zst=01;31:*.tzst=01;31:*.bz2=01;31:*.bz=01;31:*.tbz=01;31:*.tbz2=01;31:*.tz=01;31:*.deb=01;31:*.rpm=01;31:*.jar=01;31:*.war=01;31:*.ear=01;31:*.sar=01;31:*.rar=01;31:*.alz=01;31:*.ace=01;31:*.zoo=01;31:*.cpio=01;31:*.7z=01;31:*.rz=01;31:*.cab=01;31:*.wim=01;31:*.swm=01;31:*.dwm=01;31:*.esd=01;31:*.jpg=01;35:*.jpeg=01;35:*.mjpg=01;35:*.mjpeg=01;35:*.gif=01;35:*.bmp=01;35:*.pbm=01;35:*.pgm=01;35:*.ppm=01;35:*.tga=01;35:*.xbm=01;35:*.xpm=01;35:*.tif=01;35:*.tiff=01;35:*.png=01;35:*.svg=01;35:*.svgz=01;35:*.mng=01;35:*.pcx=01;35:*.mov=01;35:*.mpg=01;35:*.mpeg=01;35:*.m2v=01;35:*.mkv=01;35:*.webm=01;35:*.ogm=01;35:*.mp4=01;35:*.m4v=01;35:*.mp4v=01;35:*.vob=01;35:*.qt=01;35:*.nuv=01;35:*.wmv=01;35:*.asf=01;35:*.rm=01;35:*.rmvb=01;35:*.flc=01;35:*.avi=01;35:*.fli=01;35:*.flv=01;35:*.gl=01;35:*.dl=01;35:*.xcf=01;35:*.xwd=01;35:*.yuv=01;35:*.cgm=01;35:*.emf=01;35:*.ogv=01;35:*.ogx=01;35:*.aac=00;36:*.au=00;36:*.flac=00;36:*.m4a=00;36:*.mid=00;36:*.midi=00;36:*.mka=00;36:*.mp3=00;36:*.mpc=00;36:*.ogg=00;36:*.ra=00;36:*.wav=00;36:*.oga=00;36:*.opus=00;36:*.spx=00;36:*.xspf=00;36:'), ('JETSON_SOC', 'tegra194'), ('SSH_AUTH_SOCK', '/run/user/1000/keyring/ssh'), ('ROS_DOMAIN_ID', '35'), ('AMENT_PREFIX_PATH', '/home/wjs/cart_ros2/install:/home/wjs/tb3_tpl_ws/install:/opt/ros/galactic'), ('SHELL', '/bin/bash'), ('TERMINATOR_UUID', 'urn:uuid:1409ebbf-e917-4bfd-a3f8-4e94c2694854'), ('QT_ACCESSIBILITY', '1'), ('GDMSESSION', 'ubuntu'), ('LESSCLOSE', '/usr/bin/lesspipe %s %s'), ('GPG_AGENT_INFO', '/run/user/1000/gnupg/S.gpg-agent:0:1'), ('QT_IM_MODULE', 'ibus'), ('JETSON_CUDA_ARCH_BIN', '7.2'), ('PWD', '/home/wjs/cart_ros2/build/sllidar_ros2'), ('XDG_CONFIG_DIRS', '/etc/xdg/xdg-ubuntu:/etc/xdg'), ('XDG_DATA_DIRS', '/usr/share/ubuntu:/usr/local/share/:/usr/share/:/var/lib/snapd/desktop'), ('PYTHONPATH', '/opt/opencv-4.5.5-cuda/lib/python3.8/site-packages:/home/wjs/cart_ros2/build/differential_drive/src:/home/wjs/cart_ros2/build/arduino_ros2:/home/wjs/cart_ros2/build/agv_body:/home/wjs/cart_ros2/install/lib/python3.8/site-packages:/home/wjs/tb3_tpl_ws/build/turtlebot3_teleop:/home/wjs/tb3_tpl_ws/install/lib/python3.8/site-packages:/opt/ros/galactic/lib/python3.8/site-packages'), ('COLCON', '1'), ('VTE_VERSION', '6003'), ('JETSON_JETPACK', '5.1.7'), ('CMAKE_PREFIX_PATH', '/home/wjs/cart_ros2/install:/home/wjs/tb3_tpl_ws/install:/opt/ros/galactic'), ('JETSON_P_NUMBER', 'p2888-0004')]), 'shell': False}
[22.639092] (-) TimerEvent: {}
[22.710631] (roboteq_interfaces) StdoutLine: {'line': b'\x1b[35m\x1b[1mScanning dependencies of target roboteq_interfaces__rosidl_typesupport_fastrtps_cpp\x1b[0m\n'}
[22.741593] (-) TimerEvent: {}
[22.774975] (roboteq_interfaces) StdoutLine: {'line': b'[ 20%] \x1b[32mBuilding CXX object CMakeFiles/roboteq_interfaces__rosidl_typesupport_introspection_cpp.dir/rosidl_typesupport_introspection_cpp/roboteq_interfaces/msg/detail/channel_values__type_support.cpp.o\x1b[0m\n'}
[22.799977] (roboteq_interfaces) StdoutLine: {'line': b'[ 21%] \x1b[32m\x1b[1mLinking C shared library libroboteq_interfaces__rosidl_generator_c.so\x1b[0m\n'}
[22.841856] (-) TimerEvent: {}
[22.943287] (-) TimerEvent: {}
[22.982803] (roboteq_interfaces) StdoutLine: {'line': b'[ 23%] \x1b[32mBuilding CXX object CMakeFiles/roboteq_interfaces__rosidl_typesupport_fastrtps_cpp.dir/rosidl_typesupport_fastrtps_cpp/roboteq_interfaces/msg/detail/dds_fastrtps/channel_values__type_support.cpp.o\x1b[0m\n'}
[23.043552] (-) TimerEvent: {}
[23.143733] (roboteq_interfaces) StdoutLine: {'line': b'[ 23%] Built target roboteq_interfaces__rosidl_generator_c\n'}
[23.144429] (-) TimerEvent: {}
[23.225549] (sllidar_ros2) StdoutLine: {'line': b'-- The C compiler identification is GNU 10.5.0\n'}
[23.244742] (-) TimerEvent: {}
[23.308583] (roboteq_interfaces) StdoutLine: {'line': b'[ 25%] \x1b[34m\x1b[1mGenerating C type support dispatch for ROS interfaces\x1b[0m\n'}
[23.342053] (laser_filters) StdoutLine: {'line': b'-- Check for working C compiler: /usr/bin/cc -- works\n'}
[23.344929] (-) TimerEvent: {}
[23.348271] (laser_filters) StdoutLine: {'line': b'-- Detecting C compiler ABI info\n'}
[23.445223] (-) TimerEvent: {}
[23.495222] (ira_laser_tools) StdoutLine: {'line': b'-- Found OpenSSL: /usr/lib/aarch64-linux-gnu/libcrypto.so (found version "1.1.1f")  \n'}
[23.545468] (-) TimerEvent: {}
[23.646425] (-) TimerEvent: {}
[23.679440] (sllidar_ros2) StdoutLine: {'line': b'-- The CXX compiler identification is GNU 10.5.0\n'}
[23.719652] (sllidar_ros2) StdoutLine: {'line': b'-- Check for working C compiler: /usr/bin/cc\n'}
[23.743236] (ira_laser_tools) StdoutLine: {'line': b'-- Found FastRTPS: /opt/ros/galactic/include  \n'}
[23.746639] (-) TimerEvent: {}
[23.847760] (-) TimerEvent: {}
[23.948759] (-) TimerEvent: {}
[24.050174] (-) TimerEvent: {}
[24.151503] (-) TimerEvent: {}
[24.253024] (-) TimerEvent: {}
[24.275550] (ira_laser_tools) StdoutLine: {'line': b'-- Using all available rosidl_typesupport_cpp: rosidl_typesupport_fastrtps_cpp;rosidl_typesupport_introspection_cpp\n'}
[24.317379] (laser_filters) StdoutLine: {'line': b'-- Detecting C compiler ABI info - done\n'}
[24.353360] (-) TimerEvent: {}
[24.446746] (laser_filters) StdoutLine: {'line': b'-- Detecting C compile features\n'}
[24.453560] (-) TimerEvent: {}
[24.455067] (laser_filters) StdoutLine: {'line': b'-- Detecting C compile features - done\n'}
[24.476459] (laser_filters) StdoutLine: {'line': b'-- Check for working CXX compiler: /usr/bin/c++\n'}
[24.542445] (sllidar_ros2) StdoutLine: {'line': b'-- Check for working C compiler: /usr/bin/cc -- works\n'}
[24.547802] (sllidar_ros2) StdoutLine: {'line': b'-- Detecting C compiler ABI info\n'}
[24.553820] (-) TimerEvent: {}
[24.654866] (-) TimerEvent: {}
[24.755856] (-) TimerEvent: {}
[24.856847] (-) TimerEvent: {}
[24.881826] (roboteq_interfaces) StdoutLine: {'line': b'[ 27%] \x1b[32mBuilding CXX object CMakeFiles/roboteq_interfaces__rosidl_typesupport_cpp.dir/rosidl_typesupport_cpp/roboteq_interfaces/srv/command__type_support.cpp.o\x1b[0m\n'}
[24.957094] (-) TimerEvent: {}
[25.058884] (-) TimerEvent: {}
[25.124676] (roboteq_interfaces) StdoutLine: {'line': b'\x1b[35m\x1b[1mScanning dependencies of target roboteq_interfaces__rosidl_typesupport_c\x1b[0m\n'}
[25.148891] (ira_laser_tools) StdoutLine: {'line': b'-- Found rmw_implementation_cmake: 3.3.1 (/opt/ros/galactic/share/rmw_implementation_cmake/cmake)\n'}
[25.159137] (-) TimerEvent: {}
[25.199109] (ira_laser_tools) StdoutLine: {'line': b'-- Found rmw_cyclonedds_cpp: 0.22.6 (/opt/ros/galactic/share/rmw_cyclonedds_cpp/cmake)\n'}
[25.259399] (-) TimerEvent: {}
[25.322781] (sllidar_ros2) StdoutLine: {'line': b'-- Detecting C compiler ABI info - done\n'}
[25.338860] (roboteq_interfaces) StdoutLine: {'line': b'[ 29%] \x1b[32mBuilding CXX object CMakeFiles/roboteq_interfaces__rosidl_typesupport_c.dir/rosidl_typesupport_c/roboteq_interfaces/msg/channel_values__type_support.cpp.o\x1b[0m\n'}
[25.359749] (-) TimerEvent: {}
[25.429542] (ira_laser_tools) StdoutLine: {'line': b"-- Using RMW implementation 'rmw_cyclonedds_cpp' as default\n"}
[25.444168] (ira_laser_tools) StdoutLine: {'line': b'-- Looking for pthread.h\n'}
[25.460077] (-) TimerEvent: {}
[25.465765] (sllidar_ros2) StdoutLine: {'line': b'-- Detecting C compile features\n'}
[25.468352] (sllidar_ros2) StdoutLine: {'line': b'-- Detecting C compile features - done\n'}
[25.487849] (laser_filters) StdoutLine: {'line': b'-- Check for working CXX compiler: /usr/bin/c++ -- works\n'}
[25.497094] (laser_filters) StdoutLine: {'line': b'-- Detecting CXX compiler ABI info\n'}
[25.519094] (sllidar_ros2) StdoutLine: {'line': b'-- Check for working CXX compiler: /usr/bin/c++\n'}
[25.561682] (-) TimerEvent: {}
[25.665096] (-) TimerEvent: {}
[25.761369] (roboteq_interfaces) StdoutLine: {'line': b'[ 30%] \x1b[32mBuilding CXX object CMakeFiles/roboteq_interfaces__rosidl_typesupport_c.dir/rosidl_typesupport_c/roboteq_interfaces/srv/command__type_support.cpp.o\x1b[0m\n'}
[25.765454] (-) TimerEvent: {}
[25.880504] (-) TimerEvent: {}
[26.004136] (roboteq_interfaces) StdoutLine: {'line': b'[ 32%] \x1b[32mBuilding CXX object CMakeFiles/roboteq_interfaces__rosidl_typesupport_introspection_cpp.dir/rosidl_typesupport_introspection_cpp/roboteq_interfaces/srv/detail/command__type_support.cpp.o\x1b[0m\n'}
[26.004850] (-) TimerEvent: {}
[26.106319] (-) TimerEvent: {}
[26.190637] (ira_laser_tools) StdoutLine: {'line': b'-- Looking for pthread.h - found\n'}
[26.193750] (ira_laser_tools) StdoutLine: {'line': b'-- Performing Test CMAKE_HAVE_LIBC_PTHREAD\n'}
[26.206561] (-) TimerEvent: {}
[26.220642] (roboteq_interfaces) StdoutLine: {'line': b'[ 34%] \x1b[32mBuilding CXX object CMakeFiles/roboteq_interfaces__rosidl_typesupport_c.dir/rosidl_typesupport_c/roboteq_interfaces/srv/config__type_support.cpp.o\x1b[0m\n'}
[26.306829] (-) TimerEvent: {}
[26.334666] (roboteq_interfaces) StdoutLine: {'line': b'[ 36%] \x1b[32mBuilding CXX object CMakeFiles/roboteq_interfaces__rosidl_typesupport_fastrtps_cpp.dir/rosidl_typesupport_fastrtps_cpp/roboteq_interfaces/srv/detail/dds_fastrtps/command__type_support.cpp.o\x1b[0m\n'}
[26.468798] (-) TimerEvent: {}
[26.575270] (-) TimerEvent: {}
[26.588120] (laser_filters) StdoutLine: {'line': b'-- Detecting CXX compiler ABI info - done\n'}
[26.608854] (sllidar_ros2) StdoutLine: {'line': b'-- Check for working CXX compiler: /usr/bin/c++ -- works\n'}
[26.616369] (sllidar_ros2) StdoutLine: {'line': b'-- Detecting CXX compiler ABI info\n'}
[26.667788] (roboteq_interfaces) StdoutLine: {'line': b'[ 38%] \x1b[32mBuilding CXX object CMakeFiles/roboteq_interfaces__rosidl_typesupport_c.dir/rosidl_typesupport_c/roboteq_interfaces/srv/maintenance__type_support.cpp.o\x1b[0m\n'}
[26.675496] (-) TimerEvent: {}
[26.696916] (laser_filters) StdoutLine: {'line': b'-- Detecting CXX compile features\n'}
[26.698992] (laser_filters) StdoutLine: {'line': b'-- Detecting CXX compile features - done\n'}
[26.717028] (laser_filters) StdoutLine: {'line': b'-- Found ament_cmake_auto: 1.1.6 (/opt/ros/galactic/share/ament_cmake_auto/cmake)\n'}
[26.775757] (-) TimerEvent: {}
[26.877391] (-) TimerEvent: {}
[26.979030] (-) TimerEvent: {}
[26.982389] (ira_laser_tools) StdoutLine: {'line': b'-- Performing Test CMAKE_HAVE_LIBC_PTHREAD - Failed\n'}
[26.984902] (ira_laser_tools) StdoutLine: {'line': b'-- Looking for pthread_create in pthreads\n'}
[27.079354] (-) TimerEvent: {}
[27.115359] (roboteq_interfaces) StdoutLine: {'line': b'[ 40%] \x1b[32m\x1b[1mLinking CXX shared library libroboteq_interfaces__rosidl_typesupport_c.so\x1b[0m\n'}
[27.179686] (-) TimerEvent: {}
[27.283038] (-) TimerEvent: {}
[27.350648] (laser_filters) StdoutLine: {'line': b'-- Found PythonInterp: /usr/bin/python3 (found suitable version "3.8.10", minimum required is "3") \n'}
[27.352333] (laser_filters) StdoutLine: {'line': b'-- Using PYTHON_EXECUTABLE: /usr/bin/python3\n'}
[27.383262] (-) TimerEvent: {}
[27.443700] (roboteq_interfaces) StdoutLine: {'line': b'[ 41%] \x1b[32mBuilding CXX object CMakeFiles/roboteq_interfaces__rosidl_typesupport_cpp.dir/rosidl_typesupport_cpp/roboteq_interfaces/srv/config__type_support.cpp.o\x1b[0m\n'}
[27.483458] (-) TimerEvent: {}
[27.502215] (roboteq_interfaces) StdoutLine: {'line': b'[ 41%] Built target roboteq_interfaces__rosidl_typesupport_c\n'}
[27.554633] (roboteq_interfaces) StdoutLine: {'line': b'[ 43%] \x1b[32mBuilding CXX object CMakeFiles/roboteq_interfaces__rosidl_typesupport_introspection_cpp.dir/rosidl_typesupport_introspection_cpp/roboteq_interfaces/srv/detail/config__type_support.cpp.o\x1b[0m\n'}
[27.583665] (-) TimerEvent: {}
[27.637919] (roboteq_interfaces) StdoutLine: {'line': b'[ 45%] \x1b[34m\x1b[1mGenerating C introspection for ROS interfaces\x1b[0m\n'}
[27.683897] (-) TimerEvent: {}
[27.750900] (ira_laser_tools) StdoutLine: {'line': b'-- Looking for pthread_create in pthreads - not found\n'}
[27.753470] (ira_laser_tools) StdoutLine: {'line': b'-- Looking for pthread_create in pthread\n'}
[27.784193] (-) TimerEvent: {}
[27.843236] (sllidar_ros2) StdoutLine: {'line': b'-- Detecting CXX compiler ABI info - done\n'}
[27.884441] (-) TimerEvent: {}
[27.921543] (laser_filters) StdoutLine: {'line': b'-- Override CMake install command with custom implementation using symlinks instead of copying resources\n'}
[27.974397] (sllidar_ros2) StdoutLine: {'line': b'-- Detecting CXX compile features\n'}
[27.977675] (sllidar_ros2) StdoutLine: {'line': b'-- Detecting CXX compile features - done\n'}
[27.984687] (-) TimerEvent: {}
[28.014334] (sllidar_ros2) StdoutLine: {'line': b'-- Found ament_cmake: 1.1.6 (/opt/ros/galactic/share/ament_cmake/cmake)\n'}
[28.084944] (-) TimerEvent: {}
[28.187224] (-) TimerEvent: {}
[28.289287] (-) TimerEvent: {}
[28.320798] (sllidar_ros2) StdoutLine: {'line': b'-- Found PythonInterp: /usr/bin/python3 (found suitable version "3.8.10", minimum required is "3") \n'}
[28.324254] (sllidar_ros2) StdoutLine: {'line': b'-- Using PYTHON_EXECUTABLE: /usr/bin/python3\n'}
[28.389670] (-) TimerEvent: {}
[28.492327] (-) TimerEvent: {}
[28.579452] (ira_laser_tools) StdoutLine: {'line': b'-- Looking for pthread_create in pthread - found\n'}
[28.586712] (ira_laser_tools) StdoutLine: {'line': b'-- Found Threads: TRUE  \n'}
[28.592683] (-) TimerEvent: {}
[28.697790] (-) TimerEvent: {}
[28.740912] (sllidar_ros2) StdoutLine: {'line': b'-- Override CMake install command with custom implementation using symlinks instead of copying resources\n'}
[28.798086] (-) TimerEvent: {}
[28.899171] (-) TimerEvent: {}
[28.998402] (sllidar_ros2) StdoutLine: {'line': b'-- Found rclcpp: 9.2.2 (/opt/ros/galactic/share/rclcpp/cmake)\n'}
[28.999290] (-) TimerEvent: {}
[29.102433] (-) TimerEvent: {}
[29.203400] (-) TimerEvent: {}
[29.304251] (-) TimerEvent: {}
[29.346248] (roboteq_interfaces) StdoutLine: {'line': b'[ 47%] \x1b[32mBuilding CXX object CMakeFiles/roboteq_interfaces__rosidl_typesupport_fastrtps_cpp.dir/rosidl_typesupport_fastrtps_cpp/roboteq_interfaces/srv/detail/dds_fastrtps/config__type_support.cpp.o\x1b[0m\n'}
[29.404514] (-) TimerEvent: {}
[29.496314] (roboteq_interfaces) StdoutLine: {'line': b'[ 49%] \x1b[32mBuilding CXX object CMakeFiles/roboteq_interfaces__rosidl_typesupport_cpp.dir/rosidl_typesupport_cpp/roboteq_interfaces/srv/maintenance__type_support.cpp.o\x1b[0m\n'}
[29.504717] (-) TimerEvent: {}
[29.511639] (sllidar_ros2) StdoutLine: {'line': b'-- Using all available rosidl_typesupport_c: rosidl_typesupport_fastrtps_c;rosidl_typesupport_introspection_c\n'}
[29.594846] (sllidar_ros2) StdoutLine: {'line': b'-- Found rosidl_adapter: 2.2.3 (/opt/ros/galactic/share/rosidl_adapter/cmake)\n'}
[29.604989] (-) TimerEvent: {}
[29.706763] (-) TimerEvent: {}
[29.720117] (laser_filters) StdoutLine: {'line': b'-- Using all available rosidl_typesupport_c: rosidl_typesupport_fastrtps_c;rosidl_typesupport_introspection_c\n'}
[29.794640] (laser_filters) StdoutLine: {'line': b'-- Found rosidl_adapter: 2.2.3 (/opt/ros/galactic/share/rosidl_adapter/cmake)\n'}
[29.807028] (-) TimerEvent: {}
[29.811289] (ira_laser_tools) StdoutLine: {'line': b'-- Found rclcpp_action: 9.2.2 (/opt/ros/galactic/share/rclcpp_action/cmake)\n'}
[29.907294] (-) TimerEvent: {}
[30.008357] (-) TimerEvent: {}
[30.109464] (-) TimerEvent: {}
[30.210451] (-) TimerEvent: {}
[30.311558] (-) TimerEvent: {}
[30.363485] (roboteq_interfaces) StdoutLine: {'line': b'[ 50%] \x1b[32mBuilding CXX object CMakeFiles/roboteq_interfaces__rosidl_typesupport_introspection_cpp.dir/rosidl_typesupport_introspection_cpp/roboteq_interfaces/srv/detail/maintenance__type_support.cpp.o\x1b[0m\n'}
[30.411817] (-) TimerEvent: {}
[30.512895] (-) TimerEvent: {}
[30.573905] (roboteq_interfaces) StdoutLine: {'line': b'\x1b[35m\x1b[1mScanning dependencies of target roboteq_interfaces__rosidl_typesupport_introspection_c\x1b[0m\n'}
[30.613272] (-) TimerEvent: {}
[30.644888] (ira_laser_tools) StdoutLine: {'line': b'-- Found rclcpp_lifecycle: 9.2.2 (/opt/ros/galactic/share/rclcpp_lifecycle/cmake)\n'}
[30.713443] (-) TimerEvent: {}
[30.714544] (sllidar_ros2) StdoutLine: {'line': b'-- Found OpenSSL: /usr/lib/aarch64-linux-gnu/libcrypto.so (found version "1.1.1f")  \n'}
[30.805574] (roboteq_interfaces) StdoutLine: {'line': b'[ 52%] \x1b[32mBuilding C object CMakeFiles/roboteq_interfaces__rosidl_typesupport_introspection_c.dir/rosidl_typesupport_introspection_c/roboteq_interfaces/msg/detail/channel_values__type_support.c.o\x1b[0m\n'}
[30.813677] (-) TimerEvent: {}
[30.917444] (-) TimerEvent: {}
[30.964657] (laser_filters) StdoutLine: {'line': b'-- Found OpenSSL: /usr/lib/aarch64-linux-gnu/libcrypto.so (found version "1.1.1f")  \n'}
[30.995912] (sllidar_ros2) StdoutLine: {'line': b'-- Found FastRTPS: /opt/ros/galactic/include  \n'}
[31.017693] (-) TimerEvent: {}
[31.128409] (-) TimerEvent: {}
[31.183618] (ira_laser_tools) StdoutLine: {'line': b'-- Found geometry_msgs: 2.2.4 (/opt/ros/galactic/share/geometry_msgs/cmake)\n'}
[31.208831] (laser_filters) StdoutLine: {'line': b'-- Found FastRTPS: /opt/ros/galactic/include  \n'}
[31.224451] (-) TimerEvent: {}
[31.301986] (roboteq_interfaces) StdoutLine: {'line': b'[ 54%] \x1b[32m\x1b[1mLinking CXX shared library libroboteq_interfaces__rosidl_typesupport_cpp.so\x1b[0m\n'}
[31.324724] (-) TimerEvent: {}
[31.334701] (roboteq_interfaces) StdoutLine: {'line': b'[ 56%] \x1b[32mBuilding C object CMakeFiles/roboteq_interfaces__rosidl_typesupport_introspection_c.dir/rosidl_typesupport_introspection_c/roboteq_interfaces/srv/detail/command__type_support.c.o\x1b[0m\n'}
[31.425017] (-) TimerEvent: {}
[31.500073] (ira_laser_tools) StdoutLine: {'line': b'-- Found sensor_msgs: 2.2.4 (/opt/ros/galactic/share/sensor_msgs/cmake)\n'}
[31.525339] (-) TimerEvent: {}
[31.626900] (-) TimerEvent: {}
[31.708483] (roboteq_interfaces) StdoutLine: {'line': b'[ 58%] \x1b[32mBuilding CXX object CMakeFiles/roboteq_interfaces__rosidl_typesupport_fastrtps_cpp.dir/rosidl_typesupport_fastrtps_cpp/roboteq_interfaces/srv/detail/dds_fastrtps/maintenance__type_support.cpp.o\x1b[0m\n'}
[31.727168] (-) TimerEvent: {}
[31.731328] (roboteq_interfaces) StdoutLine: {'line': b'[ 60%] \x1b[32mBuilding C object CMakeFiles/roboteq_interfaces__rosidl_typesupport_introspection_c.dir/rosidl_typesupport_introspection_c/roboteq_interfaces/srv/detail/config__type_support.c.o\x1b[0m\n'}
[31.754562] (roboteq_interfaces) StdoutLine: {'line': b'[ 60%] Built target roboteq_interfaces__rosidl_typesupport_cpp\n'}
[31.827443] (-) TimerEvent: {}
[31.852502] (laser_filters) StdoutLine: {'line': b'-- Using all available rosidl_typesupport_cpp: rosidl_typesupport_fastrtps_cpp;rosidl_typesupport_introspection_cpp\n'}
[31.882776] (roboteq_interfaces) StdoutLine: {'line': b'[ 61%] \x1b[32mBuilding C object CMakeFiles/roboteq_interfaces__rosidl_typesupport_introspection_c.dir/rosidl_typesupport_introspection_c/roboteq_interfaces/srv/detail/maintenance__type_support.c.o\x1b[0m\n'}
[31.927715] (-) TimerEvent: {}
[31.953825] (sllidar_ros2) StdoutLine: {'line': b'-- Using all available rosidl_typesupport_cpp: rosidl_typesupport_fastrtps_cpp;rosidl_typesupport_introspection_cpp\n'}
[32.027998] (-) TimerEvent: {}
[32.059563] (ira_laser_tools) StdoutLine: {'line': b'-- Found laser_geometry: 2.2.1 (/opt/ros/galactic/share/laser_geometry/cmake)\n'}
[32.128264] (-) TimerEvent: {}
[32.190370] (ira_laser_tools) StdoutLine: {'line': b'-- Found tf2: 0.17.5 (/opt/ros/galactic/share/tf2/cmake)\n'}
[32.228525] (-) TimerEvent: {}
[32.329736] (-) TimerEvent: {}
[32.331075] (roboteq_interfaces) StdoutLine: {'line': b'[ 63%] \x1b[32m\x1b[1mLinking C shared library libroboteq_interfaces__rosidl_typesupport_introspection_c.so\x1b[0m\n'}
[32.396537] (ira_laser_tools) StdoutLine: {'line': b'-- Found tf2_ros: 0.17.5 (/opt/ros/galactic/share/tf2_ros/cmake)\n'}
[32.426577] (laser_filters) StdoutLine: {'line': b'-- Found rmw_implementation_cmake: 3.3.1 (/opt/ros/galactic/share/rmw_implementation_cmake/cmake)\n'}
[32.429942] (-) TimerEvent: {}
[32.441892] (laser_filters) StdoutLine: {'line': b'-- Found rmw_cyclonedds_cpp: 0.22.6 (/opt/ros/galactic/share/rmw_cyclonedds_cpp/cmake)\n'}
[32.530217] (-) TimerEvent: {}
[32.560432] (sllidar_ros2) StdoutLine: {'line': b'-- Found rmw_implementation_cmake: 3.3.1 (/opt/ros/galactic/share/rmw_implementation_cmake/cmake)\n'}
[32.572604] (sllidar_ros2) StdoutLine: {'line': b'-- Found rmw_cyclonedds_cpp: 0.22.6 (/opt/ros/galactic/share/rmw_cyclonedds_cpp/cmake)\n'}
[32.602138] (laser_filters) StdoutLine: {'line': b"-- Using RMW implementation 'rmw_cyclonedds_cpp' as default\n"}
[32.607037] (laser_filters) StdoutLine: {'line': b'-- Looking for pthread.h\n'}
[32.630471] (-) TimerEvent: {}
[32.705698] (sllidar_ros2) StdoutLine: {'line': b"-- Using RMW implementation 'rmw_cyclonedds_cpp' as default\n"}
[32.710846] (sllidar_ros2) StdoutLine: {'line': b'-- Looking for pthread.h\n'}
[32.713684] (roboteq_interfaces) StdoutLine: {'line': b'[ 65%] \x1b[32m\x1b[1mLinking CXX shared library libroboteq_interfaces__rosidl_typesupport_introspection_cpp.so\x1b[0m\n'}
[32.730735] (-) TimerEvent: {}
[32.750666] (roboteq_interfaces) StdoutLine: {'line': b'[ 65%] Built target roboteq_interfaces__rosidl_typesupport_introspection_c\n'}
[32.830988] (-) TimerEvent: {}
[32.946367] (-) TimerEvent: {}
[33.082112] (-) TimerEvent: {}
[33.170283] (roboteq_interfaces) StdoutLine: {'line': b'[ 65%] Built target roboteq_interfaces__rosidl_typesupport_introspection_cpp\n'}
[33.182371] (-) TimerEvent: {}
[33.263322] (sllidar_ros2) StdoutLine: {'line': b'-- Looking for pthread.h - found\n'}
[33.266512] (sllidar_ros2) StdoutLine: {'line': b'-- Performing Test CMAKE_HAVE_LIBC_PTHREAD\n'}
[33.267770] (laser_filters) StdoutLine: {'line': b'-- Looking for pthread.h - found\n'}
[33.270527] (laser_filters) StdoutLine: {'line': b'-- Performing Test CMAKE_HAVE_LIBC_PTHREAD\n'}
[33.282609] (-) TimerEvent: {}
[33.383650] (-) TimerEvent: {}
[33.484693] (-) TimerEvent: {}
[33.586395] (-) TimerEvent: {}
[33.687990] (-) TimerEvent: {}
[33.755499] (laser_filters) StdoutLine: {'line': b'-- Performing Test CMAKE_HAVE_LIBC_PTHREAD - Failed\n'}
[33.758079] (laser_filters) StdoutLine: {'line': b'-- Looking for pthread_create in pthreads\n'}
[33.783702] (ira_laser_tools) StdoutLine: {'line': b'-- Found pcl_ros: 2.3.2 (/opt/ros/galactic/share/pcl_ros/cmake)\n'}
[33.788220] (-) TimerEvent: {}
[33.791514] (sllidar_ros2) StdoutLine: {'line': b'-- Performing Test CMAKE_HAVE_LIBC_PTHREAD - Failed\n'}
[33.792588] (sllidar_ros2) StdoutLine: {'line': b'-- Looking for pthread_create in pthreads\n'}
[33.875515] (roboteq_interfaces) StdoutLine: {'line': b'[ 67%] \x1b[32m\x1b[1mLinking CXX shared library libroboteq_interfaces__rosidl_typesupport_fastrtps_cpp.so\x1b[0m\n'}
[33.888487] (-) TimerEvent: {}
[33.989951] (-) TimerEvent: {}
[34.091020] (-) TimerEvent: {}
[34.181485] (sllidar_ros2) StdoutLine: {'line': b'-- Looking for pthread_create in pthreads - not found\n'}
[34.190117] (sllidar_ros2) StdoutLine: {'line': b'-- Looking for pthread_create in pthread\n'}
[34.191358] (-) TimerEvent: {}
[34.192942] (laser_filters) StdoutLine: {'line': b'-- Looking for pthread_create in pthreads - not found\n'}
[34.195418] (laser_filters) StdoutLine: {'line': b'-- Looking for pthread_create in pthread\n'}
[34.291660] (-) TimerEvent: {}
[34.373807] (roboteq_interfaces) StdoutLine: {'line': b'[ 67%] Built target roboteq_interfaces__rosidl_typesupport_fastrtps_cpp\n'}
[34.391957] (-) TimerEvent: {}
[34.463654] (roboteq_interfaces) StdoutLine: {'line': b'[ 69%] \x1b[34m\x1b[1mGenerating C type support for eProsima Fast-RTPS\x1b[0m\n'}
[34.492185] (-) TimerEvent: {}
[34.593449] (-) TimerEvent: {}
[34.693218] (laser_filters) StdoutLine: {'line': b'-- Looking for pthread_create in pthread - found\n'}
[34.694062] (-) TimerEvent: {}
[34.695297] (sllidar_ros2) StdoutLine: {'line': b'-- Looking for pthread_create in pthread - found\n'}
[34.701969] (sllidar_ros2) StdoutLine: {'line': b'-- Found Threads: TRUE  \n'}
[34.705554] (laser_filters) StdoutLine: {'line': b'-- Found Threads: TRUE  \n'}
[34.753277] (ira_laser_tools) StdoutLine: {'line': b'-- Found Eigen3: TRUE (found version "3.3.7") \n'}
[34.794318] (-) TimerEvent: {}
[34.895420] (-) TimerEvent: {}
[34.974814] (ira_laser_tools) StdoutLine: {'line': b"-- Checking for module 'eigen3'\n"}
[34.995649] (-) TimerEvent: {}
[35.089284] (ira_laser_tools) StdoutLine: {'line': b'--   Found eigen3, version 3.3.7\n'}
[35.095864] (-) TimerEvent: {}
[35.196804] (-) TimerEvent: {}
[35.297845] (-) TimerEvent: {}
[35.367634] (ira_laser_tools) StdoutLine: {'line': b'-- Found Eigen: /usr/include/eigen3 (Required is at least version "3.1") \n'}
[35.368284] (ira_laser_tools) StdoutLine: {'line': b'-- Eigen found (include: /usr/include/eigen3, version: 3.3.7)\n'}
[35.398063] (-) TimerEvent: {}
[35.422887] (sllidar_ros2) StdoutLine: {'line': b'-- Found sensor_msgs: 2.2.4 (/opt/ros/galactic/share/sensor_msgs/cmake)\n'}
[35.498281] (-) TimerEvent: {}
[35.599203] (-) TimerEvent: {}
[35.700253] (-) TimerEvent: {}
[35.715681] (ira_laser_tools) StdoutLine: {'line': b"-- Checking for module 'flann'\n"}
[35.800532] (-) TimerEvent: {}
[35.833613] (ira_laser_tools) StdoutLine: {'line': b'--   Found flann, version 1.9.1\n'}
[35.900797] (-) TimerEvent: {}
[35.907279] (sllidar_ros2) StdoutLine: {'line': b'-- Found std_srvs: 2.2.4 (/opt/ros/galactic/share/std_srvs/cmake)\n'}
[36.001063] (-) TimerEvent: {}
[36.102136] (-) TimerEvent: {}
[36.141789] (ira_laser_tools) StdoutLine: {'line': b'-- Found FLANN: /usr/lib/aarch64-linux-gnu/libflann_cpp.so  \n'}
[36.202312] (-) TimerEvent: {}
[36.280158] (roboteq_interfaces) StdoutLine: {'line': b'\x1b[35m\x1b[1mScanning dependencies of target roboteq_interfaces__rosidl_typesupport_fastrtps_c\x1b[0m\n'}
[36.302671] (-) TimerEvent: {}
[36.348939] (sllidar_ros2) StdoutLine: {'line': b'-- Configuring done\n'}
[36.409392] (-) TimerEvent: {}
[36.418958] (sllidar_ros2) StdoutLine: {'line': b'-- Generating done\n'}
[36.455060] (sllidar_ros2) StdoutLine: {'line': b'-- Build files have been written to: /home/wjs/cart_ros2/build/sllidar_ros2\n'}
[36.471370] (roboteq_interfaces) StdoutLine: {'line': b'[ 70%] \x1b[32mBuilding CXX object CMakeFiles/roboteq_interfaces__rosidl_typesupport_fastrtps_c.dir/rosidl_typesupport_fastrtps_c/roboteq_interfaces/msg/detail/channel_values__type_support_c.cpp.o\x1b[0m\n'}
[36.496262] (sllidar_ros2) CommandEnded: {'returncode': 0}
[36.505915] (sllidar_ros2) JobProgress: {'identifier': 'sllidar_ros2', 'progress': 'build'}
[36.507235] (sllidar_ros2) Command: {'cmd': ['/usr/bin/cmake', '--build', '/home/wjs/cart_ros2/build/sllidar_ros2', '--', '-j4', '-l4'], 'cwd': '/home/wjs/cart_ros2/build/sllidar_ros2', 'env': OrderedDict([('LESSOPEN', '| /usr/bin/lesspipe %s'), ('USER', 'wjs'), ('SSH_AGENT_PID', '4023'), ('XDG_SESSION_TYPE', 'x11'), ('PIP_CACHE_DIR', '/mnt/sdcard/.cache/pip'), ('XDG_CACHE_HOME', '/mnt/sdcard/.cache'), ('SHLVL', '1'), ('LD_LIBRARY_PATH', '/opt/opencv-4.5.5-cuda/lib:/home/wjs/cart_ros2/install/lib:/home/wjs/tb3_tpl_ws/install/lib:/opt/ros/galactic/opt/yaml_cpp_vendor/lib:/opt/ros/galactic/opt/rviz_ogre_vendor/lib:/opt/ros/galactic/lib/aarch64-linux-gnu:/opt/ros/galactic/lib:/usr/local/cuda-11.4/lib64:'), ('HOME', '/home/wjs'), ('CYCLONEDDS_URI', 'file:///home/wjs/cyclonedds_lo.xml'), ('OLDPWD', '/home/wjs'), ('DESKTOP_SESSION', 'ubuntu'), ('JETSON_L4T', '35.6.3'), ('ROS_PYTHON_VERSION', '3'), ('GNOME_SHELL_SESSION_MODE', 'ubuntu'), ('GTK_MODULES', 'gail:atk-bridge'), ('JETSON_MODEL', 'Jetson-AGX'), ('MANAGERPID', '3877'), ('DBUS_SESSION_BUS_ADDRESS', 'unix:path=/run/user/1000/bus'), ('COLORTERM', 'truecolor'), ('TERMINATOR_DBUS_NAME', 'net.tenshu.Terminator23558193cd9818af7fe4d2c2f5bd9d00f'), ('GIO_LAUNCHED_DESKTOP_FILE_PID', '6835'), ('IM_CONFIG_PHASE', '1'), ('TMPDIR', '/mnt/sdcard/tmp'), ('COLCON_PREFIX_PATH', '/home/wjs/tb3_tpl_ws/install:/home/wjs/cart_ros2/install'), ('TORCH_HOME', '/mnt/sdcard/.cache/torch'), ('ROS_DISTRO', 'galactic'), ('LOGNAME', 'wjs'), ('JETSON_MODULE', 'NVIDIA Jetson AGX Xavier (32 GB ram)'), ('JETSON_SERIAL_NUMBER', '1423420009543'), ('JOURNAL_STREAM', '8:75457'), ('_', '/usr/bin/colcon'), ('ROS_VERSION', '2'), ('JETSON_CODENAME', 'Galen'), ('XDG_SESSION_CLASS', 'user'), ('USERNAME', 'wjs'), ('TERM', 'xterm-256color'), ('GNOME_DESKTOP_SESSION_ID', 'this-is-deprecated'), ('ROS_LOCALHOST_ONLY', '1'), ('WINDOWPATH', '2'), ('PATH', '/opt/ros/galactic/bin:/usr/local/cuda-11.4/bin:/home/wjs/.local/bin:/usr/local/sbin:/usr/local/bin:/usr/sbin:/usr/bin:/sbin:/bin:/usr/games:/usr/local/games:/snap/bin'), ('SESSION_MANAGER', 'local/ubuntu:@/tmp/.ICE-unix/4058,unix/ubuntu:/tmp/.ICE-unix/4058'), ('INVOCATION_ID', 'da0bea70aefc4c20b47af68647634234'), ('XDG_MENU_PREFIX', 'gnome-'), ('XDG_RUNTIME_DIR', '/run/user/1000'), ('DISPLAY', ':1'), ('TERMINATOR_DBUS_PATH', '/net/tenshu/Terminator2'), ('LANG', 'en_US.UTF-8'), ('XDG_CURRENT_DESKTOP', 'ubuntu:GNOME'), ('RMW_IMPLEMENTATION', 'rmw_cyclonedds_cpp'), ('XMODIFIERS', '@im=ibus'), ('XDG_SESSION_DESKTOP', 'ubuntu'), ('XAUTHORITY', '/run/user/1000/gdm/Xauthority'), ('LS_COLORS', 'rs=0:di=01;34:ln=01;36:mh=00:pi=40;33:so=01;35:do=01;35:bd=40;33;01:cd=40;33;01:or=40;31;01:mi=00:su=37;41:sg=30;43:ca=30;41:tw=30;42:ow=34;42:st=37;44:ex=01;32:*.tar=01;31:*.tgz=01;31:*.arc=01;31:*.arj=01;31:*.taz=01;31:*.lha=01;31:*.lz4=01;31:*.lzh=01;31:*.lzma=01;31:*.tlz=01;31:*.txz=01;31:*.tzo=01;31:*.t7z=01;31:*.zip=01;31:*.z=01;31:*.dz=01;31:*.gz=01;31:*.lrz=01;31:*.lz=01;31:*.lzo=01;31:*.xz=01;31:*.zst=01;31:*.tzst=01;31:*.bz2=01;31:*.bz=01;31:*.tbz=01;31:*.tbz2=01;31:*.tz=01;31:*.deb=01;31:*.rpm=01;31:*.jar=01;31:*.war=01;31:*.ear=01;31:*.sar=01;31:*.rar=01;31:*.alz=01;31:*.ace=01;31:*.zoo=01;31:*.cpio=01;31:*.7z=01;31:*.rz=01;31:*.cab=01;31:*.wim=01;31:*.swm=01;31:*.dwm=01;31:*.esd=01;31:*.jpg=01;35:*.jpeg=01;35:*.mjpg=01;35:*.mjpeg=01;35:*.gif=01;35:*.bmp=01;35:*.pbm=01;35:*.pgm=01;35:*.ppm=01;35:*.tga=01;35:*.xbm=01;35:*.xpm=01;35:*.tif=01;35:*.tiff=01;35:*.png=01;35:*.svg=01;35:*.svgz=01;35:*.mng=01;35:*.pcx=01;35:*.mov=01;35:*.mpg=01;35:*.mpeg=01;35:*.m2v=01;35:*.mkv=01;35:*.webm=01;35:*.ogm=01;35:*.mp4=01;35:*.m4v=01;35:*.mp4v=01;35:*.vob=01;35:*.qt=01;35:*.nuv=01;35:*.wmv=01;35:*.asf=01;35:*.rm=01;35:*.rmvb=01;35:*.flc=01;35:*.avi=01;35:*.fli=01;35:*.flv=01;35:*.gl=01;35:*.dl=01;35:*.xcf=01;35:*.xwd=01;35:*.yuv=01;35:*.cgm=01;35:*.emf=01;35:*.ogv=01;35:*.ogx=01;35:*.aac=00;36:*.au=00;36:*.flac=00;36:*.m4a=00;36:*.mid=00;36:*.midi=00;36:*.mka=00;36:*.mp3=00;36:*.mpc=00;36:*.ogg=00;36:*.ra=00;36:*.wav=00;36:*.oga=00;36:*.opus=00;36:*.spx=00;36:*.xspf=00;36:'), ('JETSON_SOC', 'tegra194'), ('SSH_AUTH_SOCK', '/run/user/1000/keyring/ssh'), ('ROS_DOMAIN_ID', '35'), ('AMENT_PREFIX_PATH', '/home/wjs/cart_ros2/install:/home/wjs/tb3_tpl_ws/install:/opt/ros/galactic'), ('SHELL', '/bin/bash'), ('TERMINATOR_UUID', 'urn:uuid:1409ebbf-e917-4bfd-a3f8-4e94c2694854'), ('QT_ACCESSIBILITY', '1'), ('GDMSESSION', 'ubuntu'), ('LESSCLOSE', '/usr/bin/lesspipe %s %s'), ('GPG_AGENT_INFO', '/run/user/1000/gnupg/S.gpg-agent:0:1'), ('QT_IM_MODULE', 'ibus'), ('JETSON_CUDA_ARCH_BIN', '7.2'), ('PWD', '/home/wjs/cart_ros2/build/sllidar_ros2'), ('XDG_CONFIG_DIRS', '/etc/xdg/xdg-ubuntu:/etc/xdg'), ('XDG_DATA_DIRS', '/usr/share/ubuntu:/usr/local/share/:/usr/share/:/var/lib/snapd/desktop'), ('PYTHONPATH', '/opt/opencv-4.5.5-cuda/lib/python3.8/site-packages:/home/wjs/cart_ros2/build/differential_drive/src:/home/wjs/cart_ros2/build/arduino_ros2:/home/wjs/cart_ros2/build/agv_body:/home/wjs/cart_ros2/install/lib/python3.8/site-packages:/home/wjs/tb3_tpl_ws/build/turtlebot3_teleop:/home/wjs/tb3_tpl_ws/install/lib/python3.8/site-packages:/opt/ros/galactic/lib/python3.8/site-packages'), ('COLCON', '1'), ('VTE_VERSION', '6003'), ('JETSON_JETPACK', '5.1.7'), ('CMAKE_PREFIX_PATH', '/home/wjs/cart_ros2/install:/home/wjs/tb3_tpl_ws/install:/opt/ros/galactic'), ('JETSON_P_NUMBER', 'p2888-0004')]), 'shell': False}
[36.514687] (-) TimerEvent: {}
[36.516208] (ira_laser_tools) StdoutLine: {'line': b'-- The imported target "vtkParseOGLExt" references the file\n'}
[36.516812] (ira_laser_tools) StdoutLine: {'line': b'   "/usr/bin/vtkParseOGLExt-7.1"\n'}
[36.517073] (ira_laser_tools) StdoutLine: {'line': b'but this file does not exist.  Possible reasons include:\n'}
[36.522554] (ira_laser_tools) StdoutLine: {'line': b'* The file was deleted, renamed, or moved to another location.\n'}
[36.522895] (ira_laser_tools) StdoutLine: {'line': b'* An install or uninstall procedure did not complete successfully.\n'}
[36.523168] (ira_laser_tools) StdoutLine: {'line': b'* The installation package was faulty and contained\n'}
[36.525810] (ira_laser_tools) StdoutLine: {'line': b'   "/usr/lib/cmake/vtk-7.1/VTKTargets.cmake"\n'}
[36.527137] (ira_laser_tools) StdoutLine: {'line': b'but not all the files it references.\n'}
[36.527514] (ira_laser_tools) StdoutLine: {'line': b'\n'}
[36.527773] (ira_laser_tools) StdoutLine: {'line': b'-- The imported target "vtkRenderingPythonTkWidgets" references the file\n'}
[36.528015] (ira_laser_tools) StdoutLine: {'line': b'   "/usr/lib/aarch64-linux-gnu/libvtkRenderingPythonTkWidgets.so"\n'}
[36.528249] (ira_laser_tools) StdoutLine: {'line': b'but this file does not exist.  Possible reasons include:\n'}
[36.528501] (ira_laser_tools) StdoutLine: {'line': b'* The file was deleted, renamed, or moved to another location.\n'}
[36.528732] (ira_laser_tools) StdoutLine: {'line': b'* An install or uninstall procedure did not complete successfully.\n'}
[36.528975] (ira_laser_tools) StdoutLine: {'line': b'* The installation package was faulty and contained\n'}
[36.529290] (ira_laser_tools) StdoutLine: {'line': b'   "/usr/lib/cmake/vtk-7.1/VTKTargets.cmake"\n'}
[36.530626] (ira_laser_tools) StdoutLine: {'line': b'but not all the files it references.\n'}
[36.530884] (ira_laser_tools) StdoutLine: {'line': b'\n'}
[36.531125] (ira_laser_tools) StdoutLine: {'line': b'-- The imported target "vtk" references the file\n'}
[36.531371] (ira_laser_tools) StdoutLine: {'line': b'   "/usr/bin/vtk"\n'}
[36.531602] (ira_laser_tools) StdoutLine: {'line': b'but this file does not exist.  Possible reasons include:\n'}
[36.531840] (ira_laser_tools) StdoutLine: {'line': b'* The file was deleted, renamed, or moved to another location.\n'}
[36.532079] (ira_laser_tools) StdoutLine: {'line': b'* An install or uninstall procedure did not complete successfully.\n'}
[36.532388] (ira_laser_tools) StdoutLine: {'line': b'* The installation package was faulty and contained\n'}
[36.541823] (ira_laser_tools) StdoutLine: {'line': b'   "/usr/lib/cmake/vtk-7.1/VTKTargets.cmake"\n'}
[36.543365] (ira_laser_tools) StdoutLine: {'line': b'but not all the files it references.\n'}
[36.543788] (ira_laser_tools) StdoutLine: {'line': b'\n'}
[36.544056] (ira_laser_tools) StdoutLine: {'line': b'-- The imported target "pvtk" references the file\n'}
[36.544309] (ira_laser_tools) StdoutLine: {'line': b'   "/usr/bin/pvtk"\n'}
[36.544546] (ira_laser_tools) StdoutLine: {'line': b'but this file does not exist.  Possible reasons include:\n'}
[36.544799] (ira_laser_tools) StdoutLine: {'line': b'* The file was deleted, renamed, or moved to another location.\n'}
[36.545033] (ira_laser_tools) StdoutLine: {'line': b'* An install or uninstall procedure did not complete successfully.\n'}
[36.545454] (ira_laser_tools) StdoutLine: {'line': b'* The installation package was faulty and contained\n'}
[36.545701] (ira_laser_tools) StdoutLine: {'line': b'   "/usr/lib/cmake/vtk-7.1/VTKTargets.cmake"\n'}
[36.545947] (ira_laser_tools) StdoutLine: {'line': b'but not all the files it references.\n'}
[36.546176] (ira_laser_tools) StdoutLine: {'line': b'\n'}
[36.615007] (-) TimerEvent: {}
[36.677596] (ira_laser_tools) StdoutLine: {'line': b"-- Checking for module 'libusb-1.0'\n"}
[36.715227] (-) TimerEvent: {}
[36.765276] (sllidar_ros2) StdoutLine: {'line': b'\x1b[35m\x1b[1mScanning dependencies of target sllidar_node\x1b[0m\n'}
[36.795974] (ira_laser_tools) StdoutLine: {'line': b'--   Found libusb-1.0, version 1.0.23\n'}
[36.815477] (-) TimerEvent: {}
[36.916493] (-) TimerEvent: {}
[37.017519] (-) TimerEvent: {}
[37.070129] (ira_laser_tools) StdoutLine: {'line': b'-- Found USB_10: /usr/lib/aarch64-linux-gnu/libusb-1.0.so  \n'}
[37.117746] (-) TimerEvent: {}
[37.218671] (-) TimerEvent: {}
[37.253736] (sllidar_ros2) StdoutLine: {'line': b'[  7%] \x1b[32mBuilding CXX object CMakeFiles/sllidar_node.dir/src/sllidar_node.cpp.o\x1b[0m\n'}
[37.318907] (-) TimerEvent: {}
[37.419859] (-) TimerEvent: {}
[37.476796] (ira_laser_tools) StdoutLine: {'line': b'-- OpenNI found (include: /usr/include/ni, lib: /usr/lib/libOpenNI.so)\n'}
[37.520122] (-) TimerEvent: {}
[37.621255] (-) TimerEvent: {}
[37.659132] (laser_filters) StdoutLine: {'line': b'-- Found ament_cmake_gtest: 1.1.6 (/opt/ros/galactic/share/ament_cmake_gtest/cmake)\n'}
[37.671768] (laser_filters) StdoutLine: {'line': b"-- Found gtest sources under '/opt/ros/galactic/src/gtest_vendor': C++ tests using 'Google Test' will be built\n"}
[37.683640] (laser_filters) StdoutLine: {'line': b'-- Check if compiler accepts -pthread\n'}
[37.721972] (-) TimerEvent: {}
[37.823531] (-) TimerEvent: {}
[37.925012] (-) TimerEvent: {}
[37.984572] (ira_laser_tools) StdoutLine: {'line': b'-- OpenNI2 found (include: /usr/include/openni2, lib: /usr/lib/libOpenNI2.so)\n'}
[37.989057] (roboteq_interfaces) StdoutLine: {'line': b'[ 72%] \x1b[32mBuilding CXX object CMakeFiles/roboteq_interfaces__rosidl_typesupport_fastrtps_c.dir/rosidl_typesupport_fastrtps_c/roboteq_interfaces/srv/detail/maintenance__type_support_c.cpp.o\x1b[0m\n'}
[38.025308] (-) TimerEvent: {}
[38.058175] (ira_laser_tools) StdoutLine: {'line': b'-- Found libusb-1.0: /usr/include  \n'}
[38.090315] (ira_laser_tools) StdoutLine: {'line': b'-- OpenNI found (include: /usr/include/ni, lib: /usr/lib/libOpenNI.so)\n'}
[38.129375] (ira_laser_tools) StdoutLine: {'line': b'-- OpenNI2 found (include: /usr/include/openni2, lib: /usr/lib/libOpenNI2.so)\n'}
[38.130045] (-) TimerEvent: {}
[38.136872] (laser_filters) StdoutLine: {'line': b'-- Check if compiler accepts -pthread - yes\n'}
[38.179724] (laser_filters) StdoutLine: {'line': b'-- Configuring done\n'}
[38.230312] (-) TimerEvent: {}
[38.265451] (ira_laser_tools) StdoutLine: {'line': b'-- Found Qhull: optimized;/usr/lib/aarch64-linux-gnu/libqhull.so;debug;/usr/lib/aarch64-linux-gnu/libqhull.so  \n'}
[38.267287] (ira_laser_tools) StdoutLine: {'line': b'-- QHULL found (include: /usr/include, lib: optimized;/usr/lib/aarch64-linux-gnu/libqhull.so;debug;/usr/lib/aarch64-linux-gnu/libqhull.so)\n'}
[38.298381] (ira_laser_tools) StdoutLine: {'line': b'-- OpenNI found (include: /usr/include/ni, lib: /usr/lib/libOpenNI.so)\n'}
[38.330593] (-) TimerEvent: {}
[38.365556] (ira_laser_tools) StdoutLine: {'line': b'-- Found PCL_COMMON: /usr/lib/aarch64-linux-gnu/libpcl_common.so  \n'}
[38.376619] (ira_laser_tools) StdoutLine: {'line': b'-- Found PCL_KDTREE: /usr/lib/aarch64-linux-gnu/libpcl_kdtree.so  \n'}
[38.382674] (ira_laser_tools) StdoutLine: {'line': b'-- Found PCL_OCTREE: /usr/lib/aarch64-linux-gnu/libpcl_octree.so  \n'}
[38.389298] (ira_laser_tools) StdoutLine: {'line': b'-- Found PCL_SEARCH: /usr/lib/aarch64-linux-gnu/libpcl_search.so  \n'}
[38.396954] (ira_laser_tools) StdoutLine: {'line': b'-- Found PCL_SAMPLE_CONSENSUS: /usr/lib/aarch64-linux-gnu/libpcl_sample_consensus.so  \n'}
[38.401259] (laser_filters) StdoutLine: {'line': b'-- Generating done\n'}
[38.403380] (ira_laser_tools) StdoutLine: {'line': b'-- Found PCL_FILTERS: /usr/lib/aarch64-linux-gnu/libpcl_filters.so  \n'}
[38.405953] (ira_laser_tools) StdoutLine: {'line': b'-- Found PCL_2D: /usr/include/pcl-1.10  \n'}
[38.419741] (ira_laser_tools) StdoutLine: {'line': b'-- Found PCL_GEOMETRY: /usr/include/pcl-1.10  \n'}
[38.426770] (ira_laser_tools) StdoutLine: {'line': b'-- Found PCL_IO: /usr/lib/aarch64-linux-gnu/libpcl_io.so  \n'}
[38.430807] (-) TimerEvent: {}
[38.437890] (ira_laser_tools) StdoutLine: {'line': b'-- Found PCL_FEATURES: /usr/lib/aarch64-linux-gnu/libpcl_features.so  \n'}
[38.447769] (ira_laser_tools) StdoutLine: {'line': b'-- Found PCL_ML: /usr/lib/aarch64-linux-gnu/libpcl_ml.so  \n'}
[38.455814] (ira_laser_tools) StdoutLine: {'line': b'-- Found PCL_SEGMENTATION: /usr/lib/aarch64-linux-gnu/libpcl_segmentation.so  \n'}
[38.466715] (ira_laser_tools) StdoutLine: {'line': b'-- Found PCL_VISUALIZATION: /usr/lib/aarch64-linux-gnu/libpcl_visualization.so  \n'}
[38.479811] (ira_laser_tools) StdoutLine: {'line': b'-- Found PCL_SURFACE: /usr/lib/aarch64-linux-gnu/libpcl_surface.so  \n'}
[38.488459] (ira_laser_tools) StdoutLine: {'line': b'-- Found PCL_REGISTRATION: /usr/lib/aarch64-linux-gnu/libpcl_registration.so  \n'}
[38.496413] (ira_laser_tools) StdoutLine: {'line': b'-- Found PCL_KEYPOINTS: /usr/lib/aarch64-linux-gnu/libpcl_keypoints.so  \n'}
[38.503675] (laser_filters) StdoutLine: {'line': b'-- Build files have been written to: /home/wjs/cart_ros2/build/laser_filters\n'}
[38.508482] (ira_laser_tools) StdoutLine: {'line': b'-- Found PCL_TRACKING: /usr/lib/aarch64-linux-gnu/libpcl_tracking.so  \n'}
[38.517963] (ira_laser_tools) StdoutLine: {'line': b'-- Found PCL_RECOGNITION: /usr/lib/aarch64-linux-gnu/libpcl_recognition.so  \n'}
[38.527337] (ira_laser_tools) StdoutLine: {'line': b'-- Found PCL_STEREO: /usr/lib/aarch64-linux-gnu/libpcl_stereo.so  \n'}
[38.531083] (-) TimerEvent: {}
[38.540561] (ira_laser_tools) StdoutLine: {'line': b'-- Found PCL_APPS: /usr/lib/aarch64-linux-gnu/libpcl_apps.so  \n'}
[38.548098] (ira_laser_tools) StdoutLine: {'line': b'-- Found PCL_IN_HAND_SCANNER: /usr/include/pcl-1.10  \n'}
[38.560093] (laser_filters) CommandEnded: {'returncode': 0}
[38.570986] (laser_filters) JobProgress: {'identifier': 'laser_filters', 'progress': 'build'}
[38.572862] (laser_filters) Command: {'cmd': ['/usr/bin/cmake', '--build', '/home/wjs/cart_ros2/build/laser_filters', '--', '-j4', '-l4'], 'cwd': '/home/wjs/cart_ros2/build/laser_filters', 'env': OrderedDict([('LESSOPEN', '| /usr/bin/lesspipe %s'), ('USER', 'wjs'), ('SSH_AGENT_PID', '4023'), ('XDG_SESSION_TYPE', 'x11'), ('PIP_CACHE_DIR', '/mnt/sdcard/.cache/pip'), ('XDG_CACHE_HOME', '/mnt/sdcard/.cache'), ('SHLVL', '1'), ('LD_LIBRARY_PATH', '/opt/opencv-4.5.5-cuda/lib:/home/wjs/cart_ros2/install/lib:/home/wjs/tb3_tpl_ws/install/lib:/opt/ros/galactic/opt/yaml_cpp_vendor/lib:/opt/ros/galactic/opt/rviz_ogre_vendor/lib:/opt/ros/galactic/lib/aarch64-linux-gnu:/opt/ros/galactic/lib:/usr/local/cuda-11.4/lib64:'), ('HOME', '/home/wjs'), ('CYCLONEDDS_URI', 'file:///home/wjs/cyclonedds_lo.xml'), ('OLDPWD', '/home/wjs'), ('DESKTOP_SESSION', 'ubuntu'), ('JETSON_L4T', '35.6.3'), ('ROS_PYTHON_VERSION', '3'), ('GNOME_SHELL_SESSION_MODE', 'ubuntu'), ('GTK_MODULES', 'gail:atk-bridge'), ('JETSON_MODEL', 'Jetson-AGX'), ('MANAGERPID', '3877'), ('DBUS_SESSION_BUS_ADDRESS', 'unix:path=/run/user/1000/bus'), ('COLORTERM', 'truecolor'), ('TERMINATOR_DBUS_NAME', 'net.tenshu.Terminator23558193cd9818af7fe4d2c2f5bd9d00f'), ('GIO_LAUNCHED_DESKTOP_FILE_PID', '6835'), ('IM_CONFIG_PHASE', '1'), ('TMPDIR', '/mnt/sdcard/tmp'), ('COLCON_PREFIX_PATH', '/home/wjs/tb3_tpl_ws/install:/home/wjs/cart_ros2/install'), ('TORCH_HOME', '/mnt/sdcard/.cache/torch'), ('ROS_DISTRO', 'galactic'), ('LOGNAME', 'wjs'), ('JETSON_MODULE', 'NVIDIA Jetson AGX Xavier (32 GB ram)'), ('JETSON_SERIAL_NUMBER', '1423420009543'), ('JOURNAL_STREAM', '8:75457'), ('_', '/usr/bin/colcon'), ('ROS_VERSION', '2'), ('JETSON_CODENAME', 'Galen'), ('XDG_SESSION_CLASS', 'user'), ('USERNAME', 'wjs'), ('TERM', 'xterm-256color'), ('GNOME_DESKTOP_SESSION_ID', 'this-is-deprecated'), ('ROS_LOCALHOST_ONLY', '1'), ('WINDOWPATH', '2'), ('PATH', '/opt/ros/galactic/bin:/usr/local/cuda-11.4/bin:/home/wjs/.local/bin:/usr/local/sbin:/usr/local/bin:/usr/sbin:/usr/bin:/sbin:/bin:/usr/games:/usr/local/games:/snap/bin'), ('SESSION_MANAGER', 'local/ubuntu:@/tmp/.ICE-unix/4058,unix/ubuntu:/tmp/.ICE-unix/4058'), ('INVOCATION_ID', 'da0bea70aefc4c20b47af68647634234'), ('XDG_MENU_PREFIX', 'gnome-'), ('XDG_RUNTIME_DIR', '/run/user/1000'), ('DISPLAY', ':1'), ('TERMINATOR_DBUS_PATH', '/net/tenshu/Terminator2'), ('LANG', 'en_US.UTF-8'), ('XDG_CURRENT_DESKTOP', 'ubuntu:GNOME'), ('RMW_IMPLEMENTATION', 'rmw_cyclonedds_cpp'), ('XMODIFIERS', '@im=ibus'), ('XDG_SESSION_DESKTOP', 'ubuntu'), ('XAUTHORITY', '/run/user/1000/gdm/Xauthority'), ('LS_COLORS', 'rs=0:di=01;34:ln=01;36:mh=00:pi=40;33:so=01;35:do=01;35:bd=40;33;01:cd=40;33;01:or=40;31;01:mi=00:su=37;41:sg=30;43:ca=30;41:tw=30;42:ow=34;42:st=37;44:ex=01;32:*.tar=01;31:*.tgz=01;31:*.arc=01;31:*.arj=01;31:*.taz=01;31:*.lha=01;31:*.lz4=01;31:*.lzh=01;31:*.lzma=01;31:*.tlz=01;31:*.txz=01;31:*.tzo=01;31:*.t7z=01;31:*.zip=01;31:*.z=01;31:*.dz=01;31:*.gz=01;31:*.lrz=01;31:*.lz=01;31:*.lzo=01;31:*.xz=01;31:*.zst=01;31:*.tzst=01;31:*.bz2=01;31:*.bz=01;31:*.tbz=01;31:*.tbz2=01;31:*.tz=01;31:*.deb=01;31:*.rpm=01;31:*.jar=01;31:*.war=01;31:*.ear=01;31:*.sar=01;31:*.rar=01;31:*.alz=01;31:*.ace=01;31:*.zoo=01;31:*.cpio=01;31:*.7z=01;31:*.rz=01;31:*.cab=01;31:*.wim=01;31:*.swm=01;31:*.dwm=01;31:*.esd=01;31:*.jpg=01;35:*.jpeg=01;35:*.mjpg=01;35:*.mjpeg=01;35:*.gif=01;35:*.bmp=01;35:*.pbm=01;35:*.pgm=01;35:*.ppm=01;35:*.tga=01;35:*.xbm=01;35:*.xpm=01;35:*.tif=01;35:*.tiff=01;35:*.png=01;35:*.svg=01;35:*.svgz=01;35:*.mng=01;35:*.pcx=01;35:*.mov=01;35:*.mpg=01;35:*.mpeg=01;35:*.m2v=01;35:*.mkv=01;35:*.webm=01;35:*.ogm=01;35:*.mp4=01;35:*.m4v=01;35:*.mp4v=01;35:*.vob=01;35:*.qt=01;35:*.nuv=01;35:*.wmv=01;35:*.asf=01;35:*.rm=01;35:*.rmvb=01;35:*.flc=01;35:*.avi=01;35:*.fli=01;35:*.flv=01;35:*.gl=01;35:*.dl=01;35:*.xcf=01;35:*.xwd=01;35:*.yuv=01;35:*.cgm=01;35:*.emf=01;35:*.ogv=01;35:*.ogx=01;35:*.aac=00;36:*.au=00;36:*.flac=00;36:*.m4a=00;36:*.mid=00;36:*.midi=00;36:*.mka=00;36:*.mp3=00;36:*.mpc=00;36:*.ogg=00;36:*.ra=00;36:*.wav=00;36:*.oga=00;36:*.opus=00;36:*.spx=00;36:*.xspf=00;36:'), ('JETSON_SOC', 'tegra194'), ('SSH_AUTH_SOCK', '/run/user/1000/keyring/ssh'), ('ROS_DOMAIN_ID', '35'), ('AMENT_PREFIX_PATH', '/home/wjs/cart_ros2/install:/home/wjs/tb3_tpl_ws/install:/opt/ros/galactic'), ('SHELL', '/bin/bash'), ('TERMINATOR_UUID', 'urn:uuid:1409ebbf-e917-4bfd-a3f8-4e94c2694854'), ('QT_ACCESSIBILITY', '1'), ('GDMSESSION', 'ubuntu'), ('LESSCLOSE', '/usr/bin/lesspipe %s %s'), ('GPG_AGENT_INFO', '/run/user/1000/gnupg/S.gpg-agent:0:1'), ('QT_IM_MODULE', 'ibus'), ('JETSON_CUDA_ARCH_BIN', '7.2'), ('PWD', '/home/wjs/cart_ros2/build/laser_filters'), ('XDG_CONFIG_DIRS', '/etc/xdg/xdg-ubuntu:/etc/xdg'), ('XDG_DATA_DIRS', '/usr/share/ubuntu:/usr/local/share/:/usr/share/:/var/lib/snapd/desktop'), ('PYTHONPATH', '/opt/opencv-4.5.5-cuda/lib/python3.8/site-packages:/home/wjs/cart_ros2/build/differential_drive/src:/home/wjs/cart_ros2/build/arduino_ros2:/home/wjs/cart_ros2/build/agv_body:/home/wjs/cart_ros2/install/lib/python3.8/site-packages:/home/wjs/tb3_tpl_ws/build/turtlebot3_teleop:/home/wjs/tb3_tpl_ws/install/lib/python3.8/site-packages:/opt/ros/galactic/lib/python3.8/site-packages'), ('COLCON', '1'), ('VTE_VERSION', '6003'), ('JETSON_JETPACK', '5.1.7'), ('CMAKE_PREFIX_PATH', '/home/wjs/cart_ros2/install:/home/wjs/tb3_tpl_ws/install:/opt/ros/galactic'), ('JETSON_P_NUMBER', 'p2888-0004')]), 'shell': False}
[38.579468] (ira_laser_tools) StdoutLine: {'line': b'-- Found PCL_POINT_CLOUD_EDITOR: /usr/include/pcl-1.10  \n'}
[38.582347] (ira_laser_tools) StdoutLine: {'line': b'-- Found PCL_OUTOFCORE: /usr/lib/aarch64-linux-gnu/libpcl_outofcore.so  \n'}
[38.592068] (ira_laser_tools) StdoutLine: {'line': b'-- Found PCL_PEOPLE: /usr/lib/aarch64-linux-gnu/libpcl_people.so  \n'}
[38.632530] (-) TimerEvent: {}
[38.734381] (-) TimerEvent: {}
[38.831104] (laser_filters) StdoutLine: {'line': b'\x1b[35m\x1b[1mScanning dependencies of target laser_scan_filters\x1b[0m\n'}
[38.834608] (-) TimerEvent: {}
[38.935533] (-) TimerEvent: {}
[39.036521] (-) TimerEvent: {}
[39.138862] (-) TimerEvent: {}
[39.155627] (ira_laser_tools) StderrLine: {'line': b'CMake Warning (dev) at CMakeLists.txt:27 (find_package):\n'}
[39.156530] (ira_laser_tools) StderrLine: {'line': b'  Policy CMP0074 is not set: find_package uses <PackageName>_ROOT variables.\n'}
[39.156947] (ira_laser_tools) StderrLine: {'line': b'  Run "cmake --help-policy CMP0074" for policy details.  Use the cmake_policy\n'}
[39.157413] (ira_laser_tools) StderrLine: {'line': b'  command to set the policy and suppress this warning.\n'}
[39.157743] (ira_laser_tools) StderrLine: {'line': b'\n'}
[39.158048] (ira_laser_tools) StderrLine: {'line': b'  CMake variable PCL_ROOT is set to:\n'}
[39.158310] (ira_laser_tools) StderrLine: {'line': b'\n'}
[39.158548] (ira_laser_tools) StderrLine: {'line': b'    /usr\n'}
[39.158782] (ira_laser_tools) StderrLine: {'line': b'\n'}
[39.159016] (ira_laser_tools) StderrLine: {'line': b'  For compatibility, CMake is ignoring the variable.\n'}
[39.159270] (ira_laser_tools) StderrLine: {'line': b'This warning is for project developers.  Use -Wno-dev to suppress it.\n'}
[39.159541] (ira_laser_tools) StderrLine: {'line': b'\n'}
[39.239634] (-) TimerEvent: {}
[39.340840] (-) TimerEvent: {}
[39.371757] (laser_filters) StdoutLine: {'line': b'[  7%] \x1b[32mBuilding CXX object CMakeFiles/laser_scan_filters.dir/src/laser_scan_filters.cpp.o\x1b[0m\n'}
[39.441447] (-) TimerEvent: {}
[39.542420] (-) TimerEvent: {}
[39.562476] (roboteq_interfaces) StdoutLine: {'line': b'[ 74%] \x1b[32mBuilding CXX object CMakeFiles/roboteq_interfaces__rosidl_typesupport_fastrtps_c.dir/rosidl_typesupport_fastrtps_c/roboteq_interfaces/srv/detail/config__type_support_c.cpp.o\x1b[0m\n'}
[39.642725] (-) TimerEvent: {}
[39.648057] (ira_laser_tools) StdoutLine: {'line': b'-- Configuring done\n'}
[39.742999] (-) TimerEvent: {}
[39.844038] (-) TimerEvent: {}
[39.945091] (-) TimerEvent: {}
[40.047303] (-) TimerEvent: {}
[40.148351] (-) TimerEvent: {}
[40.249408] (-) TimerEvent: {}
[40.385407] (-) TimerEvent: {}
[40.435548] (ira_laser_tools) StdoutLine: {'line': b'-- Generating done\n'}
[40.485648] (-) TimerEvent: {}
[40.586764] (-) TimerEvent: {}
[40.687905] (-) TimerEvent: {}
[40.707005] (ira_laser_tools) StdoutLine: {'line': b'-- Build files have been written to: /home/wjs/cart_ros2/build/ira_laser_tools\n'}
[40.792926] (ira_laser_tools) CommandEnded: {'returncode': 0}
[40.799249] (-) TimerEvent: {}
[40.801303] (ira_laser_tools) JobProgress: {'identifier': 'ira_laser_tools', 'progress': 'build'}
[40.801558] (ira_laser_tools) Command: {'cmd': ['/usr/bin/cmake', '--build', '/home/wjs/cart_ros2/build/ira_laser_tools', '--', '-j4', '-l4'], 'cwd': '/home/wjs/cart_ros2/build/ira_laser_tools', 'env': OrderedDict([('LESSOPEN', '| /usr/bin/lesspipe %s'), ('USER', 'wjs'), ('SSH_AGENT_PID', '4023'), ('XDG_SESSION_TYPE', 'x11'), ('PIP_CACHE_DIR', '/mnt/sdcard/.cache/pip'), ('XDG_CACHE_HOME', '/mnt/sdcard/.cache'), ('SHLVL', '1'), ('LD_LIBRARY_PATH', '/opt/opencv-4.5.5-cuda/lib:/home/wjs/cart_ros2/install/lib:/home/wjs/tb3_tpl_ws/install/lib:/opt/ros/galactic/opt/yaml_cpp_vendor/lib:/opt/ros/galactic/opt/rviz_ogre_vendor/lib:/opt/ros/galactic/lib/aarch64-linux-gnu:/opt/ros/galactic/lib:/usr/local/cuda-11.4/lib64:'), ('HOME', '/home/wjs'), ('CYCLONEDDS_URI', 'file:///home/wjs/cyclonedds_lo.xml'), ('OLDPWD', '/home/wjs'), ('DESKTOP_SESSION', 'ubuntu'), ('JETSON_L4T', '35.6.3'), ('ROS_PYTHON_VERSION', '3'), ('GNOME_SHELL_SESSION_MODE', 'ubuntu'), ('GTK_MODULES', 'gail:atk-bridge'), ('JETSON_MODEL', 'Jetson-AGX'), ('MANAGERPID', '3877'), ('DBUS_SESSION_BUS_ADDRESS', 'unix:path=/run/user/1000/bus'), ('COLORTERM', 'truecolor'), ('TERMINATOR_DBUS_NAME', 'net.tenshu.Terminator23558193cd9818af7fe4d2c2f5bd9d00f'), ('GIO_LAUNCHED_DESKTOP_FILE_PID', '6835'), ('IM_CONFIG_PHASE', '1'), ('TMPDIR', '/mnt/sdcard/tmp'), ('COLCON_PREFIX_PATH', '/home/wjs/tb3_tpl_ws/install:/home/wjs/cart_ros2/install'), ('TORCH_HOME', '/mnt/sdcard/.cache/torch'), ('ROS_DISTRO', 'galactic'), ('LOGNAME', 'wjs'), ('JETSON_MODULE', 'NVIDIA Jetson AGX Xavier (32 GB ram)'), ('JETSON_SERIAL_NUMBER', '1423420009543'), ('JOURNAL_STREAM', '8:75457'), ('_', '/usr/bin/colcon'), ('ROS_VERSION', '2'), ('JETSON_CODENAME', 'Galen'), ('XDG_SESSION_CLASS', 'user'), ('USERNAME', 'wjs'), ('TERM', 'xterm-256color'), ('GNOME_DESKTOP_SESSION_ID', 'this-is-deprecated'), ('ROS_LOCALHOST_ONLY', '1'), ('WINDOWPATH', '2'), ('PATH', '/opt/ros/galactic/bin:/usr/local/cuda-11.4/bin:/home/wjs/.local/bin:/usr/local/sbin:/usr/local/bin:/usr/sbin:/usr/bin:/sbin:/bin:/usr/games:/usr/local/games:/snap/bin'), ('SESSION_MANAGER', 'local/ubuntu:@/tmp/.ICE-unix/4058,unix/ubuntu:/tmp/.ICE-unix/4058'), ('INVOCATION_ID', 'da0bea70aefc4c20b47af68647634234'), ('XDG_MENU_PREFIX', 'gnome-'), ('XDG_RUNTIME_DIR', '/run/user/1000'), ('DISPLAY', ':1'), ('TERMINATOR_DBUS_PATH', '/net/tenshu/Terminator2'), ('LANG', 'en_US.UTF-8'), ('XDG_CURRENT_DESKTOP', 'ubuntu:GNOME'), ('RMW_IMPLEMENTATION', 'rmw_cyclonedds_cpp'), ('XMODIFIERS', '@im=ibus'), ('XDG_SESSION_DESKTOP', 'ubuntu'), ('XAUTHORITY', '/run/user/1000/gdm/Xauthority'), ('LS_COLORS', 'rs=0:di=01;34:ln=01;36:mh=00:pi=40;33:so=01;35:do=01;35:bd=40;33;01:cd=40;33;01:or=40;31;01:mi=00:su=37;41:sg=30;43:ca=30;41:tw=30;42:ow=34;42:st=37;44:ex=01;32:*.tar=01;31:*.tgz=01;31:*.arc=01;31:*.arj=01;31:*.taz=01;31:*.lha=01;31:*.lz4=01;31:*.lzh=01;31:*.lzma=01;31:*.tlz=01;31:*.txz=01;31:*.tzo=01;31:*.t7z=01;31:*.zip=01;31:*.z=01;31:*.dz=01;31:*.gz=01;31:*.lrz=01;31:*.lz=01;31:*.lzo=01;31:*.xz=01;31:*.zst=01;31:*.tzst=01;31:*.bz2=01;31:*.bz=01;31:*.tbz=01;31:*.tbz2=01;31:*.tz=01;31:*.deb=01;31:*.rpm=01;31:*.jar=01;31:*.war=01;31:*.ear=01;31:*.sar=01;31:*.rar=01;31:*.alz=01;31:*.ace=01;31:*.zoo=01;31:*.cpio=01;31:*.7z=01;31:*.rz=01;31:*.cab=01;31:*.wim=01;31:*.swm=01;31:*.dwm=01;31:*.esd=01;31:*.jpg=01;35:*.jpeg=01;35:*.mjpg=01;35:*.mjpeg=01;35:*.gif=01;35:*.bmp=01;35:*.pbm=01;35:*.pgm=01;35:*.ppm=01;35:*.tga=01;35:*.xbm=01;35:*.xpm=01;35:*.tif=01;35:*.tiff=01;35:*.png=01;35:*.svg=01;35:*.svgz=01;35:*.mng=01;35:*.pcx=01;35:*.mov=01;35:*.mpg=01;35:*.mpeg=01;35:*.m2v=01;35:*.mkv=01;35:*.webm=01;35:*.ogm=01;35:*.mp4=01;35:*.m4v=01;35:*.mp4v=01;35:*.vob=01;35:*.qt=01;35:*.nuv=01;35:*.wmv=01;35:*.asf=01;35:*.rm=01;35:*.rmvb=01;35:*.flc=01;35:*.avi=01;35:*.fli=01;35:*.flv=01;35:*.gl=01;35:*.dl=01;35:*.xcf=01;35:*.xwd=01;35:*.yuv=01;35:*.cgm=01;35:*.emf=01;35:*.ogv=01;35:*.ogx=01;35:*.aac=00;36:*.au=00;36:*.flac=00;36:*.m4a=00;36:*.mid=00;36:*.midi=00;36:*.mka=00;36:*.mp3=00;36:*.mpc=00;36:*.ogg=00;36:*.ra=00;36:*.wav=00;36:*.oga=00;36:*.opus=00;36:*.spx=00;36:*.xspf=00;36:'), ('JETSON_SOC', 'tegra194'), ('SSH_AUTH_SOCK', '/run/user/1000/keyring/ssh'), ('ROS_DOMAIN_ID', '35'), ('AMENT_PREFIX_PATH', '/home/wjs/cart_ros2/install:/home/wjs/tb3_tpl_ws/install:/opt/ros/galactic'), ('SHELL', '/bin/bash'), ('TERMINATOR_UUID', 'urn:uuid:1409ebbf-e917-4bfd-a3f8-4e94c2694854'), ('QT_ACCESSIBILITY', '1'), ('GDMSESSION', 'ubuntu'), ('LESSCLOSE', '/usr/bin/lesspipe %s %s'), ('GPG_AGENT_INFO', '/run/user/1000/gnupg/S.gpg-agent:0:1'), ('QT_IM_MODULE', 'ibus'), ('JETSON_CUDA_ARCH_BIN', '7.2'), ('PWD', '/home/wjs/cart_ros2/build/ira_laser_tools'), ('XDG_CONFIG_DIRS', '/etc/xdg/xdg-ubuntu:/etc/xdg'), ('XDG_DATA_DIRS', '/usr/share/ubuntu:/usr/local/share/:/usr/share/:/var/lib/snapd/desktop'), ('PYTHONPATH', '/opt/opencv-4.5.5-cuda/lib/python3.8/site-packages:/home/wjs/cart_ros2/build/differential_drive/src:/home/wjs/cart_ros2/build/arduino_ros2:/home/wjs/cart_ros2/build/agv_body:/home/wjs/cart_ros2/install/lib/python3.8/site-packages:/home/wjs/tb3_tpl_ws/build/turtlebot3_teleop:/home/wjs/tb3_tpl_ws/install/lib/python3.8/site-packages:/opt/ros/galactic/lib/python3.8/site-packages'), ('COLCON', '1'), ('VTE_VERSION', '6003'), ('JETSON_JETPACK', '5.1.7'), ('CMAKE_PREFIX_PATH', '/home/wjs/cart_ros2/install:/home/wjs/tb3_tpl_ws/install:/opt/ros/galactic'), ('JETSON_P_NUMBER', 'p2888-0004')]), 'shell': False}
[40.899604] (-) TimerEvent: {}
[41.000900] (-) TimerEvent: {}
[41.071287] (ira_laser_tools) StdoutLine: {'line': b'\x1b[35m\x1b[1mScanning dependencies of target laserscan_virtualizer\x1b[0m\n'}
[41.101795] (-) TimerEvent: {}
[41.215174] (-) TimerEvent: {}
[41.325457] (-) TimerEvent: {}
[41.426966] (-) TimerEvent: {}
[41.487992] (roboteq_interfaces) StdoutLine: {'line': b'[ 76%] \x1b[32mBuilding CXX object CMakeFiles/roboteq_interfaces__rosidl_typesupport_fastrtps_c.dir/rosidl_typesupport_fastrtps_c/roboteq_interfaces/srv/detail/command__type_support_c.cpp.o\x1b[0m\n'}
[41.527249] (-) TimerEvent: {}
[41.628927] (-) TimerEvent: {}
[41.730587] (-) TimerEvent: {}
[41.793034] (ira_laser_tools) StdoutLine: {'line': b'[ 25%] \x1b[32mBuilding CXX object CMakeFiles/laserscan_virtualizer.dir/src/laserscan_virtualizer.cpp.o\x1b[0m\n'}
[41.830883] (-) TimerEvent: {}
[41.840801] (ira_laser_tools) StderrLine: {'line': b'\x1b[01m\x1b[K/home/wjs/cart_ros2/src/ira_laser_tools/src/laserscan_virtualizer.cpp:1:\x1b[m\x1b[K \x1b[01;35m\x1b[Kwarning: \x1b[m\x1b[K"BOOST_BIND_NO_PLACEHOLDERS" redefined\n'}
[41.841663] (ira_laser_tools) StderrLine: {'line': b'    1 | #define BOOST_BIND_NO_PLACEHOLDERS\n'}
[41.842014] (ira_laser_tools) StderrLine: {'line': b'      | \n'}
[41.842282] (ira_laser_tools) StderrLine: {'line': b'\x1b[01m\x1b[K<command-line>:\x1b[m\x1b[K \x1b[01;36m\x1b[Knote: \x1b[m\x1b[Kthis is the location of the previous definition\n'}
[41.931161] (-) TimerEvent: {}
[42.032844] (-) TimerEvent: {}
[42.134550] (-) TimerEvent: {}
[42.236258] (-) TimerEvent: {}
[42.337977] (-) TimerEvent: {}
[42.439040] (-) TimerEvent: {}
[42.540754] (-) TimerEvent: {}
[42.642546] (-) TimerEvent: {}
[42.744276] (-) TimerEvent: {}
[42.846023] (-) TimerEvent: {}
[42.947677] (-) TimerEvent: {}
[43.018676] (roboteq_interfaces) StdoutLine: {'line': b'[ 78%] \x1b[32m\x1b[1mLinking CXX shared library libroboteq_interfaces__rosidl_typesupport_fastrtps_c.so\x1b[0m\n'}
[43.047974] (-) TimerEvent: {}
[43.149759] (-) TimerEvent: {}
[43.251349] (-) TimerEvent: {}
[43.352948] (-) TimerEvent: {}
[43.454787] (-) TimerEvent: {}
[43.469061] (roboteq_interfaces) StdoutLine: {'line': b'[ 78%] Built target roboteq_interfaces__rosidl_typesupport_fastrtps_c\n'}
[43.531382] (roboteq_interfaces) StdoutLine: {'line': b'\x1b[35m\x1b[1mScanning dependencies of target roboteq_interfaces\x1b[0m\n'}
[43.555086] (-) TimerEvent: {}
[43.583511] (roboteq_interfaces) StdoutLine: {'line': b'[ 78%] Built target roboteq_interfaces\n'}
[43.640568] (roboteq_interfaces) StdoutLine: {'line': b'\x1b[35m\x1b[1mScanning dependencies of target roboteq_interfaces__py\x1b[0m\n'}
[43.655365] (-) TimerEvent: {}
[43.705880] (roboteq_interfaces) StdoutLine: {'line': b'[ 80%] \x1b[34m\x1b[1mGenerating Python code for ROS interfaces\x1b[0m\n'}
[43.755652] (-) TimerEvent: {}
[43.861654] (-) TimerEvent: {}
[43.963231] (-) TimerEvent: {}
[44.064808] (-) TimerEvent: {}
[44.166385] (-) TimerEvent: {}
[44.267866] (-) TimerEvent: {}
[44.369370] (-) TimerEvent: {}
[44.470347] (-) TimerEvent: {}
[44.571256] (-) TimerEvent: {}
[44.672208] (-) TimerEvent: {}
[44.773243] (-) TimerEvent: {}
[44.874235] (-) TimerEvent: {}
[44.975289] (-) TimerEvent: {}
[45.076272] (-) TimerEvent: {}
[45.177312] (-) TimerEvent: {}
[45.240824] (sllidar_ros2) StderrLine: {'line': b'In file included from \x1b[01m\x1b[K/home/wjs/cart_ros2/src/sllidar_ros2/./sdk/include/sl_lidar_cmd.h:36\x1b[m\x1b[K,\n'}
[45.241840] (sllidar_ros2) StderrLine: {'line': b'                 from \x1b[01m\x1b[K/home/wjs/cart_ros2/src/sllidar_ros2/./sdk/include/sl_lidar_driver.h:54\x1b[m\x1b[K,\n'}
[45.242249] (sllidar_ros2) StderrLine: {'line': b'                 from \x1b[01m\x1b[K/home/wjs/cart_ros2/src/sllidar_ros2/./sdk/include/sl_lidar.h:36\x1b[m\x1b[K,\n'}
[45.242575] (sllidar_ros2) StderrLine: {'line': b'                 from \x1b[01m\x1b[K/home/wjs/cart_ros2/src/sllidar_ros2/src/sllidar_node.cpp:38\x1b[m\x1b[K:\n'}
[45.242839] (sllidar_ros2) StderrLine: {'line': b'\x1b[01m\x1b[K/home/wjs/cart_ros2/src/sllidar_ros2/./sdk/include/sl_lidar_protocol.h:58:16:\x1b[m\x1b[K \x1b[01;35m\x1b[Kwarning: \x1b[m\x1b[KISO C++ forbids zero-size array \xe2\x80\x98\x1b[01m\x1b[Kdata\x1b[m\x1b[K\xe2\x80\x99 [\x1b[01;35m\x1b[K\x1b]8;;https://gcc.gnu.org/onlinedocs/gcc/Warning-Options.html#index-Wpedantic\x07-Wpedantic\x1b]8;;\x07\x1b[m\x1b[K]\n'}
[45.243202] (sllidar_ros2) StderrLine: {'line': b'   58 |     sl_u8 data[\x1b[01;35m\x1b[K0\x1b[m\x1b[K];\n'}
[45.243455] (sllidar_ros2) StderrLine: {'line': b'      |                \x1b[01;35m\x1b[K^\x1b[m\x1b[K\n'}
[45.244030] (sllidar_ros2) StderrLine: {'line': b'In file included from \x1b[01m\x1b[K/home/wjs/cart_ros2/src/sllidar_ros2/./sdk/include/sl_lidar_driver.h:54\x1b[m\x1b[K,\n'}
[45.244368] (sllidar_ros2) StderrLine: {'line': b'                 from \x1b[01m\x1b[K/home/wjs/cart_ros2/src/sllidar_ros2/./sdk/include/sl_lidar.h:36\x1b[m\x1b[K,\n'}
[45.244666] (sllidar_ros2) StderrLine: {'line': b'                 from \x1b[01m\x1b[K/home/wjs/cart_ros2/src/sllidar_ros2/src/sllidar_node.cpp:38\x1b[m\x1b[K:\n'}
[45.244918] (sllidar_ros2) StderrLine: {'line': b'\x1b[01m\x1b[K/home/wjs/cart_ros2/src/sllidar_ros2/./sdk/include/sl_lidar_cmd.h:295:20:\x1b[m\x1b[K \x1b[01;35m\x1b[Kwarning: \x1b[m\x1b[KISO C++ forbids zero-size array \xe2\x80\x98\x1b[01m\x1b[Kpayload\x1b[m\x1b[K\xe2\x80\x99 [\x1b[01;35m\x1b[K\x1b]8;;https://gcc.gnu.org/onlinedocs/gcc/Warning-Options.html#index-Wpedantic\x07-Wpedantic\x1b]8;;\x07\x1b[m\x1b[K]\n'}
[45.245259] (sllidar_ros2) StderrLine: {'line': b'  295 |     sl_u8  payload[\x1b[01;35m\x1b[K0\x1b[m\x1b[K];\n'}
[45.245525] (sllidar_ros2) StderrLine: {'line': b'      |                    \x1b[01;35m\x1b[K^\x1b[m\x1b[K\n'}
[45.277527] (-) TimerEvent: {}
[45.290534] (sllidar_ros2) StderrLine: {'line': b'\x1b[01m\x1b[K/home/wjs/cart_ros2/src/sllidar_ros2/src/sllidar_node.cpp:\x1b[m\x1b[K In member function \xe2\x80\x98\x1b[01m\x1b[Kvoid SLlidarNode::init_param()\x1b[m\x1b[K\xe2\x80\x99:\n'}
[45.291187] (sllidar_ros2) StderrLine: {'line': b"\x1b[01m\x1b[K/home/wjs/cart_ros2/src/sllidar_ros2/src/sllidar_node.cpp:69:47:\x1b[m\x1b[K \x1b[01;35m\x1b[Kwarning: \x1b[m\x1b[K\xe2\x80\x98\x1b[01m\x1b[Kconst rclcpp::ParameterValue& rclcpp::Node::declare_parameter(const string&)\x1b[m\x1b[K\xe2\x80\x99 is deprecated: declare_parameter() with only a name is deprecated and will be deleted in the future.\\nIf you want to declare a parameter that won't change type without a default value use:\\n`node->declare_parameter<ParameterT>(name)`, where e.g. ParameterT=int64_t.\\n\\nIf you want to declare a parameter that can dynamically change type use:\\n```\\nrcl_interfaces::msg::ParameterDescriptor descriptor;\\ndescriptor.dynamic_typing = true;\\nnode->declare_parameter(name, rclcpp::ParameterValue{}, descriptor);\\n``` [\x1b[01;35m\x1b[K\x1b]8;;https://gcc.gnu.org/onlinedocs/gcc/Warning-Options.html#index-Wdeprecated-declarations\x07-Wdeprecated-declarations\x1b]8;;\x07\x1b[m\x1b[K]\n"}
[45.291668] (sllidar_ros2) StderrLine: {'line': b'   69 | >declare_parameter("channel_type"\x1b[01;35m\x1b[K)\x1b[m\x1b[K;\n'}
[45.291942] (sllidar_ros2) StderrLine: {'line': b'      |                                  \x1b[01;35m\x1b[K^\x1b[m\x1b[K\n'}
[45.292176] (sllidar_ros2) StderrLine: {'line': b'\n'}
[45.292415] (sllidar_ros2) StderrLine: {'line': b'In file included from \x1b[01m\x1b[K/opt/ros/galactic/include/rclcpp/executors/single_threaded_executor.hpp:28\x1b[m\x1b[K,\n'}
[45.292661] (sllidar_ros2) StderrLine: {'line': b'                 from \x1b[01m\x1b[K/opt/ros/galactic/include/rclcpp/executors.hpp:22\x1b[m\x1b[K,\n'}
[45.292895] (sllidar_ros2) StderrLine: {'line': b'                 from \x1b[01m\x1b[K/opt/ros/galactic/include/rclcpp/rclcpp.hpp:156\x1b[m\x1b[K,\n'}
[45.293182] (sllidar_ros2) StderrLine: {'line': b'                 from \x1b[01m\x1b[K/home/wjs/cart_ros2/src/sllidar_ros2/src/sllidar_node.cpp:35\x1b[m\x1b[K:\n'}
[45.293639] (sllidar_ros2) StderrLine: {'line': b'\x1b[01m\x1b[K/opt/ros/galactic/include/rclcpp/node.hpp:422:3:\x1b[m\x1b[K \x1b[01;36m\x1b[Knote: \x1b[m\x1b[Kdeclared here\n'}
[45.293896] (sllidar_ros2) StderrLine: {'line': b'  422 |   \x1b[01;36m\x1b[Kdeclare_parameter\x1b[m\x1b[K(const std::string & name);\n'}
[45.294136] (sllidar_ros2) StderrLine: {'line': b'      |   \x1b[01;36m\x1b[K^~~~~~~~~~~~~~~~~\x1b[m\x1b[K\n'}
[45.295992] (sllidar_ros2) StderrLine: {'line': b"\x1b[01m\x1b[K/home/wjs/cart_ros2/src/sllidar_ros2/src/sllidar_node.cpp:70:41:\x1b[m\x1b[K \x1b[01;35m\x1b[Kwarning: \x1b[m\x1b[K\xe2\x80\x98\x1b[01m\x1b[Kconst rclcpp::ParameterValue& rclcpp::Node::declare_parameter(const string&)\x1b[m\x1b[K\xe2\x80\x99 is deprecated: declare_parameter() with only a name is deprecated and will be deleted in the future.\\nIf you want to declare a parameter that won't change type without a default value use:\\n`node->declare_parameter<ParameterT>(name)`, where e.g. ParameterT=int64_t.\\n\\nIf you want to declare a parameter that can dynamically change type use:\\n```\\nrcl_interfaces::msg::ParameterDescriptor descriptor;\\ndescriptor.dynamic_typing = true;\\nnode->declare_parameter(name, rclcpp::ParameterValue{}, descriptor);\\n``` [\x1b[01;35m\x1b[K\x1b]8;;https://gcc.gnu.org/onlinedocs/gcc/Warning-Options.html#index-Wdeprecated-declarations\x07-Wdeprecated-declarations\x1b]8;;\x07\x1b[m\x1b[K]\n"}
[45.296478] (sllidar_ros2) StderrLine: {'line': b'   70 |  this->declare_parameter("tcp_ip"\x1b[01;35m\x1b[K)\x1b[m\x1b[K;\n'}
[45.296806] (sllidar_ros2) StderrLine: {'line': b'      |                                  \x1b[01;35m\x1b[K^\x1b[m\x1b[K\n'}
[45.297072] (sllidar_ros2) StderrLine: {'line': b'\n'}
[45.297927] (sllidar_ros2) StderrLine: {'line': b'In file included from \x1b[01m\x1b[K/opt/ros/galactic/include/rclcpp/executors/single_threaded_executor.hpp:28\x1b[m\x1b[K,\n'}
[45.298232] (sllidar_ros2) StderrLine: {'line': b'                 from \x1b[01m\x1b[K/opt/ros/galactic/include/rclcpp/executors.hpp:22\x1b[m\x1b[K,\n'}
[45.298540] (sllidar_ros2) StderrLine: {'line': b'                 from \x1b[01m\x1b[K/opt/ros/galactic/include/rclcpp/rclcpp.hpp:156\x1b[m\x1b[K,\n'}
[45.298790] (sllidar_ros2) StderrLine: {'line': b'                 from \x1b[01m\x1b[K/home/wjs/cart_ros2/src/sllidar_ros2/src/sllidar_node.cpp:35\x1b[m\x1b[K:\n'}
[45.299045] (sllidar_ros2) StderrLine: {'line': b'\x1b[01m\x1b[K/opt/ros/galactic/include/rclcpp/node.hpp:422:3:\x1b[m\x1b[K \x1b[01;36m\x1b[Knote: \x1b[m\x1b[Kdeclared here\n'}
[45.299286] (sllidar_ros2) StderrLine: {'line': b'  422 |   \x1b[01;36m\x1b[Kdeclare_parameter\x1b[m\x1b[K(const std::string & name);\n'}
[45.299522] (sllidar_ros2) StderrLine: {'line': b'      |   \x1b[01;36m\x1b[K^~~~~~~~~~~~~~~~~\x1b[m\x1b[K\n'}
[45.299770] (sllidar_ros2) StderrLine: {'line': b"\x1b[01m\x1b[K/home/wjs/cart_ros2/src/sllidar_ros2/src/sllidar_node.cpp:71:43:\x1b[m\x1b[K \x1b[01;35m\x1b[Kwarning: \x1b[m\x1b[K\xe2\x80\x98\x1b[01m\x1b[Kconst rclcpp::ParameterValue& rclcpp::Node::declare_parameter(const string&)\x1b[m\x1b[K\xe2\x80\x99 is deprecated: declare_parameter() with only a name is deprecated and will be deleted in the future.\\nIf you want to declare a parameter that won't change type without a default value use:\\n`node->declare_parameter<ParameterT>(name)`, where e.g. ParameterT=int64_t.\\n\\nIf you want to declare a parameter that can dynamically change type use:\\n```\\nrcl_interfaces::msg::ParameterDescriptor descriptor;\\ndescriptor.dynamic_typing = true;\\nnode->declare_parameter(name, rclcpp::ParameterValue{}, descriptor);\\n``` [\x1b[01;35m\x1b[K\x1b]8;;https://gcc.gnu.org/onlinedocs/gcc/Warning-Options.html#index-Wdeprecated-declarations\x07-Wdeprecated-declarations\x1b]8;;\x07\x1b[m\x1b[K]\n"}
[45.300059] (sllidar_ros2) StderrLine: {'line': b'   71 | his->declare_parameter("tcp_port"\x1b[01;35m\x1b[K)\x1b[m\x1b[K;\n'}
[45.300299] (sllidar_ros2) StderrLine: {'line': b'      |                                  \x1b[01;35m\x1b[K^\x1b[m\x1b[K\n'}
[45.300532] (sllidar_ros2) StderrLine: {'line': b'\n'}
[45.300794] (sllidar_ros2) StderrLine: {'line': b'In file included from \x1b[01m\x1b[K/opt/ros/galactic/include/rclcpp/executors/single_threaded_executor.hpp:28\x1b[m\x1b[K,\n'}
[45.301089] (sllidar_ros2) StderrLine: {'line': b'                 from \x1b[01m\x1b[K/opt/ros/galactic/include/rclcpp/executors.hpp:22\x1b[m\x1b[K,\n'}
[45.301509] (sllidar_ros2) StderrLine: {'line': b'                 from \x1b[01m\x1b[K/opt/ros/galactic/include/rclcpp/rclcpp.hpp:156\x1b[m\x1b[K,\n'}
[45.301775] (sllidar_ros2) StderrLine: {'line': b'                 from \x1b[01m\x1b[K/home/wjs/cart_ros2/src/sllidar_ros2/src/sllidar_node.cpp:35\x1b[m\x1b[K:\n'}
[45.302014] (sllidar_ros2) StderrLine: {'line': b'\x1b[01m\x1b[K/opt/ros/galactic/include/rclcpp/node.hpp:422:3:\x1b[m\x1b[K \x1b[01;36m\x1b[Knote: \x1b[m\x1b[Kdeclared here\n'}
[45.302240] (sllidar_ros2) StderrLine: {'line': b'  422 |   \x1b[01;36m\x1b[Kdeclare_parameter\x1b[m\x1b[K(const std::string & name);\n'}
[45.302461] (sllidar_ros2) StderrLine: {'line': b'      |   \x1b[01;36m\x1b[K^~~~~~~~~~~~~~~~~\x1b[m\x1b[K\n'}
[45.302742] (sllidar_ros2) StderrLine: {'line': b"\x1b[01m\x1b[K/home/wjs/cart_ros2/src/sllidar_ros2/src/sllidar_node.cpp:72:41:\x1b[m\x1b[K \x1b[01;35m\x1b[Kwarning: \x1b[m\x1b[K\xe2\x80\x98\x1b[01m\x1b[Kconst rclcpp::ParameterValue& rclcpp::Node::declare_parameter(const string&)\x1b[m\x1b[K\xe2\x80\x99 is deprecated: declare_parameter() with only a name is deprecated and will be deleted in the future.\\nIf you want to declare a parameter that won't change type without a default value use:\\n`node->declare_parameter<ParameterT>(name)`, where e.g. ParameterT=int64_t.\\n\\nIf you want to declare a parameter that can dynamically change type use:\\n```\\nrcl_interfaces::msg::ParameterDescriptor descriptor;\\ndescriptor.dynamic_typing = true;\\nnode->declare_parameter(name, rclcpp::ParameterValue{}, descriptor);\\n``` [\x1b[01;35m\x1b[K\x1b]8;;https://gcc.gnu.org/onlinedocs/gcc/Warning-Options.html#index-Wdeprecated-declarations\x07-Wdeprecated-declarations\x1b]8;;\x07\x1b[m\x1b[K]\n"}
[45.303006] (sllidar_ros2) StderrLine: {'line': b'   72 |  this->declare_parameter("udp_ip"\x1b[01;35m\x1b[K)\x1b[m\x1b[K;\n'}
[45.303233] (sllidar_ros2) StderrLine: {'line': b'      |                                  \x1b[01;35m\x1b[K^\x1b[m\x1b[K\n'}
[45.303454] (sllidar_ros2) StderrLine: {'line': b'\n'}
[45.303680] (sllidar_ros2) StderrLine: {'line': b'In file included from \x1b[01m\x1b[K/opt/ros/galactic/include/rclcpp/executors/single_threaded_executor.hpp:28\x1b[m\x1b[K,\n'}
[45.303921] (sllidar_ros2) StderrLine: {'line': b'                 from \x1b[01m\x1b[K/opt/ros/galactic/include/rclcpp/executors.hpp:22\x1b[m\x1b[K,\n'}
[45.304149] (sllidar_ros2) StderrLine: {'line': b'                 from \x1b[01m\x1b[K/opt/ros/galactic/include/rclcpp/rclcpp.hpp:156\x1b[m\x1b[K,\n'}
[45.304396] (sllidar_ros2) StderrLine: {'line': b'                 from \x1b[01m\x1b[K/home/wjs/cart_ros2/src/sllidar_ros2/src/sllidar_node.cpp:35\x1b[m\x1b[K:\n'}
[45.304632] (sllidar_ros2) StderrLine: {'line': b'\x1b[01m\x1b[K/opt/ros/galactic/include/rclcpp/node.hpp:422:3:\x1b[m\x1b[K \x1b[01;36m\x1b[Knote: \x1b[m\x1b[Kdeclared here\n'}
[45.304873] (sllidar_ros2) StderrLine: {'line': b'  422 |   \x1b[01;36m\x1b[Kdeclare_parameter\x1b[m\x1b[K(const std::string & name);\n'}
[45.305110] (sllidar_ros2) StderrLine: {'line': b'      |   \x1b[01;36m\x1b[K^~~~~~~~~~~~~~~~~\x1b[m\x1b[K\n'}
[45.305441] (sllidar_ros2) StderrLine: {'line': b"\x1b[01m\x1b[K/home/wjs/cart_ros2/src/sllidar_ros2/src/sllidar_node.cpp:73:43:\x1b[m\x1b[K \x1b[01;35m\x1b[Kwarning: \x1b[m\x1b[K\xe2\x80\x98\x1b[01m\x1b[Kconst rclcpp::ParameterValue& rclcpp::Node::declare_parameter(const string&)\x1b[m\x1b[K\xe2\x80\x99 is deprecated: declare_parameter() with only a name is deprecated and will be deleted in the future.\\nIf you want to declare a parameter that won't change type without a default value use:\\n`node->declare_parameter<ParameterT>(name)`, where e.g. ParameterT=int64_t.\\n\\nIf you want to declare a parameter that can dynamically change type use:\\n```\\nrcl_interfaces::msg::ParameterDescriptor descriptor;\\ndescriptor.dynamic_typing = true;\\nnode->declare_parameter(name, rclcpp::ParameterValue{}, descriptor);\\n``` [\x1b[01;35m\x1b[K\x1b]8;;https://gcc.gnu.org/onlinedocs/gcc/Warning-Options.html#index-Wdeprecated-declarations\x07-Wdeprecated-declarations\x1b]8;;\x07\x1b[m\x1b[K]\n"}
[45.305799] (sllidar_ros2) StderrLine: {'line': b'   73 | his->declare_parameter("udp_port"\x1b[01;35m\x1b[K)\x1b[m\x1b[K;\n'}
[45.306072] (sllidar_ros2) StderrLine: {'line': b'      |                                  \x1b[01;35m\x1b[K^\x1b[m\x1b[K\n'}
[45.306308] (sllidar_ros2) StderrLine: {'line': b'\n'}
[45.306531] (sllidar_ros2) StderrLine: {'line': b'In file included from \x1b[01m\x1b[K/opt/ros/galactic/include/rclcpp/executors/single_threaded_executor.hpp:28\x1b[m\x1b[K,\n'}
[45.306754] (sllidar_ros2) StderrLine: {'line': b'                 from \x1b[01m\x1b[K/opt/ros/galactic/include/rclcpp/executors.hpp:22\x1b[m\x1b[K,\n'}
[45.307019] (sllidar_ros2) StderrLine: {'line': b'                 from \x1b[01m\x1b[K/opt/ros/galactic/include/rclcpp/rclcpp.hpp:156\x1b[m\x1b[K,\n'}
[45.307241] (sllidar_ros2) StderrLine: {'line': b'                 from \x1b[01m\x1b[K/home/wjs/cart_ros2/src/sllidar_ros2/src/sllidar_node.cpp:35\x1b[m\x1b[K:\n'}
[45.307458] (sllidar_ros2) StderrLine: {'line': b'\x1b[01m\x1b[K/opt/ros/galactic/include/rclcpp/node.hpp:422:3:\x1b[m\x1b[K \x1b[01;36m\x1b[Knote: \x1b[m\x1b[Kdeclared here\n'}
[45.307683] (sllidar_ros2) StderrLine: {'line': b'  422 |   \x1b[01;36m\x1b[Kdeclare_parameter\x1b[m\x1b[K(const std::string & name);\n'}
[45.307909] (sllidar_ros2) StderrLine: {'line': b'      |   \x1b[01;36m\x1b[K^~~~~~~~~~~~~~~~~\x1b[m\x1b[K\n'}
[45.308144] (sllidar_ros2) StderrLine: {'line': b"\x1b[01m\x1b[K/home/wjs/cart_ros2/src/sllidar_ros2/src/sllidar_node.cpp:74:46:\x1b[m\x1b[K \x1b[01;35m\x1b[Kwarning: \x1b[m\x1b[K\xe2\x80\x98\x1b[01m\x1b[Kconst rclcpp::ParameterValue& rclcpp::Node::declare_parameter(const string&)\x1b[m\x1b[K\xe2\x80\x99 is deprecated: declare_parameter() with only a name is deprecated and will be deleted in the future.\\nIf you want to declare a parameter that won't change type without a default value use:\\n`node->declare_parameter<ParameterT>(name)`, where e.g. ParameterT=int64_t.\\n\\nIf you want to declare a parameter that can dynamically change type use:\\n```\\nrcl_interfaces::msg::ParameterDescriptor descriptor;\\ndescriptor.dynamic_typing = true;\\nnode->declare_parameter(name, rclcpp::ParameterValue{}, descriptor);\\n``` [\x1b[01;35m\x1b[K\x1b]8;;https://gcc.gnu.org/onlinedocs/gcc/Warning-Options.html#index-Wdeprecated-declarations\x07-Wdeprecated-declarations\x1b]8;;\x07\x1b[m\x1b[K]\n"}
[45.319743] (sllidar_ros2) StderrLine: {'line': b'   74 | ->declare_parameter("serial_port"\x1b[01;35m\x1b[K)\x1b[m\x1b[K;\n'}
[45.320395] (sllidar_ros2) StderrLine: {'line': b'      |                                  \x1b[01;35m\x1b[K^\x1b[m\x1b[K\n'}
[45.320703] (sllidar_ros2) StderrLine: {'line': b'\n'}
[45.320967] (sllidar_ros2) StderrLine: {'line': b'In file included from \x1b[01m\x1b[K/opt/ros/galactic/include/rclcpp/executors/single_threaded_executor.hpp:28\x1b[m\x1b[K,\n'}
[45.321333] (sllidar_ros2) StderrLine: {'line': b'                 from \x1b[01m\x1b[K/opt/ros/galactic/include/rclcpp/executors.hpp:22\x1b[m\x1b[K,\n'}
[45.321640] (sllidar_ros2) StderrLine: {'line': b'                 from \x1b[01m\x1b[K/opt/ros/galactic/include/rclcpp/rclcpp.hpp:156\x1b[m\x1b[K,\n'}
[45.321882] (sllidar_ros2) StderrLine: {'line': b'                 from \x1b[01m\x1b[K/home/wjs/cart_ros2/src/sllidar_ros2/src/sllidar_node.cpp:35\x1b[m\x1b[K:\n'}
[45.322116] (sllidar_ros2) StderrLine: {'line': b'\x1b[01m\x1b[K/opt/ros/galactic/include/rclcpp/node.hpp:422:3:\x1b[m\x1b[K \x1b[01;36m\x1b[Knote: \x1b[m\x1b[Kdeclared here\n'}
[45.322576] (sllidar_ros2) StderrLine: {'line': b'  422 |   \x1b[01;36m\x1b[Kdeclare_parameter\x1b[m\x1b[K(const std::string & name);\n'}
[45.322848] (sllidar_ros2) StderrLine: {'line': b'      |   \x1b[01;36m\x1b[K^~~~~~~~~~~~~~~~~\x1b[m\x1b[K\n'}
[45.323089] (sllidar_ros2) StderrLine: {'line': b"\x1b[01m\x1b[K/home/wjs/cart_ros2/src/sllidar_ros2/src/sllidar_node.cpp:75:50:\x1b[m\x1b[K \x1b[01;35m\x1b[Kwarning: \x1b[m\x1b[K\xe2\x80\x98\x1b[01m\x1b[Kconst rclcpp::ParameterValue& rclcpp::Node::declare_parameter(const string&)\x1b[m\x1b[K\xe2\x80\x99 is deprecated: declare_parameter() with only a name is deprecated and will be deleted in the future.\\nIf you want to declare a parameter that won't change type without a default value use:\\n`node->declare_parameter<ParameterT>(name)`, where e.g. ParameterT=int64_t.\\n\\nIf you want to declare a parameter that can dynamically change type use:\\n```\\nrcl_interfaces::msg::ParameterDescriptor descriptor;\\ndescriptor.dynamic_typing = true;\\nnode->declare_parameter(name, rclcpp::ParameterValue{}, descriptor);\\n``` [\x1b[01;35m\x1b[K\x1b]8;;https://gcc.gnu.org/onlinedocs/gcc/Warning-Options.html#index-Wdeprecated-declarations\x07-Wdeprecated-declarations\x1b]8;;\x07\x1b[m\x1b[K]\n"}
[45.323511] (sllidar_ros2) StderrLine: {'line': b'   75 | clare_parameter("serial_baudrate"\x1b[01;35m\x1b[K)\x1b[m\x1b[K;\n'}
[45.323821] (sllidar_ros2) StderrLine: {'line': b'      |                                  \x1b[01;35m\x1b[K^\x1b[m\x1b[K\n'}
[45.324073] (sllidar_ros2) StderrLine: {'line': b'\n'}
[45.324308] (sllidar_ros2) StderrLine: {'line': b'In file included from \x1b[01m\x1b[K/opt/ros/galactic/include/rclcpp/executors/single_threaded_executor.hpp:28\x1b[m\x1b[K,\n'}
[45.324547] (sllidar_ros2) StderrLine: {'line': b'                 from \x1b[01m\x1b[K/opt/ros/galactic/include/rclcpp/executors.hpp:22\x1b[m\x1b[K,\n'}
[45.324811] (sllidar_ros2) StderrLine: {'line': b'                 from \x1b[01m\x1b[K/opt/ros/galactic/include/rclcpp/rclcpp.hpp:156\x1b[m\x1b[K,\n'}
[45.325092] (sllidar_ros2) StderrLine: {'line': b'                 from \x1b[01m\x1b[K/home/wjs/cart_ros2/src/sllidar_ros2/src/sllidar_node.cpp:35\x1b[m\x1b[K:\n'}
[45.329874] (sllidar_ros2) StderrLine: {'line': b'\x1b[01m\x1b[K/opt/ros/galactic/include/rclcpp/node.hpp:422:3:\x1b[m\x1b[K \x1b[01;36m\x1b[Knote: \x1b[m\x1b[Kdeclared here\n'}
[45.330206] (sllidar_ros2) StderrLine: {'line': b'  422 |   \x1b[01;36m\x1b[Kdeclare_parameter\x1b[m\x1b[K(const std::string & name);\n'}
[45.330476] (sllidar_ros2) StderrLine: {'line': b'      |   \x1b[01;36m\x1b[K^~~~~~~~~~~~~~~~~\x1b[m\x1b[K\n'}
[45.330730] (sllidar_ros2) StderrLine: {'line': b"\x1b[01m\x1b[K/home/wjs/cart_ros2/src/sllidar_ros2/src/sllidar_node.cpp:76:43:\x1b[m\x1b[K \x1b[01;35m\x1b[Kwarning: \x1b[m\x1b[K\xe2\x80\x98\x1b[01m\x1b[Kconst rclcpp::ParameterValue& rclcpp::Node::declare_parameter(const string&)\x1b[m\x1b[K\xe2\x80\x99 is deprecated: declare_parameter() with only a name is deprecated and will be deleted in the future.\\nIf you want to declare a parameter that won't change type without a default value use:\\n`node->declare_parameter<ParameterT>(name)`, where e.g. ParameterT=int64_t.\\n\\nIf you want to declare a parameter that can dynamically change type use:\\n```\\nrcl_interfaces::msg::ParameterDescriptor descriptor;\\ndescriptor.dynamic_typing = true;\\nnode->declare_parameter(name, rclcpp::ParameterValue{}, descriptor);\\n``` [\x1b[01;35m\x1b[K\x1b]8;;https://gcc.gnu.org/onlinedocs/gcc/Warning-Options.html#index-Wdeprecated-declarations\x07-Wdeprecated-declarations\x1b]8;;\x07\x1b[m\x1b[K]\n"}
[45.331031] (sllidar_ros2) StderrLine: {'line': b'   76 | his->declare_parameter("frame_id"\x1b[01;35m\x1b[K)\x1b[m\x1b[K;\n'}
[45.331273] (sllidar_ros2) StderrLine: {'line': b'      |                                  \x1b[01;35m\x1b[K^\x1b[m\x1b[K\n'}
[45.331516] (sllidar_ros2) StderrLine: {'line': b'\n'}
[45.333951] (sllidar_ros2) StderrLine: {'line': b'In file included from \x1b[01m\x1b[K/opt/ros/galactic/include/rclcpp/executors/single_threaded_executor.hpp:28\x1b[m\x1b[K,\n'}
[45.334268] (sllidar_ros2) StderrLine: {'line': b'                 from \x1b[01m\x1b[K/opt/ros/galactic/include/rclcpp/executors.hpp:22\x1b[m\x1b[K,\n'}
[45.334524] (sllidar_ros2) StderrLine: {'line': b'                 from \x1b[01m\x1b[K/opt/ros/galactic/include/rclcpp/rclcpp.hpp:156\x1b[m\x1b[K,\n'}
[45.334756] (sllidar_ros2) StderrLine: {'line': b'                 from \x1b[01m\x1b[K/home/wjs/cart_ros2/src/sllidar_ros2/src/sllidar_node.cpp:35\x1b[m\x1b[K:\n'}
[45.335037] (sllidar_ros2) StderrLine: {'line': b'\x1b[01m\x1b[K/opt/ros/galactic/include/rclcpp/node.hpp:422:3:\x1b[m\x1b[K \x1b[01;36m\x1b[Knote: \x1b[m\x1b[Kdeclared here\n'}
[45.335279] (sllidar_ros2) StderrLine: {'line': b'  422 |   \x1b[01;36m\x1b[Kdeclare_parameter\x1b[m\x1b[K(const std::string & name);\n'}
[45.335509] (sllidar_ros2) StderrLine: {'line': b'      |   \x1b[01;36m\x1b[K^~~~~~~~~~~~~~~~~\x1b[m\x1b[K\n'}
[45.335731] (sllidar_ros2) StderrLine: {'line': b"\x1b[01m\x1b[K/home/wjs/cart_ros2/src/sllidar_ros2/src/sllidar_node.cpp:77:43:\x1b[m\x1b[K \x1b[01;35m\x1b[Kwarning: \x1b[m\x1b[K\xe2\x80\x98\x1b[01m\x1b[Kconst rclcpp::ParameterValue& rclcpp::Node::declare_parameter(const string&)\x1b[m\x1b[K\xe2\x80\x99 is deprecated: declare_parameter() with only a name is deprecated and will be deleted in the future.\\nIf you want to declare a parameter that won't change type without a default value use:\\n`node->declare_parameter<ParameterT>(name)`, where e.g. ParameterT=int64_t.\\n\\nIf you want to declare a parameter that can dynamically change type use:\\n```\\nrcl_interfaces::msg::ParameterDescriptor descriptor;\\ndescriptor.dynamic_typing = true;\\nnode->declare_parameter(name, rclcpp::ParameterValue{}, descriptor);\\n``` [\x1b[01;35m\x1b[K\x1b]8;;https://gcc.gnu.org/onlinedocs/gcc/Warning-Options.html#index-Wdeprecated-declarations\x07-Wdeprecated-declarations\x1b]8;;\x07\x1b[m\x1b[K]\n"}
[45.336026] (sllidar_ros2) StderrLine: {'line': b'   77 | his->declare_parameter("inverted"\x1b[01;35m\x1b[K)\x1b[m\x1b[K;\n'}
[45.336270] (sllidar_ros2) StderrLine: {'line': b'      |                                  \x1b[01;35m\x1b[K^\x1b[m\x1b[K\n'}
[45.336490] (sllidar_ros2) StderrLine: {'line': b'\n'}
[45.336714] (sllidar_ros2) StderrLine: {'line': b'In file included from \x1b[01m\x1b[K/opt/ros/galactic/include/rclcpp/executors/single_threaded_executor.hpp:28\x1b[m\x1b[K,\n'}
[45.336945] (sllidar_ros2) StderrLine: {'line': b'                 from \x1b[01m\x1b[K/opt/ros/galactic/include/rclcpp/executors.hpp:22\x1b[m\x1b[K,\n'}
[45.345529] (sllidar_ros2) StderrLine: {'line': b'                 from \x1b[01m\x1b[K/opt/ros/galactic/include/rclcpp/rclcpp.hpp:156\x1b[m\x1b[K,\n'}
[45.346131] (sllidar_ros2) StderrLine: {'line': b'                 from \x1b[01m\x1b[K/home/wjs/cart_ros2/src/sllidar_ros2/src/sllidar_node.cpp:35\x1b[m\x1b[K:\n'}
[45.346421] (sllidar_ros2) StderrLine: {'line': b'\x1b[01m\x1b[K/opt/ros/galactic/include/rclcpp/node.hpp:422:3:\x1b[m\x1b[K \x1b[01;36m\x1b[Knote: \x1b[m\x1b[Kdeclared here\n'}
[45.346678] (sllidar_ros2) StderrLine: {'line': b'  422 |   \x1b[01;36m\x1b[Kdeclare_parameter\x1b[m\x1b[K(const std::string & name);\n'}
[45.346938] (sllidar_ros2) StderrLine: {'line': b'      |   \x1b[01;36m\x1b[K^~~~~~~~~~~~~~~~~\x1b[m\x1b[K\n'}
[45.347530] (sllidar_ros2) StderrLine: {'line': b"\x1b[01m\x1b[K/home/wjs/cart_ros2/src/sllidar_ros2/src/sllidar_node.cpp:78:51:\x1b[m\x1b[K \x1b[01;35m\x1b[Kwarning: \x1b[m\x1b[K\xe2\x80\x98\x1b[01m\x1b[Kconst rclcpp::ParameterValue& rclcpp::Node::declare_parameter(const string&)\x1b[m\x1b[K\xe2\x80\x99 is deprecated: declare_parameter() with only a name is deprecated and will be deleted in the future.\\nIf you want to declare a parameter that won't change type without a default value use:\\n`node->declare_parameter<ParameterT>(name)`, where e.g. ParameterT=int64_t.\\n\\nIf you want to declare a parameter that can dynamically change type use:\\n```\\nrcl_interfaces::msg::ParameterDescriptor descriptor;\\ndescriptor.dynamic_typing = true;\\nnode->declare_parameter(name, rclcpp::ParameterValue{}, descriptor);\\n``` [\x1b[01;35m\x1b[K\x1b]8;;https://gcc.gnu.org/onlinedocs/gcc/Warning-Options.html#index-Wdeprecated-declarations\x07-Wdeprecated-declarations\x1b]8;;\x07\x1b[m\x1b[K]\n"}
[45.347934] (sllidar_ros2) StderrLine: {'line': b'   78 | lare_parameter("angle_compensate"\x1b[01;35m\x1b[K)\x1b[m\x1b[K;\n'}
[45.348189] (sllidar_ros2) StderrLine: {'line': b'      |                                  \x1b[01;35m\x1b[K^\x1b[m\x1b[K\n'}
[45.348428] (sllidar_ros2) StderrLine: {'line': b'\n'}
[45.348673] (sllidar_ros2) StderrLine: {'line': b'In file included from \x1b[01m\x1b[K/opt/ros/galactic/include/rclcpp/executors/single_threaded_executor.hpp:28\x1b[m\x1b[K,\n'}
[45.349459] (sllidar_ros2) StderrLine: {'line': b'                 from \x1b[01m\x1b[K/opt/ros/galactic/include/rclcpp/executors.hpp:22\x1b[m\x1b[K,\n'}
[45.349748] (sllidar_ros2) StderrLine: {'line': b'                 from \x1b[01m\x1b[K/opt/ros/galactic/include/rclcpp/rclcpp.hpp:156\x1b[m\x1b[K,\n'}
[45.350007] (sllidar_ros2) StderrLine: {'line': b'                 from \x1b[01m\x1b[K/home/wjs/cart_ros2/src/sllidar_ros2/src/sllidar_node.cpp:35\x1b[m\x1b[K:\n'}
[45.350270] (sllidar_ros2) StderrLine: {'line': b'\x1b[01m\x1b[K/opt/ros/galactic/include/rclcpp/node.hpp:422:3:\x1b[m\x1b[K \x1b[01;36m\x1b[Knote: \x1b[m\x1b[Kdeclared here\n'}
[45.350552] (sllidar_ros2) StderrLine: {'line': b'  422 |   \x1b[01;36m\x1b[Kdeclare_parameter\x1b[m\x1b[K(const std::string & name);\n'}
[45.350795] (sllidar_ros2) StderrLine: {'line': b'      |   \x1b[01;36m\x1b[K^~~~~~~~~~~~~~~~~\x1b[m\x1b[K\n'}
[45.351025] (sllidar_ros2) StderrLine: {'line': b"\x1b[01m\x1b[K/home/wjs/cart_ros2/src/sllidar_ros2/src/sllidar_node.cpp:79:44:\x1b[m\x1b[K \x1b[01;35m\x1b[Kwarning: \x1b[m\x1b[K\xe2\x80\x98\x1b[01m\x1b[Kconst rclcpp::ParameterValue& rclcpp::Node::declare_parameter(const string&)\x1b[m\x1b[K\xe2\x80\x99 is deprecated: declare_parameter() with only a name is deprecated and will be deleted in the future.\\nIf you want to declare a parameter that won't change type without a default value use:\\n`node->declare_parameter<ParameterT>(name)`, where e.g. ParameterT=int64_t.\\n\\nIf you want to declare a parameter that can dynamically change type use:\\n```\\nrcl_interfaces::msg::ParameterDescriptor descriptor;\\ndescriptor.dynamic_typing = true;\\nnode->declare_parameter(name, rclcpp::ParameterValue{}, descriptor);\\n``` [\x1b[01;35m\x1b[K\x1b]8;;https://gcc.gnu.org/onlinedocs/gcc/Warning-Options.html#index-Wdeprecated-declarations\x07-Wdeprecated-declarations\x1b]8;;\x07\x1b[m\x1b[K]\n"}
[45.351354] (sllidar_ros2) StderrLine: {'line': b'   79 | is->declare_parameter("scan_mode"\x1b[01;35m\x1b[K)\x1b[m\x1b[K;\n'}
[45.351592] (sllidar_ros2) StderrLine: {'line': b'      |                                  \x1b[01;35m\x1b[K^\x1b[m\x1b[K\n'}
[45.351830] (sllidar_ros2) StderrLine: {'line': b'\n'}
[45.352073] (sllidar_ros2) StderrLine: {'line': b'In file included from \x1b[01m\x1b[K/opt/ros/galactic/include/rclcpp/executors/single_threaded_executor.hpp:28\x1b[m\x1b[K,\n'}
[45.352322] (sllidar_ros2) StderrLine: {'line': b'                 from \x1b[01m\x1b[K/opt/ros/galactic/include/rclcpp/executors.hpp:22\x1b[m\x1b[K,\n'}
[45.352557] (sllidar_ros2) StderrLine: {'line': b'                 from \x1b[01m\x1b[K/opt/ros/galactic/include/rclcpp/rclcpp.hpp:156\x1b[m\x1b[K,\n'}
[45.352788] (sllidar_ros2) StderrLine: {'line': b'                 from \x1b[01m\x1b[K/home/wjs/cart_ros2/src/sllidar_ros2/src/sllidar_node.cpp:35\x1b[m\x1b[K:\n'}
[45.353021] (sllidar_ros2) StderrLine: {'line': b'\x1b[01m\x1b[K/opt/ros/galactic/include/rclcpp/node.hpp:422:3:\x1b[m\x1b[K \x1b[01;36m\x1b[Knote: \x1b[m\x1b[Kdeclared here\n'}
[45.353357] (sllidar_ros2) StderrLine: {'line': b'  422 |   \x1b[01;36m\x1b[Kdeclare_parameter\x1b[m\x1b[K(const std::string & name);\n'}
[45.353614] (sllidar_ros2) StderrLine: {'line': b'      |   \x1b[01;36m\x1b[K^~~~~~~~~~~~~~~~~\x1b[m\x1b[K\n'}
[45.353862] (sllidar_ros2) StderrLine: {'line': b"\x1b[01m\x1b[K/home/wjs/cart_ros2/src/sllidar_ros2/src/sllidar_node.cpp:80:49:\x1b[m\x1b[K \x1b[01;35m\x1b[Kwarning: \x1b[m\x1b[K\xe2\x80\x98\x1b[01m\x1b[Kconst rclcpp::ParameterValue& rclcpp::Node::declare_parameter(const string&)\x1b[m\x1b[K\xe2\x80\x99 is deprecated: declare_parameter() with only a name is deprecated and will be deleted in the future.\\nIf you want to declare a parameter that won't change type without a default value use:\\n`node->declare_parameter<ParameterT>(name)`, where e.g. ParameterT=int64_t.\\n\\nIf you want to declare a parameter that can dynamically change type use:\\n```\\nrcl_interfaces::msg::ParameterDescriptor descriptor;\\ndescriptor.dynamic_typing = true;\\nnode->declare_parameter(name, rclcpp::ParameterValue{}, descriptor);\\n``` [\x1b[01;35m\x1b[K\x1b]8;;https://gcc.gnu.org/onlinedocs/gcc/Warning-Options.html#index-Wdeprecated-declarations\x07-Wdeprecated-declarations\x1b]8;;\x07\x1b[m\x1b[K]\n"}
[45.354167] (sllidar_ros2) StderrLine: {'line': b'   80 | eclare_parameter("scan_frequency"\x1b[01;35m\x1b[K)\x1b[m\x1b[K;\n'}
[45.354417] (sllidar_ros2) StderrLine: {'line': b'      |                                  \x1b[01;35m\x1b[K^\x1b[m\x1b[K\n'}
[45.354651] (sllidar_ros2) StderrLine: {'line': b'\n'}
[45.354886] (sllidar_ros2) StderrLine: {'line': b'In file included from \x1b[01m\x1b[K/opt/ros/galactic/include/rclcpp/executors/single_threaded_executor.hpp:28\x1b[m\x1b[K,\n'}
[45.355152] (sllidar_ros2) StderrLine: {'line': b'                 from \x1b[01m\x1b[K/opt/ros/galactic/include/rclcpp/executors.hpp:22\x1b[m\x1b[K,\n'}
[45.355383] (sllidar_ros2) StderrLine: {'line': b'                 from \x1b[01m\x1b[K/opt/ros/galactic/include/rclcpp/rclcpp.hpp:156\x1b[m\x1b[K,\n'}
[45.355643] (sllidar_ros2) StderrLine: {'line': b'                 from \x1b[01m\x1b[K/home/wjs/cart_ros2/src/sllidar_ros2/src/sllidar_node.cpp:35\x1b[m\x1b[K:\n'}
[45.355877] (sllidar_ros2) StderrLine: {'line': b'\x1b[01m\x1b[K/opt/ros/galactic/include/rclcpp/node.hpp:422:3:\x1b[m\x1b[K \x1b[01;36m\x1b[Knote: \x1b[m\x1b[Kdeclared here\n'}
[45.356108] (sllidar_ros2) StderrLine: {'line': b'  422 |   \x1b[01;36m\x1b[Kdeclare_parameter\x1b[m\x1b[K(const std::string & name);\n'}
[45.356372] (sllidar_ros2) StderrLine: {'line': b'      |   \x1b[01;36m\x1b[K^~~~~~~~~~~~~~~~~\x1b[m\x1b[K\n'}
[45.377748] (-) TimerEvent: {}
[45.478741] (-) TimerEvent: {}
[45.579735] (-) TimerEvent: {}
[45.680705] (-) TimerEvent: {}
[45.781733] (-) TimerEvent: {}
[45.882722] (-) TimerEvent: {}
[45.983715] (-) TimerEvent: {}
[46.084687] (-) TimerEvent: {}
[46.185805] (-) TimerEvent: {}
[46.286754] (-) TimerEvent: {}
[46.387825] (-) TimerEvent: {}
[46.488903] (-) TimerEvent: {}
[46.590071] (-) TimerEvent: {}
[46.691225] (-) TimerEvent: {}
[46.792368] (-) TimerEvent: {}
[46.893733] (-) TimerEvent: {}
[46.994854] (-) TimerEvent: {}
[47.096125] (-) TimerEvent: {}
[47.145851] (roboteq_interfaces) StdoutLine: {'line': b'[ 80%] Built target roboteq_interfaces__py\n'}
[47.196436] (-) TimerEvent: {}
[47.198285] (roboteq_interfaces) StdoutLine: {'line': b'\x1b[35m\x1b[1mScanning dependencies of target roboteq_interfaces__python\x1b[0m\n'}
[47.296696] (-) TimerEvent: {}
[47.398674] (-) TimerEvent: {}
[47.425297] (roboteq_interfaces) StdoutLine: {'line': b'[ 81%] \x1b[32mBuilding C object CMakeFiles/roboteq_interfaces__python.dir/rosidl_generator_py/roboteq_interfaces/msg/_channel_values_s.c.o\x1b[0m\n'}
[47.502930] (-) TimerEvent: {}
[47.606223] (-) TimerEvent: {}
[47.707226] (-) TimerEvent: {}
[47.808326] (-) TimerEvent: {}
[47.909411] (-) TimerEvent: {}
[48.010396] (-) TimerEvent: {}
[48.111381] (-) TimerEvent: {}
[48.132291] (roboteq_interfaces) StdoutLine: {'line': b'[ 83%] \x1b[32mBuilding C object CMakeFiles/roboteq_interfaces__python.dir/rosidl_generator_py/roboteq_interfaces/srv/_maintenance_s.c.o\x1b[0m\n'}
[48.211658] (-) TimerEvent: {}
[48.312734] (-) TimerEvent: {}
[48.414420] (-) TimerEvent: {}
[48.533659] (-) TimerEvent: {}
[48.635186] (-) TimerEvent: {}
[48.726496] (roboteq_interfaces) StdoutLine: {'line': b'[ 85%] \x1b[32mBuilding C object CMakeFiles/roboteq_interfaces__python.dir/rosidl_generator_py/roboteq_interfaces/srv/_config_s.c.o\x1b[0m\n'}
[48.736311] (-) TimerEvent: {}
[48.837400] (-) TimerEvent: {}
[48.939026] (-) TimerEvent: {}
[48.958045] (sllidar_ros2) StderrLine: {'line': b'\x1b[01m\x1b[K/home/wjs/cart_ros2/src/sllidar_ros2/src/sllidar_node.cpp:\x1b[m\x1b[K In member function \xe2\x80\x98\x1b[01m\x1b[Kbool SLlidarNode::checkSLLIDARHealth(sl::ILidarDriver*)\x1b[m\x1b[K\xe2\x80\x99:\n'}
[48.958769] (sllidar_ros2) StderrLine: {'line': b'\x1b[01m\x1b[K/home/wjs/cart_ros2/src/sllidar_ros2/src/sllidar_node.cpp:147:5:\x1b[m\x1b[K \x1b[01;35m\x1b[Kwarning: \x1b[m\x1b[Kcontrol reaches end of non-void function [\x1b[01;35m\x1b[K\x1b]8;;https://gcc.gnu.org/onlinedocs/gcc/Warning-Options.html#index-Wreturn-type\x07-Wreturn-type\x1b]8;;\x07\x1b[m\x1b[K]\n'}
[48.959130] (sllidar_ros2) StderrLine: {'line': b'  147 |     \x1b[01;35m\x1b[K}\x1b[m\x1b[K\n'}
[48.959384] (sllidar_ros2) StderrLine: {'line': b'      |     \x1b[01;35m\x1b[K^\x1b[m\x1b[K\n'}
[49.039337] (-) TimerEvent: {}
[49.169468] (-) TimerEvent: {}
[49.270954] (-) TimerEvent: {}
[49.319229] (roboteq_interfaces) StdoutLine: {'line': b'[ 87%] \x1b[32mBuilding C object CMakeFiles/roboteq_interfaces__python.dir/rosidl_generator_py/roboteq_interfaces/srv/_command_s.c.o\x1b[0m\n'}
[49.370707] (-) TimerEvent: {}
[49.472866] (-) TimerEvent: {}
[49.577444] (-) TimerEvent: {}
[49.678990] (-) TimerEvent: {}
[49.780452] (-) TimerEvent: {}
[49.878541] (roboteq_interfaces) StdoutLine: {'line': b'[ 89%] \x1b[32m\x1b[1mLinking C shared library rosidl_generator_py/roboteq_interfaces/libroboteq_interfaces__python.so\x1b[0m\n'}
[49.880657] (-) TimerEvent: {}
[49.982084] (-) TimerEvent: {}
[50.083861] (-) TimerEvent: {}
[50.138272] (roboteq_interfaces) StdoutLine: {'line': b'[ 89%] Built target roboteq_interfaces__python\n'}
[50.184083] (-) TimerEvent: {}
[50.190461] (roboteq_interfaces) StdoutLine: {'line': b'\x1b[35m\x1b[1mScanning dependencies of target roboteq_interfaces__rosidl_typesupport_c__pyext\x1b[0m\n'}
[50.284317] (-) TimerEvent: {}
[50.335193] (roboteq_interfaces) StdoutLine: {'line': b'[ 90%] \x1b[32mBuilding C object CMakeFiles/roboteq_interfaces__rosidl_typesupport_c__pyext.dir/rosidl_generator_py/roboteq_interfaces/_roboteq_interfaces_s.ep.rosidl_typesupport_c.c.o\x1b[0m\n'}
[50.384592] (-) TimerEvent: {}
[50.485650] (-) TimerEvent: {}
[50.677341] (-) TimerEvent: {}
[50.778408] (-) TimerEvent: {}
[50.879360] (-) TimerEvent: {}
[50.980357] (roboteq_interfaces) StdoutLine: {'line': b'[ 92%] \x1b[32m\x1b[1mLinking C shared library rosidl_generator_py/roboteq_interfaces/roboteq_interfaces_s__rosidl_typesupport_c.cpython-38-aarch64-linux-gnu.so\x1b[0m\n'}
[50.981070] (-) TimerEvent: {}
[51.082388] (-) TimerEvent: {}
[51.184142] (-) TimerEvent: {}
[51.195683] (roboteq_interfaces) StdoutLine: {'line': b'[ 92%] Built target roboteq_interfaces__rosidl_typesupport_c__pyext\n'}
[51.264103] (roboteq_interfaces) StdoutLine: {'line': b'\x1b[35m\x1b[1mScanning dependencies of target roboteq_interfaces__rosidl_typesupport_introspection_c__pyext\x1b[0m\n'}
[51.284412] (-) TimerEvent: {}
[51.385584] (-) TimerEvent: {}
[51.388560] (roboteq_interfaces) StdoutLine: {'line': b'[ 94%] \x1b[32mBuilding C object CMakeFiles/roboteq_interfaces__rosidl_typesupport_introspection_c__pyext.dir/rosidl_generator_py/roboteq_interfaces/_roboteq_interfaces_s.ep.rosidl_typesupport_introspection_c.c.o\x1b[0m\n'}
[51.485852] (-) TimerEvent: {}
[51.587073] (-) TimerEvent: {}
[51.688203] (-) TimerEvent: {}
[51.789347] (-) TimerEvent: {}
[51.890425] (-) TimerEvent: {}
[51.992650] (-) TimerEvent: {}
[52.012495] (roboteq_interfaces) StdoutLine: {'line': b'[ 96%] \x1b[32m\x1b[1mLinking C shared library rosidl_generator_py/roboteq_interfaces/roboteq_interfaces_s__rosidl_typesupport_introspection_c.cpython-38-aarch64-linux-gnu.so\x1b[0m\n'}
[52.092220] (-) TimerEvent: {}
[52.193993] (-) TimerEvent: {}
[52.204728] (roboteq_interfaces) StdoutLine: {'line': b'[ 96%] Built target roboteq_interfaces__rosidl_typesupport_introspection_c__pyext\n'}
[52.265848] (roboteq_interfaces) StdoutLine: {'line': b'\x1b[35m\x1b[1mScanning dependencies of target roboteq_interfaces__rosidl_typesupport_fastrtps_c__pyext\x1b[0m\n'}
[52.294274] (-) TimerEvent: {}
[52.395944] (-) TimerEvent: {}
[52.406084] (roboteq_interfaces) StdoutLine: {'line': b'[ 98%] \x1b[32mBuilding C object CMakeFiles/roboteq_interfaces__rosidl_typesupport_fastrtps_c__pyext.dir/rosidl_generator_py/roboteq_interfaces/_roboteq_interfaces_s.ep.rosidl_typesupport_fastrtps_c.c.o\x1b[0m\n'}
[52.496226] (-) TimerEvent: {}
[52.597341] (-) TimerEvent: {}
[52.698358] (-) TimerEvent: {}
[52.799417] (-) TimerEvent: {}
[52.900456] (-) TimerEvent: {}
[53.001602] (-) TimerEvent: {}
[53.102722] (-) TimerEvent: {}
[53.205438] (-) TimerEvent: {}
[53.222237] (roboteq_interfaces) StdoutLine: {'line': b'[100%] \x1b[32m\x1b[1mLinking CXX shared library rosidl_generator_py/roboteq_interfaces/roboteq_interfaces_s__rosidl_typesupport_fastrtps_c.cpython-38-aarch64-linux-gnu.so\x1b[0m\n'}
[53.305699] (-) TimerEvent: {}
[53.406734] (-) TimerEvent: {}
[53.508383] (-) TimerEvent: {}
[53.594465] (roboteq_interfaces) StdoutLine: {'line': b'[100%] Built target roboteq_interfaces__rosidl_typesupport_fastrtps_c__pyext\n'}
[53.608676] (-) TimerEvent: {}
[53.661615] (roboteq_interfaces) CommandEnded: {'returncode': 0}
[53.665693] (roboteq_interfaces) JobProgress: {'identifier': 'roboteq_interfaces', 'progress': 'install'}
[53.670052] (roboteq_interfaces) Command: {'cmd': ['/usr/bin/cmake', '--install', '/home/wjs/cart_ros2/build/roboteq_interfaces'], 'cwd': '/home/wjs/cart_ros2/build/roboteq_interfaces', 'env': OrderedDict([('LESSOPEN', '| /usr/bin/lesspipe %s'), ('USER', 'wjs'), ('SSH_AGENT_PID', '4023'), ('XDG_SESSION_TYPE', 'x11'), ('PIP_CACHE_DIR', '/mnt/sdcard/.cache/pip'), ('XDG_CACHE_HOME', '/mnt/sdcard/.cache'), ('SHLVL', '1'), ('LD_LIBRARY_PATH', '/opt/opencv-4.5.5-cuda/lib:/home/wjs/cart_ros2/install/lib:/home/wjs/tb3_tpl_ws/install/lib:/opt/ros/galactic/opt/yaml_cpp_vendor/lib:/opt/ros/galactic/opt/rviz_ogre_vendor/lib:/opt/ros/galactic/lib/aarch64-linux-gnu:/opt/ros/galactic/lib:/usr/local/cuda-11.4/lib64:'), ('HOME', '/home/wjs'), ('CYCLONEDDS_URI', 'file:///home/wjs/cyclonedds_lo.xml'), ('OLDPWD', '/home/wjs'), ('DESKTOP_SESSION', 'ubuntu'), ('JETSON_L4T', '35.6.3'), ('ROS_PYTHON_VERSION', '3'), ('GNOME_SHELL_SESSION_MODE', 'ubuntu'), ('GTK_MODULES', 'gail:atk-bridge'), ('JETSON_MODEL', 'Jetson-AGX'), ('MANAGERPID', '3877'), ('DBUS_SESSION_BUS_ADDRESS', 'unix:path=/run/user/1000/bus'), ('COLORTERM', 'truecolor'), ('TERMINATOR_DBUS_NAME', 'net.tenshu.Terminator23558193cd9818af7fe4d2c2f5bd9d00f'), ('GIO_LAUNCHED_DESKTOP_FILE_PID', '6835'), ('IM_CONFIG_PHASE', '1'), ('TMPDIR', '/mnt/sdcard/tmp'), ('COLCON_PREFIX_PATH', '/home/wjs/tb3_tpl_ws/install:/home/wjs/cart_ros2/install'), ('TORCH_HOME', '/mnt/sdcard/.cache/torch'), ('ROS_DISTRO', 'galactic'), ('LOGNAME', 'wjs'), ('JETSON_MODULE', 'NVIDIA Jetson AGX Xavier (32 GB ram)'), ('JETSON_SERIAL_NUMBER', '1423420009543'), ('JOURNAL_STREAM', '8:75457'), ('_', '/usr/bin/colcon'), ('ROS_VERSION', '2'), ('JETSON_CODENAME', 'Galen'), ('XDG_SESSION_CLASS', 'user'), ('USERNAME', 'wjs'), ('TERM', 'xterm-256color'), ('GNOME_DESKTOP_SESSION_ID', 'this-is-deprecated'), ('ROS_LOCALHOST_ONLY', '1'), ('WINDOWPATH', '2'), ('PATH', '/opt/ros/galactic/bin:/usr/local/cuda-11.4/bin:/home/wjs/.local/bin:/usr/local/sbin:/usr/local/bin:/usr/sbin:/usr/bin:/sbin:/bin:/usr/games:/usr/local/games:/snap/bin'), ('SESSION_MANAGER', 'local/ubuntu:@/tmp/.ICE-unix/4058,unix/ubuntu:/tmp/.ICE-unix/4058'), ('INVOCATION_ID', 'da0bea70aefc4c20b47af68647634234'), ('XDG_MENU_PREFIX', 'gnome-'), ('XDG_RUNTIME_DIR', '/run/user/1000'), ('DISPLAY', ':1'), ('TERMINATOR_DBUS_PATH', '/net/tenshu/Terminator2'), ('LANG', 'en_US.UTF-8'), ('XDG_CURRENT_DESKTOP', 'ubuntu:GNOME'), ('RMW_IMPLEMENTATION', 'rmw_cyclonedds_cpp'), ('XMODIFIERS', '@im=ibus'), ('XDG_SESSION_DESKTOP', 'ubuntu'), ('XAUTHORITY', '/run/user/1000/gdm/Xauthority'), ('LS_COLORS', 'rs=0:di=01;34:ln=01;36:mh=00:pi=40;33:so=01;35:do=01;35:bd=40;33;01:cd=40;33;01:or=40;31;01:mi=00:su=37;41:sg=30;43:ca=30;41:tw=30;42:ow=34;42:st=37;44:ex=01;32:*.tar=01;31:*.tgz=01;31:*.arc=01;31:*.arj=01;31:*.taz=01;31:*.lha=01;31:*.lz4=01;31:*.lzh=01;31:*.lzma=01;31:*.tlz=01;31:*.txz=01;31:*.tzo=01;31:*.t7z=01;31:*.zip=01;31:*.z=01;31:*.dz=01;31:*.gz=01;31:*.lrz=01;31:*.lz=01;31:*.lzo=01;31:*.xz=01;31:*.zst=01;31:*.tzst=01;31:*.bz2=01;31:*.bz=01;31:*.tbz=01;31:*.tbz2=01;31:*.tz=01;31:*.deb=01;31:*.rpm=01;31:*.jar=01;31:*.war=01;31:*.ear=01;31:*.sar=01;31:*.rar=01;31:*.alz=01;31:*.ace=01;31:*.zoo=01;31:*.cpio=01;31:*.7z=01;31:*.rz=01;31:*.cab=01;31:*.wim=01;31:*.swm=01;31:*.dwm=01;31:*.esd=01;31:*.jpg=01;35:*.jpeg=01;35:*.mjpg=01;35:*.mjpeg=01;35:*.gif=01;35:*.bmp=01;35:*.pbm=01;35:*.pgm=01;35:*.ppm=01;35:*.tga=01;35:*.xbm=01;35:*.xpm=01;35:*.tif=01;35:*.tiff=01;35:*.png=01;35:*.svg=01;35:*.svgz=01;35:*.mng=01;35:*.pcx=01;35:*.mov=01;35:*.mpg=01;35:*.mpeg=01;35:*.m2v=01;35:*.mkv=01;35:*.webm=01;35:*.ogm=01;35:*.mp4=01;35:*.m4v=01;35:*.mp4v=01;35:*.vob=01;35:*.qt=01;35:*.nuv=01;35:*.wmv=01;35:*.asf=01;35:*.rm=01;35:*.rmvb=01;35:*.flc=01;35:*.avi=01;35:*.fli=01;35:*.flv=01;35:*.gl=01;35:*.dl=01;35:*.xcf=01;35:*.xwd=01;35:*.yuv=01;35:*.cgm=01;35:*.emf=01;35:*.ogv=01;35:*.ogx=01;35:*.aac=00;36:*.au=00;36:*.flac=00;36:*.m4a=00;36:*.mid=00;36:*.midi=00;36:*.mka=00;36:*.mp3=00;36:*.mpc=00;36:*.ogg=00;36:*.ra=00;36:*.wav=00;36:*.oga=00;36:*.opus=00;36:*.spx=00;36:*.xspf=00;36:'), ('JETSON_SOC', 'tegra194'), ('SSH_AUTH_SOCK', '/run/user/1000/keyring/ssh'), ('ROS_DOMAIN_ID', '35'), ('AMENT_PREFIX_PATH', '/home/wjs/cart_ros2/install:/home/wjs/tb3_tpl_ws/install:/opt/ros/galactic'), ('SHELL', '/bin/bash'), ('TERMINATOR_UUID', 'urn:uuid:1409ebbf-e917-4bfd-a3f8-4e94c2694854'), ('QT_ACCESSIBILITY', '1'), ('GDMSESSION', 'ubuntu'), ('LESSCLOSE', '/usr/bin/lesspipe %s %s'), ('GPG_AGENT_INFO', '/run/user/1000/gnupg/S.gpg-agent:0:1'), ('QT_IM_MODULE', 'ibus'), ('JETSON_CUDA_ARCH_BIN', '7.2'), ('PWD', '/home/wjs/cart_ros2/build/roboteq_interfaces'), ('XDG_CONFIG_DIRS', '/etc/xdg/xdg-ubuntu:/etc/xdg'), ('XDG_DATA_DIRS', '/usr/share/ubuntu:/usr/local/share/:/usr/share/:/var/lib/snapd/desktop'), ('PYTHONPATH', '/opt/opencv-4.5.5-cuda/lib/python3.8/site-packages:/home/wjs/cart_ros2/build/differential_drive/src:/home/wjs/cart_ros2/build/arduino_ros2:/home/wjs/cart_ros2/build/agv_body:/home/wjs/cart_ros2/install/lib/python3.8/site-packages:/home/wjs/tb3_tpl_ws/build/turtlebot3_teleop:/home/wjs/tb3_tpl_ws/install/lib/python3.8/site-packages:/opt/ros/galactic/lib/python3.8/site-packages'), ('COLCON', '1'), ('VTE_VERSION', '6003'), ('JETSON_JETPACK', '5.1.7'), ('CMAKE_PREFIX_PATH', '/home/wjs/cart_ros2/install:/home/wjs/tb3_tpl_ws/install:/opt/ros/galactic'), ('JETSON_P_NUMBER', 'p2888-0004')]), 'shell': False}
[53.709341] (-) TimerEvent: {}
[53.725301] (roboteq_interfaces) StdoutLine: {'line': b'-- Install configuration: ""\n'}
[53.728592] (roboteq_interfaces) StdoutLine: {'line': b'-- Execute custom install script\n'}
[53.730870] (roboteq_interfaces) StdoutLine: {'line': b'-- Symlinking: /home/wjs/cart_ros2/install/share/ament_index/resource_index/rosidl_interfaces/roboteq_interfaces\n'}
[53.788881] (roboteq_interfaces) StdoutLine: {'line': b'-- Symlinking: /home/wjs/cart_ros2/install/include/roboteq_interfaces/msg/channel_values.h\n'}
[53.809400] (-) TimerEvent: {}
[53.838326] (roboteq_interfaces) StdoutLine: {'line': b'-- Symlinking: /home/wjs/cart_ros2/install/include/roboteq_interfaces/msg/detail/channel_values__functions.h\n'}
[53.892085] (roboteq_interfaces) StdoutLine: {'line': b'-- Symlinking: /home/wjs/cart_ros2/install/include/roboteq_interfaces/msg/detail/channel_values__struct.h\n'}
[53.909688] (-) TimerEvent: {}
[53.947147] (roboteq_interfaces) StdoutLine: {'line': b'-- Symlinking: /home/wjs/cart_ros2/install/include/roboteq_interfaces/msg/detail/channel_values__type_support.h\n'}
[54.012195] (roboteq_interfaces) StdoutLine: {'line': b'-- Symlinking: /home/wjs/cart_ros2/install/include/roboteq_interfaces/msg/rosidl_generator_c__visibility_control.h\n'}
[54.054119] (-) TimerEvent: {}
[54.054694] (roboteq_interfaces) StdoutLine: {'line': b'-- Symlinking: /home/wjs/cart_ros2/install/include/roboteq_interfaces/srv/command.h\n'}
[54.103237] (roboteq_interfaces) StdoutLine: {'line': b'-- Symlinking: /home/wjs/cart_ros2/install/include/roboteq_interfaces/srv/config.h\n'}
[54.154465] (-) TimerEvent: {}
[54.161658] (roboteq_interfaces) StdoutLine: {'line': b'-- Symlinking: /home/wjs/cart_ros2/install/include/roboteq_interfaces/srv/detail/command__functions.h\n'}
[54.211439] (roboteq_interfaces) StdoutLine: {'line': b'-- Symlinking: /home/wjs/cart_ros2/install/include/roboteq_interfaces/srv/detail/command__struct.h\n'}
[54.255859] (-) TimerEvent: {}
[54.257263] (roboteq_interfaces) StdoutLine: {'line': b'-- Symlinking: /home/wjs/cart_ros2/install/include/roboteq_interfaces/srv/detail/command__type_support.h\n'}
[54.311814] (roboteq_interfaces) StdoutLine: {'line': b'-- Symlinking: /home/wjs/cart_ros2/install/include/roboteq_interfaces/srv/detail/config__functions.h\n'}
[54.355070] (-) TimerEvent: {}
[54.361309] (roboteq_interfaces) StdoutLine: {'line': b'-- Symlinking: /home/wjs/cart_ros2/install/include/roboteq_interfaces/srv/detail/config__struct.h\n'}
[54.409775] (roboteq_interfaces) StdoutLine: {'line': b'-- Symlinking: /home/wjs/cart_ros2/install/include/roboteq_interfaces/srv/detail/config__type_support.h\n'}
[54.453652] (roboteq_interfaces) StdoutLine: {'line': b'-- Symlinking: /home/wjs/cart_ros2/install/include/roboteq_interfaces/srv/detail/maintenance__functions.h\n'}
[54.455242] (-) TimerEvent: {}
[54.505464] (roboteq_interfaces) StdoutLine: {'line': b'-- Symlinking: /home/wjs/cart_ros2/install/include/roboteq_interfaces/srv/detail/maintenance__struct.h\n'}
[54.554336] (roboteq_interfaces) StdoutLine: {'line': b'-- Symlinking: /home/wjs/cart_ros2/install/include/roboteq_interfaces/srv/detail/maintenance__type_support.h\n'}
[54.556671] (-) TimerEvent: {}
[54.613405] (roboteq_interfaces) StdoutLine: {'line': b'-- Symlinking: /home/wjs/cart_ros2/install/include/roboteq_interfaces/srv/maintenance.h\n'}
[54.656984] (-) TimerEvent: {}
[54.663591] (roboteq_interfaces) StdoutLine: {'line': b'-- Symlinking: /home/wjs/cart_ros2/install/share/roboteq_interfaces/environment/library_path.sh\n'}
[54.717604] (roboteq_interfaces) StdoutLine: {'line': b'-- Symlinking: /home/wjs/cart_ros2/install/share/roboteq_interfaces/environment/library_path.dsv\n'}
[54.757359] (-) TimerEvent: {}
[54.769461] (roboteq_interfaces) StdoutLine: {'line': b'-- Symlinking: /home/wjs/cart_ros2/install/include/roboteq_interfaces/msg/detail/channel_values__rosidl_typesupport_fastrtps_c.h\n'}
[54.824030] (roboteq_interfaces) StdoutLine: {'line': b'-- Symlinking: /home/wjs/cart_ros2/install/include/roboteq_interfaces/msg/rosidl_typesupport_fastrtps_c__visibility_control.h\n'}
[54.857935] (-) TimerEvent: {}
[54.872415] (roboteq_interfaces) StdoutLine: {'line': b'-- Symlinking: /home/wjs/cart_ros2/install/include/roboteq_interfaces/srv/detail/command__rosidl_typesupport_fastrtps_c.h\n'}
[54.924982] (roboteq_interfaces) StdoutLine: {'line': b'-- Symlinking: /home/wjs/cart_ros2/install/include/roboteq_interfaces/srv/detail/config__rosidl_typesupport_fastrtps_c.h\n'}
[54.958218] (-) TimerEvent: {}
[54.974284] (roboteq_interfaces) StdoutLine: {'line': b'-- Symlinking: /home/wjs/cart_ros2/install/include/roboteq_interfaces/srv/detail/maintenance__rosidl_typesupport_fastrtps_c.h\n'}
[55.023875] (roboteq_interfaces) StdoutLine: {'line': b'-- Symlinking: /home/wjs/cart_ros2/install/lib/libroboteq_interfaces__rosidl_typesupport_fastrtps_c.so\n'}
[55.058518] (-) TimerEvent: {}
[55.075296] (roboteq_interfaces) StdoutLine: {'line': b'-- Symlinking: /home/wjs/cart_ros2/install/include/roboteq_interfaces/msg/detail/channel_values__rosidl_typesupport_fastrtps_cpp.hpp\n'}
[55.134731] (roboteq_interfaces) StdoutLine: {'line': b'-- Symlinking: /home/wjs/cart_ros2/install/include/roboteq_interfaces/msg/rosidl_typesupport_fastrtps_cpp__visibility_control.h\n'}
[55.158811] (-) TimerEvent: {}
[55.181338] (roboteq_interfaces) StdoutLine: {'line': b'-- Symlinking: /home/wjs/cart_ros2/install/include/roboteq_interfaces/srv/detail/command__rosidl_typesupport_fastrtps_cpp.hpp\n'}
[55.232513] (roboteq_interfaces) StdoutLine: {'line': b'-- Symlinking: /home/wjs/cart_ros2/install/include/roboteq_interfaces/srv/detail/config__rosidl_typesupport_fastrtps_cpp.hpp\n'}
[55.259099] (-) TimerEvent: {}
[55.280741] (roboteq_interfaces) StdoutLine: {'line': b'-- Symlinking: /home/wjs/cart_ros2/install/include/roboteq_interfaces/srv/detail/maintenance__rosidl_typesupport_fastrtps_cpp.hpp\n'}
[55.332681] (roboteq_interfaces) StdoutLine: {'line': b'-- Symlinking: /home/wjs/cart_ros2/install/lib/libroboteq_interfaces__rosidl_typesupport_fastrtps_cpp.so\n'}
[55.359422] (-) TimerEvent: {}
[55.384392] (roboteq_interfaces) StdoutLine: {'line': b'-- Symlinking: /home/wjs/cart_ros2/install/include/roboteq_interfaces/msg/detail/channel_values__rosidl_typesupport_introspection_c.h\n'}
[55.437418] (roboteq_interfaces) StdoutLine: {'line': b'-- Symlinking: /home/wjs/cart_ros2/install/include/roboteq_interfaces/msg/rosidl_typesupport_introspection_c__visibility_control.h\n'}
[55.459707] (-) TimerEvent: {}
[55.487343] (roboteq_interfaces) StdoutLine: {'line': b'-- Symlinking: /home/wjs/cart_ros2/install/include/roboteq_interfaces/srv/detail/command__rosidl_typesupport_introspection_c.h\n'}
[55.515727] (sllidar_ros2) StdoutLine: {'line': b'[ 14%] \x1b[32mBuilding CXX object CMakeFiles/sllidar_node.dir/sdk/src/arch/linux/net_socket.cpp.o\x1b[0m\n'}
[55.538468] (roboteq_interfaces) StdoutLine: {'line': b'-- Symlinking: /home/wjs/cart_ros2/install/include/roboteq_interfaces/srv/detail/config__rosidl_typesupport_introspection_c.h\n'}
[55.559993] (-) TimerEvent: {}
[55.586589] (roboteq_interfaces) StdoutLine: {'line': b'-- Symlinking: /home/wjs/cart_ros2/install/include/roboteq_interfaces/srv/detail/maintenance__rosidl_typesupport_introspection_c.h\n'}
[55.639061] (roboteq_interfaces) StdoutLine: {'line': b'-- Symlinking: /home/wjs/cart_ros2/install/include/roboteq_interfaces/msg/channel_values.hpp\n'}
[55.660270] (-) TimerEvent: {}
[55.685672] (roboteq_interfaces) StdoutLine: {'line': b'-- Symlinking: /home/wjs/cart_ros2/install/include/roboteq_interfaces/msg/detail/channel_values__builder.hpp\n'}
[55.739721] (roboteq_interfaces) StdoutLine: {'line': b'-- Symlinking: /home/wjs/cart_ros2/install/include/roboteq_interfaces/msg/detail/channel_values__struct.hpp\n'}
[55.760609] (-) TimerEvent: {}
[55.788173] (roboteq_interfaces) StdoutLine: {'line': b'-- Symlinking: /home/wjs/cart_ros2/install/include/roboteq_interfaces/msg/detail/channel_values__traits.hpp\n'}
[55.797450] (sllidar_ros2) StderrLine: {'line': b'In file included from \x1b[01m\x1b[K/home/wjs/cart_ros2/src/sllidar_ros2/./sdk/src/sdkcommon.h:47\x1b[m\x1b[K,\n'}
[55.798190] (sllidar_ros2) StderrLine: {'line': b'                 from \x1b[01m\x1b[K/home/wjs/cart_ros2/src/sllidar_ros2/sdk/src/arch/linux/net_socket.cpp:10\x1b[m\x1b[K:\n'}
[55.798528] (sllidar_ros2) StderrLine: {'line': b'\x1b[01m\x1b[K/home/wjs/cart_ros2/src/sllidar_ros2/./sdk/src/hal/assert.h:1:1:\x1b[m\x1b[K \x1b[01;35m\x1b[Kwarning: \x1b[m\x1b[Knull character(s) ignored\n'}
[55.798802] (sllidar_ros2) StderrLine: {'line': b'    1 | \x1b[01;35m\x1b[K \x1b[m\x1b[K                                                                                                                                                                                                                                                                                                                        \n'}
[55.799166] (sllidar_ros2) StderrLine: {'line': b'      | \x1b[01;35m\x1b[K^\x1b[m\x1b[K\n'}
[55.839100] (roboteq_interfaces) StdoutLine: {'line': b'-- Symlinking: /home/wjs/cart_ros2/install/include/roboteq_interfaces/srv/command.hpp\n'}
[55.860876] (-) TimerEvent: {}
[55.890309] (roboteq_interfaces) StdoutLine: {'line': b'-- Symlinking: /home/wjs/cart_ros2/install/include/roboteq_interfaces/srv/config.hpp\n'}
[55.952047] (roboteq_interfaces) StdoutLine: {'line': b'-- Symlinking: /home/wjs/cart_ros2/install/include/roboteq_interfaces/srv/detail/command__builder.hpp\n'}
[55.961234] (-) TimerEvent: {}
[56.007367] (roboteq_interfaces) StdoutLine: {'line': b'-- Symlinking: /home/wjs/cart_ros2/install/include/roboteq_interfaces/srv/detail/command__struct.hpp\n'}
[56.059247] (roboteq_interfaces) StdoutLine: {'line': b'-- Symlinking: /home/wjs/cart_ros2/install/include/roboteq_interfaces/srv/detail/command__traits.hpp\n'}
[56.061358] (-) TimerEvent: {}
[56.119058] (roboteq_interfaces) StdoutLine: {'line': b'-- Symlinking: /home/wjs/cart_ros2/install/include/roboteq_interfaces/srv/detail/config__builder.hpp\n'}
[56.161653] (-) TimerEvent: {}
[56.168560] (roboteq_interfaces) StdoutLine: {'line': b'-- Symlinking: /home/wjs/cart_ros2/install/include/roboteq_interfaces/srv/detail/config__struct.hpp\n'}
[56.224723] (roboteq_interfaces) StdoutLine: {'line': b'-- Symlinking: /home/wjs/cart_ros2/install/include/roboteq_interfaces/srv/detail/config__traits.hpp\n'}
[56.261958] (-) TimerEvent: {}
[56.276865] (roboteq_interfaces) StdoutLine: {'line': b'-- Symlinking: /home/wjs/cart_ros2/install/include/roboteq_interfaces/srv/detail/maintenance__builder.hpp\n'}
[56.334277] (roboteq_interfaces) StdoutLine: {'line': b'-- Symlinking: /home/wjs/cart_ros2/install/include/roboteq_interfaces/srv/detail/maintenance__struct.hpp\n'}
[56.362268] (-) TimerEvent: {}
[56.385877] (roboteq_interfaces) StdoutLine: {'line': b'-- Symlinking: /home/wjs/cart_ros2/install/include/roboteq_interfaces/srv/detail/maintenance__traits.hpp\n'}
[56.444093] (roboteq_interfaces) StdoutLine: {'line': b'-- Symlinking: /home/wjs/cart_ros2/install/include/roboteq_interfaces/srv/maintenance.hpp\n'}
[56.462564] (-) TimerEvent: {}
[56.498263] (roboteq_interfaces) StdoutLine: {'line': b'-- Symlinking: /home/wjs/cart_ros2/install/include/roboteq_interfaces/msg/detail/channel_values__rosidl_typesupport_introspection_cpp.hpp\n'}
[56.553258] (roboteq_interfaces) StdoutLine: {'line': b'-- Symlinking: /home/wjs/cart_ros2/install/include/roboteq_interfaces/srv/detail/command__rosidl_typesupport_introspection_cpp.hpp\n'}
[56.562846] (-) TimerEvent: {}
[56.605423] (roboteq_interfaces) StdoutLine: {'line': b'-- Symlinking: /home/wjs/cart_ros2/install/include/roboteq_interfaces/srv/detail/config__rosidl_typesupport_introspection_cpp.hpp\n'}
[56.657271] (roboteq_interfaces) StdoutLine: {'line': b'-- Symlinking: /home/wjs/cart_ros2/install/include/roboteq_interfaces/srv/detail/maintenance__rosidl_typesupport_introspection_cpp.hpp\n'}
[56.663093] (-) TimerEvent: {}
[56.717887] (roboteq_interfaces) StdoutLine: {'line': b'-- Symlinking: /home/wjs/cart_ros2/install/share/roboteq_interfaces/environment/pythonpath.sh\n'}
[56.763384] (-) TimerEvent: {}
[56.771152] (roboteq_interfaces) StdoutLine: {'line': b'-- Symlinking: /home/wjs/cart_ros2/install/share/roboteq_interfaces/environment/pythonpath.dsv\n'}
[56.821338] (roboteq_interfaces) StdoutLine: {'line': b'-- Symlinking: /home/wjs/cart_ros2/install/lib/python3.8/site-packages/roboteq_interfaces/__init__.py\n'}
[56.863735] (-) TimerEvent: {}
[56.873609] (roboteq_interfaces) StdoutLine: {'line': b'-- Symlinking: /home/wjs/cart_ros2/install/lib/python3.8/site-packages/roboteq_interfaces/msg/__init__.py\n'}
[56.930192] (roboteq_interfaces) StdoutLine: {'line': b'-- Symlinking: /home/wjs/cart_ros2/install/lib/python3.8/site-packages/roboteq_interfaces/msg/_channel_values.py\n'}
[56.955732] (sllidar_ros2) StderrLine: {'line': b'In file included from \x1b[01m\x1b[K/home/wjs/cart_ros2/src/sllidar_ros2/./sdk/include/rplidar_protocol.h:36\x1b[m\x1b[K,\n'}
[56.957597] (sllidar_ros2) StderrLine: {'line': b'                 from \x1b[01m\x1b[K/home/wjs/cart_ros2/src/sllidar_ros2/./sdk/include/rplidar.h:39\x1b[m\x1b[K,\n'}
[56.957949] (sllidar_ros2) StderrLine: {'line': b'                 from \x1b[01m\x1b[K/home/wjs/cart_ros2/src/sllidar_ros2/./sdk/src/sdkcommon.h:49\x1b[m\x1b[K,\n'}
[56.958275] (sllidar_ros2) StderrLine: {'line': b'                 from \x1b[01m\x1b[K/home/wjs/cart_ros2/src/sllidar_ros2/sdk/src/arch/linux/net_socket.cpp:10\x1b[m\x1b[K:\n'}
[56.958515] (sllidar_ros2) StderrLine: {'line': b'\x1b[01m\x1b[K/home/wjs/cart_ros2/src/sllidar_ros2/./sdk/include/sl_lidar_protocol.h:58:16:\x1b[m\x1b[K \x1b[01;35m\x1b[Kwarning: \x1b[m\x1b[KISO C++ forbids zero-size array \xe2\x80\x98\x1b[01m\x1b[Kdata\x1b[m\x1b[K\xe2\x80\x99 [\x1b[01;35m\x1b[K\x1b]8;;https://gcc.gnu.org/onlinedocs/gcc/Warning-Options.html#index-Wpedantic\x07-Wpedantic\x1b]8;;\x07\x1b[m\x1b[K]\n'}
[56.958816] (sllidar_ros2) StderrLine: {'line': b'   58 |     sl_u8 data[\x1b[01;35m\x1b[K0\x1b[m\x1b[K];\n'}
[56.959054] (sllidar_ros2) StderrLine: {'line': b'      |                \x1b[01;35m\x1b[K^\x1b[m\x1b[K\n'}
[56.961510] (sllidar_ros2) StderrLine: {'line': b'In file included from \x1b[01m\x1b[K/home/wjs/cart_ros2/src/sllidar_ros2/./sdk/include/rplidar_cmd.h:36\x1b[m\x1b[K,\n'}
[56.962015] (sllidar_ros2) StderrLine: {'line': b'                 from \x1b[01m\x1b[K/home/wjs/cart_ros2/src/sllidar_ros2/./sdk/include/rplidar.h:40\x1b[m\x1b[K,\n'}
[56.962284] (sllidar_ros2) StderrLine: {'line': b'                 from \x1b[01m\x1b[K/home/wjs/cart_ros2/src/sllidar_ros2/./sdk/src/sdkcommon.h:49\x1b[m\x1b[K,\n'}
[56.962564] (sllidar_ros2) StderrLine: {'line': b'                 from \x1b[01m\x1b[K/home/wjs/cart_ros2/src/sllidar_ros2/sdk/src/arch/linux/net_socket.cpp:10\x1b[m\x1b[K:\n'}
[56.962796] (sllidar_ros2) StderrLine: {'line': b'\x1b[01m\x1b[K/home/wjs/cart_ros2/src/sllidar_ros2/./sdk/include/sl_lidar_cmd.h:295:20:\x1b[m\x1b[K \x1b[01;35m\x1b[Kwarning: \x1b[m\x1b[KISO C++ forbids zero-size array \xe2\x80\x98\x1b[01m\x1b[Kpayload\x1b[m\x1b[K\xe2\x80\x99 [\x1b[01;35m\x1b[K\x1b]8;;https://gcc.gnu.org/onlinedocs/gcc/Warning-Options.html#index-Wpedantic\x07-Wpedantic\x1b]8;;\x07\x1b[m\x1b[K]\n'}
[56.963103] (sllidar_ros2) StderrLine: {'line': b'  295 |     sl_u8  payload[\x1b[01;35m\x1b[K0\x1b[m\x1b[K];\n'}
[56.963363] (sllidar_ros2) StderrLine: {'line': b'      |                    \x1b[01;35m\x1b[K^\x1b[m\x1b[K\n'}
[56.963861] (-) TimerEvent: {}
[56.985985] (roboteq_interfaces) StdoutLine: {'line': b'-- Symlinking: /home/wjs/cart_ros2/install/lib/python3.8/site-packages/roboteq_interfaces/srv/__init__.py\n'}
[57.040741] (roboteq_interfaces) StdoutLine: {'line': b'-- Symlinking: /home/wjs/cart_ros2/install/lib/python3.8/site-packages/roboteq_interfaces/srv/_command.py\n'}
[57.064193] (-) TimerEvent: {}
[57.092642] (roboteq_interfaces) StdoutLine: {'line': b'-- Symlinking: /home/wjs/cart_ros2/install/lib/python3.8/site-packages/roboteq_interfaces/srv/_config.py\n'}
[57.148269] (roboteq_interfaces) StdoutLine: {'line': b'-- Symlinking: /home/wjs/cart_ros2/install/lib/python3.8/site-packages/roboteq_interfaces/srv/_maintenance.py\n'}
[57.164555] (-) TimerEvent: {}
[57.201341] (roboteq_interfaces) StdoutLine: {'line': b'-- Symlinking: /home/wjs/cart_ros2/install/lib/python3.8/site-packages/roboteq_interfaces/roboteq_interfaces_s__rosidl_typesupport_fastrtps_c.cpython-38-aarch64-linux-gnu.so\n'}
[57.228823] (sllidar_ros2) StderrLine: {'line': b'\x1b[01m\x1b[K/home/wjs/cart_ros2/src/sllidar_ros2/sdk/src/arch/linux/net_socket.cpp:\x1b[m\x1b[K In member function \xe2\x80\x98\x1b[01m\x1b[Kvirtual u_result rp::net::SocketAddress::getAddressAsString(char*, size_t) const\x1b[m\x1b[K\xe2\x80\x99:\n'}
[57.229601] (sllidar_ros2) StderrLine: {'line': b'\x1b[01m\x1b[K/home/wjs/cart_ros2/src/sllidar_ros2/sdk/src/arch/linux/net_socket.cpp:170:15:\x1b[m\x1b[K \x1b[01;35m\x1b[Kwarning: \x1b[m\x1b[Kordered comparison of pointer with integer zero [\x1b[01;35m\x1b[K\x1b]8;;https://gcc.gnu.org/onlinedocs/gcc/Warning-Options.html#index-Wextra\x07-Wextra\x1b]8;;\x07\x1b[m\x1b[K]\n'}
[57.230017] (sllidar_ros2) StderrLine: {'line': b'  170 |     return \x1b[01;35m\x1b[Kans<=0\x1b[m\x1b[K?RESULT_OPERATION_FAIL:RESULT_OK;\n'}
[57.230304] (sllidar_ros2) StderrLine: {'line': b'      |            \x1b[01;35m\x1b[K~~~^~~\x1b[m\x1b[K\n'}
[57.251014] (sllidar_ros2) StderrLine: {'line': b'\x1b[01m\x1b[K/home/wjs/cart_ros2/src/sllidar_ros2/sdk/src/arch/linux/net_socket.cpp:\x1b[m\x1b[K In member function \xe2\x80\x98\x1b[01m\x1b[Kvirtual u_result rp::arch::net::StreamSocketImpl::send(const void*, size_t)\x1b[m\x1b[K\xe2\x80\x99:\n'}
[57.251737] (sllidar_ros2) StderrLine: {'line': b'\x1b[01m\x1b[K/home/wjs/cart_ros2/src/sllidar_ros2/sdk/src/arch/linux/net_socket.cpp:438:17:\x1b[m\x1b[K \x1b[01;35m\x1b[Kwarning: \x1b[m\x1b[Kcomparison of integer expressions of different signedness: \xe2\x80\x98\x1b[01m\x1b[Ksize_t\x1b[m\x1b[K\xe2\x80\x99 {aka \xe2\x80\x98\x1b[01m\x1b[Klong unsigned int\x1b[m\x1b[K\xe2\x80\x99} and \xe2\x80\x98\x1b[01m\x1b[Kint\x1b[m\x1b[K\xe2\x80\x99 [\x1b[01;35m\x1b[K\x1b]8;;https://gcc.gnu.org/onlinedocs/gcc/Warning-Options.html#index-Wsign-compare\x07-Wsign-compare\x1b]8;;\x07\x1b[m\x1b[K]\n'}
[57.252120] (sllidar_ros2) StderrLine: {'line': b'  438 |         if (\x1b[01;35m\x1b[Kans == (int)len\x1b[m\x1b[K) {\n'}
[57.252498] (sllidar_ros2) StderrLine: {'line': b'      |             \x1b[01;35m\x1b[K~~~~^~~~~~~~~~~\x1b[m\x1b[K\n'}
[57.254878] (roboteq_interfaces) StdoutLine: {'line': b'-- Symlinking: /home/wjs/cart_ros2/install/lib/python3.8/site-packages/roboteq_interfaces/roboteq_interfaces_s__rosidl_typesupport_introspection_c.cpython-38-aarch64-linux-gnu.so\n'}
[57.264817] (-) TimerEvent: {}
[57.272010] (sllidar_ros2) StderrLine: {'line': b'\x1b[01m\x1b[K/home/wjs/cart_ros2/src/sllidar_ros2/sdk/src/arch/linux/net_socket.cpp:\x1b[m\x1b[K In member function \xe2\x80\x98\x1b[01m\x1b[Kvirtual u_result rp::arch::net::DGramSocketImpl::sendTo(const rp::net::SocketAddress&, const void*, size_t)\x1b[m\x1b[K\xe2\x80\x99:\n'}
[57.272716] (sllidar_ros2) StderrLine: {'line': b'\x1b[01m\x1b[K/home/wjs/cart_ros2/src/sllidar_ros2/sdk/src/arch/linux/net_socket.cpp:722:39:\x1b[m\x1b[K \x1b[01;35m\x1b[Kwarning: \x1b[m\x1b[Kthe compiler can assume that the address of \xe2\x80\x98\x1b[01m\x1b[Ktarget\x1b[m\x1b[K\xe2\x80\x99 will never be NULL [\x1b[01;35m\x1b[K\x1b]8;;https://gcc.gnu.org/onlinedocs/gcc/Warning-Options.html#index-Waddress\x07-Waddress\x1b]8;;\x07\x1b[m\x1b[K]\n'}
[57.273031] (sllidar_ros2) StderrLine: {'line': b'  722 | struct sockaddr* addr = \x1b[01;35m\x1b[K&target\x1b[m\x1b[K ? reinterpret_cast<const struct sockaddr*>(target.getPlatformData()) : NULL;\n'}
[57.273417] (sllidar_ros2) StderrLine: {'line': b'      |                         \x1b[01;35m\x1b[K^~~~~~~\x1b[m\x1b[K\n'}
[57.273681] (sllidar_ros2) StderrLine: {'line': b'\n'}
[57.275022] (sllidar_ros2) StderrLine: {'line': b'In file included from \x1b[01m\x1b[K/home/wjs/cart_ros2/src/sllidar_ros2/./sdk/src/arch/linux/arch_linux.h:42\x1b[m\x1b[K,\n'}
[57.275442] (sllidar_ros2) StderrLine: {'line': b'                 from \x1b[01m\x1b[K/home/wjs/cart_ros2/src/sllidar_ros2/./sdk/src/sdkcommon.h:41\x1b[m\x1b[K,\n'}
[57.275707] (sllidar_ros2) StderrLine: {'line': b'                 from \x1b[01m\x1b[K/home/wjs/cart_ros2/src/sllidar_ros2/sdk/src/arch/linux/net_socket.cpp:10\x1b[m\x1b[K:\n'}
[57.275974] (sllidar_ros2) StderrLine: {'line': b'\x1b[01m\x1b[K/home/wjs/cart_ros2/src/sllidar_ros2/sdk/src/arch/linux/net_socket.cpp:726:24:\x1b[m\x1b[K \x1b[01;35m\x1b[Kwarning: \x1b[m\x1b[Kcomparison of integer expressions of different signedness: \xe2\x80\x98\x1b[01m\x1b[Ksize_t\x1b[m\x1b[K\xe2\x80\x99 {aka \xe2\x80\x98\x1b[01m\x1b[Klong unsigned int\x1b[m\x1b[K\xe2\x80\x99} and \xe2\x80\x98\x1b[01m\x1b[Kint\x1b[m\x1b[K\xe2\x80\x99 [\x1b[01;35m\x1b[K\x1b]8;;https://gcc.gnu.org/onlinedocs/gcc/Warning-Options.html#index-Wsign-compare\x07-Wsign-compare\x1b]8;;\x07\x1b[m\x1b[K]\n'}
[57.276238] (sllidar_ros2) StderrLine: {'line': b'  726 |             assert(\x1b[01;35m\x1b[Kans == (int)len\x1b[m\x1b[K);\n'}
[57.276520] (sllidar_ros2) StderrLine: {'line': b'      |                    \x1b[01;35m\x1b[K~~~~^~~~~~~~~~~\x1b[m\x1b[K\n'}
[57.320579] (roboteq_interfaces) StdoutLine: {'line': b'-- Symlinking: /home/wjs/cart_ros2/install/lib/python3.8/site-packages/roboteq_interfaces/roboteq_interfaces_s__rosidl_typesupport_c.cpython-38-aarch64-linux-gnu.so\n'}
[57.365185] (-) TimerEvent: {}
[57.371750] (roboteq_interfaces) StdoutLine: {'line': b'-- Symlinking: /home/wjs/cart_ros2/install/lib/libroboteq_interfaces__python.so\n'}
[57.429044] (roboteq_interfaces) StdoutLine: {'line': b'-- Symlinking: /home/wjs/cart_ros2/install/share/roboteq_interfaces/msg/ChannelValues.idl\n'}
[57.465484] (-) TimerEvent: {}
[57.494490] (roboteq_interfaces) StdoutLine: {'line': b'-- Symlinking: /home/wjs/cart_ros2/install/share/roboteq_interfaces/srv/Command.idl\n'}
[57.565794] (-) TimerEvent: {}
[57.569892] (roboteq_interfaces) StdoutLine: {'line': b'-- Symlinking: /home/wjs/cart_ros2/install/share/roboteq_interfaces/srv/Config.idl\n'}
[57.621051] (roboteq_interfaces) StdoutLine: {'line': b'-- Symlinking: /home/wjs/cart_ros2/install/share/roboteq_interfaces/srv/Maintenance.idl\n'}
[57.649680] (sllidar_ros2) StderrLine: {'line': b'\x1b[01m\x1b[K/home/wjs/cart_ros2/src/sllidar_ros2/sdk/src/arch/linux/net_socket.cpp:722:47:\x1b[m\x1b[K \x1b[01;35m\x1b[Kwarning: \x1b[m\x1b[K\xe2\x80\x98\x1b[01m\x1b[Knonnull\x1b[m\x1b[K\xe2\x80\x99 argument \xe2\x80\x98\x1b[01m\x1b[Ktarget\x1b[m\x1b[K\xe2\x80\x99 compared to NULL [\x1b[01;35m\x1b[K\x1b]8;;https://gcc.gnu.org/onlinedocs/gcc/Warning-Options.html#index-Wnonnull-compare\x07-Wnonnull-compare\x1b]8;;\x07\x1b[m\x1b[K]\n'}
[57.650352] (sllidar_ros2) StderrLine: {'line': b'  722 | ockaddr* addr = &target \x1b[01;35m\x1b[K?\x1b[m\x1b[K reinterpret_cast<const struct sockaddr*>(target.getPlatformData()) : NULL;\n'}
[57.650652] (sllidar_ros2) StderrLine: {'line': b'      |                         \x1b[01;35m\x1b[K^\x1b[m\x1b[K\n'}
[57.650956] (sllidar_ros2) StderrLine: {'line': b'\n'}
[57.666084] (-) TimerEvent: {}
[57.671391] (roboteq_interfaces) StdoutLine: {'line': b'-- Symlinking: /home/wjs/cart_ros2/install/share/roboteq_interfaces/msg/ChannelValues.msg\n'}
[57.757273] (roboteq_interfaces) StdoutLine: {'line': b'-- Symlinking: /home/wjs/cart_ros2/install/share/roboteq_interfaces/srv/Command.srv\n'}
[57.777939] (-) TimerEvent: {}
[57.790495] (roboteq_interfaces) StdoutLine: {'line': b'-- Symlinking: /home/wjs/cart_ros2/install/share/roboteq_interfaces/srv/Command_Request.msg\n'}
[57.849429] (roboteq_interfaces) StdoutLine: {'line': b'-- Symlinking: /home/wjs/cart_ros2/install/share/roboteq_interfaces/srv/Command_Response.msg\n'}
[57.878188] (-) TimerEvent: {}
[57.915176] (roboteq_interfaces) StdoutLine: {'line': b'-- Symlinking: /home/wjs/cart_ros2/install/share/roboteq_interfaces/srv/Config.srv\n'}
[57.974475] (roboteq_interfaces) StdoutLine: {'line': b'-- Symlinking: /home/wjs/cart_ros2/install/share/roboteq_interfaces/srv/Config_Request.msg\n'}
[57.978370] (-) TimerEvent: {}
[58.037984] (roboteq_interfaces) StdoutLine: {'line': b'-- Symlinking: /home/wjs/cart_ros2/install/share/roboteq_interfaces/srv/Config_Response.msg\n'}
[58.078615] (-) TimerEvent: {}
[58.106767] (roboteq_interfaces) StdoutLine: {'line': b'-- Symlinking: /home/wjs/cart_ros2/install/share/roboteq_interfaces/srv/Maintenance.srv\n'}
[58.178860] (-) TimerEvent: {}
[58.220937] (roboteq_interfaces) StdoutLine: {'line': b'-- Symlinking: /home/wjs/cart_ros2/install/share/roboteq_interfaces/srv/Maintenance_Request.msg\n'}
[58.264620] (sllidar_ros2) StdoutLine: {'line': b'[ 21%] \x1b[32mBuilding CXX object CMakeFiles/sllidar_node.dir/sdk/src/arch/linux/timer.cpp.o\x1b[0m\n'}
[58.273718] (roboteq_interfaces) StdoutLine: {'line': b'-- Symlinking: /home/wjs/cart_ros2/install/share/roboteq_interfaces/srv/Maintenance_Response.msg\n'}
[58.279066] (-) TimerEvent: {}
[58.327622] (roboteq_interfaces) StdoutLine: {'line': b'-- Symlinking: /home/wjs/cart_ros2/install/share/ament_index/resource_index/package_run_dependencies/roboteq_interfaces\n'}
[58.374900] (roboteq_interfaces) StdoutLine: {'line': b'-- Symlinking: /home/wjs/cart_ros2/install/share/ament_index/resource_index/parent_prefix_path/roboteq_interfaces\n'}
[58.379269] (-) TimerEvent: {}
[58.429582] (roboteq_interfaces) StdoutLine: {'line': b'-- Symlinking: /home/wjs/cart_ros2/install/share/roboteq_interfaces/environment/ament_prefix_path.sh\n'}
[58.481402] (roboteq_interfaces) StdoutLine: {'line': b'-- Symlinking: /home/wjs/cart_ros2/install/share/roboteq_interfaces/environment/ament_prefix_path.dsv\n'}
[58.482074] (-) TimerEvent: {}
[58.533294] (roboteq_interfaces) StdoutLine: {'line': b'-- Symlinking: /home/wjs/cart_ros2/install/share/roboteq_interfaces/environment/path.sh\n'}
[58.582389] (-) TimerEvent: {}
[58.583386] (roboteq_interfaces) StdoutLine: {'line': b'-- Symlinking: /home/wjs/cart_ros2/install/share/roboteq_interfaces/environment/path.dsv\n'}
[58.635665] (roboteq_interfaces) StdoutLine: {'line': b'-- Symlinking: /home/wjs/cart_ros2/install/share/roboteq_interfaces/local_setup.bash\n'}
[58.682635] (-) TimerEvent: {}
[58.764762] (roboteq_interfaces) StdoutLine: {'line': b'-- Symlinking: /home/wjs/cart_ros2/install/share/roboteq_interfaces/local_setup.sh\n'}
[58.782911] (-) TimerEvent: {}
[58.816528] (roboteq_interfaces) StdoutLine: {'line': b'-- Symlinking: /home/wjs/cart_ros2/install/share/roboteq_interfaces/local_setup.zsh\n'}
[58.883185] (-) TimerEvent: {}
[58.892785] (roboteq_interfaces) StdoutLine: {'line': b'-- Symlinking: /home/wjs/cart_ros2/install/share/roboteq_interfaces/local_setup.dsv\n'}
[58.983479] (-) TimerEvent: {}
[59.019701] (roboteq_interfaces) StdoutLine: {'line': b'-- Symlinking: /home/wjs/cart_ros2/install/share/roboteq_interfaces/package.dsv\n'}
[59.078646] (roboteq_interfaces) StdoutLine: {'line': b'-- Symlinking: /home/wjs/cart_ros2/install/share/ament_index/resource_index/packages/roboteq_interfaces\n'}
[59.083837] (-) TimerEvent: {}
[59.134146] (roboteq_interfaces) StdoutLine: {'line': b'-- Symlinking: /home/wjs/cart_ros2/install/share/roboteq_interfaces/cmake/rosidl_cmake-extras.cmake\n'}
[59.184075] (-) TimerEvent: {}
[59.208361] (roboteq_interfaces) StdoutLine: {'line': b'-- Symlinking: /home/wjs/cart_ros2/install/share/roboteq_interfaces/cmake/ament_cmake_export_dependencies-extras.cmake\n'}
[59.284446] (-) TimerEvent: {}
[59.288759] (roboteq_interfaces) StdoutLine: {'line': b'-- Symlinking: /home/wjs/cart_ros2/install/share/roboteq_interfaces/cmake/ament_cmake_export_libraries-extras.cmake\n'}
[59.339825] (roboteq_interfaces) StdoutLine: {'line': b'-- Symlinking: /home/wjs/cart_ros2/install/share/roboteq_interfaces/cmake/ament_cmake_export_targets-extras.cmake\n'}
[59.384731] (-) TimerEvent: {}
[59.392865] (roboteq_interfaces) StdoutLine: {'line': b'-- Symlinking: /home/wjs/cart_ros2/install/share/roboteq_interfaces/cmake/ament_cmake_export_include_directories-extras.cmake\n'}
[59.442846] (roboteq_interfaces) StdoutLine: {'line': b'-- Symlinking: /home/wjs/cart_ros2/install/share/roboteq_interfaces/cmake/rosidl_cmake_export_typesupport_libraries-extras.cmake\n'}
[59.485070] (-) TimerEvent: {}
[59.492937] (roboteq_interfaces) StdoutLine: {'line': b'-- Symlinking: /home/wjs/cart_ros2/install/share/roboteq_interfaces/cmake/rosidl_cmake_export_typesupport_targets-extras.cmake\n'}
[59.542727] (roboteq_interfaces) StdoutLine: {'line': b'-- Symlinking: /home/wjs/cart_ros2/install/share/roboteq_interfaces/cmake/roboteq_interfacesConfig.cmake\n'}
[59.585401] (-) TimerEvent: {}
[59.591068] (roboteq_interfaces) StdoutLine: {'line': b'-- Symlinking: /home/wjs/cart_ros2/install/share/roboteq_interfaces/cmake/roboteq_interfacesConfig-version.cmake\n'}
[59.640511] (roboteq_interfaces) StdoutLine: {'line': b'-- Symlinking: /home/wjs/cart_ros2/install/share/roboteq_interfaces/package.xml\n'}
[59.685739] (-) TimerEvent: {}
[59.687668] (roboteq_interfaces) StdoutLine: {'line': b'-- Installing: /home/wjs/cart_ros2/install/lib/libroboteq_interfaces__rosidl_generator_c.so\n'}
[59.690740] (roboteq_interfaces) StdoutLine: {'line': b'-- Set runtime path of "/home/wjs/cart_ros2/install/lib/libroboteq_interfaces__rosidl_generator_c.so" to ""\n'}
[59.691612] (roboteq_interfaces) StdoutLine: {'line': b'-- Installing: /home/wjs/cart_ros2/install/lib/libroboteq_interfaces__rosidl_typesupport_introspection_c.so\n'}
[59.695184] (roboteq_interfaces) StdoutLine: {'line': b'-- Set runtime path of "/home/wjs/cart_ros2/install/lib/libroboteq_interfaces__rosidl_typesupport_introspection_c.so" to ""\n'}
[59.696046] (roboteq_interfaces) StdoutLine: {'line': b'-- Installing: /home/wjs/cart_ros2/install/lib/libroboteq_interfaces__rosidl_typesupport_c.so\n'}
[59.698294] (roboteq_interfaces) StdoutLine: {'line': b'-- Set runtime path of "/home/wjs/cart_ros2/install/lib/libroboteq_interfaces__rosidl_typesupport_c.so" to ""\n'}
[59.699037] (roboteq_interfaces) StdoutLine: {'line': b'-- Installing: /home/wjs/cart_ros2/install/lib/libroboteq_interfaces__rosidl_typesupport_introspection_cpp.so\n'}
[59.701992] (roboteq_interfaces) StdoutLine: {'line': b'-- Set runtime path of "/home/wjs/cart_ros2/install/lib/libroboteq_interfaces__rosidl_typesupport_introspection_cpp.so" to ""\n'}
[59.702781] (roboteq_interfaces) StdoutLine: {'line': b'-- Installing: /home/wjs/cart_ros2/install/lib/libroboteq_interfaces__rosidl_typesupport_cpp.so\n'}
[59.704947] (roboteq_interfaces) StdoutLine: {'line': b'-- Set runtime path of "/home/wjs/cart_ros2/install/lib/libroboteq_interfaces__rosidl_typesupport_cpp.so" to ""\n'}
[59.785960] (-) TimerEvent: {}
[59.882388] (roboteq_interfaces) StdoutLine: {'line': b"Compiling '/home/wjs/cart_ros2/install/lib/python3.8/site-packages/roboteq_interfaces/__init__.py'...\n"}
[59.886225] (-) TimerEvent: {}
[59.903156] (roboteq_interfaces) StdoutLine: {'line': b'-- Installing: /home/wjs/cart_ros2/install/share/roboteq_interfaces/cmake/roboteq_interfaces__rosidl_generator_cExport.cmake\n'}
[59.903825] (roboteq_interfaces) StdoutLine: {'line': b'-- Installing: /home/wjs/cart_ros2/install/share/roboteq_interfaces/cmake/roboteq_interfaces__rosidl_generator_cExport-noconfig.cmake\n'}
[59.904367] (roboteq_interfaces) StdoutLine: {'line': b'-- Installing: /home/wjs/cart_ros2/install/share/roboteq_interfaces/cmake/roboteq_interfaces__rosidl_typesupport_introspection_cExport.cmake\n'}
[59.905014] (roboteq_interfaces) StdoutLine: {'line': b'-- Installing: /home/wjs/cart_ros2/install/share/roboteq_interfaces/cmake/roboteq_interfaces__rosidl_typesupport_introspection_cExport-noconfig.cmake\n'}
[59.906144] (roboteq_interfaces) StdoutLine: {'line': b'-- Installing: /home/wjs/cart_ros2/install/share/roboteq_interfaces/cmake/roboteq_interfaces__rosidl_typesupport_cExport.cmake\n'}
[59.906969] (roboteq_interfaces) StdoutLine: {'line': b'-- Installing: /home/wjs/cart_ros2/install/share/roboteq_interfaces/cmake/roboteq_interfaces__rosidl_typesupport_cExport-noconfig.cmake\n'}
[59.907904] (roboteq_interfaces) StdoutLine: {'line': b'-- Installing: /home/wjs/cart_ros2/install/share/roboteq_interfaces/cmake/roboteq_interfaces__rosidl_generator_cppExport.cmake\n'}
[59.908865] (roboteq_interfaces) StdoutLine: {'line': b'-- Installing: /home/wjs/cart_ros2/install/share/roboteq_interfaces/cmake/roboteq_interfaces__rosidl_typesupport_introspection_cppExport.cmake\n'}
[59.910151] (roboteq_interfaces) StdoutLine: {'line': b'-- Installing: /home/wjs/cart_ros2/install/share/roboteq_interfaces/cmake/roboteq_interfaces__rosidl_typesupport_introspection_cppExport-noconfig.cmake\n'}
[59.917522] (roboteq_interfaces) StdoutLine: {'line': b'-- Installing: /home/wjs/cart_ros2/install/share/roboteq_interfaces/cmake/roboteq_interfaces__rosidl_typesupport_cppExport.cmake\n'}
[59.921985] (roboteq_interfaces) StdoutLine: {'line': b'-- Installing: /home/wjs/cart_ros2/install/share/roboteq_interfaces/cmake/roboteq_interfaces__rosidl_typesupport_cppExport-noconfig.cmake\n'}
[59.926690] (roboteq_interfaces) CommandEnded: {'returncode': 0}
[59.986626] (-) TimerEvent: {}
[60.088051] (-) TimerEvent: {}
[60.193268] (-) TimerEvent: {}
[60.252368] (roboteq_interfaces) JobEnded: {'identifier': 'roboteq_interfaces', 'rc': 0}
[60.255447] (stella_ahrs) JobStarted: {'identifier': 'stella_ahrs'}
[60.294472] (-) TimerEvent: {}
[60.337258] (stella_ahrs) JobProgress: {'identifier': 'stella_ahrs', 'progress': 'cmake'}
[60.351520] (stella_ahrs) Command: {'cmd': ['/usr/bin/cmake', '/home/wjs/cart_ros2/src/2th_NtrexAHRS_lib_ROS/ros2_example/stella_ahrs', '-DAMENT_CMAKE_SYMLINK_INSTALL=1', '-DCMAKE_INSTALL_PREFIX=/home/wjs/cart_ros2/install'], 'cwd': '/home/wjs/cart_ros2/build/stella_ahrs', 'env': OrderedDict([('LESSOPEN', '| /usr/bin/lesspipe %s'), ('USER', 'wjs'), ('SSH_AGENT_PID', '4023'), ('XDG_SESSION_TYPE', 'x11'), ('PIP_CACHE_DIR', '/mnt/sdcard/.cache/pip'), ('XDG_CACHE_HOME', '/mnt/sdcard/.cache'), ('SHLVL', '1'), ('LD_LIBRARY_PATH', '/opt/opencv-4.5.5-cuda/lib:/home/wjs/cart_ros2/install/lib:/home/wjs/tb3_tpl_ws/install/lib:/opt/ros/galactic/opt/yaml_cpp_vendor/lib:/opt/ros/galactic/opt/rviz_ogre_vendor/lib:/opt/ros/galactic/lib/aarch64-linux-gnu:/opt/ros/galactic/lib:/usr/local/cuda-11.4/lib64:'), ('HOME', '/home/wjs'), ('CYCLONEDDS_URI', 'file:///home/wjs/cyclonedds_lo.xml'), ('OLDPWD', '/home/wjs'), ('DESKTOP_SESSION', 'ubuntu'), ('JETSON_L4T', '35.6.3'), ('ROS_PYTHON_VERSION', '3'), ('GNOME_SHELL_SESSION_MODE', 'ubuntu'), ('GTK_MODULES', 'gail:atk-bridge'), ('JETSON_MODEL', 'Jetson-AGX'), ('MANAGERPID', '3877'), ('DBUS_SESSION_BUS_ADDRESS', 'unix:path=/run/user/1000/bus'), ('COLORTERM', 'truecolor'), ('TERMINATOR_DBUS_NAME', 'net.tenshu.Terminator23558193cd9818af7fe4d2c2f5bd9d00f'), ('GIO_LAUNCHED_DESKTOP_FILE_PID', '6835'), ('IM_CONFIG_PHASE', '1'), ('TMPDIR', '/mnt/sdcard/tmp'), ('COLCON_PREFIX_PATH', '/home/wjs/tb3_tpl_ws/install:/home/wjs/cart_ros2/install'), ('TORCH_HOME', '/mnt/sdcard/.cache/torch'), ('ROS_DISTRO', 'galactic'), ('LOGNAME', 'wjs'), ('JETSON_MODULE', 'NVIDIA Jetson AGX Xavier (32 GB ram)'), ('JETSON_SERIAL_NUMBER', '1423420009543'), ('JOURNAL_STREAM', '8:75457'), ('_', '/usr/bin/colcon'), ('ROS_VERSION', '2'), ('JETSON_CODENAME', 'Galen'), ('XDG_SESSION_CLASS', 'user'), ('USERNAME', 'wjs'), ('TERM', 'xterm-256color'), ('GNOME_DESKTOP_SESSION_ID', 'this-is-deprecated'), ('ROS_LOCALHOST_ONLY', '1'), ('WINDOWPATH', '2'), ('PATH', '/opt/ros/galactic/bin:/usr/local/cuda-11.4/bin:/home/wjs/.local/bin:/usr/local/sbin:/usr/local/bin:/usr/sbin:/usr/bin:/sbin:/bin:/usr/games:/usr/local/games:/snap/bin'), ('SESSION_MANAGER', 'local/ubuntu:@/tmp/.ICE-unix/4058,unix/ubuntu:/tmp/.ICE-unix/4058'), ('INVOCATION_ID', 'da0bea70aefc4c20b47af68647634234'), ('XDG_MENU_PREFIX', 'gnome-'), ('XDG_RUNTIME_DIR', '/run/user/1000'), ('DISPLAY', ':1'), ('TERMINATOR_DBUS_PATH', '/net/tenshu/Terminator2'), ('LANG', 'en_US.UTF-8'), ('XDG_CURRENT_DESKTOP', 'ubuntu:GNOME'), ('RMW_IMPLEMENTATION', 'rmw_cyclonedds_cpp'), ('XMODIFIERS', '@im=ibus'), ('XDG_SESSION_DESKTOP', 'ubuntu'), ('XAUTHORITY', '/run/user/1000/gdm/Xauthority'), ('LS_COLORS', 'rs=0:di=01;34:ln=01;36:mh=00:pi=40;33:so=01;35:do=01;35:bd=40;33;01:cd=40;33;01:or=40;31;01:mi=00:su=37;41:sg=30;43:ca=30;41:tw=30;42:ow=34;42:st=37;44:ex=01;32:*.tar=01;31:*.tgz=01;31:*.arc=01;31:*.arj=01;31:*.taz=01;31:*.lha=01;31:*.lz4=01;31:*.lzh=01;31:*.lzma=01;31:*.tlz=01;31:*.txz=01;31:*.tzo=01;31:*.t7z=01;31:*.zip=01;31:*.z=01;31:*.dz=01;31:*.gz=01;31:*.lrz=01;31:*.lz=01;31:*.lzo=01;31:*.xz=01;31:*.zst=01;31:*.tzst=01;31:*.bz2=01;31:*.bz=01;31:*.tbz=01;31:*.tbz2=01;31:*.tz=01;31:*.deb=01;31:*.rpm=01;31:*.jar=01;31:*.war=01;31:*.ear=01;31:*.sar=01;31:*.rar=01;31:*.alz=01;31:*.ace=01;31:*.zoo=01;31:*.cpio=01;31:*.7z=01;31:*.rz=01;31:*.cab=01;31:*.wim=01;31:*.swm=01;31:*.dwm=01;31:*.esd=01;31:*.jpg=01;35:*.jpeg=01;35:*.mjpg=01;35:*.mjpeg=01;35:*.gif=01;35:*.bmp=01;35:*.pbm=01;35:*.pgm=01;35:*.ppm=01;35:*.tga=01;35:*.xbm=01;35:*.xpm=01;35:*.tif=01;35:*.tiff=01;35:*.png=01;35:*.svg=01;35:*.svgz=01;35:*.mng=01;35:*.pcx=01;35:*.mov=01;35:*.mpg=01;35:*.mpeg=01;35:*.m2v=01;35:*.mkv=01;35:*.webm=01;35:*.ogm=01;35:*.mp4=01;35:*.m4v=01;35:*.mp4v=01;35:*.vob=01;35:*.qt=01;35:*.nuv=01;35:*.wmv=01;35:*.asf=01;35:*.rm=01;35:*.rmvb=01;35:*.flc=01;35:*.avi=01;35:*.fli=01;35:*.flv=01;35:*.gl=01;35:*.dl=01;35:*.xcf=01;35:*.xwd=01;35:*.yuv=01;35:*.cgm=01;35:*.emf=01;35:*.ogv=01;35:*.ogx=01;35:*.aac=00;36:*.au=00;36:*.flac=00;36:*.m4a=00;36:*.mid=00;36:*.midi=00;36:*.mka=00;36:*.mp3=00;36:*.mpc=00;36:*.ogg=00;36:*.ra=00;36:*.wav=00;36:*.oga=00;36:*.opus=00;36:*.spx=00;36:*.xspf=00;36:'), ('JETSON_SOC', 'tegra194'), ('SSH_AUTH_SOCK', '/run/user/1000/keyring/ssh'), ('ROS_DOMAIN_ID', '35'), ('AMENT_PREFIX_PATH', '/home/wjs/cart_ros2/install:/home/wjs/tb3_tpl_ws/install:/opt/ros/galactic'), ('SHELL', '/bin/bash'), ('TERMINATOR_UUID', 'urn:uuid:1409ebbf-e917-4bfd-a3f8-4e94c2694854'), ('QT_ACCESSIBILITY', '1'), ('GDMSESSION', 'ubuntu'), ('LESSCLOSE', '/usr/bin/lesspipe %s %s'), ('GPG_AGENT_INFO', '/run/user/1000/gnupg/S.gpg-agent:0:1'), ('QT_IM_MODULE', 'ibus'), ('JETSON_CUDA_ARCH_BIN', '7.2'), ('PWD', '/home/wjs/cart_ros2/build/stella_ahrs'), ('XDG_CONFIG_DIRS', '/etc/xdg/xdg-ubuntu:/etc/xdg'), ('XDG_DATA_DIRS', '/usr/share/ubuntu:/usr/local/share/:/usr/share/:/var/lib/snapd/desktop'), ('PYTHONPATH', '/opt/opencv-4.5.5-cuda/lib/python3.8/site-packages:/home/wjs/cart_ros2/build/differential_drive/src:/home/wjs/cart_ros2/build/arduino_ros2:/home/wjs/cart_ros2/build/agv_body:/home/wjs/cart_ros2/install/lib/python3.8/site-packages:/home/wjs/tb3_tpl_ws/build/turtlebot3_teleop:/home/wjs/tb3_tpl_ws/install/lib/python3.8/site-packages:/opt/ros/galactic/lib/python3.8/site-packages'), ('COLCON', '1'), ('VTE_VERSION', '6003'), ('JETSON_JETPACK', '5.1.7'), ('CMAKE_PREFIX_PATH', '/home/wjs/cart_ros2/install:/home/wjs/tb3_tpl_ws/install:/opt/ros/galactic'), ('JETSON_P_NUMBER', 'p2888-0004')]), 'shell': False}
[60.394583] (-) TimerEvent: {}
[60.496380] (-) TimerEvent: {}
[60.647872] (-) TimerEvent: {}
[60.752773] (-) TimerEvent: {}
[60.758845] (sllidar_ros2) StdoutLine: {'line': b'[ 28%] \x1b[32mBuilding CXX object CMakeFiles/sllidar_node.dir/sdk/src/hal/thread.cpp.o\x1b[0m\n'}
[60.853041] (-) TimerEvent: {}
[60.928290] (stella_ahrs) StdoutLine: {'line': b'-- The C compiler identification is GNU 10.5.0\n'}
[60.953380] (-) TimerEvent: {}
[61.069813] (-) TimerEvent: {}
[61.153387] (sllidar_ros2) StderrLine: {'line': b'In file included from \x1b[01m\x1b[K/home/wjs/cart_ros2/src/sllidar_ros2/./sdk/src/sdkcommon.h:47\x1b[m\x1b[K,\n'}
[61.157819] (sllidar_ros2) StderrLine: {'line': b'                 from \x1b[01m\x1b[K/home/wjs/cart_ros2/src/sllidar_ros2/sdk/src/hal/thread.cpp:35\x1b[m\x1b[K:\n'}
[61.158702] (sllidar_ros2) StderrLine: {'line': b'\x1b[01m\x1b[K/home/wjs/cart_ros2/src/sllidar_ros2/./sdk/src/hal/assert.h:1:1:\x1b[m\x1b[K \x1b[01;35m\x1b[Kwarning: \x1b[m\x1b[Knull character(s) ignored\n'}
[61.159037] (sllidar_ros2) StderrLine: {'line': b'    1 | \x1b[01;35m\x1b[K \x1b[m\x1b[K                                                                                                                                                                                                                                                                                                                        \n'}
[61.159354] (sllidar_ros2) StderrLine: {'line': b'      | \x1b[01;35m\x1b[K^\x1b[m\x1b[K\n'}
[61.170040] (-) TimerEvent: {}
[61.270984] (-) TimerEvent: {}
[61.372436] (-) TimerEvent: {}
[61.453662] (stella_ahrs) StdoutLine: {'line': b'-- The CXX compiler identification is GNU 10.5.0\n'}
[61.472666] (-) TimerEvent: {}
[61.510599] (stella_ahrs) StdoutLine: {'line': b'-- Check for working C compiler: /usr/bin/cc\n'}
[61.572952] (-) TimerEvent: {}
[61.674960] (-) TimerEvent: {}
[61.807448] (-) TimerEvent: {}
[61.995330] (-) TimerEvent: {}
[62.097078] (-) TimerEvent: {}
[62.131854] (stella_ahrs) StdoutLine: {'line': b'-- Check for working C compiler: /usr/bin/cc -- works\n'}
[62.135887] (stella_ahrs) StdoutLine: {'line': b'-- Detecting C compiler ABI info\n'}
[62.197407] (-) TimerEvent: {}
[62.299059] (-) TimerEvent: {}
[62.400100] (-) TimerEvent: {}
[62.401474] (sllidar_ros2) StderrLine: {'line': b'In file included from \x1b[01m\x1b[K/home/wjs/cart_ros2/src/sllidar_ros2/./sdk/include/rplidar_protocol.h:36\x1b[m\x1b[K,\n'}
[62.403518] (sllidar_ros2) StderrLine: {'line': b'                 from \x1b[01m\x1b[K/home/wjs/cart_ros2/src/sllidar_ros2/./sdk/include/rplidar.h:39\x1b[m\x1b[K,\n'}
[62.403864] (sllidar_ros2) StderrLine: {'line': b'                 from \x1b[01m\x1b[K/home/wjs/cart_ros2/src/sllidar_ros2/./sdk/src/sdkcommon.h:49\x1b[m\x1b[K,\n'}
[62.404130] (sllidar_ros2) StderrLine: {'line': b'                 from \x1b[01m\x1b[K/home/wjs/cart_ros2/src/sllidar_ros2/sdk/src/hal/thread.cpp:35\x1b[m\x1b[K:\n'}
[62.404387] (sllidar_ros2) StderrLine: {'line': b'\x1b[01m\x1b[K/home/wjs/cart_ros2/src/sllidar_ros2/./sdk/include/sl_lidar_protocol.h:58:16:\x1b[m\x1b[K \x1b[01;35m\x1b[Kwarning: \x1b[m\x1b[KISO C++ forbids zero-size array \xe2\x80\x98\x1b[01m\x1b[Kdata\x1b[m\x1b[K\xe2\x80\x99 [\x1b[01;35m\x1b[K\x1b]8;;https://gcc.gnu.org/onlinedocs/gcc/Warning-Options.html#index-Wpedantic\x07-Wpedantic\x1b]8;;\x07\x1b[m\x1b[K]\n'}
[62.404655] (sllidar_ros2) StderrLine: {'line': b'   58 |     sl_u8 data[\x1b[01;35m\x1b[K0\x1b[m\x1b[K];\n'}
[62.405108] (sllidar_ros2) StderrLine: {'line': b'      |                \x1b[01;35m\x1b[K^\x1b[m\x1b[K\n'}
[62.405491] (sllidar_ros2) StderrLine: {'line': b'In file included from \x1b[01m\x1b[K/home/wjs/cart_ros2/src/sllidar_ros2/./sdk/include/rplidar_cmd.h:36\x1b[m\x1b[K,\n'}
[62.405746] (sllidar_ros2) StderrLine: {'line': b'                 from \x1b[01m\x1b[K/home/wjs/cart_ros2/src/sllidar_ros2/./sdk/include/rplidar.h:40\x1b[m\x1b[K,\n'}
[62.406283] (sllidar_ros2) StderrLine: {'line': b'                 from \x1b[01m\x1b[K/home/wjs/cart_ros2/src/sllidar_ros2/./sdk/src/sdkcommon.h:49\x1b[m\x1b[K,\n'}
[62.406836] (sllidar_ros2) StderrLine: {'line': b'                 from \x1b[01m\x1b[K/home/wjs/cart_ros2/src/sllidar_ros2/sdk/src/hal/thread.cpp:35\x1b[m\x1b[K:\n'}
[62.407396] (sllidar_ros2) StderrLine: {'line': b'\x1b[01m\x1b[K/home/wjs/cart_ros2/src/sllidar_ros2/./sdk/include/sl_lidar_cmd.h:295:20:\x1b[m\x1b[K \x1b[01;35m\x1b[Kwarning: \x1b[m\x1b[KISO C++ forbids zero-size array \xe2\x80\x98\x1b[01m\x1b[Kpayload\x1b[m\x1b[K\xe2\x80\x99 [\x1b[01;35m\x1b[K\x1b]8;;https://gcc.gnu.org/onlinedocs/gcc/Warning-Options.html#index-Wpedantic\x07-Wpedantic\x1b]8;;\x07\x1b[m\x1b[K]\n'}
[62.408008] (sllidar_ros2) StderrLine: {'line': b'  295 |     sl_u8  payload[\x1b[01;35m\x1b[K0\x1b[m\x1b[K];\n'}
[62.408509] (sllidar_ros2) StderrLine: {'line': b'      |                    \x1b[01;35m\x1b[K^\x1b[m\x1b[K\n'}
[62.500327] (-) TimerEvent: {}
[62.601426] (-) TimerEvent: {}
[62.667228] (sllidar_ros2) StderrLine: {'line': b'In file included from \x1b[01m\x1b[K/home/wjs/cart_ros2/src/sllidar_ros2/sdk/src/hal/thread.cpp:43\x1b[m\x1b[K:\n'}
[62.668296] (sllidar_ros2) StderrLine: {'line': b'\x1b[01m\x1b[K/home/wjs/cart_ros2/src/sllidar_ros2/./sdk/src/arch/linux/thread.hpp:\x1b[m\x1b[K In static member function \xe2\x80\x98\x1b[01m\x1b[Kstatic rp::hal::Thread rp::hal::Thread::create(thread_proc_t, void*)\x1b[m\x1b[K\xe2\x80\x99:\n'}
[62.669112] (sllidar_ros2) StderrLine: {'line': b'\x1b[01m\x1b[K/home/wjs/cart_ros2/src/sllidar_ros2/./sdk/src/arch/linux/thread.hpp:48:57:\x1b[m\x1b[K \x1b[01;35m\x1b[Kwarning: \x1b[m\x1b[Kcast between incompatible function types from \xe2\x80\x98\x1b[01m\x1b[Kthread_proc_t\x1b[m\x1b[K\xe2\x80\x99 {aka \xe2\x80\x98\x1b[01m\x1b[Klong unsigned int (*)(void*)\x1b[m\x1b[K\xe2\x80\x99} to \xe2\x80\x98\x1b[01m\x1b[Kvoid* (*)(void*)\x1b[m\x1b[K\xe2\x80\x99 [\x1b[01;35m\x1b[K\x1b]8;;https://gcc.gnu.org/onlinedocs/gcc/Warning-Options.html#index-Wcast-function-type\x07-Wcast-function-type\x1b]8;;\x07\x1b[m\x1b[K]\n'}
[62.669887] (sllidar_ros2) StderrLine: {'line': b'   48 | &newborn._handle, NULL, \x1b[01;35m\x1b[K(void * (*)(void *))proc\x1b[m\x1b[K, data);\n'}
[62.670472] (sllidar_ros2) StderrLine: {'line': b'      |                         \x1b[01;35m\x1b[K^~~~~~~~~~~~~~~~~~~~~~~~\x1b[m\x1b[K\n'}
[62.670994] (sllidar_ros2) StderrLine: {'line': b'\n'}
[62.674827] (sllidar_ros2) StderrLine: {'line': b'\x1b[01m\x1b[K/home/wjs/cart_ros2/src/sllidar_ros2/./sdk/src/arch/linux/thread.hpp:\x1b[m\x1b[K In member function \xe2\x80\x98\x1b[01m\x1b[Ku_result rp::hal::Thread::join(long unsigned int)\x1b[m\x1b[K\xe2\x80\x99:\n'}
[62.675987] (sllidar_ros2) StderrLine: {'line': b'\x1b[01m\x1b[K/home/wjs/cart_ros2/src/sllidar_ros2/./sdk/src/arch/linux/thread.hpp:129:37:\x1b[m\x1b[K \x1b[01;35m\x1b[Kwarning: \x1b[m\x1b[Kunused parameter \xe2\x80\x98\x1b[01m\x1b[Ktimeout\x1b[m\x1b[K\xe2\x80\x99 [\x1b[01;35m\x1b[K\x1b]8;;https://gcc.gnu.org/onlinedocs/gcc/Warning-Options.html#index-Wunused-parameter\x07-Wunused-parameter\x1b]8;;\x07\x1b[m\x1b[K]\n'}
[62.676720] (sllidar_ros2) StderrLine: {'line': b'  129 | Thread::join(\x1b[01;35m\x1b[Kunsigned long timeout\x1b[m\x1b[K)\n'}
[62.677437] (sllidar_ros2) StderrLine: {'line': b'      |              \x1b[01;35m\x1b[K~~~~~~~~~~~~~~^~~~~~~\x1b[m\x1b[K\n'}
[62.678003] (sllidar_ros2) StderrLine: {'line': b'\n'}
[62.701656] (-) TimerEvent: {}
[62.803179] (-) TimerEvent: {}
[62.837768] (stella_ahrs) StdoutLine: {'line': b'-- Detecting C compiler ABI info - done\n'}
[62.891158] (stella_ahrs) StdoutLine: {'line': b'-- Detecting C compile features\n'}
[62.892231] (stella_ahrs) StdoutLine: {'line': b'-- Detecting C compile features - done\n'}
[62.903503] (-) TimerEvent: {}
[62.905780] (stella_ahrs) StdoutLine: {'line': b'-- Check for working CXX compiler: /usr/bin/c++\n'}
[63.003859] (-) TimerEvent: {}
[63.126502] (-) TimerEvent: {}
[63.219866] (sllidar_ros2) StdoutLine: {'line': b'[ 35%] \x1b[32mBuilding CXX object CMakeFiles/sllidar_node.dir/sdk/src/rplidar_driver.cpp.o\x1b[0m\n'}
[63.226806] (-) TimerEvent: {}
[63.327805] (-) TimerEvent: {}
[63.428922] (-) TimerEvent: {}
[63.445767] (stella_ahrs) StdoutLine: {'line': b'-- Check for working CXX compiler: /usr/bin/c++ -- works\n'}
[63.452825] (stella_ahrs) StdoutLine: {'line': b'-- Detecting CXX compiler ABI info\n'}
[63.529247] (-) TimerEvent: {}
[63.630832] (-) TimerEvent: {}
[63.732319] (-) TimerEvent: {}
[63.833402] (-) TimerEvent: {}
[63.885061] (sllidar_ros2) StderrLine: {'line': b'In file included from \x1b[01m\x1b[K/home/wjs/cart_ros2/src/sllidar_ros2/sdk/src/sdkcommon.h:47\x1b[m\x1b[K,\n'}
[63.885901] (sllidar_ros2) StderrLine: {'line': b'                 from \x1b[01m\x1b[K/home/wjs/cart_ros2/src/sllidar_ros2/sdk/src/rplidar_driver.cpp:33\x1b[m\x1b[K:\n'}
[63.887357] (sllidar_ros2) StderrLine: {'line': b'\x1b[01m\x1b[K/home/wjs/cart_ros2/src/sllidar_ros2/sdk/src/hal/assert.h:1:1:\x1b[m\x1b[K \x1b[01;35m\x1b[Kwarning: \x1b[m\x1b[Knull character(s) ignored\n'}
[63.887677] (sllidar_ros2) StderrLine: {'line': b'    1 | \x1b[01;35m\x1b[K \x1b[m\x1b[K                                                                                                                                                                                                                                                                                                                        \n'}
[63.887944] (sllidar_ros2) StderrLine: {'line': b'      | \x1b[01;35m\x1b[K^\x1b[m\x1b[K\n'}
[63.917109] (sllidar_ros2) StderrLine: {'line': b'In file included from \x1b[01m\x1b[K/home/wjs/cart_ros2/src/sllidar_ros2/sdk/src/rplidar_driver.cpp:37\x1b[m\x1b[K:\n'}
[63.917900] (sllidar_ros2) StderrLine: {'line': b'\x1b[01m\x1b[K/home/wjs/cart_ros2/src/sllidar_ros2/sdk/src/hal/assert.h:1:1:\x1b[m\x1b[K \x1b[01;35m\x1b[Kwarning: \x1b[m\x1b[Knull character(s) ignored\n'}
[63.918196] (sllidar_ros2) StderrLine: {'line': b'    1 | \x1b[01;35m\x1b[K \x1b[m\x1b[K                                                                                                                                                                                                                                                                                                                        \n'}
[63.918452] (sllidar_ros2) StderrLine: {'line': b'      | \x1b[01;35m\x1b[K^\x1b[m\x1b[K\n'}
[63.933665] (-) TimerEvent: {}
[64.034698] (-) TimerEvent: {}
[64.049669] (stella_ahrs) StdoutLine: {'line': b'-- Detecting CXX compiler ABI info - done\n'}
[64.112634] (stella_ahrs) StdoutLine: {'line': b'-- Detecting CXX compile features\n'}
[64.115603] (stella_ahrs) StdoutLine: {'line': b'-- Detecting CXX compile features - done\n'}
[64.129001] (stella_ahrs) StdoutLine: {'line': b'-- Found ament_cmake: 1.1.6 (/opt/ros/galactic/share/ament_cmake/cmake)\n'}
[64.134928] (-) TimerEvent: {}
[64.235976] (-) TimerEvent: {}
[64.337102] (-) TimerEvent: {}
[64.348850] (stella_ahrs) StdoutLine: {'line': b'-- Found PythonInterp: /usr/bin/python3 (found suitable version "3.8.10", minimum required is "3") \n'}
[64.350736] (stella_ahrs) StdoutLine: {'line': b'-- Using PYTHON_EXECUTABLE: /usr/bin/python3\n'}
[64.437624] (-) TimerEvent: {}
[64.539011] (-) TimerEvent: {}
[64.639951] (-) TimerEvent: {}
[64.674653] (stella_ahrs) StdoutLine: {'line': b'-- Override CMake install command with custom implementation using symlinks instead of copying resources\n'}
[64.740263] (-) TimerEvent: {}
[64.810811] (stella_ahrs) StdoutLine: {'line': b'-- Found rclcpp: 9.2.2 (/opt/ros/galactic/share/rclcpp/cmake)\n'}
[64.840598] (-) TimerEvent: {}
[64.941690] (-) TimerEvent: {}
[65.042707] (-) TimerEvent: {}
[65.103735] (stella_ahrs) StdoutLine: {'line': b'-- Using all available rosidl_typesupport_c: rosidl_typesupport_fastrtps_c;rosidl_typesupport_introspection_c\n'}
[65.125489] (sllidar_ros2) StderrLine: {'line': b'In file included from \x1b[01m\x1b[K/home/wjs/cart_ros2/src/sllidar_ros2/./sdk/include/rplidar_protocol.h:36\x1b[m\x1b[K,\n'}
[65.126221] (sllidar_ros2) StderrLine: {'line': b'                 from \x1b[01m\x1b[K/home/wjs/cart_ros2/src/sllidar_ros2/./sdk/include/rplidar.h:39\x1b[m\x1b[K,\n'}
[65.126579] (sllidar_ros2) StderrLine: {'line': b'                 from \x1b[01m\x1b[K/home/wjs/cart_ros2/src/sllidar_ros2/sdk/src/sdkcommon.h:49\x1b[m\x1b[K,\n'}
[65.126885] (sllidar_ros2) StderrLine: {'line': b'                 from \x1b[01m\x1b[K/home/wjs/cart_ros2/src/sllidar_ros2/sdk/src/rplidar_driver.cpp:33\x1b[m\x1b[K:\n'}
[65.127311] (sllidar_ros2) StderrLine: {'line': b'\x1b[01m\x1b[K/home/wjs/cart_ros2/src/sllidar_ros2/./sdk/include/sl_lidar_protocol.h:58:16:\x1b[m\x1b[K \x1b[01;35m\x1b[Kwarning: \x1b[m\x1b[KISO C++ forbids zero-size array \xe2\x80\x98\x1b[01m\x1b[Kdata\x1b[m\x1b[K\xe2\x80\x99 [\x1b[01;35m\x1b[K\x1b]8;;https://gcc.gnu.org/onlinedocs/gcc/Warning-Options.html#index-Wpedantic\x07-Wpedantic\x1b]8;;\x07\x1b[m\x1b[K]\n'}
[65.128002] (sllidar_ros2) StderrLine: {'line': b'   58 |     sl_u8 data[\x1b[01;35m\x1b[K0\x1b[m\x1b[K];\n'}
[65.128278] (sllidar_ros2) StderrLine: {'line': b'      |                \x1b[01;35m\x1b[K^\x1b[m\x1b[K\n'}
[65.128541] (sllidar_ros2) StderrLine: {'line': b'In file included from \x1b[01m\x1b[K/home/wjs/cart_ros2/src/sllidar_ros2/./sdk/include/rplidar_cmd.h:36\x1b[m\x1b[K,\n'}
[65.128833] (sllidar_ros2) StderrLine: {'line': b'                 from \x1b[01m\x1b[K/home/wjs/cart_ros2/src/sllidar_ros2/./sdk/include/rplidar.h:40\x1b[m\x1b[K,\n'}
[65.129080] (sllidar_ros2) StderrLine: {'line': b'                 from \x1b[01m\x1b[K/home/wjs/cart_ros2/src/sllidar_ros2/sdk/src/sdkcommon.h:49\x1b[m\x1b[K,\n'}
[65.130717] (sllidar_ros2) StderrLine: {'line': b'                 from \x1b[01m\x1b[K/home/wjs/cart_ros2/src/sllidar_ros2/sdk/src/rplidar_driver.cpp:33\x1b[m\x1b[K:\n'}
[65.131080] (sllidar_ros2) StderrLine: {'line': b'\x1b[01m\x1b[K/home/wjs/cart_ros2/src/sllidar_ros2/./sdk/include/sl_lidar_cmd.h:295:20:\x1b[m\x1b[K \x1b[01;35m\x1b[Kwarning: \x1b[m\x1b[KISO C++ forbids zero-size array \xe2\x80\x98\x1b[01m\x1b[Kpayload\x1b[m\x1b[K\xe2\x80\x99 [\x1b[01;35m\x1b[K\x1b]8;;https://gcc.gnu.org/onlinedocs/gcc/Warning-Options.html#index-Wpedantic\x07-Wpedantic\x1b]8;;\x07\x1b[m\x1b[K]\n'}
[65.131350] (sllidar_ros2) StderrLine: {'line': b'  295 |     sl_u8  payload[\x1b[01;35m\x1b[K0\x1b[m\x1b[K];\n'}
[65.131600] (sllidar_ros2) StderrLine: {'line': b'      |                    \x1b[01;35m\x1b[K^\x1b[m\x1b[K\n'}
[65.142971] (-) TimerEvent: {}
[65.147533] (stella_ahrs) StdoutLine: {'line': b'-- Found rosidl_adapter: 2.2.3 (/opt/ros/galactic/share/rosidl_adapter/cmake)\n'}
[65.243244] (-) TimerEvent: {}
[65.344329] (-) TimerEvent: {}
[65.445488] (-) TimerEvent: {}
[65.546606] (-) TimerEvent: {}
[65.647714] (-) TimerEvent: {}
[65.748877] (-) TimerEvent: {}
[65.850071] (-) TimerEvent: {}
[65.941582] (sllidar_ros2) StderrLine: {'line': b'\x1b[01m\x1b[K/home/wjs/cart_ros2/src/sllidar_ros2/sdk/src/rplidar_driver.cpp:\x1b[m\x1b[K In member function \xe2\x80\x98\x1b[01m\x1b[Ku_result rp::standalone::rplidar::RPlidarDriver::connect(const char*, _u32, _u32)\x1b[m\x1b[K\xe2\x80\x99:\n'}
[65.942285] (sllidar_ros2) StderrLine: {'line': b'\x1b[01m\x1b[K/home/wjs/cart_ros2/src/sllidar_ros2/sdk/src/rplidar_driver.cpp:67:77:\x1b[m\x1b[K \x1b[01;35m\x1b[Kwarning: \x1b[m\x1b[Kunused parameter \xe2\x80\x98\x1b[01m\x1b[Kflag\x1b[m\x1b[K\xe2\x80\x99 [\x1b[01;35m\x1b[K\x1b]8;;https://gcc.gnu.org/onlinedocs/gcc/Warning-Options.html#index-Wunused-parameter\x07-Wunused-parameter\x1b]8;;\x07\x1b[m\x1b[K]\n'}
[65.943109] (sllidar_ros2) StderrLine: {'line': b'   67 |  *path, _u32 portOrBaud, \x1b[01;35m\x1b[K_u32 flag\x1b[m\x1b[K)\n'}
[65.943416] (sllidar_ros2) StderrLine: {'line': b'      |                          \x1b[01;35m\x1b[K~~~~~^~~~\x1b[m\x1b[K\n'}
[65.943663] (sllidar_ros2) StderrLine: {'line': b'\n'}
[65.943905] (sllidar_ros2) StderrLine: {'line': b'\x1b[01m\x1b[K/home/wjs/cart_ros2/src/sllidar_ros2/sdk/src/rplidar_driver.cpp:\x1b[m\x1b[K In member function \xe2\x80\x98\x1b[01m\x1b[Ku_result rp::standalone::rplidar::RPlidarDriver::reset(_u32)\x1b[m\x1b[K\xe2\x80\x99:\n'}
[65.944193] (sllidar_ros2) StderrLine: {'line': b'\x1b[01m\x1b[K/home/wjs/cart_ros2/src/sllidar_ros2/sdk/src/rplidar_driver.cpp:101:40:\x1b[m\x1b[K \x1b[01;35m\x1b[Kwarning: \x1b[m\x1b[Kunused parameter \xe2\x80\x98\x1b[01m\x1b[Ktimeout\x1b[m\x1b[K\xe2\x80\x99 [\x1b[01;35m\x1b[K\x1b]8;;https://gcc.gnu.org/onlinedocs/gcc/Warning-Options.html#index-Wunused-parameter\x07-Wunused-parameter\x1b]8;;\x07\x1b[m\x1b[K]\n'}
[65.945030] (sllidar_ros2) StderrLine: {'line': b'  101 |  RPlidarDriver::reset(\x1b[01;35m\x1b[K_u32 timeout\x1b[m\x1b[K)\n'}
[65.945573] (sllidar_ros2) StderrLine: {'line': b'      |                       \x1b[01;35m\x1b[K~~~~~^~~~~~~\x1b[m\x1b[K\n'}
[65.945878] (sllidar_ros2) StderrLine: {'line': b'\n'}
[65.946995] (sllidar_ros2) StderrLine: {'line': b'\x1b[01m\x1b[K/home/wjs/cart_ros2/src/sllidar_ros2/sdk/src/rplidar_driver.cpp:\x1b[m\x1b[K In member function \xe2\x80\x98\x1b[01m\x1b[Ku_result rp::standalone::rplidar::RPlidarDriver::getScanDataWithInterval(rplidar_response_measurement_node_t*, size_t&)\x1b[m\x1b[K\xe2\x80\x99:\n'}
[65.947675] (sllidar_ros2) StderrLine: {'line': b'\x1b[01m\x1b[K/home/wjs/cart_ros2/src/sllidar_ros2/sdk/src/rplidar_driver.cpp:175:91:\x1b[m\x1b[K \x1b[01;35m\x1b[Kwarning: \x1b[m\x1b[Kunused parameter \xe2\x80\x98\x1b[01m\x1b[Knodebuffer\x1b[m\x1b[K\xe2\x80\x99 [\x1b[01;35m\x1b[K\x1b]8;;https://gcc.gnu.org/onlinedocs/gcc/Warning-Options.html#index-Wunused-parameter\x07-Wunused-parameter\x1b]8;;\x07\x1b[m\x1b[K]\n'}
[65.948020] (sllidar_ros2) StderrLine: {'line': b'  175 | \x1b[01;35m\x1b[Kse_measurement_node_t * nodebuffer\x1b[m\x1b[K, size_t & count)\n'}
[65.948289] (sllidar_ros2) StderrLine: {'line': b'      | \x1b[01;35m\x1b[K~~~~~~~~~~~~~~~~~~~~~~~~^~~~~~~~~~\x1b[m\x1b[K\n'}
[65.948532] (sllidar_ros2) StderrLine: {'line': b'\n'}
[65.948768] (sllidar_ros2) StderrLine: {'line': b'\x1b[01m\x1b[K/home/wjs/cart_ros2/src/sllidar_ros2/sdk/src/rplidar_driver.cpp:175:112:\x1b[m\x1b[K \x1b[01;35m\x1b[Kwarning: \x1b[m\x1b[Kunused parameter \xe2\x80\x98\x1b[01m\x1b[Kcount\x1b[m\x1b[K\xe2\x80\x99 [\x1b[01;35m\x1b[K\x1b]8;;https://gcc.gnu.org/onlinedocs/gcc/Warning-Options.html#index-Wunused-parameter\x07-Wunused-parameter\x1b]8;;\x07\x1b[m\x1b[K]\n'}
[65.949013] (sllidar_ros2) StderrLine: {'line': b'  175 | ode_t * nodebuffer, \x1b[01;35m\x1b[Ksize_t & count\x1b[m\x1b[K)\n'}
[65.949375] (sllidar_ros2) StderrLine: {'line': b'      |                     \x1b[01;35m\x1b[K~~~~~~~~~^~~~~\x1b[m\x1b[K\n'}
[65.949650] (sllidar_ros2) StderrLine: {'line': b'\n'}
[65.950840] (-) TimerEvent: {}
[66.053986] (-) TimerEvent: {}
[66.156145] (-) TimerEvent: {}
[66.257263] (-) TimerEvent: {}
[66.261513] (stella_ahrs) StdoutLine: {'line': b'-- Found OpenSSL: /usr/lib/aarch64-linux-gnu/libcrypto.so (found version "1.1.1f")  \n'}
[66.357517] (-) TimerEvent: {}
[66.459338] (-) TimerEvent: {}
[66.561251] (-) TimerEvent: {}
[66.582535] (stella_ahrs) StdoutLine: {'line': b'-- Found FastRTPS: /opt/ros/galactic/include  \n'}
[66.628949] (sllidar_ros2) StdoutLine: {'line': b'[ 42%] \x1b[32mBuilding CXX object CMakeFiles/sllidar_node.dir/sdk/src/sl_crc.cpp.o\x1b[0m\n'}
[66.661476] (-) TimerEvent: {}
[66.762476] (-) TimerEvent: {}
[66.781791] (sllidar_ros2) StderrLine: {'line': b'In file included from \x1b[01m\x1b[K/home/wjs/cart_ros2/src/sllidar_ros2/./sdk/include/sl_lidar_cmd.h:36\x1b[m\x1b[K,\n'}
[66.782557] (sllidar_ros2) StderrLine: {'line': b'                 from \x1b[01m\x1b[K/home/wjs/cart_ros2/src/sllidar_ros2/./sdk/include/sl_crc.h:36\x1b[m\x1b[K,\n'}
[66.782820] (sllidar_ros2) StderrLine: {'line': b'                 from \x1b[01m\x1b[K/home/wjs/cart_ros2/src/sllidar_ros2/sdk/src/sl_crc.cpp:33\x1b[m\x1b[K:\n'}
[66.783053] (sllidar_ros2) StderrLine: {'line': b'\x1b[01m\x1b[K/home/wjs/cart_ros2/src/sllidar_ros2/./sdk/include/sl_lidar_protocol.h:58:16:\x1b[m\x1b[K \x1b[01;35m\x1b[Kwarning: \x1b[m\x1b[KISO C++ forbids zero-size array \xe2\x80\x98\x1b[01m\x1b[Kdata\x1b[m\x1b[K\xe2\x80\x99 [\x1b[01;35m\x1b[K\x1b]8;;https://gcc.gnu.org/onlinedocs/gcc/Warning-Options.html#index-Wpedantic\x07-Wpedantic\x1b]8;;\x07\x1b[m\x1b[K]\n'}
[66.783291] (sllidar_ros2) StderrLine: {'line': b'   58 |     sl_u8 data[\x1b[01;35m\x1b[K0\x1b[m\x1b[K];\n'}
[66.783542] (sllidar_ros2) StderrLine: {'line': b'      |                \x1b[01;35m\x1b[K^\x1b[m\x1b[K\n'}
[66.784698] (sllidar_ros2) StderrLine: {'line': b'In file included from \x1b[01m\x1b[K/home/wjs/cart_ros2/src/sllidar_ros2/./sdk/include/sl_crc.h:36\x1b[m\x1b[K,\n'}
[66.795377] (sllidar_ros2) StderrLine: {'line': b'                 from \x1b[01m\x1b[K/home/wjs/cart_ros2/src/sllidar_ros2/sdk/src/sl_crc.cpp:33\x1b[m\x1b[K:\n'}
[66.796063] (sllidar_ros2) StderrLine: {'line': b'\x1b[01m\x1b[K/home/wjs/cart_ros2/src/sllidar_ros2/./sdk/include/sl_lidar_cmd.h:295:20:\x1b[m\x1b[K \x1b[01;35m\x1b[Kwarning: \x1b[m\x1b[KISO C++ forbids zero-size array \xe2\x80\x98\x1b[01m\x1b[Kpayload\x1b[m\x1b[K\xe2\x80\x99 [\x1b[01;35m\x1b[K\x1b]8;;https://gcc.gnu.org/onlinedocs/gcc/Warning-Options.html#index-Wpedantic\x07-Wpedantic\x1b]8;;\x07\x1b[m\x1b[K]\n'}
[66.796436] (sllidar_ros2) StderrLine: {'line': b'  295 |     sl_u8  payload[\x1b[01;35m\x1b[K0\x1b[m\x1b[K];\n'}
[66.796706] (sllidar_ros2) StderrLine: {'line': b'      |                    \x1b[01;35m\x1b[K^\x1b[m\x1b[K\n'}
[66.799925] (sllidar_ros2) StderrLine: {'line': b'\x1b[01m\x1b[K/home/wjs/cart_ros2/src/sllidar_ros2/sdk/src/sl_crc.cpp:\x1b[m\x1b[K In function \xe2\x80\x98\x1b[01m\x1b[Ksl_u32 sl::crc32::cal(sl_u32, void*, sl_u16)\x1b[m\x1b[K\xe2\x80\x99:\n'}
[66.800605] (sllidar_ros2) StderrLine: {'line': b'\x1b[01m\x1b[K/home/wjs/cart_ros2/src/sllidar_ros2/sdk/src/sl_crc.cpp:77:29:\x1b[m\x1b[K \x1b[01;35m\x1b[Kwarning: \x1b[m\x1b[Ksuggest parentheses around \xe2\x80\x98\x1b[01m\x1b[K-\x1b[m\x1b[K\xe2\x80\x99 in operand of \xe2\x80\x98\x1b[01m\x1b[K&\x1b[m\x1b[K\xe2\x80\x99 [\x1b[01;35m\x1b[K\x1b]8;;https://gcc.gnu.org/onlinedocs/gcc/Warning-Options.html#index-Wparentheses\x07-Wparentheses\x1b]8;;\x07\x1b[m\x1b[K]\n'}
[66.800945] (sllidar_ros2) StderrLine: {'line': b'   77 |     sl_u8 leftBytes = \x1b[01;35m\x1b[K4 - len\x1b[m\x1b[K & 0x3;\n'}
[66.801378] (sllidar_ros2) StderrLine: {'line': b'      |                       \x1b[01;35m\x1b[K~~^~~~~\x1b[m\x1b[K\n'}
[66.801719] (sllidar_ros2) StderrLine: {'line': b'\n'}
[66.862724] (-) TimerEvent: {}
[66.964280] (-) TimerEvent: {}
[67.062103] (stella_ahrs) StdoutLine: {'line': b'-- Using all available rosidl_typesupport_cpp: rosidl_typesupport_fastrtps_cpp;rosidl_typesupport_introspection_cpp\n'}
[67.064530] (-) TimerEvent: {}
[67.076314] (sllidar_ros2) StdoutLine: {'line': b'[ 50%] \x1b[32mBuilding CXX object CMakeFiles/sllidar_node.dir/sdk/src/sl_lidar_driver.cpp.o\x1b[0m\n'}
[67.165093] (-) TimerEvent: {}
[67.266328] (-) TimerEvent: {}
[67.368372] (-) TimerEvent: {}
[67.418936] (stella_ahrs) StdoutLine: {'line': b'-- Found rmw_implementation_cmake: 3.3.1 (/opt/ros/galactic/share/rmw_implementation_cmake/cmake)\n'}
[67.430930] (stella_ahrs) StdoutLine: {'line': b'-- Found rmw_cyclonedds_cpp: 0.22.6 (/opt/ros/galactic/share/rmw_cyclonedds_cpp/cmake)\n'}
[67.435373] (sllidar_ros2) StderrLine: {'line': b'In file included from \x1b[01m\x1b[K/home/wjs/cart_ros2/src/sllidar_ros2/sdk/src/sdkcommon.h:47\x1b[m\x1b[K,\n'}
[67.436383] (sllidar_ros2) StderrLine: {'line': b'                 from \x1b[01m\x1b[K/home/wjs/cart_ros2/src/sllidar_ros2/sdk/src/sl_lidar_driver.cpp:33\x1b[m\x1b[K:\n'}
[67.436708] (sllidar_ros2) StderrLine: {'line': b'\x1b[01m\x1b[K/home/wjs/cart_ros2/src/sllidar_ros2/sdk/src/hal/assert.h:1:1:\x1b[m\x1b[K \x1b[01;35m\x1b[Kwarning: \x1b[m\x1b[Knull character(s) ignored\n'}
[67.436955] (sllidar_ros2) StderrLine: {'line': b'    1 | \x1b[01;35m\x1b[K \x1b[m\x1b[K                                                                                                                                                                                                                                                                                                                        \n'}
[67.437465] (sllidar_ros2) StderrLine: {'line': b'      | \x1b[01;35m\x1b[K^\x1b[m\x1b[K\n'}
[67.461301] (sllidar_ros2) StderrLine: {'line': b'In file included from \x1b[01m\x1b[K/home/wjs/cart_ros2/src/sllidar_ros2/sdk/src/sl_lidar_driver.cpp:37\x1b[m\x1b[K:\n'}
[67.462199] (sllidar_ros2) StderrLine: {'line': b'\x1b[01m\x1b[K/home/wjs/cart_ros2/src/sllidar_ros2/sdk/src/hal/assert.h:1:1:\x1b[m\x1b[K \x1b[01;35m\x1b[Kwarning: \x1b[m\x1b[Knull character(s) ignored\n'}
[67.462525] (sllidar_ros2) StderrLine: {'line': b'    1 | \x1b[01;35m\x1b[K \x1b[m\x1b[K                                                                                                                                                                                                                                                                                                                        \n'}
[67.462852] (sllidar_ros2) StderrLine: {'line': b'      | \x1b[01;35m\x1b[K^\x1b[m\x1b[K\n'}
[67.468627] (-) TimerEvent: {}
[67.520076] (stella_ahrs) StdoutLine: {'line': b"-- Using RMW implementation 'rmw_cyclonedds_cpp' as default\n"}
[67.524136] (stella_ahrs) StdoutLine: {'line': b'-- Looking for pthread.h\n'}
[67.568887] (-) TimerEvent: {}
[67.670094] (-) TimerEvent: {}
[67.771266] (-) TimerEvent: {}
[67.872335] (-) TimerEvent: {}
[67.973413] (-) TimerEvent: {}
[68.074393] (-) TimerEvent: {}
[68.175440] (-) TimerEvent: {}
[68.231152] (stella_ahrs) StdoutLine: {'line': b'-- Looking for pthread.h - found\n'}
[68.232606] (stella_ahrs) StdoutLine: {'line': b'-- Performing Test CMAKE_HAVE_LIBC_PTHREAD\n'}
[68.275708] (-) TimerEvent: {}
[68.377391] (-) TimerEvent: {}
[68.478444] (-) TimerEvent: {}
[68.579503] (-) TimerEvent: {}
[68.680521] (-) TimerEvent: {}
[68.781599] (-) TimerEvent: {}
[68.783798] (sllidar_ros2) StderrLine: {'line': b'In file included from \x1b[01m\x1b[K/home/wjs/cart_ros2/src/sllidar_ros2/./sdk/include/rplidar_protocol.h:36\x1b[m\x1b[K,\n'}
[68.784457] (sllidar_ros2) StderrLine: {'line': b'                 from \x1b[01m\x1b[K/home/wjs/cart_ros2/src/sllidar_ros2/./sdk/include/rplidar.h:39\x1b[m\x1b[K,\n'}
[68.784757] (sllidar_ros2) StderrLine: {'line': b'                 from \x1b[01m\x1b[K/home/wjs/cart_ros2/src/sllidar_ros2/sdk/src/sdkcommon.h:49\x1b[m\x1b[K,\n'}
[68.785015] (sllidar_ros2) StderrLine: {'line': b'                 from \x1b[01m\x1b[K/home/wjs/cart_ros2/src/sllidar_ros2/sdk/src/sl_lidar_driver.cpp:33\x1b[m\x1b[K:\n'}
[68.785444] (sllidar_ros2) StderrLine: {'line': b'\x1b[01m\x1b[K/home/wjs/cart_ros2/src/sllidar_ros2/./sdk/include/sl_lidar_protocol.h:58:16:\x1b[m\x1b[K \x1b[01;35m\x1b[Kwarning: \x1b[m\x1b[KISO C++ forbids zero-size array \xe2\x80\x98\x1b[01m\x1b[Kdata\x1b[m\x1b[K\xe2\x80\x99 [\x1b[01;35m\x1b[K\x1b]8;;https://gcc.gnu.org/onlinedocs/gcc/Warning-Options.html#index-Wpedantic\x07-Wpedantic\x1b]8;;\x07\x1b[m\x1b[K]\n'}
[68.785740] (sllidar_ros2) StderrLine: {'line': b'   58 |     sl_u8 data[\x1b[01;35m\x1b[K0\x1b[m\x1b[K];\n'}
[68.785980] (sllidar_ros2) StderrLine: {'line': b'      |                \x1b[01;35m\x1b[K^\x1b[m\x1b[K\n'}
[68.788331] (sllidar_ros2) StderrLine: {'line': b'In file included from \x1b[01m\x1b[K/home/wjs/cart_ros2/src/sllidar_ros2/./sdk/include/rplidar_cmd.h:36\x1b[m\x1b[K,\n'}
[68.788875] (sllidar_ros2) StderrLine: {'line': b'                 from \x1b[01m\x1b[K/home/wjs/cart_ros2/src/sllidar_ros2/./sdk/include/rplidar.h:40\x1b[m\x1b[K,\n'}
[68.789287] (sllidar_ros2) StderrLine: {'line': b'                 from \x1b[01m\x1b[K/home/wjs/cart_ros2/src/sllidar_ros2/sdk/src/sdkcommon.h:49\x1b[m\x1b[K,\n'}
[68.789611] (sllidar_ros2) StderrLine: {'line': b'                 from \x1b[01m\x1b[K/home/wjs/cart_ros2/src/sllidar_ros2/sdk/src/sl_lidar_driver.cpp:33\x1b[m\x1b[K:\n'}
[68.789860] (sllidar_ros2) StderrLine: {'line': b'\x1b[01m\x1b[K/home/wjs/cart_ros2/src/sllidar_ros2/./sdk/include/sl_lidar_cmd.h:295:20:\x1b[m\x1b[K \x1b[01;35m\x1b[Kwarning: \x1b[m\x1b[KISO C++ forbids zero-size array \xe2\x80\x98\x1b[01m\x1b[Kpayload\x1b[m\x1b[K\xe2\x80\x99 [\x1b[01;35m\x1b[K\x1b]8;;https://gcc.gnu.org/onlinedocs/gcc/Warning-Options.html#index-Wpedantic\x07-Wpedantic\x1b]8;;\x07\x1b[m\x1b[K]\n'}
[68.790123] (sllidar_ros2) StderrLine: {'line': b'  295 |     sl_u8  payload[\x1b[01;35m\x1b[K0\x1b[m\x1b[K];\n'}
[68.790362] (sllidar_ros2) StderrLine: {'line': b'      |                    \x1b[01;35m\x1b[K^\x1b[m\x1b[K\n'}
[68.880601] (stella_ahrs) StdoutLine: {'line': b'-- Performing Test CMAKE_HAVE_LIBC_PTHREAD - Failed\n'}
[68.881734] (-) TimerEvent: {}
[68.882850] (stella_ahrs) StdoutLine: {'line': b'-- Looking for pthread_create in pthreads\n'}
[68.981990] (-) TimerEvent: {}
[69.094715] (-) TimerEvent: {}
[69.226839] (-) TimerEvent: {}
[69.328482] (-) TimerEvent: {}
[69.343995] (stella_ahrs) StdoutLine: {'line': b'-- Looking for pthread_create in pthreads - not found\n'}
[69.347671] (stella_ahrs) StdoutLine: {'line': b'-- Looking for pthread_create in pthread\n'}
[69.428760] (-) TimerEvent: {}
[69.522842] (sllidar_ros2) StderrLine: {'line': b'\x1b[01m\x1b[K/home/wjs/cart_ros2/src/sllidar_ros2/sdk/src/sl_lidar_driver.cpp:\x1b[m\x1b[K In member function \xe2\x80\x98\x1b[01m\x1b[Kvirtual sl_result sl::SlamtecLidarDriver::reset(sl_u32)\x1b[m\x1b[K\xe2\x80\x99:\n'}
[69.523535] (sllidar_ros2) StderrLine: {'line': b'\x1b[01m\x1b[K/home/wjs/cart_ros2/src/sllidar_ros2/sdk/src/sl_lidar_driver.cpp:273:32:\x1b[m\x1b[K \x1b[01;35m\x1b[Kwarning: \x1b[m\x1b[Kunused parameter \xe2\x80\x98\x1b[01m\x1b[KtimeoutInMs\x1b[m\x1b[K\xe2\x80\x99 [\x1b[01;35m\x1b[K\x1b]8;;https://gcc.gnu.org/onlinedocs/gcc/Warning-Options.html#index-Wunused-parameter\x07-Wunused-parameter\x1b]8;;\x07\x1b[m\x1b[K]\n'}
[69.523857] (sllidar_ros2) StderrLine: {'line': b'  273 |  sl_result reset(\x1b[01;35m\x1b[Ksl_u32 timeoutInMs = DEFAULT_TIMEOUT\x1b[m\x1b[K)\n'}
[69.524116] (sllidar_ros2) StderrLine: {'line': b'      |                  \x1b[01;35m\x1b[K~~~~~~~^~~~~~~~~~~~~~~~~~~~~~~~~~~~~\x1b[m\x1b[K\n'}
[69.524371] (sllidar_ros2) StderrLine: {'line': b'\n'}
[69.529000] (-) TimerEvent: {}
[69.534163] (sllidar_ros2) StderrLine: {'line': b'\x1b[01m\x1b[K/home/wjs/cart_ros2/src/sllidar_ros2/sdk/src/sl_lidar_driver.cpp:\x1b[m\x1b[K In member function \xe2\x80\x98\x1b[01m\x1b[Kvirtual sl_result sl::SlamtecLidarDriver::getAllSupportedScanModes(std::vector<sl::LidarScanMode>&, sl_u32)\x1b[m\x1b[K\xe2\x80\x99:\n'}
[69.534859] (sllidar_ros2) StderrLine: {'line': b'\x1b[01m\x1b[K/home/wjs/cart_ros2/src/sllidar_ros2/sdk/src/sl_lidar_driver.cpp:286:89:\x1b[m\x1b[K \x1b[01;35m\x1b[Kwarning: \x1b[m\x1b[Kunused parameter \xe2\x80\x98\x1b[01m\x1b[KtimeoutInMs\x1b[m\x1b[K\xe2\x80\x99 [\x1b[01;35m\x1b[K\x1b]8;;https://gcc.gnu.org/onlinedocs/gcc/Warning-Options.html#index-Wunused-parameter\x07-Wunused-parameter\x1b]8;;\x07\x1b[m\x1b[K]\n'}
[69.535179] (sllidar_ros2) StderrLine: {'line': b'  286 | Mode>& outModes, \x1b[01;35m\x1b[Ksl_u32 timeoutInMs = DEFAULT_TIMEOUT\x1b[m\x1b[K)\n'}
[69.535438] (sllidar_ros2) StderrLine: {'line': b'      |                  \x1b[01;35m\x1b[K~~~~~~~^~~~~~~~~~~~~~~~~~~~~~~~~~~~~\x1b[m\x1b[K\n'}
[69.535688] (sllidar_ros2) StderrLine: {'line': b'\n'}
[69.537660] (sllidar_ros2) StderrLine: {'line': b'\x1b[01m\x1b[K/home/wjs/cart_ros2/src/sllidar_ros2/sdk/src/sl_lidar_driver.cpp:\x1b[m\x1b[K In member function \xe2\x80\x98\x1b[01m\x1b[Kvirtual sl_result sl::SlamtecLidarDriver::startScan(bool, bool, sl_u32, sl::LidarScanMode*)\x1b[m\x1b[K\xe2\x80\x99:\n'}
[69.538176] (sllidar_ros2) StderrLine: {'line': b'\x1b[01m\x1b[K/home/wjs/cart_ros2/src/sllidar_ros2/sdk/src/sl_lidar_driver.cpp:347:69:\x1b[m\x1b[K \x1b[01;35m\x1b[Kwarning: \x1b[m\x1b[Kunused parameter \xe2\x80\x98\x1b[01m\x1b[Koptions\x1b[m\x1b[K\xe2\x80\x99 [\x1b[01;35m\x1b[K\x1b]8;;https://gcc.gnu.org/onlinedocs/gcc/Warning-Options.html#index-Wunused-parameter\x07-Wunused-parameter\x1b]8;;\x07\x1b[m\x1b[K]\n'}
[69.538511] (sllidar_ros2) StderrLine: {'line': b'  347 |  useTypicalScan, \x1b[01;35m\x1b[Ksl_u32 options = 0\x1b[m\x1b[K, LidarScanMode* outUsedScanMode = nullptr)\n'}
[69.538775] (sllidar_ros2) StderrLine: {'line': b'      |                  \x1b[01;35m\x1b[K~~~~~~~^~~~~~~~~~~\x1b[m\x1b[K\n'}
[69.539026] (sllidar_ros2) StderrLine: {'line': b'\n'}
[69.545808] (sllidar_ros2) StderrLine: {'line': b'\x1b[01m\x1b[K/home/wjs/cart_ros2/src/sllidar_ros2/sdk/src/sl_lidar_driver.cpp:\x1b[m\x1b[K In member function \xe2\x80\x98\x1b[01m\x1b[Kvirtual sl_result sl::SlamtecLidarDriver::stop(sl_u32)\x1b[m\x1b[K\xe2\x80\x99:\n'}
[69.548490] (sllidar_ros2) StderrLine: {'line': b'\x1b[01m\x1b[K/home/wjs/cart_ros2/src/sllidar_ros2/sdk/src/sl_lidar_driver.cpp:534:31:\x1b[m\x1b[K \x1b[01;35m\x1b[Kwarning: \x1b[m\x1b[Kunused parameter \xe2\x80\x98\x1b[01m\x1b[Ktimeout\x1b[m\x1b[K\xe2\x80\x99 [\x1b[01;35m\x1b[K\x1b]8;;https://gcc.gnu.org/onlinedocs/gcc/Warning-Options.html#index-Wunused-parameter\x07-Wunused-parameter\x1b]8;;\x07\x1b[m\x1b[K]\n'}
[69.548928] (sllidar_ros2) StderrLine: {'line': b'  534 |   sl_result stop(\x1b[01;35m\x1b[Ksl_u32 timeout = DEFAULT_TIMEOUT\x1b[m\x1b[K)\n'}
[69.549399] (sllidar_ros2) StderrLine: {'line': b'      |                  \x1b[01;35m\x1b[K~~~~~~~^~~~~~~~~~~~~~~~~~~~~~~~~\x1b[m\x1b[K\n'}
[69.549707] (sllidar_ros2) StderrLine: {'line': b'\n'}
[69.550355] (sllidar_ros2) StderrLine: {'line': b'\x1b[01m\x1b[K/home/wjs/cart_ros2/src/sllidar_ros2/sdk/src/sl_lidar_driver.cpp:\x1b[m\x1b[K In member function \xe2\x80\x98\x1b[01m\x1b[Kvirtual sl_result sl::SlamtecLidarDriver::getDeviceInfo(sl_lidar_response_device_info_t&, sl_u32)\x1b[m\x1b[K\xe2\x80\x99:\n'}
[69.550646] (sllidar_ros2) StderrLine: {'line': b'\x1b[01m\x1b[K/home/wjs/cart_ros2/src/sllidar_ros2/sdk/src/sl_lidar_driver.cpp:579:79:\x1b[m\x1b[K \x1b[01;35m\x1b[Kwarning: \x1b[m\x1b[Kunused parameter \xe2\x80\x98\x1b[01m\x1b[Ktimeout\x1b[m\x1b[K\xe2\x80\x99 [\x1b[01;35m\x1b[K\x1b]8;;https://gcc.gnu.org/onlinedocs/gcc/Warning-Options.html#index-Wunused-parameter\x07-Wunused-parameter\x1b]8;;\x07\x1b[m\x1b[K]\n'}
[69.551072] (sllidar_ros2) StderrLine: {'line': b'  579 | ce_info_t& info, \x1b[01;35m\x1b[Ksl_u32 timeout = DEFAULT_TIMEOUT\x1b[m\x1b[K)\n'}
[69.551334] (sllidar_ros2) StderrLine: {'line': b'      |                  \x1b[01;35m\x1b[K~~~~~~~^~~~~~~~~~~~~~~~~~~~~~~~~\x1b[m\x1b[K\n'}
[69.551580] (sllidar_ros2) StderrLine: {'line': b'\n'}
[69.551823] (sllidar_ros2) StderrLine: {'line': b'\x1b[01m\x1b[K/home/wjs/cart_ros2/src/sllidar_ros2/sdk/src/sl_lidar_driver.cpp:\x1b[m\x1b[K In member function \xe2\x80\x98\x1b[01m\x1b[Kvirtual sl_result sl::SlamtecLidarDriver::checkMotorCtrlSupport(sl::MotorCtrlSupport&, sl_u32)\x1b[m\x1b[K\xe2\x80\x99:\n'}
[69.552777] (sllidar_ros2) StderrLine: {'line': b'\x1b[01m\x1b[K/home/wjs/cart_ros2/src/sllidar_ros2/sdk/src/sl_lidar_driver.cpp:592:76:\x1b[m\x1b[K \x1b[01;35m\x1b[Kwarning: \x1b[m\x1b[Kunused parameter \xe2\x80\x98\x1b[01m\x1b[Ktimeout\x1b[m\x1b[K\xe2\x80\x99 [\x1b[01;35m\x1b[K\x1b]8;;https://gcc.gnu.org/onlinedocs/gcc/Warning-Options.html#index-Wunused-parameter\x07-Wunused-parameter\x1b]8;;\x07\x1b[m\x1b[K]\n'}
[69.553065] (sllidar_ros2) StderrLine: {'line': b'  592 | pport & support, \x1b[01;35m\x1b[Ksl_u32 timeout = DEFAULT_TIMEOUT\x1b[m\x1b[K)\n'}
[69.553513] (sllidar_ros2) StderrLine: {'line': b'      |                  \x1b[01;35m\x1b[K~~~~~~~^~~~~~~~~~~~~~~~~~~~~~~~~\x1b[m\x1b[K\n'}
[69.553784] (sllidar_ros2) StderrLine: {'line': b'\n'}
[69.554034] (sllidar_ros2) StderrLine: {'line': b'\x1b[01m\x1b[K/home/wjs/cart_ros2/src/sllidar_ros2/sdk/src/sl_lidar_driver.cpp:\x1b[m\x1b[K In member function \xe2\x80\x98\x1b[01m\x1b[Kvirtual sl_result sl::SlamtecLidarDriver::getFrequency(const sl::LidarScanMode&, const sl_lidar_response_measurement_node_hq_t*, size_t, float&)\x1b[m\x1b[K\xe2\x80\x99:\n'}
[69.554310] (sllidar_ros2) StderrLine: {'line': b'\x1b[01m\x1b[K/home/wjs/cart_ros2/src/sllidar_ros2/sdk/src/sl_lidar_driver.cpp:627:110:\x1b[m\x1b[K \x1b[01;35m\x1b[Kwarning: \x1b[m\x1b[Kunused parameter \xe2\x80\x98\x1b[01m\x1b[Knodes\x1b[m\x1b[K\xe2\x80\x99 [\x1b[01;35m\x1b[K\x1b]8;;https://gcc.gnu.org/onlinedocs/gcc/Warning-Options.html#index-Wunused-parameter\x07-Wunused-parameter\x1b]8;;\x07\x1b[m\x1b[K]\n'}
[69.554567] (sllidar_ros2) StderrLine: {'line': b'  627 | \x1b[01;35m\x1b[K_measurement_node_hq_t* nodes\x1b[m\x1b[K, size_t count, float& frequency)\n'}
[69.554812] (sllidar_ros2) StderrLine: {'line': b'      | \x1b[01;35m\x1b[K~~~~~~~~~~~~~~~~~~~~~~~~^~~~~\x1b[m\x1b[K\n'}
[69.555047] (sllidar_ros2) StderrLine: {'line': b'\n'}
[69.555286] (sllidar_ros2) StderrLine: {'line': b'\x1b[01m\x1b[K/home/wjs/cart_ros2/src/sllidar_ros2/sdk/src/sl_lidar_driver.cpp:\x1b[m\x1b[K In member function \xe2\x80\x98\x1b[01m\x1b[Kvirtual sl_result sl::SlamtecLidarDriver::getHealth(sl_lidar_response_device_health_t&, sl_u32)\x1b[m\x1b[K\xe2\x80\x99:\n'}
[69.555603] (sllidar_ros2) StderrLine: {'line': b'\x1b[01m\x1b[K/home/wjs/cart_ros2/src/sllidar_ros2/sdk/src/sl_lidar_driver.cpp:640:79:\x1b[m\x1b[K \x1b[01;35m\x1b[Kwarning: \x1b[m\x1b[Kunused parameter \xe2\x80\x98\x1b[01m\x1b[Ktimeout\x1b[m\x1b[K\xe2\x80\x99 [\x1b[01;35m\x1b[K\x1b]8;;https://gcc.gnu.org/onlinedocs/gcc/Warning-Options.html#index-Wunused-parameter\x07-Wunused-parameter\x1b]8;;\x07\x1b[m\x1b[K]\n'}
[69.555917] (sllidar_ros2) StderrLine: {'line': b'  640 | ealth_t& health, \x1b[01;35m\x1b[Ksl_u32 timeout = DEFAULT_TIMEOUT\x1b[m\x1b[K)\n'}
[69.556164] (sllidar_ros2) StderrLine: {'line': b'      |                  \x1b[01;35m\x1b[K~~~~~~~^~~~~~~~~~~~~~~~~~~~~~~~~\x1b[m\x1b[K\n'}
[69.556415] (sllidar_ros2) StderrLine: {'line': b'\n'}
[69.559181] (sllidar_ros2) StderrLine: {'line': b'\x1b[01m\x1b[K/home/wjs/cart_ros2/src/sllidar_ros2/sdk/src/sl_lidar_driver.cpp:\x1b[m\x1b[K In member function \xe2\x80\x98\x1b[01m\x1b[Kvirtual sl_result sl::SlamtecLidarDriver::getMotorInfo(sl::LidarMotorInfo&, sl_u32)\x1b[m\x1b[K\xe2\x80\x99:\n'}
[69.559939] (sllidar_ros2) StderrLine: {'line': b'\x1b[01m\x1b[K/home/wjs/cart_ros2/src/sllidar_ros2/sdk/src/sl_lidar_driver.cpp:730:66:\x1b[m\x1b[K \x1b[01;35m\x1b[Kwarning: \x1b[m\x1b[Kunused parameter \xe2\x80\x98\x1b[01m\x1b[KtimeoutInMs\x1b[m\x1b[K\xe2\x80\x99 [\x1b[01;35m\x1b[K\x1b]8;;https://gcc.gnu.org/onlinedocs/gcc/Warning-Options.html#index-Wunused-parameter\x07-Wunused-parameter\x1b]8;;\x07\x1b[m\x1b[K]\n'}
[69.560289] (sllidar_ros2) StderrLine: {'line': b'  730 | Info &motorInfo, \x1b[01;35m\x1b[Ksl_u32 timeoutInMs\x1b[m\x1b[K)\n'}
[69.560555] (sllidar_ros2) StderrLine: {'line': b'      |                  \x1b[01;35m\x1b[K~~~~~~~^~~~~~~~~~~\x1b[m\x1b[K\n'}
[69.561076] (sllidar_ros2) StderrLine: {'line': b'\n'}
[69.573348] (sllidar_ros2) StderrLine: {'line': b'\x1b[01m\x1b[K/home/wjs/cart_ros2/src/sllidar_ros2/sdk/src/sl_lidar_driver.cpp:\x1b[m\x1b[K In member function \xe2\x80\x98\x1b[01m\x1b[Ksl_result sl::SlamtecLidarDriver::_sendCommand(sl_u16, const void*, size_t)\x1b[m\x1b[K\xe2\x80\x99:\n'}
[69.574008] (sllidar_ros2) StderrLine: {'line': b'\x1b[01m\x1b[K/home/wjs/cart_ros2/src/sllidar_ros2/sdk/src/sl_lidar_driver.cpp:1089:35:\x1b[m\x1b[K \x1b[01;35m\x1b[Kwarning: \x1b[m\x1b[Kcomparison of integer expressions of different signedness: \xe2\x80\x98\x1b[01m\x1b[Kint\x1b[m\x1b[K\xe2\x80\x99 and \xe2\x80\x98\x1b[01m\x1b[Kstd::vector<unsigned char>::size_type\x1b[m\x1b[K\xe2\x80\x99 {aka \xe2\x80\x98\x1b[01m\x1b[Klong unsigned int\x1b[m\x1b[K\xe2\x80\x99} [\x1b[01;35m\x1b[K\x1b]8;;https://gcc.gnu.org/onlinedocs/gcc/Warning-Options.html#index-Wsign-compare\x07-Wsign-compare\x1b]8;;\x07\x1b[m\x1b[K]\n'}
[69.574443] (sllidar_ros2) StderrLine: {'line': b' 1089 |   for (int pos = 0; \x1b[01;35m\x1b[Kpos < cmd_packet.size()\x1b[m\x1b[K; pos++) {\n'}
[69.574733] (sllidar_ros2) StderrLine: {'line': b'      |                     \x1b[01;35m\x1b[K~~~~^~~~~~~~~~~~~~~~~~~\x1b[m\x1b[K\n'}
[69.574985] (sllidar_ros2) StderrLine: {'line': b'\n'}
[69.575241] (sllidar_ros2) StderrLine: {'line': b'\x1b[01m\x1b[K/home/wjs/cart_ros2/src/sllidar_ros2/sdk/src/sl_lidar_driver.cpp:1058:19:\x1b[m\x1b[K \x1b[01;35m\x1b[Kwarning: \x1b[m\x1b[Kunused variable \xe2\x80\x98\x1b[01m\x1b[Kpkt_header\x1b[m\x1b[K\xe2\x80\x99 [\x1b[01;35m\x1b[K\x1b]8;;https://gcc.gnu.org/onlinedocs/gcc/Warning-Options.html#index-Wunused-variable\x07-Wunused-variable\x1b]8;;\x07\x1b[m\x1b[K]\n'}
[69.575509] (sllidar_ros2) StderrLine: {'line': b' 1058 |             sl_u8 \x1b[01;35m\x1b[Kpkt_header\x1b[m\x1b[K[10];\n'}
[69.575787] (sllidar_ros2) StderrLine: {'line': b'      |                   \x1b[01;35m\x1b[K^~~~~~~~~~\x1b[m\x1b[K\n'}
[69.583927] (sllidar_ros2) StderrLine: {'line': b'\x1b[01m\x1b[K/home/wjs/cart_ros2/src/sllidar_ros2/sdk/src/sl_lidar_driver.cpp:\x1b[m\x1b[K In member function \xe2\x80\x98\x1b[01m\x1b[Kvoid sl::SlamtecLidarDriver::_ultraCapsuleToNormal(const sl_lidar_response_ultra_capsule_measurement_nodes_t&, sl_lidar_response_measurement_node_hq_t*, size_t&)\x1b[m\x1b[K\xe2\x80\x99:\n'}
[69.584716] (sllidar_ros2) StderrLine: {'line': b'\x1b[01m\x1b[K/home/wjs/cart_ros2/src/sllidar_ros2/sdk/src/sl_lidar_driver.cpp:1370:40:\x1b[m\x1b[K \x1b[01;35m\x1b[Kwarning: \x1b[m\x1b[Kcomparison of integer expressions of different signedness: \xe2\x80\x98\x1b[01m\x1b[Kint\x1b[m\x1b[K\xe2\x80\x99 and \xe2\x80\x98\x1b[01m\x1b[Kunsigned int\x1b[m\x1b[K\xe2\x80\x99 [\x1b[01;35m\x1b[K\x1b]8;;https://gcc.gnu.org/onlinedocs/gcc/Warning-Options.html#index-Wsign-compare\x07-Wsign-compare\x1b]8;;\x07\x1b[m\x1b[K]\n'}
[69.585329] (sllidar_ros2) StderrLine: {'line': b' 1370 |      if ((\x1b[01;35m\x1b[Kdist_predict1 == 0xFFFFFE00\x1b[m\x1b[K) || (dist_predict1 == 0x1FF)) {\n'}
[69.585669] (sllidar_ros2) StderrLine: {'line': b'      |           \x1b[01;35m\x1b[K~~~~~~~~~~~~~~^~~~~~~~~~~~~\x1b[m\x1b[K\n'}
[69.585941] (sllidar_ros2) StderrLine: {'line': b'\n'}
[69.586202] (sllidar_ros2) StderrLine: {'line': b'\x1b[01m\x1b[K/home/wjs/cart_ros2/src/sllidar_ros2/sdk/src/sl_lidar_driver.cpp:1379:40:\x1b[m\x1b[K \x1b[01;35m\x1b[Kwarning: \x1b[m\x1b[Kcomparison of integer expressions of different signedness: \xe2\x80\x98\x1b[01m\x1b[Kint\x1b[m\x1b[K\xe2\x80\x99 and \xe2\x80\x98\x1b[01m\x1b[Kunsigned int\x1b[m\x1b[K\xe2\x80\x99 [\x1b[01;35m\x1b[K\x1b]8;;https://gcc.gnu.org/onlinedocs/gcc/Warning-Options.html#index-Wsign-compare\x07-Wsign-compare\x1b]8;;\x07\x1b[m\x1b[K]\n'}
[69.586473] (sllidar_ros2) StderrLine: {'line': b' 1379 |      if ((\x1b[01;35m\x1b[Kdist_predict2 == 0xFFFFFE00\x1b[m\x1b[K) || (dist_predict2 == 0x1FF)) {\n'}
[69.586704] (sllidar_ros2) StderrLine: {'line': b'      |           \x1b[01;35m\x1b[K~~~~~~~~~~~~~~^~~~~~~~~~~~~\x1b[m\x1b[K\n'}
[69.586936] (sllidar_ros2) StderrLine: {'line': b'\n'}
[69.593555] (sllidar_ros2) StderrLine: {'line': b'\x1b[01m\x1b[K/home/wjs/cart_ros2/src/sllidar_ros2/sdk/src/sl_lidar_driver.cpp:\x1b[m\x1b[K In member function \xe2\x80\x98\x1b[01m\x1b[Kvoid sl::SlamtecLidarDriver::_dense_capsuleToNormal(const sl_lidar_response_capsule_measurement_nodes_t&, sl_lidar_response_measurement_node_hq_t*, size_t&)\x1b[m\x1b[K\xe2\x80\x99:\n'}
[69.594346] (sllidar_ros2) StderrLine: {'line': b'\x1b[01m\x1b[K/home/wjs/cart_ros2/src/sllidar_ros2/sdk/src/sl_lidar_driver.cpp:1577:38:\x1b[m\x1b[K \x1b[01;35m\x1b[Kwarning: \x1b[m\x1b[Ktype qualifiers ignored on cast result type [\x1b[01;35m\x1b[K\x1b]8;;https://gcc.gnu.org/onlinedocs/gcc/Warning-Options.html#index-Wignored-qualifiers\x07-Wignored-qualifiers\x1b]8;;\x07\x1b[m\x1b[K]\n'}
[69.594713] (sllidar_ros2) StderrLine: {'line': b' 1577 |        const int dist = \x1b[01;35m\x1b[Kstatic_cast<const int>(_cached_previous_dense_capsuledata.cabins[pos].distance)\x1b[m\x1b[K;\n'}
[69.596168] (sllidar_ros2) StderrLine: {'line': b'      |                         \x1b[01;35m\x1b[K^~~~~~~~~~~~~~~~~~~~~~~~~~~~~~~~~~~~~~~~~~~~~~~~~~~~~~~~~~~~~~~~~~~~~~~~~~~~~~~\x1b[m\x1b[K\n'}
[69.596505] (sllidar_ros2) StderrLine: {'line': b'\n'}
[69.629348] (-) TimerEvent: {}
[69.713722] (sllidar_ros2) StderrLine: {'line': b'/home/wjs/cart_ros2/src/sllidar_ros2/sdk/src/sl_lidar_driver.cpp: In instantiation of \xe2\x80\x98\x1b[01m\x1b[Ksl_result sl::ascendScanData_(TNode*, size_t) [with TNode = sl_lidar_response_measurement_node_hq_t; sl_result = unsigned int; size_t = long unsigned int]\x1b[m\x1b[K\xe2\x80\x99:\n'}
[69.714390] (sllidar_ros2) StderrLine: {'line': b'\x1b[01m\x1b[K/home/wjs/cart_ros2/src/sllidar_ros2/sdk/src/sl_lidar_driver.cpp:677:94:\x1b[m\x1b[K   required from here\n'}
[69.714689] (sllidar_ros2) StderrLine: {'line': b'\x1b[01m\x1b[K/home/wjs/cart_ros2/src/sllidar_ros2/sdk/src/sl_lidar_driver.cpp:178:31:\x1b[m\x1b[K \x1b[01;35m\x1b[Kwarning: \x1b[m\x1b[Kcomparison of unsigned expression in \xe2\x80\x98\x1b[01m\x1b[K>= 0\x1b[m\x1b[K\xe2\x80\x99 is always true [\x1b[01;35m\x1b[K\x1b]8;;https://gcc.gnu.org/onlinedocs/gcc/Warning-Options.html#index-Wtype-limits\x07-Wtype-limits\x1b]8;;\x07\x1b[m\x1b[K]\n'}
[69.714989] (sllidar_ros2) StderrLine: {'line': b'  178 |   for (i = count - 1; \x1b[01;35m\x1b[Ki >= 0\x1b[m\x1b[K; i--) {\n'}
[69.715236] (sllidar_ros2) StderrLine: {'line': b'      |                       \x1b[01;35m\x1b[K~~^~~~\x1b[m\x1b[K\n'}
[69.715541] (sllidar_ros2) StderrLine: {'line': b'\n'}
[69.729600] (-) TimerEvent: {}
[69.800576] (stella_ahrs) StdoutLine: {'line': b'-- Looking for pthread_create in pthread - found\n'}
[69.816237] (stella_ahrs) StdoutLine: {'line': b'-- Found Threads: TRUE  \n'}
[69.829898] (-) TimerEvent: {}
[69.931545] (-) TimerEvent: {}
[70.009923] (sllidar_ros2) StderrLine: {'line': b'\x1b[01m\x1b[K/home/wjs/cart_ros2/src/sllidar_ros2/sdk/src/sl_lidar_driver.cpp:\x1b[m\x1b[K At global scope:\n'}
[70.010616] (sllidar_ros2) StderrLine: {'line': b'\x1b[01m\x1b[K/home/wjs/cart_ros2/src/sllidar_ros2/sdk/src/sl_lidar_driver.cpp:72:17:\x1b[m\x1b[K \x1b[01;35m\x1b[Kwarning: \x1b[m\x1b[K\xe2\x80\x98\x1b[01m\x1b[Kvoid sl::convert(const sl_lidar_response_measurement_node_hq_t&, sl_lidar_response_measurement_node_t&)\x1b[m\x1b[K\xe2\x80\x99 defined but not used [\x1b[01;35m\x1b[K\x1b]8;;https://gcc.gnu.org/onlinedocs/gcc/Warning-Options.html#index-Wunused-function\x07-Wunused-function\x1b]8;;\x07\x1b[m\x1b[K]\n'}
[70.010958] (sllidar_ros2) StderrLine: {'line': b'   72 |     static void \x1b[01;35m\x1b[Kconvert\x1b[m\x1b[K(const sl_lidar_response_measurement_node_hq_t& from, sl_lidar_response_measurement_node_t& to)\n'}
[70.011229] (sllidar_ros2) StderrLine: {'line': b'      |                 \x1b[01;35m\x1b[K^~~~~~~\x1b[m\x1b[K\n'}
[70.011468] (sllidar_ros2) StderrLine: {'line': b'\x1b[01m\x1b[K/home/wjs/cart_ros2/src/sllidar_ros2/sdk/src/sl_lidar_driver.cpp:59:17:\x1b[m\x1b[K \x1b[01;35m\x1b[Kwarning: \x1b[m\x1b[K\xe2\x80\x98\x1b[01m\x1b[Kvoid sl::printDeprecationWarn(const char*, const char*)\x1b[m\x1b[K\xe2\x80\x99 defined but not used [\x1b[01;35m\x1b[K\x1b]8;;https://gcc.gnu.org/onlinedocs/gcc/Warning-Options.html#index-Wunused-function\x07-Wunused-function\x1b]8;;\x07\x1b[m\x1b[K]\n'}
[70.011714] (sllidar_ros2) StderrLine: {'line': b'   59 |     static void \x1b[01;35m\x1b[KprintDeprecationWarn\x1b[m\x1b[K(const char* fn, const char* replacement)\n'}
[70.011955] (sllidar_ros2) StderrLine: {'line': b'      |                 \x1b[01;35m\x1b[K^~~~~~~~~~~~~~~~~~~~\x1b[m\x1b[K\n'}
[70.031826] (-) TimerEvent: {}
[70.132868] (-) TimerEvent: {}
[70.234530] (-) TimerEvent: {}
[70.335487] (-) TimerEvent: {}
[70.436439] (-) TimerEvent: {}
[70.494743] (stella_ahrs) StdoutLine: {'line': b'-- Found sensor_msgs: 2.2.4 (/opt/ros/galactic/share/sensor_msgs/cmake)\n'}
[70.537757] (-) TimerEvent: {}
[70.638829] (-) TimerEvent: {}
[70.739768] (-) TimerEvent: {}
[70.840769] (-) TimerEvent: {}
[70.941819] (-) TimerEvent: {}
[70.956839] (stella_ahrs) StdoutLine: {'line': b'-- Found tf2: 0.17.5 (/opt/ros/galactic/share/tf2/cmake)\n'}
[71.004883] (stella_ahrs) StdoutLine: {'line': b'-- Found tf2_ros: 0.17.5 (/opt/ros/galactic/share/tf2_ros/cmake)\n'}
[71.042059] (-) TimerEvent: {}
[71.078803] (sllidar_ros2) StdoutLine: {'line': b'[ 57%] \x1b[32mBuilding CXX object CMakeFiles/sllidar_node.dir/sdk/src/sl_serial_channel.cpp.o\x1b[0m\n'}
[71.121023] (sllidar_ros2) StderrLine: {'line': b'\x1b[01m\x1b[K/home/wjs/cart_ros2/src/sllidar_ros2/sdk/src/sl_serial_channel.cpp:33:9:\x1b[m\x1b[K \x1b[01;35m\x1b[Kwarning: \x1b[m\x1b[K#pragma once in main file\n'}
[71.121866] (sllidar_ros2) StderrLine: {'line': b'   33 | #pragma \x1b[01;35m\x1b[Konce\x1b[m\x1b[K\n'}
[71.122213] (sllidar_ros2) StderrLine: {'line': b'      |         \x1b[01;35m\x1b[K^~~~\x1b[m\x1b[K\n'}
[71.142330] (-) TimerEvent: {}
[71.243304] (-) TimerEvent: {}
[71.344310] (-) TimerEvent: {}
[71.445413] (-) TimerEvent: {}
[71.546453] (-) TimerEvent: {}
[71.647466] (-) TimerEvent: {}
[71.649685] (laser_filters) StdoutLine: {'line': b'[ 14%] \x1b[32m\x1b[1mLinking CXX shared library liblaser_scan_filters.so\x1b[0m\n'}
[71.747765] (-) TimerEvent: {}
[71.848867] (-) TimerEvent: {}
[71.950050] (-) TimerEvent: {}
[72.051048] (-) TimerEvent: {}
[72.094083] (sllidar_ros2) StderrLine: {'line': b'In file included from \x1b[01m\x1b[K/home/wjs/cart_ros2/src/sllidar_ros2/./sdk/include/sl_lidar_cmd.h:36\x1b[m\x1b[K,\n'}
[72.094817] (sllidar_ros2) StderrLine: {'line': b'                 from \x1b[01m\x1b[K/home/wjs/cart_ros2/src/sllidar_ros2/./sdk/include/sl_lidar_driver.h:54\x1b[m\x1b[K,\n'}
[72.095177] (sllidar_ros2) StderrLine: {'line': b'                 from \x1b[01m\x1b[K/home/wjs/cart_ros2/src/sllidar_ros2/sdk/src/sl_serial_channel.cpp:34\x1b[m\x1b[K:\n'}
[72.095951] (sllidar_ros2) StderrLine: {'line': b'\x1b[01m\x1b[K/home/wjs/cart_ros2/src/sllidar_ros2/./sdk/include/sl_lidar_protocol.h:58:16:\x1b[m\x1b[K \x1b[01;35m\x1b[Kwarning: \x1b[m\x1b[KISO C++ forbids zero-size array \xe2\x80\x98\x1b[01m\x1b[Kdata\x1b[m\x1b[K\xe2\x80\x99 [\x1b[01;35m\x1b[K\x1b]8;;https://gcc.gnu.org/onlinedocs/gcc/Warning-Options.html#index-Wpedantic\x07-Wpedantic\x1b]8;;\x07\x1b[m\x1b[K]\n'}
[72.096279] (sllidar_ros2) StderrLine: {'line': b'   58 |     sl_u8 data[\x1b[01;35m\x1b[K0\x1b[m\x1b[K];\n'}
[72.096553] (sllidar_ros2) StderrLine: {'line': b'      |                \x1b[01;35m\x1b[K^\x1b[m\x1b[K\n'}
[72.096828] (sllidar_ros2) StderrLine: {'line': b'In file included from \x1b[01m\x1b[K/home/wjs/cart_ros2/src/sllidar_ros2/./sdk/include/sl_lidar_driver.h:54\x1b[m\x1b[K,\n'}
[72.097086] (sllidar_ros2) StderrLine: {'line': b'                 from \x1b[01m\x1b[K/home/wjs/cart_ros2/src/sllidar_ros2/sdk/src/sl_serial_channel.cpp:34\x1b[m\x1b[K:\n'}
[72.097548] (sllidar_ros2) StderrLine: {'line': b'\x1b[01m\x1b[K/home/wjs/cart_ros2/src/sllidar_ros2/./sdk/include/sl_lidar_cmd.h:295:20:\x1b[m\x1b[K \x1b[01;35m\x1b[Kwarning: \x1b[m\x1b[KISO C++ forbids zero-size array \xe2\x80\x98\x1b[01m\x1b[Kpayload\x1b[m\x1b[K\xe2\x80\x99 [\x1b[01;35m\x1b[K\x1b]8;;https://gcc.gnu.org/onlinedocs/gcc/Warning-Options.html#index-Wpedantic\x07-Wpedantic\x1b]8;;\x07\x1b[m\x1b[K]\n'}
[72.097855] (sllidar_ros2) StderrLine: {'line': b'  295 |     sl_u8  payload[\x1b[01;35m\x1b[K0\x1b[m\x1b[K];\n'}
[72.098124] (sllidar_ros2) StderrLine: {'line': b'      |                    \x1b[01;35m\x1b[K^\x1b[m\x1b[K\n'}
[72.151300] (-) TimerEvent: {}
[72.252357] (-) TimerEvent: {}
[72.353411] (-) TimerEvent: {}
[72.454429] (-) TimerEvent: {}
[72.541599] (sllidar_ros2) StdoutLine: {'line': b'[ 64%] \x1b[32mBuilding CXX object CMakeFiles/sllidar_node.dir/sdk/src/sl_tcp_channel.cpp.o\x1b[0m\n'}
[72.554654] (-) TimerEvent: {}
[72.585179] (sllidar_ros2) StderrLine: {'line': b'\x1b[01m\x1b[K/home/wjs/cart_ros2/src/sllidar_ros2/sdk/src/sl_tcp_channel.cpp:33:9:\x1b[m\x1b[K \x1b[01;35m\x1b[Kwarning: \x1b[m\x1b[K#pragma once in main file\n'}
[72.585905] (sllidar_ros2) StderrLine: {'line': b'   33 | #pragma \x1b[01;35m\x1b[Konce\x1b[m\x1b[K\n'}
[72.586262] (sllidar_ros2) StderrLine: {'line': b'      |         \x1b[01;35m\x1b[K^~~~\x1b[m\x1b[K\n'}
[72.654955] (-) TimerEvent: {}
[72.691163] (stella_ahrs) StdoutLine: {'line': b'-- Configuring done\n'}
[72.753957] (stella_ahrs) StdoutLine: {'line': b'-- Generating done\n'}
[72.755094] (-) TimerEvent: {}
[72.791405] (stella_ahrs) StdoutLine: {'line': b'-- Build files have been written to: /home/wjs/cart_ros2/build/stella_ahrs\n'}
[72.837401] (stella_ahrs) CommandEnded: {'returncode': 0}
[72.840242] (stella_ahrs) JobProgress: {'identifier': 'stella_ahrs', 'progress': 'build'}
[72.841992] (stella_ahrs) Command: {'cmd': ['/usr/bin/cmake', '--build', '/home/wjs/cart_ros2/build/stella_ahrs', '--', '-j4', '-l4'], 'cwd': '/home/wjs/cart_ros2/build/stella_ahrs', 'env': OrderedDict([('LESSOPEN', '| /usr/bin/lesspipe %s'), ('USER', 'wjs'), ('SSH_AGENT_PID', '4023'), ('XDG_SESSION_TYPE', 'x11'), ('PIP_CACHE_DIR', '/mnt/sdcard/.cache/pip'), ('XDG_CACHE_HOME', '/mnt/sdcard/.cache'), ('SHLVL', '1'), ('LD_LIBRARY_PATH', '/opt/opencv-4.5.5-cuda/lib:/home/wjs/cart_ros2/install/lib:/home/wjs/tb3_tpl_ws/install/lib:/opt/ros/galactic/opt/yaml_cpp_vendor/lib:/opt/ros/galactic/opt/rviz_ogre_vendor/lib:/opt/ros/galactic/lib/aarch64-linux-gnu:/opt/ros/galactic/lib:/usr/local/cuda-11.4/lib64:'), ('HOME', '/home/wjs'), ('CYCLONEDDS_URI', 'file:///home/wjs/cyclonedds_lo.xml'), ('OLDPWD', '/home/wjs'), ('DESKTOP_SESSION', 'ubuntu'), ('JETSON_L4T', '35.6.3'), ('ROS_PYTHON_VERSION', '3'), ('GNOME_SHELL_SESSION_MODE', 'ubuntu'), ('GTK_MODULES', 'gail:atk-bridge'), ('JETSON_MODEL', 'Jetson-AGX'), ('MANAGERPID', '3877'), ('DBUS_SESSION_BUS_ADDRESS', 'unix:path=/run/user/1000/bus'), ('COLORTERM', 'truecolor'), ('TERMINATOR_DBUS_NAME', 'net.tenshu.Terminator23558193cd9818af7fe4d2c2f5bd9d00f'), ('GIO_LAUNCHED_DESKTOP_FILE_PID', '6835'), ('IM_CONFIG_PHASE', '1'), ('TMPDIR', '/mnt/sdcard/tmp'), ('COLCON_PREFIX_PATH', '/home/wjs/tb3_tpl_ws/install:/home/wjs/cart_ros2/install'), ('TORCH_HOME', '/mnt/sdcard/.cache/torch'), ('ROS_DISTRO', 'galactic'), ('LOGNAME', 'wjs'), ('JETSON_MODULE', 'NVIDIA Jetson AGX Xavier (32 GB ram)'), ('JETSON_SERIAL_NUMBER', '1423420009543'), ('JOURNAL_STREAM', '8:75457'), ('_', '/usr/bin/colcon'), ('ROS_VERSION', '2'), ('JETSON_CODENAME', 'Galen'), ('XDG_SESSION_CLASS', 'user'), ('USERNAME', 'wjs'), ('TERM', 'xterm-256color'), ('GNOME_DESKTOP_SESSION_ID', 'this-is-deprecated'), ('ROS_LOCALHOST_ONLY', '1'), ('WINDOWPATH', '2'), ('PATH', '/opt/ros/galactic/bin:/usr/local/cuda-11.4/bin:/home/wjs/.local/bin:/usr/local/sbin:/usr/local/bin:/usr/sbin:/usr/bin:/sbin:/bin:/usr/games:/usr/local/games:/snap/bin'), ('SESSION_MANAGER', 'local/ubuntu:@/tmp/.ICE-unix/4058,unix/ubuntu:/tmp/.ICE-unix/4058'), ('INVOCATION_ID', 'da0bea70aefc4c20b47af68647634234'), ('XDG_MENU_PREFIX', 'gnome-'), ('XDG_RUNTIME_DIR', '/run/user/1000'), ('DISPLAY', ':1'), ('TERMINATOR_DBUS_PATH', '/net/tenshu/Terminator2'), ('LANG', 'en_US.UTF-8'), ('XDG_CURRENT_DESKTOP', 'ubuntu:GNOME'), ('RMW_IMPLEMENTATION', 'rmw_cyclonedds_cpp'), ('XMODIFIERS', '@im=ibus'), ('XDG_SESSION_DESKTOP', 'ubuntu'), ('XAUTHORITY', '/run/user/1000/gdm/Xauthority'), ('LS_COLORS', 'rs=0:di=01;34:ln=01;36:mh=00:pi=40;33:so=01;35:do=01;35:bd=40;33;01:cd=40;33;01:or=40;31;01:mi=00:su=37;41:sg=30;43:ca=30;41:tw=30;42:ow=34;42:st=37;44:ex=01;32:*.tar=01;31:*.tgz=01;31:*.arc=01;31:*.arj=01;31:*.taz=01;31:*.lha=01;31:*.lz4=01;31:*.lzh=01;31:*.lzma=01;31:*.tlz=01;31:*.txz=01;31:*.tzo=01;31:*.t7z=01;31:*.zip=01;31:*.z=01;31:*.dz=01;31:*.gz=01;31:*.lrz=01;31:*.lz=01;31:*.lzo=01;31:*.xz=01;31:*.zst=01;31:*.tzst=01;31:*.bz2=01;31:*.bz=01;31:*.tbz=01;31:*.tbz2=01;31:*.tz=01;31:*.deb=01;31:*.rpm=01;31:*.jar=01;31:*.war=01;31:*.ear=01;31:*.sar=01;31:*.rar=01;31:*.alz=01;31:*.ace=01;31:*.zoo=01;31:*.cpio=01;31:*.7z=01;31:*.rz=01;31:*.cab=01;31:*.wim=01;31:*.swm=01;31:*.dwm=01;31:*.esd=01;31:*.jpg=01;35:*.jpeg=01;35:*.mjpg=01;35:*.mjpeg=01;35:*.gif=01;35:*.bmp=01;35:*.pbm=01;35:*.pgm=01;35:*.ppm=01;35:*.tga=01;35:*.xbm=01;35:*.xpm=01;35:*.tif=01;35:*.tiff=01;35:*.png=01;35:*.svg=01;35:*.svgz=01;35:*.mng=01;35:*.pcx=01;35:*.mov=01;35:*.mpg=01;35:*.mpeg=01;35:*.m2v=01;35:*.mkv=01;35:*.webm=01;35:*.ogm=01;35:*.mp4=01;35:*.m4v=01;35:*.mp4v=01;35:*.vob=01;35:*.qt=01;35:*.nuv=01;35:*.wmv=01;35:*.asf=01;35:*.rm=01;35:*.rmvb=01;35:*.flc=01;35:*.avi=01;35:*.fli=01;35:*.flv=01;35:*.gl=01;35:*.dl=01;35:*.xcf=01;35:*.xwd=01;35:*.yuv=01;35:*.cgm=01;35:*.emf=01;35:*.ogv=01;35:*.ogx=01;35:*.aac=00;36:*.au=00;36:*.flac=00;36:*.m4a=00;36:*.mid=00;36:*.midi=00;36:*.mka=00;36:*.mp3=00;36:*.mpc=00;36:*.ogg=00;36:*.ra=00;36:*.wav=00;36:*.oga=00;36:*.opus=00;36:*.spx=00;36:*.xspf=00;36:'), ('JETSON_SOC', 'tegra194'), ('SSH_AUTH_SOCK', '/run/user/1000/keyring/ssh'), ('ROS_DOMAIN_ID', '35'), ('AMENT_PREFIX_PATH', '/home/wjs/cart_ros2/install:/home/wjs/tb3_tpl_ws/install:/opt/ros/galactic'), ('SHELL', '/bin/bash'), ('TERMINATOR_UUID', 'urn:uuid:1409ebbf-e917-4bfd-a3f8-4e94c2694854'), ('QT_ACCESSIBILITY', '1'), ('GDMSESSION', 'ubuntu'), ('LESSCLOSE', '/usr/bin/lesspipe %s %s'), ('GPG_AGENT_INFO', '/run/user/1000/gnupg/S.gpg-agent:0:1'), ('QT_IM_MODULE', 'ibus'), ('JETSON_CUDA_ARCH_BIN', '7.2'), ('PWD', '/home/wjs/cart_ros2/build/stella_ahrs'), ('XDG_CONFIG_DIRS', '/etc/xdg/xdg-ubuntu:/etc/xdg'), ('XDG_DATA_DIRS', '/usr/share/ubuntu:/usr/local/share/:/usr/share/:/var/lib/snapd/desktop'), ('PYTHONPATH', '/opt/opencv-4.5.5-cuda/lib/python3.8/site-packages:/home/wjs/cart_ros2/build/differential_drive/src:/home/wjs/cart_ros2/build/arduino_ros2:/home/wjs/cart_ros2/build/agv_body:/home/wjs/cart_ros2/install/lib/python3.8/site-packages:/home/wjs/tb3_tpl_ws/build/turtlebot3_teleop:/home/wjs/tb3_tpl_ws/install/lib/python3.8/site-packages:/opt/ros/galactic/lib/python3.8/site-packages'), ('COLCON', '1'), ('VTE_VERSION', '6003'), ('JETSON_JETPACK', '5.1.7'), ('CMAKE_PREFIX_PATH', '/home/wjs/cart_ros2/install:/home/wjs/tb3_tpl_ws/install:/opt/ros/galactic'), ('JETSON_P_NUMBER', 'p2888-0004')]), 'shell': False}
[72.855680] (-) TimerEvent: {}
[72.963487] (-) TimerEvent: {}
[73.064557] (-) TimerEvent: {}
[73.130617] (stella_ahrs) StdoutLine: {'line': b'\x1b[35m\x1b[1mScanning dependencies of target stella_ahrs_node\x1b[0m\n'}
[73.164824] (-) TimerEvent: {}
[73.267765] (laser_filters) StdoutLine: {'line': b'[ 14%] Built target laser_scan_filters\n'}
[73.271297] (-) TimerEvent: {}
[73.335294] (laser_filters) StdoutLine: {'line': b'\x1b[35m\x1b[1mScanning dependencies of target gtest_main\x1b[0m\n'}
[73.371573] (-) TimerEvent: {}
[73.446656] (stella_ahrs) StdoutLine: {'line': b'[ 16%] \x1b[32mBuilding CXX object CMakeFiles/stella_ahrs_node.dir/src/listener.cpp.o\x1b[0m\n'}
[73.452111] (laser_filters) StdoutLine: {'line': b'[ 21%] \x1b[32mBuilding CXX object gtest/CMakeFiles/gtest_main.dir/src/gtest_main.cc.o\x1b[0m\n'}
[73.471848] (-) TimerEvent: {}
[73.485743] (sllidar_ros2) StderrLine: {'line': b'In file included from \x1b[01m\x1b[K/home/wjs/cart_ros2/src/sllidar_ros2/./sdk/include/sl_lidar_cmd.h:36\x1b[m\x1b[K,\n'}
[73.486945] (sllidar_ros2) StderrLine: {'line': b'                 from \x1b[01m\x1b[K/home/wjs/cart_ros2/src/sllidar_ros2/./sdk/include/sl_lidar_driver.h:54\x1b[m\x1b[K,\n'}
[73.487346] (sllidar_ros2) StderrLine: {'line': b'                 from \x1b[01m\x1b[K/home/wjs/cart_ros2/src/sllidar_ros2/sdk/src/sl_tcp_channel.cpp:34\x1b[m\x1b[K:\n'}
[73.487624] (sllidar_ros2) StderrLine: {'line': b'\x1b[01m\x1b[K/home/wjs/cart_ros2/src/sllidar_ros2/./sdk/include/sl_lidar_protocol.h:58:16:\x1b[m\x1b[K \x1b[01;35m\x1b[Kwarning: \x1b[m\x1b[KISO C++ forbids zero-size array \xe2\x80\x98\x1b[01m\x1b[Kdata\x1b[m\x1b[K\xe2\x80\x99 [\x1b[01;35m\x1b[K\x1b]8;;https://gcc.gnu.org/onlinedocs/gcc/Warning-Options.html#index-Wpedantic\x07-Wpedantic\x1b]8;;\x07\x1b[m\x1b[K]\n'}
[73.487921] (sllidar_ros2) StderrLine: {'line': b'   58 |     sl_u8 data[\x1b[01;35m\x1b[K0\x1b[m\x1b[K];\n'}
[73.488163] (sllidar_ros2) StderrLine: {'line': b'      |                \x1b[01;35m\x1b[K^\x1b[m\x1b[K\n'}
[73.488722] (sllidar_ros2) StderrLine: {'line': b'In file included from \x1b[01m\x1b[K/home/wjs/cart_ros2/src/sllidar_ros2/./sdk/include/sl_lidar_driver.h:54\x1b[m\x1b[K,\n'}
[73.489015] (sllidar_ros2) StderrLine: {'line': b'                 from \x1b[01m\x1b[K/home/wjs/cart_ros2/src/sllidar_ros2/sdk/src/sl_tcp_channel.cpp:34\x1b[m\x1b[K:\n'}
[73.489471] (sllidar_ros2) StderrLine: {'line': b'\x1b[01m\x1b[K/home/wjs/cart_ros2/src/sllidar_ros2/./sdk/include/sl_lidar_cmd.h:295:20:\x1b[m\x1b[K \x1b[01;35m\x1b[Kwarning: \x1b[m\x1b[KISO C++ forbids zero-size array \xe2\x80\x98\x1b[01m\x1b[Kpayload\x1b[m\x1b[K\xe2\x80\x99 [\x1b[01;35m\x1b[K\x1b]8;;https://gcc.gnu.org/onlinedocs/gcc/Warning-Options.html#index-Wpedantic\x07-Wpedantic\x1b]8;;\x07\x1b[m\x1b[K]\n'}
[73.489841] (sllidar_ros2) StderrLine: {'line': b'  295 |     sl_u8  payload[\x1b[01;35m\x1b[K0\x1b[m\x1b[K];\n'}
[73.490090] (sllidar_ros2) StderrLine: {'line': b'      |                    \x1b[01;35m\x1b[K^\x1b[m\x1b[K\n'}
[73.506029] (sllidar_ros2) StderrLine: {'line': b'\x1b[01m\x1b[K/home/wjs/cart_ros2/src/sllidar_ros2/sdk/src/sl_tcp_channel.cpp:\x1b[m\x1b[K In member function \xe2\x80\x98\x1b[01m\x1b[Kvoid sl::TcpChannel::setStatus(_u32)\x1b[m\x1b[K\xe2\x80\x99:\n'}
[73.506722] (sllidar_ros2) StderrLine: {'line': b'\x1b[01m\x1b[K/home/wjs/cart_ros2/src/sllidar_ros2/sdk/src/sl_tcp_channel.cpp:95:29:\x1b[m\x1b[K \x1b[01;35m\x1b[Kwarning: \x1b[m\x1b[Kunused parameter \xe2\x80\x98\x1b[01m\x1b[Kflag\x1b[m\x1b[K\xe2\x80\x99 [\x1b[01;35m\x1b[K\x1b]8;;https://gcc.gnu.org/onlinedocs/gcc/Warning-Options.html#index-Wunused-parameter\x07-Wunused-parameter\x1b]8;;\x07\x1b[m\x1b[K]\n'}
[73.507064] (sllidar_ros2) StderrLine: {'line': b'   95 |         void setStatus(\x1b[01;35m\x1b[K_u32 flag\x1b[m\x1b[K){}\n'}
[73.507330] (sllidar_ros2) StderrLine: {'line': b'      |                        \x1b[01;35m\x1b[K~~~~~^~~~\x1b[m\x1b[K\n'}
[73.572128] (-) TimerEvent: {}
[73.673254] (-) TimerEvent: {}
[73.774267] (-) TimerEvent: {}
[73.875333] (-) TimerEvent: {}
[73.901642] (sllidar_ros2) StdoutLine: {'line': b'[ 71%] \x1b[32mBuilding CXX object CMakeFiles/sllidar_node.dir/sdk/src/sl_udp_channel.cpp.o\x1b[0m\n'}
[73.945721] (sllidar_ros2) StderrLine: {'line': b'\x1b[01m\x1b[K/home/wjs/cart_ros2/src/sllidar_ros2/sdk/src/sl_udp_channel.cpp:33:9:\x1b[m\x1b[K \x1b[01;35m\x1b[Kwarning: \x1b[m\x1b[K#pragma once in main file\n'}
[73.946412] (sllidar_ros2) StderrLine: {'line': b'   33 | #pragma \x1b[01;35m\x1b[Konce\x1b[m\x1b[K\n'}
[73.946712] (sllidar_ros2) StderrLine: {'line': b'      |         \x1b[01;35m\x1b[K^~~~\x1b[m\x1b[K\n'}
[73.975598] (-) TimerEvent: {}
[74.076658] (-) TimerEvent: {}
[74.177854] (-) TimerEvent: {}
[74.278890] (-) TimerEvent: {}
[74.379971] (-) TimerEvent: {}
[74.481036] (-) TimerEvent: {}
[74.582192] (-) TimerEvent: {}
[74.683203] (-) TimerEvent: {}
[74.784271] (-) TimerEvent: {}
[74.844144] (sllidar_ros2) StderrLine: {'line': b'In file included from \x1b[01m\x1b[K/home/wjs/cart_ros2/src/sllidar_ros2/./sdk/include/sl_lidar_cmd.h:36\x1b[m\x1b[K,\n'}
[74.844928] (sllidar_ros2) StderrLine: {'line': b'                 from \x1b[01m\x1b[K/home/wjs/cart_ros2/src/sllidar_ros2/./sdk/include/sl_lidar_driver.h:54\x1b[m\x1b[K,\n'}
[74.845382] (sllidar_ros2) StderrLine: {'line': b'                 from \x1b[01m\x1b[K/home/wjs/cart_ros2/src/sllidar_ros2/sdk/src/sl_udp_channel.cpp:34\x1b[m\x1b[K:\n'}
[74.845743] (sllidar_ros2) StderrLine: {'line': b'\x1b[01m\x1b[K/home/wjs/cart_ros2/src/sllidar_ros2/./sdk/include/sl_lidar_protocol.h:58:16:\x1b[m\x1b[K \x1b[01;35m\x1b[Kwarning: \x1b[m\x1b[KISO C++ forbids zero-size array \xe2\x80\x98\x1b[01m\x1b[Kdata\x1b[m\x1b[K\xe2\x80\x99 [\x1b[01;35m\x1b[K\x1b]8;;https://gcc.gnu.org/onlinedocs/gcc/Warning-Options.html#index-Wpedantic\x07-Wpedantic\x1b]8;;\x07\x1b[m\x1b[K]\n'}
[74.846126] (sllidar_ros2) StderrLine: {'line': b'   58 |     sl_u8 data[\x1b[01;35m\x1b[K0\x1b[m\x1b[K];\n'}
[74.846776] (sllidar_ros2) StderrLine: {'line': b'      |                \x1b[01;35m\x1b[K^\x1b[m\x1b[K\n'}
[74.847090] (sllidar_ros2) StderrLine: {'line': b'In file included from \x1b[01m\x1b[K/home/wjs/cart_ros2/src/sllidar_ros2/./sdk/include/sl_lidar_driver.h:54\x1b[m\x1b[K,\n'}
[74.847356] (sllidar_ros2) StderrLine: {'line': b'                 from \x1b[01m\x1b[K/home/wjs/cart_ros2/src/sllidar_ros2/sdk/src/sl_udp_channel.cpp:34\x1b[m\x1b[K:\n'}
[74.847604] (sllidar_ros2) StderrLine: {'line': b'\x1b[01m\x1b[K/home/wjs/cart_ros2/src/sllidar_ros2/./sdk/include/sl_lidar_cmd.h:295:20:\x1b[m\x1b[K \x1b[01;35m\x1b[Kwarning: \x1b[m\x1b[KISO C++ forbids zero-size array \xe2\x80\x98\x1b[01m\x1b[Kpayload\x1b[m\x1b[K\xe2\x80\x99 [\x1b[01;35m\x1b[K\x1b]8;;https://gcc.gnu.org/onlinedocs/gcc/Warning-Options.html#index-Wpedantic\x07-Wpedantic\x1b]8;;\x07\x1b[m\x1b[K]\n'}
[74.847879] (sllidar_ros2) StderrLine: {'line': b'  295 |     sl_u8  payload[\x1b[01;35m\x1b[K0\x1b[m\x1b[K];\n'}
[74.848135] (sllidar_ros2) StderrLine: {'line': b'      |                    \x1b[01;35m\x1b[K^\x1b[m\x1b[K\n'}
[74.864548] (sllidar_ros2) StderrLine: {'line': b'\x1b[01m\x1b[K/home/wjs/cart_ros2/src/sllidar_ros2/sdk/src/sl_udp_channel.cpp:\x1b[m\x1b[K In member function \xe2\x80\x98\x1b[01m\x1b[Kvoid sl::UdpChannel::setStatus(_u32)\x1b[m\x1b[K\xe2\x80\x99:\n'}
[74.865361] (sllidar_ros2) StderrLine: {'line': b'\x1b[01m\x1b[K/home/wjs/cart_ros2/src/sllidar_ros2/sdk/src/sl_udp_channel.cpp:103:29:\x1b[m\x1b[K \x1b[01;35m\x1b[Kwarning: \x1b[m\x1b[Kunused parameter \xe2\x80\x98\x1b[01m\x1b[Kflag\x1b[m\x1b[K\xe2\x80\x99 [\x1b[01;35m\x1b[K\x1b]8;;https://gcc.gnu.org/onlinedocs/gcc/Warning-Options.html#index-Wunused-parameter\x07-Wunused-parameter\x1b]8;;\x07\x1b[m\x1b[K]\n'}
[74.865803] (sllidar_ros2) StderrLine: {'line': b'  103 |         void setStatus(\x1b[01;35m\x1b[K_u32 flag\x1b[m\x1b[K){}\n'}
[74.866091] (sllidar_ros2) StderrLine: {'line': b'      |                        \x1b[01;35m\x1b[K~~~~~^~~~\x1b[m\x1b[K\n'}
[74.884556] (-) TimerEvent: {}
[74.985721] (-) TimerEvent: {}
[75.086739] (-) TimerEvent: {}
[75.187734] (-) TimerEvent: {}
[75.263293] (sllidar_ros2) StdoutLine: {'line': b'[ 78%] \x1b[32mBuilding CXX object CMakeFiles/sllidar_node.dir/sdk/src/arch/linux/net_serial.cpp.o\x1b[0m\n'}
[75.288033] (-) TimerEvent: {}
[75.389236] (-) TimerEvent: {}
[75.490347] (-) TimerEvent: {}
[75.591704] (-) TimerEvent: {}
[75.693398] (-) TimerEvent: {}
[75.794554] (-) TimerEvent: {}
[75.895617] (-) TimerEvent: {}
[75.997486] (-) TimerEvent: {}
[76.098653] (-) TimerEvent: {}
[76.230045] (-) TimerEvent: {}
[76.334315] (-) TimerEvent: {}
[76.392036] (laser_filters) StdoutLine: {'line': b'[ 28%] \x1b[32m\x1b[1mLinking CXX static library libgtest_main.a\x1b[0m\n'}
[76.434569] (-) TimerEvent: {}
[76.535589] (-) TimerEvent: {}
[76.593434] (laser_filters) StdoutLine: {'line': b'[ 28%] Built target gtest_main\n'}
[76.635868] (-) TimerEvent: {}
[76.656798] (laser_filters) StdoutLine: {'line': b'\x1b[35m\x1b[1mScanning dependencies of target scan_to_cloud_filter_chain\x1b[0m\n'}
[76.736148] (-) TimerEvent: {}
[76.837254] (-) TimerEvent: {}
[76.938310] (-) TimerEvent: {}
[77.034723] (sllidar_ros2) StderrLine: {'line': b'\x1b[01m\x1b[K/home/wjs/cart_ros2/src/sllidar_ros2/sdk/src/arch/linux/net_serial.cpp:\x1b[m\x1b[K In member function \xe2\x80\x98\x1b[01m\x1b[Kbool rp::arch::net::raw_serial::open(const char*, uint32_t, uint32_t)\x1b[m\x1b[K\xe2\x80\x99:\n'}
[77.035406] (sllidar_ros2) StderrLine: {'line': b'\x1b[01m\x1b[K/home/wjs/cart_ros2/src/sllidar_ros2/sdk/src/arch/linux/net_serial.cpp:97:74:\x1b[m\x1b[K \x1b[01;35m\x1b[Kwarning: \x1b[m\x1b[Kunused parameter \xe2\x80\x98\x1b[01m\x1b[Kflags\x1b[m\x1b[K\xe2\x80\x99 [\x1b[01;35m\x1b[K\x1b]8;;https://gcc.gnu.org/onlinedocs/gcc/Warning-Options.html#index-Wunused-parameter\x07-Wunused-parameter\x1b]8;;\x07\x1b[m\x1b[K]\n'}
[77.035777] (sllidar_ros2) StderrLine: {'line': b'   97 |  uint32_t baudrate, \x1b[01;35m\x1b[Kuint32_t flags\x1b[m\x1b[K)\n'}
[77.036048] (sllidar_ros2) StderrLine: {'line': b'      |                     \x1b[01;35m\x1b[K~~~~~~~~~^~~~~\x1b[m\x1b[K\n'}
[77.036297] (sllidar_ros2) StderrLine: {'line': b'\n'}
[77.036952] (sllidar_ros2) StderrLine: {'line': b'\x1b[01m\x1b[K/home/wjs/cart_ros2/src/sllidar_ros2/sdk/src/arch/linux/net_serial.cpp:\x1b[m\x1b[K In member function \xe2\x80\x98\x1b[01m\x1b[Kvirtual void rp::arch::net::raw_serial::flush(_u32)\x1b[m\x1b[K\xe2\x80\x99:\n'}
[77.038017] (sllidar_ros2) StderrLine: {'line': b'\x1b[01m\x1b[K/home/wjs/cart_ros2/src/sllidar_ros2/sdk/src/arch/linux/net_serial.cpp:281:30:\x1b[m\x1b[K \x1b[01;35m\x1b[Kwarning: \x1b[m\x1b[Kunused parameter \xe2\x80\x98\x1b[01m\x1b[Kflags\x1b[m\x1b[K\xe2\x80\x99 [\x1b[01;35m\x1b[K\x1b]8;;https://gcc.gnu.org/onlinedocs/gcc/Warning-Options.html#index-Wunused-parameter\x07-Wunused-parameter\x1b]8;;\x07\x1b[m\x1b[K]\n'}
[77.038376] (-) TimerEvent: {}
[77.038854] (sllidar_ros2) StderrLine: {'line': b'  281 | void raw_serial::flush( \x1b[01;35m\x1b[K_u32 flags\x1b[m\x1b[K)\n'}
[77.039156] (sllidar_ros2) StderrLine: {'line': b'      |                         \x1b[01;35m\x1b[K~~~~~^~~~~\x1b[m\x1b[K\n'}
[77.039413] (sllidar_ros2) StderrLine: {'line': b'\x1b[01m\x1b[K/home/wjs/cart_ros2/src/sllidar_ros2/sdk/src/arch/linux/net_serial.cpp:\x1b[m\x1b[K In member function \xe2\x80\x98\x1b[01m\x1b[Kvirtual int rp::arch::net::raw_serial::waitforsent(_u32, size_t*)\x1b[m\x1b[K\xe2\x80\x99:\n'}
[77.039653] (sllidar_ros2) StderrLine: {'line': b'\x1b[01m\x1b[K/home/wjs/cart_ros2/src/sllidar_ros2/sdk/src/arch/linux/net_serial.cpp:286:34:\x1b[m\x1b[K \x1b[01;35m\x1b[Kwarning: \x1b[m\x1b[Kunused parameter \xe2\x80\x98\x1b[01m\x1b[Ktimeout\x1b[m\x1b[K\xe2\x80\x99 [\x1b[01;35m\x1b[K\x1b]8;;https://gcc.gnu.org/onlinedocs/gcc/Warning-Options.html#index-Wunused-parameter\x07-Wunused-parameter\x1b]8;;\x07\x1b[m\x1b[K]\n'}
[77.039916] (sllidar_ros2) StderrLine: {'line': b'  286 | erial::waitforsent(\x1b[01;35m\x1b[K_u32 timeout\x1b[m\x1b[K, size_t * returned_size)\n'}
[77.040159] (sllidar_ros2) StderrLine: {'line': b'      |                    \x1b[01;35m\x1b[K~~~~~^~~~~~~\x1b[m\x1b[K\n'}
[77.040439] (sllidar_ros2) StderrLine: {'line': b'\n'}
[77.040665] (sllidar_ros2) StderrLine: {'line': b'\x1b[01m\x1b[K/home/wjs/cart_ros2/src/sllidar_ros2/sdk/src/arch/linux/net_serial.cpp:\x1b[m\x1b[K In member function \xe2\x80\x98\x1b[01m\x1b[Kvirtual int rp::arch::net::raw_serial::waitforrecv(_u32, size_t*)\x1b[m\x1b[K\xe2\x80\x99:\n'}
[77.040963] (sllidar_ros2) StderrLine: {'line': b'\x1b[01m\x1b[K/home/wjs/cart_ros2/src/sllidar_ros2/sdk/src/arch/linux/net_serial.cpp:292:34:\x1b[m\x1b[K \x1b[01;35m\x1b[Kwarning: \x1b[m\x1b[Kunused parameter \xe2\x80\x98\x1b[01m\x1b[Ktimeout\x1b[m\x1b[K\xe2\x80\x99 [\x1b[01;35m\x1b[K\x1b]8;;https://gcc.gnu.org/onlinedocs/gcc/Warning-Options.html#index-Wunused-parameter\x07-Wunused-parameter\x1b]8;;\x07\x1b[m\x1b[K]\n'}
[77.041308] (sllidar_ros2) StderrLine: {'line': b'  292 | erial::waitforrecv(\x1b[01;35m\x1b[K_u32 timeout\x1b[m\x1b[K, size_t * returned_size)\n'}
[77.041605] (sllidar_ros2) StderrLine: {'line': b'      |                    \x1b[01;35m\x1b[K~~~~~^~~~~~~\x1b[m\x1b[K\n'}
[77.041841] (sllidar_ros2) StderrLine: {'line': b'\n'}
[77.084787] (laser_filters) StdoutLine: {'line': b'[ 35%] \x1b[32mBuilding CXX object CMakeFiles/scan_to_cloud_filter_chain.dir/src/scan_to_cloud_filter_chain.cpp.o\x1b[0m\n'}
[77.138669] (-) TimerEvent: {}
[77.239700] (-) TimerEvent: {}
[77.340765] (-) TimerEvent: {}
[77.441855] (-) TimerEvent: {}
[77.542861] (-) TimerEvent: {}
[77.636475] (sllidar_ros2) StdoutLine: {'line': b'[ 85%] \x1b[32m\x1b[1mLinking CXX executable sllidar_node\x1b[0m\n'}
[77.643121] (-) TimerEvent: {}
[77.745355] (-) TimerEvent: {}
[77.846349] (-) TimerEvent: {}
[77.947383] (-) TimerEvent: {}
[78.048470] (-) TimerEvent: {}
[78.149632] (-) TimerEvent: {}
[78.250725] (-) TimerEvent: {}
[78.351760] (-) TimerEvent: {}
[78.452794] (-) TimerEvent: {}
[78.553830] (-) TimerEvent: {}
[78.654862] (-) TimerEvent: {}
[78.755887] (-) TimerEvent: {}
[78.856917] (-) TimerEvent: {}
[78.901043] (sllidar_ros2) StdoutLine: {'line': b'[ 85%] Built target sllidar_node\n'}
[78.957294] (-) TimerEvent: {}
[78.958177] (sllidar_ros2) StdoutLine: {'line': b'\x1b[35m\x1b[1mScanning dependencies of target sllidar_client\x1b[0m\n'}
[79.057535] (-) TimerEvent: {}
[79.158562] (-) TimerEvent: {}
[79.220643] (sllidar_ros2) StdoutLine: {'line': b'[ 92%] \x1b[32mBuilding CXX object CMakeFiles/sllidar_client.dir/src/sllidar_client.cpp.o\x1b[0m\n'}
[79.258864] (-) TimerEvent: {}
[79.361070] (-) TimerEvent: {}
[79.462260] (-) TimerEvent: {}
[79.563383] (-) TimerEvent: {}
[79.664568] (-) TimerEvent: {}
[79.765729] (-) TimerEvent: {}
[79.866863] (-) TimerEvent: {}
[79.967932] (-) TimerEvent: {}
[80.068957] (-) TimerEvent: {}
[80.170054] (-) TimerEvent: {}
[80.271066] (-) TimerEvent: {}
[80.372121] (-) TimerEvent: {}
[80.473276] (-) TimerEvent: {}
[80.574304] (-) TimerEvent: {}
[80.675355] (-) TimerEvent: {}
[80.776406] (-) TimerEvent: {}
[80.877493] (-) TimerEvent: {}
[80.978591] (-) TimerEvent: {}
[81.079677] (-) TimerEvent: {}
[81.180756] (-) TimerEvent: {}
[81.281951] (-) TimerEvent: {}
[81.383021] (-) TimerEvent: {}
[81.484098] (-) TimerEvent: {}
[81.585212] (-) TimerEvent: {}
[81.686202] (-) TimerEvent: {}
[81.787234] (-) TimerEvent: {}
[81.821401] (stella_ahrs) StderrLine: {'line': b'\x1b[01m\x1b[K/home/wjs/cart_ros2/src/2th_NtrexAHRS_lib_ROS/ros2_example/stella_ahrs/src/listener.cpp:\x1b[m\x1b[K In function \xe2\x80\x98\x1b[01m\x1b[Kint main(int, char**)\x1b[m\x1b[K\xe2\x80\x99:\n'}
[81.822285] (stella_ahrs) StderrLine: {'line': b'\x1b[01m\x1b[K/home/wjs/cart_ros2/src/2th_NtrexAHRS_lib_ROS/ros2_example/stella_ahrs/src/listener.cpp:7:18:\x1b[m\x1b[K \x1b[01;35m\x1b[Kwarning: \x1b[m\x1b[KISO C++ forbids converting a string constant to \xe2\x80\x98\x1b[01m\x1b[Kchar*\x1b[m\x1b[K\xe2\x80\x99 [\x1b[01;35m\x1b[K\x1b]8;;https://gcc.gnu.org/onlinedocs/gcc/Warning-Options.html#index-Wwrite-strings\x07-Wwrite-strings\x1b]8;;\x07\x1b[m\x1b[K]\n'}
[81.822697] (stella_ahrs) StderrLine: {'line': b'    7 |     char *port = \x1b[01;35m\x1b[K"/dev/ttyIMU"\x1b[m\x1b[K;\n'}
[81.823081] (stella_ahrs) StderrLine: {'line': b'      |                  \x1b[01;35m\x1b[K^~~~~~~~~~~~~\x1b[m\x1b[K\n'}
[81.887521] (-) TimerEvent: {}
[81.988599] (-) TimerEvent: {}
[82.089687] (-) TimerEvent: {}
[82.190731] (-) TimerEvent: {}
[82.291812] (-) TimerEvent: {}
[82.392869] (-) TimerEvent: {}
[82.493992] (-) TimerEvent: {}
[82.595043] (-) TimerEvent: {}
[82.697303] (-) TimerEvent: {}
[82.798336] (-) TimerEvent: {}
[82.899406] (-) TimerEvent: {}
[83.000505] (-) TimerEvent: {}
[83.101564] (-) TimerEvent: {}
[83.202524] (-) TimerEvent: {}
[83.303586] (-) TimerEvent: {}
[83.404645] (-) TimerEvent: {}
[83.458327] (stella_ahrs) StderrLine: {'line': b'In file included from \x1b[01m\x1b[K/home/wjs/cart_ros2/src/2th_NtrexAHRS_lib_ROS/ros2_example/stella_ahrs/src/listener.cpp:1\x1b[m\x1b[K:\n'}
[83.459045] (stella_ahrs) StderrLine: {'line': b'\x1b[01m\x1b[K/home/wjs/cart_ros2/src/2th_NtrexAHRS_lib_ROS/ros2_example/stella_ahrs/include/mw/mw_ahrs.hpp:\x1b[m\x1b[K At global scope:\n'}
[83.459356] (stella_ahrs) StderrLine: {'line': b'\x1b[01m\x1b[K/home/wjs/cart_ros2/src/2th_NtrexAHRS_lib_ROS/ros2_example/stella_ahrs/include/mw/mw_ahrs.hpp:41:13:\x1b[m\x1b[K \x1b[01;35m\x1b[Kwarning: \x1b[m\x1b[K\xe2\x80\x98\x1b[01m\x1b[Krun_bool\x1b[m\x1b[K\xe2\x80\x99 defined but not used [\x1b[01;35m\x1b[K\x1b]8;;https://gcc.gnu.org/onlinedocs/gcc/Warning-Options.html#index-Wunused-variable\x07-Wunused-variable\x1b]8;;\x07\x1b[m\x1b[K]\n'}
[83.459653] (stella_ahrs) StderrLine: {'line': b'   41 | static bool \x1b[01;35m\x1b[Krun_bool\x1b[m\x1b[K = false;\n'}
[83.459907] (stella_ahrs) StderrLine: {'line': b'      |             \x1b[01;35m\x1b[K^~~~~~~~\x1b[m\x1b[K\n'}
[83.460151] (stella_ahrs) StderrLine: {'line': b'\x1b[01m\x1b[K/home/wjs/cart_ros2/src/2th_NtrexAHRS_lib_ROS/ros2_example/stella_ahrs/include/mw/mw_ahrs.hpp:38:14:\x1b[m\x1b[K \x1b[01;35m\x1b[Kwarning: \x1b[m\x1b[K\xe2\x80\x98\x1b[01m\x1b[Kmag_value\x1b[m\x1b[K\xe2\x80\x99 defined but not used [\x1b[01;35m\x1b[K\x1b]8;;https://gcc.gnu.org/onlinedocs/gcc/Warning-Options.html#index-Wunused-variable\x07-Wunused-variable\x1b]8;;\x07\x1b[m\x1b[K]\n'}
[83.460430] (stella_ahrs) StderrLine: {'line': b'   38 |              \x1b[01;35m\x1b[Kmag_value\x1b[m\x1b[K[3] = {\n'}
[83.460752] (stella_ahrs) StderrLine: {'line': b'      |              \x1b[01;35m\x1b[K^~~~~~~~~\x1b[m\x1b[K\n'}
[83.460990] (stella_ahrs) StderrLine: {'line': b'\x1b[01m\x1b[K/home/wjs/cart_ros2/src/2th_NtrexAHRS_lib_ROS/ros2_example/stella_ahrs/include/mw/mw_ahrs.hpp:35:14:\x1b[m\x1b[K \x1b[01;35m\x1b[Kwarning: \x1b[m\x1b[K\xe2\x80\x98\x1b[01m\x1b[Kdeg_value\x1b[m\x1b[K\xe2\x80\x99 defined but not used [\x1b[01;35m\x1b[K\x1b]8;;https://gcc.gnu.org/onlinedocs/gcc/Warning-Options.html#index-Wunused-variable\x07-Wunused-variable\x1b]8;;\x07\x1b[m\x1b[K]\n'}
[83.461380] (stella_ahrs) StderrLine: {'line': b'   35 |              \x1b[01;35m\x1b[Kdeg_value\x1b[m\x1b[K[3] = {\n'}
[83.462747] (stella_ahrs) StderrLine: {'line': b'      |              \x1b[01;35m\x1b[K^~~~~~~~~\x1b[m\x1b[K\n'}
[83.463159] (stella_ahrs) StderrLine: {'line': b'\x1b[01m\x1b[K/home/wjs/cart_ros2/src/2th_NtrexAHRS_lib_ROS/ros2_example/stella_ahrs/include/mw/mw_ahrs.hpp:32:14:\x1b[m\x1b[K \x1b[01;35m\x1b[Kwarning: \x1b[m\x1b[K\xe2\x80\x98\x1b[01m\x1b[Kgyr_value\x1b[m\x1b[K\xe2\x80\x99 defined but not used [\x1b[01;35m\x1b[K\x1b]8;;https://gcc.gnu.org/onlinedocs/gcc/Warning-Options.html#index-Wunused-variable\x07-Wunused-variable\x1b]8;;\x07\x1b[m\x1b[K]\n'}
[83.463437] (stella_ahrs) StderrLine: {'line': b'   32 |              \x1b[01;35m\x1b[Kgyr_value\x1b[m\x1b[K[3] = {\n'}
[83.463678] (stella_ahrs) StderrLine: {'line': b'      |              \x1b[01;35m\x1b[K^~~~~~~~~\x1b[m\x1b[K\n'}
[83.463927] (stella_ahrs) StderrLine: {'line': b'\x1b[01m\x1b[K/home/wjs/cart_ros2/src/2th_NtrexAHRS_lib_ROS/ros2_example/stella_ahrs/include/mw/mw_ahrs.hpp:29:14:\x1b[m\x1b[K \x1b[01;35m\x1b[Kwarning: \x1b[m\x1b[K\xe2\x80\x98\x1b[01m\x1b[Kacc_value\x1b[m\x1b[K\xe2\x80\x99 defined but not used [\x1b[01;35m\x1b[K\x1b]8;;https://gcc.gnu.org/onlinedocs/gcc/Warning-Options.html#index-Wunused-variable\x07-Wunused-variable\x1b]8;;\x07\x1b[m\x1b[K]\n'}
[83.464237] (stella_ahrs) StderrLine: {'line': b'   29 | static float \x1b[01;35m\x1b[Kacc_value\x1b[m\x1b[K[3] = {\n'}
[83.464483] (stella_ahrs) StderrLine: {'line': b'      |              \x1b[01;35m\x1b[K^~~~~~~~~\x1b[m\x1b[K\n'}
[83.504909] (-) TimerEvent: {}
[83.607243] (-) TimerEvent: {}
[83.717635] (-) TimerEvent: {}
[83.818840] (-) TimerEvent: {}
[83.919840] (-) TimerEvent: {}
[83.994129] (stella_ahrs) StdoutLine: {'line': b'[ 33%] \x1b[32mBuilding CXX object CMakeFiles/stella_ahrs_node.dir/serial/unix.cc.o\x1b[0m\n'}
[84.020120] (-) TimerEvent: {}
[84.121222] (-) TimerEvent: {}
[84.222267] (-) TimerEvent: {}
[84.323323] (-) TimerEvent: {}
[84.424416] (-) TimerEvent: {}
[84.525545] (-) TimerEvent: {}
[84.626705] (-) TimerEvent: {}
[84.727761] (-) TimerEvent: {}
[84.828868] (-) TimerEvent: {}
[84.930059] (-) TimerEvent: {}
[85.031144] (-) TimerEvent: {}
[85.132238] (-) TimerEvent: {}
[85.233351] (-) TimerEvent: {}
[85.334395] (-) TimerEvent: {}
[85.435683] (-) TimerEvent: {}
[85.536696] (-) TimerEvent: {}
[85.637795] (-) TimerEvent: {}
[85.738786] (-) TimerEvent: {}
[85.840197] (-) TimerEvent: {}
[85.941953] (-) TimerEvent: {}
[86.031134] (stella_ahrs) StdoutLine: {'line': b'[ 50%] \x1b[32mBuilding CXX object CMakeFiles/stella_ahrs_node.dir/mw/mw_ahrs.cpp.o\x1b[0m\n'}
[86.042206] (-) TimerEvent: {}
[86.143802] (-) TimerEvent: {}
[86.245467] (-) TimerEvent: {}
[86.347229] (-) TimerEvent: {}
[86.477604] (-) TimerEvent: {}
[86.578625] (-) TimerEvent: {}
[86.679737] (-) TimerEvent: {}
[86.781482] (-) TimerEvent: {}
[86.883197] (-) TimerEvent: {}
[86.985013] (-) TimerEvent: {}
[87.086734] (-) TimerEvent: {}
[87.188467] (-) TimerEvent: {}
[87.290302] (-) TimerEvent: {}
[87.392038] (-) TimerEvent: {}
[87.493959] (-) TimerEvent: {}
[87.595713] (-) TimerEvent: {}
[87.697579] (-) TimerEvent: {}
[87.799300] (-) TimerEvent: {}
[87.901087] (-) TimerEvent: {}
[88.003110] (-) TimerEvent: {}
[88.109498] (-) TimerEvent: {}
[88.211210] (-) TimerEvent: {}
[88.312938] (-) TimerEvent: {}
[88.414728] (-) TimerEvent: {}
[88.516548] (-) TimerEvent: {}
[88.617719] (-) TimerEvent: {}
[88.719119] (-) TimerEvent: {}
[88.820197] (-) TimerEvent: {}
[88.921406] (-) TimerEvent: {}
[89.023088] (-) TimerEvent: {}
[89.124831] (-) TimerEvent: {}
[89.226599] (-) TimerEvent: {}
[89.328342] (-) TimerEvent: {}
[89.430202] (-) TimerEvent: {}
[89.531934] (-) TimerEvent: {}
[89.633694] (-) TimerEvent: {}
[89.735720] (-) TimerEvent: {}
[89.837380] (-) TimerEvent: {}
[89.938464] (-) TimerEvent: {}
[90.039543] (-) TimerEvent: {}
[90.140561] (-) TimerEvent: {}
[90.242291] (-) TimerEvent: {}
[90.344062] (-) TimerEvent: {}
[90.445553] (-) TimerEvent: {}
[90.547275] (-) TimerEvent: {}
[90.649011] (-) TimerEvent: {}
[90.750779] (-) TimerEvent: {}
[90.852639] (-) TimerEvent: {}
[90.954314] (-) TimerEvent: {}
[91.056019] (-) TimerEvent: {}
[91.157831] (-) TimerEvent: {}
[91.258906] (-) TimerEvent: {}
[91.360000] (-) TimerEvent: {}
[91.461519] (-) TimerEvent: {}
[91.562609] (-) TimerEvent: {}
[91.663902] (-) TimerEvent: {}
[91.765098] (-) TimerEvent: {}
[91.866348] (-) TimerEvent: {}
[91.967538] (-) TimerEvent: {}
[92.068979] (-) TimerEvent: {}
[92.170187] (-) TimerEvent: {}
[92.271320] (-) TimerEvent: {}
[92.372464] (-) TimerEvent: {}
[92.473659] (-) TimerEvent: {}
[92.574852] (-) TimerEvent: {}
[92.677041] (-) TimerEvent: {}
[92.778375] (-) TimerEvent: {}
[92.879566] (-) TimerEvent: {}
[92.981963] (-) TimerEvent: {}
[93.083090] (-) TimerEvent: {}
[93.184272] (-) TimerEvent: {}
[93.285767] (-) TimerEvent: {}
[93.386901] (-) TimerEvent: {}
[93.488094] (-) TimerEvent: {}
[93.589267] (-) TimerEvent: {}
[93.690400] (-) TimerEvent: {}
[93.791924] (-) TimerEvent: {}
[93.893070] (-) TimerEvent: {}
[93.994320] (-) TimerEvent: {}
[94.095520] (-) TimerEvent: {}
[94.196671] (-) TimerEvent: {}
[94.261870] (stella_ahrs) StderrLine: {'line': b'\x1b[01m\x1b[K/home/wjs/cart_ros2/src/2th_NtrexAHRS_lib_ROS/ros2_example/stella_ahrs/mw/mw_ahrs.cpp:\x1b[m\x1b[K In static member function \xe2\x80\x98\x1b[01m\x1b[Kstatic void* ntrex::MwAhrsRosDriver::MwAhrsRead(void*)\x1b[m\x1b[K\xe2\x80\x99:\n'}
[94.263136] (stella_ahrs) StderrLine: {'line': b'\x1b[01m\x1b[K/home/wjs/cart_ros2/src/2th_NtrexAHRS_lib_ROS/ros2_example/stella_ahrs/mw/mw_ahrs.cpp:48:3:\x1b[m\x1b[K \x1b[01;35m\x1b[Kwarning: \x1b[m\x1b[Kno return statement in function returning non-void [\x1b[01;35m\x1b[K\x1b]8;;https://gcc.gnu.org/onlinedocs/gcc/Warning-Options.html#index-Wreturn-type\x07-Wreturn-type\x1b]8;;\x07\x1b[m\x1b[K]\n'}
[94.263946] (stella_ahrs) StderrLine: {'line': b'   48 |   \x1b[01;35m\x1b[K}\x1b[m\x1b[K\n'}
[94.264623] (stella_ahrs) StderrLine: {'line': b'      |   \x1b[01;35m\x1b[K^\x1b[m\x1b[K\n'}
[94.265545] (stella_ahrs) StderrLine: {'line': b'\x1b[01m\x1b[K/home/wjs/cart_ros2/src/2th_NtrexAHRS_lib_ROS/ros2_example/stella_ahrs/mw/mw_ahrs.cpp:12:43:\x1b[m\x1b[K \x1b[01;35m\x1b[Kwarning: \x1b[m\x1b[Kunused parameter \xe2\x80\x98\x1b[01m\x1b[Karg\x1b[m\x1b[K\xe2\x80\x99 [\x1b[01;35m\x1b[K\x1b]8;;https://gcc.gnu.org/onlinedocs/gcc/Warning-Options.html#index-Wunused-parameter\x07-Wunused-parameter\x1b]8;;\x07\x1b[m\x1b[K]\n'}
[94.267452] (stella_ahrs) StderrLine: {'line': b'   12 | hrsRosDriver::MwAhrsRead(\x1b[01;35m\x1b[Kvoid *arg\x1b[m\x1b[K)\n'}
[94.268434] (stella_ahrs) StderrLine: {'line': b'      |                          \x1b[01;35m\x1b[K~~~~~~^~~\x1b[m\x1b[K\n'}
[94.268945] (stella_ahrs) StderrLine: {'line': b'\n'}
[94.279241] (stella_ahrs) StderrLine: {'line': b'\x1b[01m\x1b[K/home/wjs/cart_ros2/src/2th_NtrexAHRS_lib_ROS/ros2_example/stella_ahrs/mw/mw_ahrs.cpp:\x1b[m\x1b[K In constructor \xe2\x80\x98\x1b[01m\x1b[Kntrex::MwAhrsRosDriver::MwAhrsRosDriver(char*, int, int)\x1b[m\x1b[K\xe2\x80\x99:\n'}
[94.280575] (stella_ahrs) StderrLine: {'line': b"\x1b[01m\x1b[K/home/wjs/cart_ros2/src/2th_NtrexAHRS_lib_ROS/ros2_example/stella_ahrs/mw/mw_ahrs.cpp:53:57:\x1b[m\x1b[K \x1b[01;35m\x1b[Kwarning: \x1b[m\x1b[K\xe2\x80\x98\x1b[01m\x1b[Kconst rclcpp::ParameterValue& rclcpp::Node::declare_parameter(const string&)\x1b[m\x1b[K\xe2\x80\x99 is deprecated: declare_parameter() with only a name is deprecated and will be deleted in the future.\\nIf you want to declare a parameter that won't change type without a default value use:\\n`node->declare_parameter<ParameterT>(name)`, where e.g. ParameterT=int64_t.\\n\\nIf you want to declare a parameter that can dynamically change type use:\\n```\\nrcl_interfaces::msg::ParameterDescriptor descriptor;\\ndescriptor.dynamic_typing = true;\\nnode->declare_parameter(name, rclcpp::ParameterValue{}, descriptor);\\n``` [\x1b[01;35m\x1b[K\x1b]8;;https://gcc.gnu.org/onlinedocs/gcc/Warning-Options.html#index-Wdeprecated-declarations\x07-Wdeprecated-declarations\x1b]8;;\x07\x1b[m\x1b[K]\n"}
[94.281428] (stella_ahrs) StderrLine: {'line': b'   53 | eter("linear_acceleration_stddev"\x1b[01;35m\x1b[K)\x1b[m\x1b[K;\n'}
[94.282164] (stella_ahrs) StderrLine: {'line': b'      |                                  \x1b[01;35m\x1b[K^\x1b[m\x1b[K\n'}
[94.282699] (stella_ahrs) StderrLine: {'line': b'\n'}
[94.283705] (stella_ahrs) StderrLine: {'line': b'In file included from \x1b[01m\x1b[K/opt/ros/galactic/include/rclcpp/executors/single_threaded_executor.hpp:28\x1b[m\x1b[K,\n'}
[94.284352] (stella_ahrs) StderrLine: {'line': b'                 from \x1b[01m\x1b[K/opt/ros/galactic/include/rclcpp/executors.hpp:22\x1b[m\x1b[K,\n'}
[94.285267] (stella_ahrs) StderrLine: {'line': b'                 from \x1b[01m\x1b[K/opt/ros/galactic/include/rclcpp/rclcpp.hpp:156\x1b[m\x1b[K,\n'}
[94.285915] (stella_ahrs) StderrLine: {'line': b'                 from \x1b[01m\x1b[K/opt/ros/galactic/include/tf2_ros/transform_broadcaster.h:38\x1b[m\x1b[K,\n'}
[94.286515] (stella_ahrs) StderrLine: {'line': b'                 from \x1b[01m\x1b[K/home/wjs/cart_ros2/src/2th_NtrexAHRS_lib_ROS/ros2_example/stella_ahrs/include/mw/mw_ahrs.hpp:5\x1b[m\x1b[K,\n'}
[94.287163] (stella_ahrs) StderrLine: {'line': b'                 from \x1b[01m\x1b[K/home/wjs/cart_ros2/src/2th_NtrexAHRS_lib_ROS/ros2_example/stella_ahrs/mw/mw_ahrs.cpp:1\x1b[m\x1b[K:\n'}
[94.287717] (stella_ahrs) StderrLine: {'line': b'\x1b[01m\x1b[K/opt/ros/galactic/include/rclcpp/node.hpp:422:3:\x1b[m\x1b[K \x1b[01;36m\x1b[Knote: \x1b[m\x1b[Kdeclared here\n'}
[94.289485] (stella_ahrs) StderrLine: {'line': b'  422 |   \x1b[01;36m\x1b[Kdeclare_parameter\x1b[m\x1b[K(const std::string & name);\n'}
[94.290170] (stella_ahrs) StderrLine: {'line': b'      |   \x1b[01;36m\x1b[K^~~~~~~~~~~~~~~~~\x1b[m\x1b[K\n'}
[94.291430] (stella_ahrs) StderrLine: {'line': b"\x1b[01m\x1b[K/home/wjs/cart_ros2/src/2th_NtrexAHRS_lib_ROS/ros2_example/stella_ahrs/mw/mw_ahrs.cpp:54:54:\x1b[m\x1b[K \x1b[01;35m\x1b[Kwarning: \x1b[m\x1b[K\xe2\x80\x98\x1b[01m\x1b[Kconst rclcpp::ParameterValue& rclcpp::Node::declare_parameter(const string&)\x1b[m\x1b[K\xe2\x80\x99 is deprecated: declare_parameter() with only a name is deprecated and will be deleted in the future.\\nIf you want to declare a parameter that won't change type without a default value use:\\n`node->declare_parameter<ParameterT>(name)`, where e.g. ParameterT=int64_t.\\n\\nIf you want to declare a parameter that can dynamically change type use:\\n```\\nrcl_interfaces::msg::ParameterDescriptor descriptor;\\ndescriptor.dynamic_typing = true;\\nnode->declare_parameter(name, rclcpp::ParameterValue{}, descriptor);\\n``` [\x1b[01;35m\x1b[K\x1b]8;;https://gcc.gnu.org/onlinedocs/gcc/Warning-Options.html#index-Wdeprecated-declarations\x07-Wdeprecated-declarations\x1b]8;;\x07\x1b[m\x1b[K]\n"}
[94.292272] (stella_ahrs) StderrLine: {'line': b'   54 | rameter("angular_velocity_stddev"\x1b[01;35m\x1b[K)\x1b[m\x1b[K;\n'}
[94.292860] (stella_ahrs) StderrLine: {'line': b'      |                                  \x1b[01;35m\x1b[K^\x1b[m\x1b[K\n'}
[94.293445] (stella_ahrs) StderrLine: {'line': b'\n'}
[94.294189] (stella_ahrs) StderrLine: {'line': b'In file included from \x1b[01m\x1b[K/opt/ros/galactic/include/rclcpp/executors/single_threaded_executor.hpp:28\x1b[m\x1b[K,\n'}
[94.294765] (stella_ahrs) StderrLine: {'line': b'                 from \x1b[01m\x1b[K/opt/ros/galactic/include/rclcpp/executors.hpp:22\x1b[m\x1b[K,\n'}
[94.295311] (stella_ahrs) StderrLine: {'line': b'                 from \x1b[01m\x1b[K/opt/ros/galactic/include/rclcpp/rclcpp.hpp:156\x1b[m\x1b[K,\n'}
[94.295890] (stella_ahrs) StderrLine: {'line': b'                 from \x1b[01m\x1b[K/opt/ros/galactic/include/tf2_ros/transform_broadcaster.h:38\x1b[m\x1b[K,\n'}
[94.296433] (stella_ahrs) StderrLine: {'line': b'                 from \x1b[01m\x1b[K/home/wjs/cart_ros2/src/2th_NtrexAHRS_lib_ROS/ros2_example/stella_ahrs/include/mw/mw_ahrs.hpp:5\x1b[m\x1b[K,\n'}
[94.296743] (-) TimerEvent: {}
[94.297600] (stella_ahrs) StderrLine: {'line': b'                 from \x1b[01m\x1b[K/home/wjs/cart_ros2/src/2th_NtrexAHRS_lib_ROS/ros2_example/stella_ahrs/mw/mw_ahrs.cpp:1\x1b[m\x1b[K:\n'}
[94.298261] (stella_ahrs) StderrLine: {'line': b'\x1b[01m\x1b[K/opt/ros/galactic/include/rclcpp/node.hpp:422:3:\x1b[m\x1b[K \x1b[01;36m\x1b[Knote: \x1b[m\x1b[Kdeclared here\n'}
[94.299799] (stella_ahrs) StderrLine: {'line': b'  422 |   \x1b[01;36m\x1b[Kdeclare_parameter\x1b[m\x1b[K(const std::string & name);\n'}
[94.300155] (stella_ahrs) StderrLine: {'line': b'      |   \x1b[01;36m\x1b[K^~~~~~~~~~~~~~~~~\x1b[m\x1b[K\n'}
[94.300473] (stella_ahrs) StderrLine: {'line': b"\x1b[01m\x1b[K/home/wjs/cart_ros2/src/2th_NtrexAHRS_lib_ROS/ros2_example/stella_ahrs/mw/mw_ahrs.cpp:55:52:\x1b[m\x1b[K \x1b[01;35m\x1b[Kwarning: \x1b[m\x1b[K\xe2\x80\x98\x1b[01m\x1b[Kconst rclcpp::ParameterValue& rclcpp::Node::declare_parameter(const string&)\x1b[m\x1b[K\xe2\x80\x99 is deprecated: declare_parameter() with only a name is deprecated and will be deleted in the future.\\nIf you want to declare a parameter that won't change type without a default value use:\\n`node->declare_parameter<ParameterT>(name)`, where e.g. ParameterT=int64_t.\\n\\nIf you want to declare a parameter that can dynamically change type use:\\n```\\nrcl_interfaces::msg::ParameterDescriptor descriptor;\\ndescriptor.dynamic_typing = true;\\nnode->declare_parameter(name, rclcpp::ParameterValue{}, descriptor);\\n``` [\x1b[01;35m\x1b[K\x1b]8;;https://gcc.gnu.org/onlinedocs/gcc/Warning-Options.html#index-Wdeprecated-declarations\x07-Wdeprecated-declarations\x1b]8;;\x07\x1b[m\x1b[K]\n"}
[94.303886] (stella_ahrs) StderrLine: {'line': b'   55 | parameter("magnetic_field_stddev"\x1b[01;35m\x1b[K)\x1b[m\x1b[K;\n'}
[94.304421] (stella_ahrs) StderrLine: {'line': b'      |                                  \x1b[01;35m\x1b[K^\x1b[m\x1b[K\n'}
[94.304709] (stella_ahrs) StderrLine: {'line': b'\n'}
[94.304974] (stella_ahrs) StderrLine: {'line': b'In file included from \x1b[01m\x1b[K/opt/ros/galactic/include/rclcpp/executors/single_threaded_executor.hpp:28\x1b[m\x1b[K,\n'}
[94.305364] (stella_ahrs) StderrLine: {'line': b'                 from \x1b[01m\x1b[K/opt/ros/galactic/include/rclcpp/executors.hpp:22\x1b[m\x1b[K,\n'}
[94.305648] (stella_ahrs) StderrLine: {'line': b'                 from \x1b[01m\x1b[K/opt/ros/galactic/include/rclcpp/rclcpp.hpp:156\x1b[m\x1b[K,\n'}
[94.305904] (stella_ahrs) StderrLine: {'line': b'                 from \x1b[01m\x1b[K/opt/ros/galactic/include/tf2_ros/transform_broadcaster.h:38\x1b[m\x1b[K,\n'}
[94.306155] (stella_ahrs) StderrLine: {'line': b'                 from \x1b[01m\x1b[K/home/wjs/cart_ros2/src/2th_NtrexAHRS_lib_ROS/ros2_example/stella_ahrs/include/mw/mw_ahrs.hpp:5\x1b[m\x1b[K,\n'}
[94.306405] (stella_ahrs) StderrLine: {'line': b'                 from \x1b[01m\x1b[K/home/wjs/cart_ros2/src/2th_NtrexAHRS_lib_ROS/ros2_example/stella_ahrs/mw/mw_ahrs.cpp:1\x1b[m\x1b[K:\n'}
[94.306688] (stella_ahrs) StderrLine: {'line': b'\x1b[01m\x1b[K/opt/ros/galactic/include/rclcpp/node.hpp:422:3:\x1b[m\x1b[K \x1b[01;36m\x1b[Knote: \x1b[m\x1b[Kdeclared here\n'}
[94.306935] (stella_ahrs) StderrLine: {'line': b'  422 |   \x1b[01;36m\x1b[Kdeclare_parameter\x1b[m\x1b[K(const std::string & name);\n'}
[94.307263] (stella_ahrs) StderrLine: {'line': b'      |   \x1b[01;36m\x1b[K^~~~~~~~~~~~~~~~~\x1b[m\x1b[K\n'}
[94.307515] (stella_ahrs) StderrLine: {'line': b"\x1b[01m\x1b[K/home/wjs/cart_ros2/src/2th_NtrexAHRS_lib_ROS/ros2_example/stella_ahrs/mw/mw_ahrs.cpp:56:49:\x1b[m\x1b[K \x1b[01;35m\x1b[Kwarning: \x1b[m\x1b[K\xe2\x80\x98\x1b[01m\x1b[Kconst rclcpp::ParameterValue& rclcpp::Node::declare_parameter(const string&)\x1b[m\x1b[K\xe2\x80\x99 is deprecated: declare_parameter() with only a name is deprecated and will be deleted in the future.\\nIf you want to declare a parameter that won't change type without a default value use:\\n`node->declare_parameter<ParameterT>(name)`, where e.g. ParameterT=int64_t.\\n\\nIf you want to declare a parameter that can dynamically change type use:\\n```\\nrcl_interfaces::msg::ParameterDescriptor descriptor;\\ndescriptor.dynamic_typing = true;\\nnode->declare_parameter(name, rclcpp::ParameterValue{}, descriptor);\\n``` [\x1b[01;35m\x1b[K\x1b]8;;https://gcc.gnu.org/onlinedocs/gcc/Warning-Options.html#index-Wdeprecated-declarations\x07-Wdeprecated-declarations\x1b]8;;\x07\x1b[m\x1b[K]\n"}
[94.317453] (stella_ahrs) StderrLine: {'line': b'   56 | re_parameter("orientation_stddev"\x1b[01;35m\x1b[K)\x1b[m\x1b[K;\n'}
[94.318188] (stella_ahrs) StderrLine: {'line': b'      |                                  \x1b[01;35m\x1b[K^\x1b[m\x1b[K\n'}
[94.318560] (stella_ahrs) StderrLine: {'line': b'\n'}
[94.318879] (stella_ahrs) StderrLine: {'line': b'In file included from \x1b[01m\x1b[K/opt/ros/galactic/include/rclcpp/executors/single_threaded_executor.hpp:28\x1b[m\x1b[K,\n'}
[94.319173] (stella_ahrs) StderrLine: {'line': b'                 from \x1b[01m\x1b[K/opt/ros/galactic/include/rclcpp/executors.hpp:22\x1b[m\x1b[K,\n'}
[94.319464] (stella_ahrs) StderrLine: {'line': b'                 from \x1b[01m\x1b[K/opt/ros/galactic/include/rclcpp/rclcpp.hpp:156\x1b[m\x1b[K,\n'}
[94.319753] (stella_ahrs) StderrLine: {'line': b'                 from \x1b[01m\x1b[K/opt/ros/galactic/include/tf2_ros/transform_broadcaster.h:38\x1b[m\x1b[K,\n'}
[94.320035] (stella_ahrs) StderrLine: {'line': b'                 from \x1b[01m\x1b[K/home/wjs/cart_ros2/src/2th_NtrexAHRS_lib_ROS/ros2_example/stella_ahrs/include/mw/mw_ahrs.hpp:5\x1b[m\x1b[K,\n'}
[94.320309] (stella_ahrs) StderrLine: {'line': b'                 from \x1b[01m\x1b[K/home/wjs/cart_ros2/src/2th_NtrexAHRS_lib_ROS/ros2_example/stella_ahrs/mw/mw_ahrs.cpp:1\x1b[m\x1b[K:\n'}
[94.320667] (stella_ahrs) StderrLine: {'line': b'\x1b[01m\x1b[K/opt/ros/galactic/include/rclcpp/node.hpp:422:3:\x1b[m\x1b[K \x1b[01;36m\x1b[Knote: \x1b[m\x1b[Kdeclared here\n'}
[94.320938] (stella_ahrs) StderrLine: {'line': b'  422 |   \x1b[01;36m\x1b[Kdeclare_parameter\x1b[m\x1b[K(const std::string & name);\n'}
[94.321308] (stella_ahrs) StderrLine: {'line': b'      |   \x1b[01;36m\x1b[K^~~~~~~~~~~~~~~~~\x1b[m\x1b[K\n'}
[94.397068] (-) TimerEvent: {}
[94.498184] (-) TimerEvent: {}
[94.599170] (-) TimerEvent: {}
[94.700223] (-) TimerEvent: {}
[94.801315] (-) TimerEvent: {}
[94.911792] (-) TimerEvent: {}
[95.012808] (-) TimerEvent: {}
[95.113815] (-) TimerEvent: {}
[95.214809] (-) TimerEvent: {}
[95.315855] (-) TimerEvent: {}
[95.416897] (-) TimerEvent: {}
[95.517961] (-) TimerEvent: {}
[95.619135] (-) TimerEvent: {}
[95.720093] (-) TimerEvent: {}
[95.821176] (-) TimerEvent: {}
[95.922185] (-) TimerEvent: {}
[96.023224] (-) TimerEvent: {}
[96.124188] (-) TimerEvent: {}
[96.225227] (-) TimerEvent: {}
[96.326231] (-) TimerEvent: {}
[96.427275] (-) TimerEvent: {}
[96.528334] (-) TimerEvent: {}
[96.629396] (-) TimerEvent: {}
[96.730468] (-) TimerEvent: {}
[96.831515] (-) TimerEvent: {}
[96.932561] (-) TimerEvent: {}
[97.033647] (-) TimerEvent: {}
[97.134634] (-) TimerEvent: {}
[97.235615] (-) TimerEvent: {}
[97.336667] (-) TimerEvent: {}
[97.437718] (-) TimerEvent: {}
[97.538778] (-) TimerEvent: {}
[97.639826] (-) TimerEvent: {}
[97.740881] (-) TimerEvent: {}
[97.842033] (-) TimerEvent: {}
[97.943065] (-) TimerEvent: {}
[98.044112] (-) TimerEvent: {}
[98.145232] (-) TimerEvent: {}
[98.246242] (-) TimerEvent: {}
[98.347318] (-) TimerEvent: {}
[98.448338] (-) TimerEvent: {}
[98.549423] (-) TimerEvent: {}
[98.650498] (-) TimerEvent: {}
[98.751509] (-) TimerEvent: {}
[98.852532] (-) TimerEvent: {}
[98.953648] (-) TimerEvent: {}
[99.054621] (-) TimerEvent: {}
[99.155672] (-) TimerEvent: {}
[99.256720] (-) TimerEvent: {}
[99.357731] (-) TimerEvent: {}
[99.458718] (-) TimerEvent: {}
[99.559727] (-) TimerEvent: {}
[99.660749] (-) TimerEvent: {}
[99.761853] (-) TimerEvent: {}
[99.862879] (-) TimerEvent: {}
[99.963935] (-) TimerEvent: {}
[100.064957] (-) TimerEvent: {}
[100.166003] (-) TimerEvent: {}
[100.266986] (-) TimerEvent: {}
[100.368029] (-) TimerEvent: {}
[100.468995] (-) TimerEvent: {}
[100.570031] (-) TimerEvent: {}
[100.671059] (-) TimerEvent: {}
[100.772032] (-) TimerEvent: {}
[100.873023] (-) TimerEvent: {}
[100.974083] (-) TimerEvent: {}
[101.075183] (-) TimerEvent: {}
[101.176309] (-) TimerEvent: {}
[101.277331] (-) TimerEvent: {}
[101.378285] (-) TimerEvent: {}
[101.479282] (-) TimerEvent: {}
[101.580279] (-) TimerEvent: {}
[101.681237] (-) TimerEvent: {}
[101.785099] (-) TimerEvent: {}
[101.886128] (-) TimerEvent: {}
[101.987783] (-) TimerEvent: {}
[102.090013] (-) TimerEvent: {}
[102.191781] (-) TimerEvent: {}
[102.292802] (-) TimerEvent: {}
[102.394136] (-) TimerEvent: {}
[102.495136] (-) TimerEvent: {}
[102.596890] (-) TimerEvent: {}
[102.697946] (-) TimerEvent: {}
[102.800769] (-) TimerEvent: {}
[102.902563] (-) TimerEvent: {}
[103.004276] (-) TimerEvent: {}
[103.105983] (-) TimerEvent: {}
[103.207639] (-) TimerEvent: {}
[103.309469] (-) TimerEvent: {}
[103.411102] (-) TimerEvent: {}
[103.512789] (-) TimerEvent: {}
[103.614535] (-) TimerEvent: {}
[103.725794] (-) TimerEvent: {}
[103.826785] (-) TimerEvent: {}
[103.928360] (-) TimerEvent: {}
[104.029401] (-) TimerEvent: {}
[104.130377] (-) TimerEvent: {}
[104.231493] (-) TimerEvent: {}
[104.332683] (-) TimerEvent: {}
[104.433987] (-) TimerEvent: {}
[104.534989] (-) TimerEvent: {}
[104.635990] (-) TimerEvent: {}
[104.737180] (-) TimerEvent: {}
[104.838193] (-) TimerEvent: {}
[104.939277] (-) TimerEvent: {}
[105.040263] (-) TimerEvent: {}
[105.141334] (-) TimerEvent: {}
[105.242337] (-) TimerEvent: {}
[105.343405] (-) TimerEvent: {}
[105.444402] (-) TimerEvent: {}
[105.545445] (-) TimerEvent: {}
[105.646443] (-) TimerEvent: {}
[105.747550] (-) TimerEvent: {}
[105.849801] (-) TimerEvent: {}
[105.950774] (-) TimerEvent: {}
[106.051801] (-) TimerEvent: {}
[106.152826] (-) TimerEvent: {}
[106.254091] (-) TimerEvent: {}
[106.355161] (-) TimerEvent: {}
[106.456140] (-) TimerEvent: {}
[106.557244] (-) TimerEvent: {}
[106.658473] (-) TimerEvent: {}
[106.761826] (-) TimerEvent: {}
[106.862990] (-) TimerEvent: {}
[106.964609] (-) TimerEvent: {}
[107.066315] (-) TimerEvent: {}
[107.167893] (-) TimerEvent: {}
[107.269855] (-) TimerEvent: {}
[107.371421] (-) TimerEvent: {}
[107.472981] (-) TimerEvent: {}
[107.575674] (-) TimerEvent: {}
[107.633493] (sllidar_ros2) StdoutLine: {'line': b'[100%] \x1b[32m\x1b[1mLinking CXX executable sllidar_client\x1b[0m\n'}
[107.675913] (-) TimerEvent: {}
[107.777486] (-) TimerEvent: {}
[107.878458] (-) TimerEvent: {}
[107.979467] (-) TimerEvent: {}
[108.080474] (-) TimerEvent: {}
[108.181542] (-) TimerEvent: {}
[108.216575] (stella_ahrs) StdoutLine: {'line': b'[ 66%] \x1b[32mBuilding CXX object CMakeFiles/stella_ahrs_node.dir/serial/serial.cc.o\x1b[0m\n'}
[108.281804] (-) TimerEvent: {}
[108.382816] (-) TimerEvent: {}
[108.483826] (-) TimerEvent: {}
[108.584785] (-) TimerEvent: {}
[108.686470] (-) TimerEvent: {}
[108.787597] (-) TimerEvent: {}
[108.888752] (-) TimerEvent: {}
[108.990157] (-) TimerEvent: {}
[109.091243] (-) TimerEvent: {}
[109.192322] (-) TimerEvent: {}
[109.293432] (-) TimerEvent: {}
[109.394435] (-) TimerEvent: {}
[109.497256] (-) TimerEvent: {}
[109.598864] (-) TimerEvent: {}
[109.700574] (-) TimerEvent: {}
[109.784393] (sllidar_ros2) StdoutLine: {'line': b'[100%] Built target sllidar_client\n'}
[109.800892] (-) TimerEvent: {}
[109.900388] (sllidar_ros2) CommandEnded: {'returncode': 0}
[109.908339] (-) TimerEvent: {}
[109.909987] (sllidar_ros2) JobProgress: {'identifier': 'sllidar_ros2', 'progress': 'install'}
[109.910201] (sllidar_ros2) Command: {'cmd': ['/usr/bin/cmake', '--install', '/home/wjs/cart_ros2/build/sllidar_ros2'], 'cwd': '/home/wjs/cart_ros2/build/sllidar_ros2', 'env': OrderedDict([('LESSOPEN', '| /usr/bin/lesspipe %s'), ('USER', 'wjs'), ('SSH_AGENT_PID', '4023'), ('XDG_SESSION_TYPE', 'x11'), ('PIP_CACHE_DIR', '/mnt/sdcard/.cache/pip'), ('XDG_CACHE_HOME', '/mnt/sdcard/.cache'), ('SHLVL', '1'), ('LD_LIBRARY_PATH', '/opt/opencv-4.5.5-cuda/lib:/home/wjs/cart_ros2/install/lib:/home/wjs/tb3_tpl_ws/install/lib:/opt/ros/galactic/opt/yaml_cpp_vendor/lib:/opt/ros/galactic/opt/rviz_ogre_vendor/lib:/opt/ros/galactic/lib/aarch64-linux-gnu:/opt/ros/galactic/lib:/usr/local/cuda-11.4/lib64:'), ('HOME', '/home/wjs'), ('CYCLONEDDS_URI', 'file:///home/wjs/cyclonedds_lo.xml'), ('OLDPWD', '/home/wjs'), ('DESKTOP_SESSION', 'ubuntu'), ('JETSON_L4T', '35.6.3'), ('ROS_PYTHON_VERSION', '3'), ('GNOME_SHELL_SESSION_MODE', 'ubuntu'), ('GTK_MODULES', 'gail:atk-bridge'), ('JETSON_MODEL', 'Jetson-AGX'), ('MANAGERPID', '3877'), ('DBUS_SESSION_BUS_ADDRESS', 'unix:path=/run/user/1000/bus'), ('COLORTERM', 'truecolor'), ('TERMINATOR_DBUS_NAME', 'net.tenshu.Terminator23558193cd9818af7fe4d2c2f5bd9d00f'), ('GIO_LAUNCHED_DESKTOP_FILE_PID', '6835'), ('IM_CONFIG_PHASE', '1'), ('TMPDIR', '/mnt/sdcard/tmp'), ('COLCON_PREFIX_PATH', '/home/wjs/tb3_tpl_ws/install:/home/wjs/cart_ros2/install'), ('TORCH_HOME', '/mnt/sdcard/.cache/torch'), ('ROS_DISTRO', 'galactic'), ('LOGNAME', 'wjs'), ('JETSON_MODULE', 'NVIDIA Jetson AGX Xavier (32 GB ram)'), ('JETSON_SERIAL_NUMBER', '1423420009543'), ('JOURNAL_STREAM', '8:75457'), ('_', '/usr/bin/colcon'), ('ROS_VERSION', '2'), ('JETSON_CODENAME', 'Galen'), ('XDG_SESSION_CLASS', 'user'), ('USERNAME', 'wjs'), ('TERM', 'xterm-256color'), ('GNOME_DESKTOP_SESSION_ID', 'this-is-deprecated'), ('ROS_LOCALHOST_ONLY', '1'), ('WINDOWPATH', '2'), ('PATH', '/opt/ros/galactic/bin:/usr/local/cuda-11.4/bin:/home/wjs/.local/bin:/usr/local/sbin:/usr/local/bin:/usr/sbin:/usr/bin:/sbin:/bin:/usr/games:/usr/local/games:/snap/bin'), ('SESSION_MANAGER', 'local/ubuntu:@/tmp/.ICE-unix/4058,unix/ubuntu:/tmp/.ICE-unix/4058'), ('INVOCATION_ID', 'da0bea70aefc4c20b47af68647634234'), ('XDG_MENU_PREFIX', 'gnome-'), ('XDG_RUNTIME_DIR', '/run/user/1000'), ('DISPLAY', ':1'), ('TERMINATOR_DBUS_PATH', '/net/tenshu/Terminator2'), ('LANG', 'en_US.UTF-8'), ('XDG_CURRENT_DESKTOP', 'ubuntu:GNOME'), ('RMW_IMPLEMENTATION', 'rmw_cyclonedds_cpp'), ('XMODIFIERS', '@im=ibus'), ('XDG_SESSION_DESKTOP', 'ubuntu'), ('XAUTHORITY', '/run/user/1000/gdm/Xauthority'), ('LS_COLORS', 'rs=0:di=01;34:ln=01;36:mh=00:pi=40;33:so=01;35:do=01;35:bd=40;33;01:cd=40;33;01:or=40;31;01:mi=00:su=37;41:sg=30;43:ca=30;41:tw=30;42:ow=34;42:st=37;44:ex=01;32:*.tar=01;31:*.tgz=01;31:*.arc=01;31:*.arj=01;31:*.taz=01;31:*.lha=01;31:*.lz4=01;31:*.lzh=01;31:*.lzma=01;31:*.tlz=01;31:*.txz=01;31:*.tzo=01;31:*.t7z=01;31:*.zip=01;31:*.z=01;31:*.dz=01;31:*.gz=01;31:*.lrz=01;31:*.lz=01;31:*.lzo=01;31:*.xz=01;31:*.zst=01;31:*.tzst=01;31:*.bz2=01;31:*.bz=01;31:*.tbz=01;31:*.tbz2=01;31:*.tz=01;31:*.deb=01;31:*.rpm=01;31:*.jar=01;31:*.war=01;31:*.ear=01;31:*.sar=01;31:*.rar=01;31:*.alz=01;31:*.ace=01;31:*.zoo=01;31:*.cpio=01;31:*.7z=01;31:*.rz=01;31:*.cab=01;31:*.wim=01;31:*.swm=01;31:*.dwm=01;31:*.esd=01;31:*.jpg=01;35:*.jpeg=01;35:*.mjpg=01;35:*.mjpeg=01;35:*.gif=01;35:*.bmp=01;35:*.pbm=01;35:*.pgm=01;35:*.ppm=01;35:*.tga=01;35:*.xbm=01;35:*.xpm=01;35:*.tif=01;35:*.tiff=01;35:*.png=01;35:*.svg=01;35:*.svgz=01;35:*.mng=01;35:*.pcx=01;35:*.mov=01;35:*.mpg=01;35:*.mpeg=01;35:*.m2v=01;35:*.mkv=01;35:*.webm=01;35:*.ogm=01;35:*.mp4=01;35:*.m4v=01;35:*.mp4v=01;35:*.vob=01;35:*.qt=01;35:*.nuv=01;35:*.wmv=01;35:*.asf=01;35:*.rm=01;35:*.rmvb=01;35:*.flc=01;35:*.avi=01;35:*.fli=01;35:*.flv=01;35:*.gl=01;35:*.dl=01;35:*.xcf=01;35:*.xwd=01;35:*.yuv=01;35:*.cgm=01;35:*.emf=01;35:*.ogv=01;35:*.ogx=01;35:*.aac=00;36:*.au=00;36:*.flac=00;36:*.m4a=00;36:*.mid=00;36:*.midi=00;36:*.mka=00;36:*.mp3=00;36:*.mpc=00;36:*.ogg=00;36:*.ra=00;36:*.wav=00;36:*.oga=00;36:*.opus=00;36:*.spx=00;36:*.xspf=00;36:'), ('JETSON_SOC', 'tegra194'), ('SSH_AUTH_SOCK', '/run/user/1000/keyring/ssh'), ('ROS_DOMAIN_ID', '35'), ('AMENT_PREFIX_PATH', '/home/wjs/cart_ros2/install:/home/wjs/tb3_tpl_ws/install:/opt/ros/galactic'), ('SHELL', '/bin/bash'), ('TERMINATOR_UUID', 'urn:uuid:1409ebbf-e917-4bfd-a3f8-4e94c2694854'), ('QT_ACCESSIBILITY', '1'), ('GDMSESSION', 'ubuntu'), ('LESSCLOSE', '/usr/bin/lesspipe %s %s'), ('GPG_AGENT_INFO', '/run/user/1000/gnupg/S.gpg-agent:0:1'), ('QT_IM_MODULE', 'ibus'), ('JETSON_CUDA_ARCH_BIN', '7.2'), ('PWD', '/home/wjs/cart_ros2/build/sllidar_ros2'), ('XDG_CONFIG_DIRS', '/etc/xdg/xdg-ubuntu:/etc/xdg'), ('XDG_DATA_DIRS', '/usr/share/ubuntu:/usr/local/share/:/usr/share/:/var/lib/snapd/desktop'), ('PYTHONPATH', '/opt/opencv-4.5.5-cuda/lib/python3.8/site-packages:/home/wjs/cart_ros2/build/differential_drive/src:/home/wjs/cart_ros2/build/arduino_ros2:/home/wjs/cart_ros2/build/agv_body:/home/wjs/cart_ros2/install/lib/python3.8/site-packages:/home/wjs/tb3_tpl_ws/build/turtlebot3_teleop:/home/wjs/tb3_tpl_ws/install/lib/python3.8/site-packages:/opt/ros/galactic/lib/python3.8/site-packages'), ('COLCON', '1'), ('VTE_VERSION', '6003'), ('JETSON_JETPACK', '5.1.7'), ('CMAKE_PREFIX_PATH', '/home/wjs/cart_ros2/install:/home/wjs/tb3_tpl_ws/install:/opt/ros/galactic'), ('JETSON_P_NUMBER', 'p2888-0004')]), 'shell': False}
[109.963118] (sllidar_ros2) StdoutLine: {'line': b'-- Install configuration: ""\n'}
[109.967491] (sllidar_ros2) StdoutLine: {'line': b'-- Execute custom install script\n'}
[109.972847] (sllidar_ros2) StdoutLine: {'line': b'-- Symlinking: /home/wjs/cart_ros2/install/share/sllidar_ros2/launch/run_lidar_F.launch.py\n'}
[110.008665] (-) TimerEvent: {}
[110.026479] (sllidar_ros2) StdoutLine: {'line': b'-- Symlinking: /home/wjs/cart_ros2/install/share/sllidar_ros2/launch/run_lidar_F.launch.py.bak\n'}
[110.081763] (sllidar_ros2) StdoutLine: {'line': b'-- Symlinking: /home/wjs/cart_ros2/install/share/sllidar_ros2/launch/run_lidar_R.launch.py\n'}
[110.108973] (-) TimerEvent: {}
[110.138356] (sllidar_ros2) StdoutLine: {'line': b'-- Symlinking: /home/wjs/cart_ros2/install/share/sllidar_ros2/launch/run_lidars.launch.py\n'}
[110.187933] (sllidar_ros2) StdoutLine: {'line': b'-- Symlinking: /home/wjs/cart_ros2/install/share/sllidar_ros2/launch/sllidar_a3_filtered.launch.py\n'}
[110.209335] (-) TimerEvent: {}
[110.245927] (sllidar_ros2) StdoutLine: {'line': b'-- Symlinking: /home/wjs/cart_ros2/install/share/sllidar_ros2/launch/sllidar_a3_launch.py\n'}
[110.292634] (sllidar_ros2) StdoutLine: {'line': b'-- Symlinking: /home/wjs/cart_ros2/install/share/sllidar_ros2/launch/sllidar_launch.py\n'}
[110.309606] (-) TimerEvent: {}
[110.345417] (sllidar_ros2) StdoutLine: {'line': b'-- Symlinking: /home/wjs/cart_ros2/install/share/sllidar_ros2/launch/sllidar_s1_launch.py\n'}
[110.395883] (sllidar_ros2) StdoutLine: {'line': b'-- Symlinking: /home/wjs/cart_ros2/install/share/sllidar_ros2/launch/sllidar_s1_tcp_launch.py\n'}
[110.409856] (-) TimerEvent: {}
[110.447048] (sllidar_ros2) StdoutLine: {'line': b'-- Symlinking: /home/wjs/cart_ros2/install/share/sllidar_ros2/launch/sllidar_s2_launch.py\n'}
[110.495598] (sllidar_ros2) StdoutLine: {'line': b'-- Symlinking: /home/wjs/cart_ros2/install/share/sllidar_ros2/launch/sllidar_s2e_launch.py\n'}
[110.510113] (-) TimerEvent: {}
[110.543786] (sllidar_ros2) StdoutLine: {'line': b'-- Symlinking: /home/wjs/cart_ros2/install/share/sllidar_ros2/launch/sllidar_t1_launch.py\n'}
[110.598567] (sllidar_ros2) StdoutLine: {'line': b'-- Symlinking: /home/wjs/cart_ros2/install/share/sllidar_ros2/launch/view_sllidar_a3_launch.py\n'}
[110.610398] (-) TimerEvent: {}
[110.646546] (sllidar_ros2) StdoutLine: {'line': b'-- Symlinking: /home/wjs/cart_ros2/install/share/sllidar_ros2/launch/view_sllidar_launch.py\n'}
[110.696833] (sllidar_ros2) StdoutLine: {'line': b'-- Symlinking: /home/wjs/cart_ros2/install/share/sllidar_ros2/launch/view_sllidar_s1_launch.py\n'}
[110.710686] (-) TimerEvent: {}
[110.749402] (sllidar_ros2) StdoutLine: {'line': b'-- Symlinking: /home/wjs/cart_ros2/install/share/sllidar_ros2/launch/view_sllidar_s1_tcp_launch.py\n'}
[110.799687] (sllidar_ros2) StdoutLine: {'line': b'-- Symlinking: /home/wjs/cart_ros2/install/share/sllidar_ros2/launch/view_sllidar_s2_launch.py\n'}
[110.810963] (-) TimerEvent: {}
[110.850944] (sllidar_ros2) StdoutLine: {'line': b'-- Symlinking: /home/wjs/cart_ros2/install/share/sllidar_ros2/launch/view_sllidar_s2e_launch.py\n'}
[110.899086] (sllidar_ros2) StdoutLine: {'line': b'-- Symlinking: /home/wjs/cart_ros2/install/share/sllidar_ros2/launch/view_sllidar_t1_launch.py\n'}
[110.911227] (-) TimerEvent: {}
[110.946980] (sllidar_ros2) StdoutLine: {'line': b'-- Symlinking: /home/wjs/cart_ros2/install/share/sllidar_ros2/rviz/sllidar_ros2.rviz\n'}
[110.998059] (sllidar_ros2) StdoutLine: {'line': b'-- Symlinking: /home/wjs/cart_ros2/install/lib/sllidar_ros2/sllidar_node\n'}
[111.011538] (-) TimerEvent: {}
[111.046327] (sllidar_ros2) StdoutLine: {'line': b'-- Symlinking: /home/wjs/cart_ros2/install/lib/sllidar_ros2/sllidar_client\n'}
[111.096579] (sllidar_ros2) StdoutLine: {'line': b'-- Symlinking: /home/wjs/cart_ros2/install/share/ament_index/resource_index/package_run_dependencies/sllidar_ros2\n'}
[111.111867] (-) TimerEvent: {}
[111.146910] (sllidar_ros2) StdoutLine: {'line': b'-- Symlinking: /home/wjs/cart_ros2/install/share/ament_index/resource_index/parent_prefix_path/sllidar_ros2\n'}
[111.191471] (sllidar_ros2) StdoutLine: {'line': b'-- Symlinking: /home/wjs/cart_ros2/install/share/sllidar_ros2/environment/ament_prefix_path.sh\n'}
[111.212124] (-) TimerEvent: {}
[111.238113] (sllidar_ros2) StdoutLine: {'line': b'-- Symlinking: /home/wjs/cart_ros2/install/share/sllidar_ros2/environment/ament_prefix_path.dsv\n'}
[111.286800] (sllidar_ros2) StdoutLine: {'line': b'-- Symlinking: /home/wjs/cart_ros2/install/share/sllidar_ros2/environment/path.sh\n'}
[111.300191] (stella_ahrs) StdoutLine: {'line': b'[ 83%] \x1b[32mBuilding CXX object CMakeFiles/stella_ahrs_node.dir/serial/list_ports_linux.cc.o\x1b[0m\n'}
[111.312410] (-) TimerEvent: {}
[111.329479] (sllidar_ros2) StdoutLine: {'line': b'-- Symlinking: /home/wjs/cart_ros2/install/share/sllidar_ros2/environment/path.dsv\n'}
[111.376180] (sllidar_ros2) StdoutLine: {'line': b'-- Symlinking: /home/wjs/cart_ros2/install/share/sllidar_ros2/local_setup.bash\n'}
[111.412699] (-) TimerEvent: {}
[111.425244] (sllidar_ros2) StdoutLine: {'line': b'-- Symlinking: /home/wjs/cart_ros2/install/share/sllidar_ros2/local_setup.sh\n'}
[111.472964] (sllidar_ros2) StdoutLine: {'line': b'-- Symlinking: /home/wjs/cart_ros2/install/share/sllidar_ros2/local_setup.zsh\n'}
[111.512988] (-) TimerEvent: {}
[111.519289] (sllidar_ros2) StdoutLine: {'line': b'-- Symlinking: /home/wjs/cart_ros2/install/share/sllidar_ros2/local_setup.dsv\n'}
[111.566768] (sllidar_ros2) StdoutLine: {'line': b'-- Symlinking: /home/wjs/cart_ros2/install/share/sllidar_ros2/package.dsv\n'}
[111.613335] (-) TimerEvent: {}
[111.614659] (sllidar_ros2) StdoutLine: {'line': b'-- Symlinking: /home/wjs/cart_ros2/install/share/ament_index/resource_index/packages/sllidar_ros2\n'}
[111.661813] (sllidar_ros2) StdoutLine: {'line': b'-- Symlinking: /home/wjs/cart_ros2/install/share/sllidar_ros2/cmake/ament_cmake_export_dependencies-extras.cmake\n'}
[111.709779] (sllidar_ros2) StdoutLine: {'line': b'-- Symlinking: /home/wjs/cart_ros2/install/share/sllidar_ros2/cmake/ament_cmake_export_include_directories-extras.cmake\n'}
[111.713507] (-) TimerEvent: {}
[111.758717] (sllidar_ros2) StdoutLine: {'line': b'-- Symlinking: /home/wjs/cart_ros2/install/share/sllidar_ros2/cmake/sllidar_ros2Config.cmake\n'}
[111.803563] (sllidar_ros2) StdoutLine: {'line': b'-- Symlinking: /home/wjs/cart_ros2/install/share/sllidar_ros2/cmake/sllidar_ros2Config-version.cmake\n'}
[111.813726] (-) TimerEvent: {}
[111.853503] (sllidar_ros2) StdoutLine: {'line': b'-- Symlinking: /home/wjs/cart_ros2/install/share/sllidar_ros2/package.xml\n'}
[111.917322] (sllidar_ros2) CommandEnded: {'returncode': 0}
[111.918650] (-) TimerEvent: {}
[112.019330] (-) TimerEvent: {}
[112.021795] (sllidar_ros2) JobEnded: {'identifier': 'sllidar_ros2', 'rc': 0}
[112.062832] (roboteq_controller) JobStarted: {'identifier': 'roboteq_controller'}
[112.100177] (roboteq_controller) JobProgress: {'identifier': 'roboteq_controller', 'progress': 'cmake'}
[112.103696] (roboteq_controller) Command: {'cmd': ['/usr/bin/cmake', '/home/wjs/cart_ros2/src/roboteq_controller_ros-galactic-devel/roboteq_controller', '-DAMENT_CMAKE_SYMLINK_INSTALL=1', '-DCMAKE_INSTALL_PREFIX=/home/wjs/cart_ros2/install'], 'cwd': '/home/wjs/cart_ros2/build/roboteq_controller', 'env': OrderedDict([('LESSOPEN', '| /usr/bin/lesspipe %s'), ('USER', 'wjs'), ('SSH_AGENT_PID', '4023'), ('XDG_SESSION_TYPE', 'x11'), ('PIP_CACHE_DIR', '/mnt/sdcard/.cache/pip'), ('XDG_CACHE_HOME', '/mnt/sdcard/.cache'), ('SHLVL', '1'), ('LD_LIBRARY_PATH', '/home/wjs/cart_ros2/install/lib:/opt/opencv-4.5.5-cuda/lib:/home/wjs/tb3_tpl_ws/install/lib:/opt/ros/galactic/opt/yaml_cpp_vendor/lib:/opt/ros/galactic/opt/rviz_ogre_vendor/lib:/opt/ros/galactic/lib/aarch64-linux-gnu:/opt/ros/galactic/lib:/usr/local/cuda-11.4/lib64'), ('HOME', '/home/wjs'), ('CYCLONEDDS_URI', 'file:///home/wjs/cyclonedds_lo.xml'), ('OLDPWD', '/home/wjs'), ('DESKTOP_SESSION', 'ubuntu'), ('JETSON_L4T', '35.6.3'), ('ROS_PYTHON_VERSION', '3'), ('GNOME_SHELL_SESSION_MODE', 'ubuntu'), ('GTK_MODULES', 'gail:atk-bridge'), ('JETSON_MODEL', 'Jetson-AGX'), ('MANAGERPID', '3877'), ('DBUS_SESSION_BUS_ADDRESS', 'unix:path=/run/user/1000/bus'), ('COLORTERM', 'truecolor'), ('TERMINATOR_DBUS_NAME', 'net.tenshu.Terminator23558193cd9818af7fe4d2c2f5bd9d00f'), ('GIO_LAUNCHED_DESKTOP_FILE_PID', '6835'), ('IM_CONFIG_PHASE', '1'), ('TMPDIR', '/mnt/sdcard/tmp'), ('COLCON_PREFIX_PATH', '/home/wjs/tb3_tpl_ws/install:/home/wjs/cart_ros2/install'), ('TORCH_HOME', '/mnt/sdcard/.cache/torch'), ('ROS_DISTRO', 'galactic'), ('LOGNAME', 'wjs'), ('JETSON_MODULE', 'NVIDIA Jetson AGX Xavier (32 GB ram)'), ('JETSON_SERIAL_NUMBER', '1423420009543'), ('JOURNAL_STREAM', '8:75457'), ('_', '/usr/bin/colcon'), ('ROS_VERSION', '2'), ('JETSON_CODENAME', 'Galen'), ('XDG_SESSION_CLASS', 'user'), ('USERNAME', 'wjs'), ('TERM', 'xterm-256color'), ('GNOME_DESKTOP_SESSION_ID', 'this-is-deprecated'), ('ROS_LOCALHOST_ONLY', '1'), ('WINDOWPATH', '2'), ('PATH', '/opt/ros/galactic/bin:/usr/local/cuda-11.4/bin:/home/wjs/.local/bin:/usr/local/sbin:/usr/local/bin:/usr/sbin:/usr/bin:/sbin:/bin:/usr/games:/usr/local/games:/snap/bin'), ('SESSION_MANAGER', 'local/ubuntu:@/tmp/.ICE-unix/4058,unix/ubuntu:/tmp/.ICE-unix/4058'), ('INVOCATION_ID', 'da0bea70aefc4c20b47af68647634234'), ('XDG_MENU_PREFIX', 'gnome-'), ('XDG_RUNTIME_DIR', '/run/user/1000'), ('DISPLAY', ':1'), ('TERMINATOR_DBUS_PATH', '/net/tenshu/Terminator2'), ('LANG', 'en_US.UTF-8'), ('XDG_CURRENT_DESKTOP', 'ubuntu:GNOME'), ('RMW_IMPLEMENTATION', 'rmw_cyclonedds_cpp'), ('XMODIFIERS', '@im=ibus'), ('XDG_SESSION_DESKTOP', 'ubuntu'), ('XAUTHORITY', '/run/user/1000/gdm/Xauthority'), ('LS_COLORS', 'rs=0:di=01;34:ln=01;36:mh=00:pi=40;33:so=01;35:do=01;35:bd=40;33;01:cd=40;33;01:or=40;31;01:mi=00:su=37;41:sg=30;43:ca=30;41:tw=30;42:ow=34;42:st=37;44:ex=01;32:*.tar=01;31:*.tgz=01;31:*.arc=01;31:*.arj=01;31:*.taz=01;31:*.lha=01;31:*.lz4=01;31:*.lzh=01;31:*.lzma=01;31:*.tlz=01;31:*.txz=01;31:*.tzo=01;31:*.t7z=01;31:*.zip=01;31:*.z=01;31:*.dz=01;31:*.gz=01;31:*.lrz=01;31:*.lz=01;31:*.lzo=01;31:*.xz=01;31:*.zst=01;31:*.tzst=01;31:*.bz2=01;31:*.bz=01;31:*.tbz=01;31:*.tbz2=01;31:*.tz=01;31:*.deb=01;31:*.rpm=01;31:*.jar=01;31:*.war=01;31:*.ear=01;31:*.sar=01;31:*.rar=01;31:*.alz=01;31:*.ace=01;31:*.zoo=01;31:*.cpio=01;31:*.7z=01;31:*.rz=01;31:*.cab=01;31:*.wim=01;31:*.swm=01;31:*.dwm=01;31:*.esd=01;31:*.jpg=01;35:*.jpeg=01;35:*.mjpg=01;35:*.mjpeg=01;35:*.gif=01;35:*.bmp=01;35:*.pbm=01;35:*.pgm=01;35:*.ppm=01;35:*.tga=01;35:*.xbm=01;35:*.xpm=01;35:*.tif=01;35:*.tiff=01;35:*.png=01;35:*.svg=01;35:*.svgz=01;35:*.mng=01;35:*.pcx=01;35:*.mov=01;35:*.mpg=01;35:*.mpeg=01;35:*.m2v=01;35:*.mkv=01;35:*.webm=01;35:*.ogm=01;35:*.mp4=01;35:*.m4v=01;35:*.mp4v=01;35:*.vob=01;35:*.qt=01;35:*.nuv=01;35:*.wmv=01;35:*.asf=01;35:*.rm=01;35:*.rmvb=01;35:*.flc=01;35:*.avi=01;35:*.fli=01;35:*.flv=01;35:*.gl=01;35:*.dl=01;35:*.xcf=01;35:*.xwd=01;35:*.yuv=01;35:*.cgm=01;35:*.emf=01;35:*.ogv=01;35:*.ogx=01;35:*.aac=00;36:*.au=00;36:*.flac=00;36:*.m4a=00;36:*.mid=00;36:*.midi=00;36:*.mka=00;36:*.mp3=00;36:*.mpc=00;36:*.ogg=00;36:*.ra=00;36:*.wav=00;36:*.oga=00;36:*.opus=00;36:*.spx=00;36:*.xspf=00;36:'), ('JETSON_SOC', 'tegra194'), ('SSH_AUTH_SOCK', '/run/user/1000/keyring/ssh'), ('ROS_DOMAIN_ID', '35'), ('AMENT_PREFIX_PATH', '/home/wjs/cart_ros2/install:/home/wjs/tb3_tpl_ws/install:/opt/ros/galactic'), ('SHELL', '/bin/bash'), ('TERMINATOR_UUID', 'urn:uuid:1409ebbf-e917-4bfd-a3f8-4e94c2694854'), ('QT_ACCESSIBILITY', '1'), ('GDMSESSION', 'ubuntu'), ('LESSCLOSE', '/usr/bin/lesspipe %s %s'), ('GPG_AGENT_INFO', '/run/user/1000/gnupg/S.gpg-agent:0:1'), ('QT_IM_MODULE', 'ibus'), ('JETSON_CUDA_ARCH_BIN', '7.2'), ('PWD', '/home/wjs/cart_ros2/build/roboteq_controller'), ('XDG_CONFIG_DIRS', '/etc/xdg/xdg-ubuntu:/etc/xdg'), ('XDG_DATA_DIRS', '/usr/share/ubuntu:/usr/local/share/:/usr/share/:/var/lib/snapd/desktop'), ('PYTHONPATH', '/home/wjs/cart_ros2/install/lib/python3.8/site-packages:/opt/opencv-4.5.5-cuda/lib/python3.8/site-packages:/home/wjs/cart_ros2/build/differential_drive/src:/home/wjs/cart_ros2/build/arduino_ros2:/home/wjs/cart_ros2/build/agv_body:/home/wjs/tb3_tpl_ws/build/turtlebot3_teleop:/home/wjs/tb3_tpl_ws/install/lib/python3.8/site-packages:/opt/ros/galactic/lib/python3.8/site-packages'), ('COLCON', '1'), ('VTE_VERSION', '6003'), ('JETSON_JETPACK', '5.1.7'), ('CMAKE_PREFIX_PATH', '/home/wjs/cart_ros2/install:/home/wjs/tb3_tpl_ws/install:/opt/ros/galactic'), ('JETSON_P_NUMBER', 'p2888-0004')]), 'shell': False}
[112.126574] (-) TimerEvent: {}
[112.230291] (-) TimerEvent: {}
[112.331381] (-) TimerEvent: {}
[112.432955] (-) TimerEvent: {}
[112.534656] (-) TimerEvent: {}
[112.636359] (stella_ahrs) StderrLine: {'line': b'\x1b[01m\x1b[K/home/wjs/cart_ros2/src/2th_NtrexAHRS_lib_ROS/ros2_example/stella_ahrs/serial/list_ports_linux.cc:\x1b[m\x1b[K In function \xe2\x80\x98\x1b[01m\x1b[Kstd::vector<std::__cxx11::basic_string<char> > glob(const std::vector<std::__cxx11::basic_string<char> >&)\x1b[m\x1b[K\xe2\x80\x99:\n'}
[112.637767] (-) TimerEvent: {}
[112.638231] (stella_ahrs) StderrLine: {'line': b'\x1b[01m\x1b[K/home/wjs/cart_ros2/src/2th_NtrexAHRS_lib_ROS/ros2_example/stella_ahrs/serial/list_ports_linux.cc:66:40:\x1b[m\x1b[K \x1b[01;35m\x1b[Kwarning: \x1b[m\x1b[Kcomparison of integer expressions of different signedness: \xe2\x80\x98\x1b[01m\x1b[Kint\x1b[m\x1b[K\xe2\x80\x99 and \xe2\x80\x98\x1b[01m\x1b[Ksize_t\x1b[m\x1b[K\xe2\x80\x99 {aka \xe2\x80\x98\x1b[01m\x1b[Klong unsigned int\x1b[m\x1b[K\xe2\x80\x99} [\x1b[01;35m\x1b[K\x1b]8;;https://gcc.gnu.org/onlinedocs/gcc/Warning-Options.html#index-Wsign-compare\x07-Wsign-compare\x1b]8;;\x07\x1b[m\x1b[K]\n'}
[112.638693] (stella_ahrs) StderrLine: {'line': b'   66 | h_index = 0; \x1b[01;35m\x1b[Kpath_index < glob_results.gl_pathc\x1b[m\x1b[K; path_index++)\n'}
[112.638971] (stella_ahrs) StderrLine: {'line': b'      |              \x1b[01;35m\x1b[K~~~~~~~~~~~^~~~~~~~~~~~~~~~~~~~~~~\x1b[m\x1b[K\n'}
[112.639205] (stella_ahrs) StderrLine: {'line': b'\n'}
[112.639436] (stella_ahrs) StderrLine: {'line': b'\x1b[01m\x1b[K/home/wjs/cart_ros2/src/2th_NtrexAHRS_lib_ROS/ros2_example/stella_ahrs/serial/list_ports_linux.cc:57:9:\x1b[m\x1b[K \x1b[01;35m\x1b[Kwarning: \x1b[m\x1b[Kvariable \xe2\x80\x98\x1b[01m\x1b[Kglob_retval\x1b[m\x1b[K\xe2\x80\x99 set but not used [\x1b[01;35m\x1b[K\x1b]8;;https://gcc.gnu.org/onlinedocs/gcc/Warning-Options.html#index-Wunused-but-set-variable\x07-Wunused-but-set-variable\x1b]8;;\x07\x1b[m\x1b[K]\n'}
[112.639717] (stella_ahrs) StderrLine: {'line': b'   57 |     int \x1b[01;35m\x1b[Kglob_retval\x1b[m\x1b[K = glob(patterns[0].c_str(), 0, NULL, &glob_results);\n'}
[112.639953] (stella_ahrs) StderrLine: {'line': b'      |         \x1b[01;35m\x1b[K^~~~~~~~~~~\x1b[m\x1b[K\n'}
[112.664597] (stella_ahrs) StderrLine: {'line': b'\x1b[01m\x1b[K/home/wjs/cart_ros2/src/2th_NtrexAHRS_lib_ROS/ros2_example/stella_ahrs/serial/list_ports_linux.cc:\x1b[m\x1b[K In function \xe2\x80\x98\x1b[01m\x1b[Kstd::string format(const char*, ...)\x1b[m\x1b[K\xe2\x80\x99:\n'}
[112.665370] (stella_ahrs) StderrLine: {'line': b'\x1b[01m\x1b[K/home/wjs/cart_ros2/src/2th_NtrexAHRS_lib_ROS/ros2_example/stella_ahrs/serial/list_ports_linux.cc:246:31:\x1b[m\x1b[K \x1b[01;35m\x1b[Kwarning: \x1b[m\x1b[Kcomparison of integer expressions of different signedness: \xe2\x80\x98\x1b[01m\x1b[Kint\x1b[m\x1b[K\xe2\x80\x99 and \xe2\x80\x98\x1b[01m\x1b[Ksize_t\x1b[m\x1b[K\xe2\x80\x99 {aka \xe2\x80\x98\x1b[01m\x1b[Klong unsigned int\x1b[m\x1b[K\xe2\x80\x99} [\x1b[01;35m\x1b[K\x1b]8;;https://gcc.gnu.org/onlinedocs/gcc/Warning-Options.html#index-Wsign-compare\x07-Wsign-compare\x1b]8;;\x07\x1b[m\x1b[K]\n'}
[112.665823] (stella_ahrs) StderrLine: {'line': b'  246 |   else if( \x1b[01;35m\x1b[Kreturn_value >= buffer_size_bytes\x1b[m\x1b[K )\n'}
[112.666151] (stella_ahrs) StderrLine: {'line': b'      |            \x1b[01;35m\x1b[K~~~~~~~~~~~~~^~~~~~~~~~~~~~~~~~~~\x1b[m\x1b[K\n'}
[112.666397] (stella_ahrs) StderrLine: {'line': b'\n'}
[112.745612] (-) TimerEvent: {}
[112.751804] (roboteq_controller) StdoutLine: {'line': b'-- The C compiler identification is GNU 10.5.0\n'}
[112.845880] (-) TimerEvent: {}
[112.961450] (-) TimerEvent: {}
[113.062422] (-) TimerEvent: {}
[113.163325] (-) TimerEvent: {}
[113.264300] (-) TimerEvent: {}
[113.357559] (roboteq_controller) StdoutLine: {'line': b'-- The CXX compiler identification is GNU 10.5.0\n'}
[113.358519] (roboteq_controller) StdoutLine: {'line': b'-- Check for working C compiler: /usr/bin/cc\n'}
[113.364534] (-) TimerEvent: {}
[113.465488] (-) TimerEvent: {}
[113.565650] (stella_ahrs) StdoutLine: {'line': b'[100%] \x1b[32m\x1b[1mLinking CXX executable stella_ahrs_node\x1b[0m\n'}
[113.566424] (-) TimerEvent: {}
[113.667198] (-) TimerEvent: {}
[113.768176] (-) TimerEvent: {}
[113.869215] (-) TimerEvent: {}
[113.893240] (roboteq_controller) StdoutLine: {'line': b'-- Check for working C compiler: /usr/bin/cc -- works\n'}
[113.898772] (roboteq_controller) StdoutLine: {'line': b'-- Detecting C compiler ABI info\n'}
[113.969395] (-) TimerEvent: {}
[114.071185] (-) TimerEvent: {}
[114.172992] (-) TimerEvent: {}
[114.274879] (-) TimerEvent: {}
[114.376624] (-) TimerEvent: {}
[114.427725] (roboteq_controller) StdoutLine: {'line': b'-- Detecting C compiler ABI info - done\n'}
[114.476916] (-) TimerEvent: {}
[114.481652] (roboteq_controller) StdoutLine: {'line': b'-- Detecting C compile features\n'}
[114.483140] (roboteq_controller) StdoutLine: {'line': b'-- Detecting C compile features - done\n'}
[114.496411] (roboteq_controller) StdoutLine: {'line': b'-- Check for working CXX compiler: /usr/bin/c++\n'}
[114.577509] (-) TimerEvent: {}
[114.584534] (ira_laser_tools) StdoutLine: {'line': b'[ 50%] \x1b[32m\x1b[1mLinking CXX executable laserscan_virtualizer\x1b[0m\n'}
[114.677759] (-) TimerEvent: {}
[114.778686] (-) TimerEvent: {}
[114.785932] (stella_ahrs) StdoutLine: {'line': b'[100%] Built target stella_ahrs_node\n'}
[114.846805] (stella_ahrs) CommandEnded: {'returncode': 0}
[114.853478] (stella_ahrs) JobProgress: {'identifier': 'stella_ahrs', 'progress': 'install'}
[114.857746] (stella_ahrs) Command: {'cmd': ['/usr/bin/cmake', '--install', '/home/wjs/cart_ros2/build/stella_ahrs'], 'cwd': '/home/wjs/cart_ros2/build/stella_ahrs', 'env': OrderedDict([('LESSOPEN', '| /usr/bin/lesspipe %s'), ('USER', 'wjs'), ('SSH_AGENT_PID', '4023'), ('XDG_SESSION_TYPE', 'x11'), ('PIP_CACHE_DIR', '/mnt/sdcard/.cache/pip'), ('XDG_CACHE_HOME', '/mnt/sdcard/.cache'), ('SHLVL', '1'), ('LD_LIBRARY_PATH', '/opt/opencv-4.5.5-cuda/lib:/home/wjs/cart_ros2/install/lib:/home/wjs/tb3_tpl_ws/install/lib:/opt/ros/galactic/opt/yaml_cpp_vendor/lib:/opt/ros/galactic/opt/rviz_ogre_vendor/lib:/opt/ros/galactic/lib/aarch64-linux-gnu:/opt/ros/galactic/lib:/usr/local/cuda-11.4/lib64:'), ('HOME', '/home/wjs'), ('CYCLONEDDS_URI', 'file:///home/wjs/cyclonedds_lo.xml'), ('OLDPWD', '/home/wjs'), ('DESKTOP_SESSION', 'ubuntu'), ('JETSON_L4T', '35.6.3'), ('ROS_PYTHON_VERSION', '3'), ('GNOME_SHELL_SESSION_MODE', 'ubuntu'), ('GTK_MODULES', 'gail:atk-bridge'), ('JETSON_MODEL', 'Jetson-AGX'), ('MANAGERPID', '3877'), ('DBUS_SESSION_BUS_ADDRESS', 'unix:path=/run/user/1000/bus'), ('COLORTERM', 'truecolor'), ('TERMINATOR_DBUS_NAME', 'net.tenshu.Terminator23558193cd9818af7fe4d2c2f5bd9d00f'), ('GIO_LAUNCHED_DESKTOP_FILE_PID', '6835'), ('IM_CONFIG_PHASE', '1'), ('TMPDIR', '/mnt/sdcard/tmp'), ('COLCON_PREFIX_PATH', '/home/wjs/tb3_tpl_ws/install:/home/wjs/cart_ros2/install'), ('TORCH_HOME', '/mnt/sdcard/.cache/torch'), ('ROS_DISTRO', 'galactic'), ('LOGNAME', 'wjs'), ('JETSON_MODULE', 'NVIDIA Jetson AGX Xavier (32 GB ram)'), ('JETSON_SERIAL_NUMBER', '1423420009543'), ('JOURNAL_STREAM', '8:75457'), ('_', '/usr/bin/colcon'), ('ROS_VERSION', '2'), ('JETSON_CODENAME', 'Galen'), ('XDG_SESSION_CLASS', 'user'), ('USERNAME', 'wjs'), ('TERM', 'xterm-256color'), ('GNOME_DESKTOP_SESSION_ID', 'this-is-deprecated'), ('ROS_LOCALHOST_ONLY', '1'), ('WINDOWPATH', '2'), ('PATH', '/opt/ros/galactic/bin:/usr/local/cuda-11.4/bin:/home/wjs/.local/bin:/usr/local/sbin:/usr/local/bin:/usr/sbin:/usr/bin:/sbin:/bin:/usr/games:/usr/local/games:/snap/bin'), ('SESSION_MANAGER', 'local/ubuntu:@/tmp/.ICE-unix/4058,unix/ubuntu:/tmp/.ICE-unix/4058'), ('INVOCATION_ID', 'da0bea70aefc4c20b47af68647634234'), ('XDG_MENU_PREFIX', 'gnome-'), ('XDG_RUNTIME_DIR', '/run/user/1000'), ('DISPLAY', ':1'), ('TERMINATOR_DBUS_PATH', '/net/tenshu/Terminator2'), ('LANG', 'en_US.UTF-8'), ('XDG_CURRENT_DESKTOP', 'ubuntu:GNOME'), ('RMW_IMPLEMENTATION', 'rmw_cyclonedds_cpp'), ('XMODIFIERS', '@im=ibus'), ('XDG_SESSION_DESKTOP', 'ubuntu'), ('XAUTHORITY', '/run/user/1000/gdm/Xauthority'), ('LS_COLORS', 'rs=0:di=01;34:ln=01;36:mh=00:pi=40;33:so=01;35:do=01;35:bd=40;33;01:cd=40;33;01:or=40;31;01:mi=00:su=37;41:sg=30;43:ca=30;41:tw=30;42:ow=34;42:st=37;44:ex=01;32:*.tar=01;31:*.tgz=01;31:*.arc=01;31:*.arj=01;31:*.taz=01;31:*.lha=01;31:*.lz4=01;31:*.lzh=01;31:*.lzma=01;31:*.tlz=01;31:*.txz=01;31:*.tzo=01;31:*.t7z=01;31:*.zip=01;31:*.z=01;31:*.dz=01;31:*.gz=01;31:*.lrz=01;31:*.lz=01;31:*.lzo=01;31:*.xz=01;31:*.zst=01;31:*.tzst=01;31:*.bz2=01;31:*.bz=01;31:*.tbz=01;31:*.tbz2=01;31:*.tz=01;31:*.deb=01;31:*.rpm=01;31:*.jar=01;31:*.war=01;31:*.ear=01;31:*.sar=01;31:*.rar=01;31:*.alz=01;31:*.ace=01;31:*.zoo=01;31:*.cpio=01;31:*.7z=01;31:*.rz=01;31:*.cab=01;31:*.wim=01;31:*.swm=01;31:*.dwm=01;31:*.esd=01;31:*.jpg=01;35:*.jpeg=01;35:*.mjpg=01;35:*.mjpeg=01;35:*.gif=01;35:*.bmp=01;35:*.pbm=01;35:*.pgm=01;35:*.ppm=01;35:*.tga=01;35:*.xbm=01;35:*.xpm=01;35:*.tif=01;35:*.tiff=01;35:*.png=01;35:*.svg=01;35:*.svgz=01;35:*.mng=01;35:*.pcx=01;35:*.mov=01;35:*.mpg=01;35:*.mpeg=01;35:*.m2v=01;35:*.mkv=01;35:*.webm=01;35:*.ogm=01;35:*.mp4=01;35:*.m4v=01;35:*.mp4v=01;35:*.vob=01;35:*.qt=01;35:*.nuv=01;35:*.wmv=01;35:*.asf=01;35:*.rm=01;35:*.rmvb=01;35:*.flc=01;35:*.avi=01;35:*.fli=01;35:*.flv=01;35:*.gl=01;35:*.dl=01;35:*.xcf=01;35:*.xwd=01;35:*.yuv=01;35:*.cgm=01;35:*.emf=01;35:*.ogv=01;35:*.ogx=01;35:*.aac=00;36:*.au=00;36:*.flac=00;36:*.m4a=00;36:*.mid=00;36:*.midi=00;36:*.mka=00;36:*.mp3=00;36:*.mpc=00;36:*.ogg=00;36:*.ra=00;36:*.wav=00;36:*.oga=00;36:*.opus=00;36:*.spx=00;36:*.xspf=00;36:'), ('JETSON_SOC', 'tegra194'), ('SSH_AUTH_SOCK', '/run/user/1000/keyring/ssh'), ('ROS_DOMAIN_ID', '35'), ('AMENT_PREFIX_PATH', '/home/wjs/cart_ros2/install:/home/wjs/tb3_tpl_ws/install:/opt/ros/galactic'), ('SHELL', '/bin/bash'), ('TERMINATOR_UUID', 'urn:uuid:1409ebbf-e917-4bfd-a3f8-4e94c2694854'), ('QT_ACCESSIBILITY', '1'), ('GDMSESSION', 'ubuntu'), ('LESSCLOSE', '/usr/bin/lesspipe %s %s'), ('GPG_AGENT_INFO', '/run/user/1000/gnupg/S.gpg-agent:0:1'), ('QT_IM_MODULE', 'ibus'), ('JETSON_CUDA_ARCH_BIN', '7.2'), ('PWD', '/home/wjs/cart_ros2/build/stella_ahrs'), ('XDG_CONFIG_DIRS', '/etc/xdg/xdg-ubuntu:/etc/xdg'), ('XDG_DATA_DIRS', '/usr/share/ubuntu:/usr/local/share/:/usr/share/:/var/lib/snapd/desktop'), ('PYTHONPATH', '/opt/opencv-4.5.5-cuda/lib/python3.8/site-packages:/home/wjs/cart_ros2/build/differential_drive/src:/home/wjs/cart_ros2/build/arduino_ros2:/home/wjs/cart_ros2/build/agv_body:/home/wjs/cart_ros2/install/lib/python3.8/site-packages:/home/wjs/tb3_tpl_ws/build/turtlebot3_teleop:/home/wjs/tb3_tpl_ws/install/lib/python3.8/site-packages:/opt/ros/galactic/lib/python3.8/site-packages'), ('COLCON', '1'), ('VTE_VERSION', '6003'), ('JETSON_JETPACK', '5.1.7'), ('CMAKE_PREFIX_PATH', '/home/wjs/cart_ros2/install:/home/wjs/tb3_tpl_ws/install:/opt/ros/galactic'), ('JETSON_P_NUMBER', 'p2888-0004')]), 'shell': False}
[114.879176] (-) TimerEvent: {}
[114.929520] (stella_ahrs) StdoutLine: {'line': b'-- Install configuration: ""\n'}
[114.933282] (stella_ahrs) StdoutLine: {'line': b'-- Execute custom install script\n'}
[114.938578] (stella_ahrs) StdoutLine: {'line': b'-- Symlinking: /home/wjs/cart_ros2/install/share/stella_ahrs//launch/stella_ahrs_launch.py\n'}
[114.979415] (-) TimerEvent: {}
[114.990636] (stella_ahrs) StdoutLine: {'line': b'-- Symlinking: /home/wjs/cart_ros2/install/share/stella_ahrs/rviz/imu_test.rviz\n'}
[115.049509] (stella_ahrs) StdoutLine: {'line': b'-- Symlinking: /home/wjs/cart_ros2/install/lib/stella_ahrs/stella_ahrs_node\n'}
[115.079695] (-) TimerEvent: {}
[115.081384] (roboteq_controller) StdoutLine: {'line': b'-- Check for working CXX compiler: /usr/bin/c++ -- works\n'}
[115.086187] (roboteq_controller) StdoutLine: {'line': b'-- Detecting CXX compiler ABI info\n'}
[115.103626] (stella_ahrs) StdoutLine: {'line': b'-- Symlinking: /home/wjs/cart_ros2/install/share/ament_index/resource_index/package_run_dependencies/stella_ahrs\n'}
[115.154498] (stella_ahrs) StdoutLine: {'line': b'-- Symlinking: /home/wjs/cart_ros2/install/share/ament_index/resource_index/parent_prefix_path/stella_ahrs\n'}
[115.179945] (-) TimerEvent: {}
[115.203276] (stella_ahrs) StdoutLine: {'line': b'-- Symlinking: /home/wjs/cart_ros2/install/share/stella_ahrs/environment/ament_prefix_path.sh\n'}
[115.256257] (stella_ahrs) StdoutLine: {'line': b'-- Symlinking: /home/wjs/cart_ros2/install/share/stella_ahrs/environment/ament_prefix_path.dsv\n'}
[115.280179] (-) TimerEvent: {}
[115.323809] (stella_ahrs) StdoutLine: {'line': b'-- Symlinking: /home/wjs/cart_ros2/install/share/stella_ahrs/environment/path.sh\n'}
[115.378677] (stella_ahrs) StdoutLine: {'line': b'-- Symlinking: /home/wjs/cart_ros2/install/share/stella_ahrs/environment/path.dsv\n'}
[115.380339] (-) TimerEvent: {}
[115.436351] (stella_ahrs) StdoutLine: {'line': b'-- Symlinking: /home/wjs/cart_ros2/install/share/stella_ahrs/local_setup.bash\n'}
[115.480597] (-) TimerEvent: {}
[115.487949] (stella_ahrs) StdoutLine: {'line': b'-- Symlinking: /home/wjs/cart_ros2/install/share/stella_ahrs/local_setup.sh\n'}
[115.540383] (stella_ahrs) StdoutLine: {'line': b'-- Symlinking: /home/wjs/cart_ros2/install/share/stella_ahrs/local_setup.zsh\n'}
[115.580890] (-) TimerEvent: {}
[115.596196] (stella_ahrs) StdoutLine: {'line': b'-- Symlinking: /home/wjs/cart_ros2/install/share/stella_ahrs/local_setup.dsv\n'}
[115.644746] (roboteq_controller) StdoutLine: {'line': b'-- Detecting CXX compiler ABI info - done\n'}
[115.652701] (stella_ahrs) StdoutLine: {'line': b'-- Symlinking: /home/wjs/cart_ros2/install/share/stella_ahrs/package.dsv\n'}
[115.681238] (-) TimerEvent: {}
[115.704801] (stella_ahrs) StdoutLine: {'line': b'-- Symlinking: /home/wjs/cart_ros2/install/share/ament_index/resource_index/packages/stella_ahrs\n'}
[115.707486] (roboteq_controller) StdoutLine: {'line': b'-- Detecting CXX compile features\n'}
[115.711010] (roboteq_controller) StdoutLine: {'line': b'-- Detecting CXX compile features - done\n'}
[115.723454] (roboteq_controller) StdoutLine: {'line': b'-- Found ament_cmake: 1.1.6 (/opt/ros/galactic/share/ament_cmake/cmake)\n'}
[115.756098] (stella_ahrs) StdoutLine: {'line': b'-- Symlinking: /home/wjs/cart_ros2/install/share/stella_ahrs/cmake/ament_cmake_export_include_directories-extras.cmake\n'}
[115.781659] (-) TimerEvent: {}
[115.823096] (stella_ahrs) StdoutLine: {'line': b'-- Symlinking: /home/wjs/cart_ros2/install/share/stella_ahrs/cmake/stella_ahrsConfig.cmake\n'}
[115.881554] (stella_ahrs) StdoutLine: {'line': b'-- Symlinking: /home/wjs/cart_ros2/install/share/stella_ahrs/cmake/stella_ahrsConfig-version.cmake\n'}
[115.882328] (-) TimerEvent: {}
[115.896447] (roboteq_controller) StdoutLine: {'line': b'-- Found PythonInterp: /usr/bin/python3 (found suitable version "3.8.10", minimum required is "3") \n'}
[115.898300] (roboteq_controller) StdoutLine: {'line': b'-- Using PYTHON_EXECUTABLE: /usr/bin/python3\n'}
[115.939006] (stella_ahrs) StdoutLine: {'line': b'-- Symlinking: /home/wjs/cart_ros2/install/share/stella_ahrs/package.xml\n'}
[115.982544] (-) TimerEvent: {}
[116.003969] (stella_ahrs) CommandEnded: {'returncode': 0}
[116.083240] (-) TimerEvent: {}
[116.121301] (stella_ahrs) JobEnded: {'identifier': 'stella_ahrs', 'rc': 0}
[116.183562] (-) TimerEvent: {}
[116.271605] (roboteq_controller) StdoutLine: {'line': b'-- Override CMake install command with custom implementation using symlinks instead of copying resources\n'}
[116.283872] (-) TimerEvent: {}
[116.385671] (-) TimerEvent: {}
[116.395041] (roboteq_controller) StdoutLine: {'line': b'-- Found rclcpp: 9.2.2 (/opt/ros/galactic/share/rclcpp/cmake)\n'}
[116.485918] (-) TimerEvent: {}
[116.587108] (-) TimerEvent: {}
[116.634181] (roboteq_controller) StdoutLine: {'line': b'-- Using all available rosidl_typesupport_c: rosidl_typesupport_fastrtps_c;rosidl_typesupport_introspection_c\n'}
[116.667184] (roboteq_controller) StdoutLine: {'line': b'-- Found rosidl_adapter: 2.2.3 (/opt/ros/galactic/share/rosidl_adapter/cmake)\n'}
[116.687414] (-) TimerEvent: {}
[116.789745] (-) TimerEvent: {}
[116.890754] (-) TimerEvent: {}
[116.991777] (-) TimerEvent: {}
[117.092827] (-) TimerEvent: {}
[117.162408] (roboteq_controller) StdoutLine: {'line': b'-- Found OpenSSL: /usr/lib/aarch64-linux-gnu/libcrypto.so (found version "1.1.1f")  \n'}
[117.193209] (-) TimerEvent: {}
[117.292129] (roboteq_controller) StdoutLine: {'line': b'-- Found FastRTPS: /opt/ros/galactic/include  \n'}
[117.293245] (-) TimerEvent: {}
[117.394855] (-) TimerEvent: {}
[117.496044] (-) TimerEvent: {}
[117.597075] (-) TimerEvent: {}
[117.652092] (roboteq_controller) StdoutLine: {'line': b'-- Using all available rosidl_typesupport_cpp: rosidl_typesupport_fastrtps_cpp;rosidl_typesupport_introspection_cpp\n'}
[117.697572] (-) TimerEvent: {}
[117.800961] (-) TimerEvent: {}
[117.902081] (-) TimerEvent: {}
[117.938878] (roboteq_controller) StdoutLine: {'line': b'-- Found rmw_implementation_cmake: 3.3.1 (/opt/ros/galactic/share/rmw_implementation_cmake/cmake)\n'}
[117.952810] (roboteq_controller) StdoutLine: {'line': b'-- Found rmw_cyclonedds_cpp: 0.22.6 (/opt/ros/galactic/share/rmw_cyclonedds_cpp/cmake)\n'}
[118.002348] (-) TimerEvent: {}
[118.040122] (roboteq_controller) StdoutLine: {'line': b"-- Using RMW implementation 'rmw_cyclonedds_cpp' as default\n"}
[118.044660] (roboteq_controller) StdoutLine: {'line': b'-- Looking for pthread.h\n'}
[118.102583] (-) TimerEvent: {}
[118.206605] (-) TimerEvent: {}
[118.307648] (-) TimerEvent: {}
[118.408869] (-) TimerEvent: {}
[118.510360] (-) TimerEvent: {}
[118.530243] (roboteq_controller) StdoutLine: {'line': b'-- Looking for pthread.h - found\n'}
[118.533576] (roboteq_controller) StdoutLine: {'line': b'-- Performing Test CMAKE_HAVE_LIBC_PTHREAD\n'}
[118.610657] (-) TimerEvent: {}
[118.727431] (-) TimerEvent: {}
[118.845743] (-) TimerEvent: {}
[118.947631] (-) TimerEvent: {}
[119.048623] (-) TimerEvent: {}
[119.051287] (roboteq_controller) StdoutLine: {'line': b'-- Performing Test CMAKE_HAVE_LIBC_PTHREAD - Failed\n'}
[119.054101] (roboteq_controller) StdoutLine: {'line': b'-- Looking for pthread_create in pthreads\n'}
[119.149034] (-) TimerEvent: {}
[119.250257] (-) TimerEvent: {}
[119.351362] (-) TimerEvent: {}
[119.424220] (ira_laser_tools) StdoutLine: {'line': b'[ 50%] Built target laserscan_virtualizer\n'}
[119.451676] (-) TimerEvent: {}
[119.461492] (roboteq_controller) StdoutLine: {'line': b'-- Looking for pthread_create in pthreads - not found\n'}
[119.464570] (roboteq_controller) StdoutLine: {'line': b'-- Looking for pthread_create in pthread\n'}
[119.483584] (ira_laser_tools) StdoutLine: {'line': b'\x1b[35m\x1b[1mScanning dependencies of target laserscan_multi_merger\x1b[0m\n'}
[119.551975] (-) TimerEvent: {}
[119.667397] (-) TimerEvent: {}
[119.768269] (-) TimerEvent: {}
[119.870071] (-) TimerEvent: {}
[119.886109] (ira_laser_tools) StdoutLine: {'line': b'[ 75%] \x1b[32mBuilding CXX object CMakeFiles/laserscan_multi_merger.dir/src/laserscan_multi_merger.cpp.o\x1b[0m\n'}
[119.939543] (roboteq_controller) StdoutLine: {'line': b'-- Looking for pthread_create in pthread - found\n'}
[119.945670] (roboteq_controller) StdoutLine: {'line': b'-- Found Threads: TRUE  \n'}
[119.970324] (-) TimerEvent: {}
[120.071459] (-) TimerEvent: {}
[120.172540] (-) TimerEvent: {}
[120.273651] (-) TimerEvent: {}
[120.374719] (-) TimerEvent: {}
[120.475804] (-) TimerEvent: {}
[120.576805] (-) TimerEvent: {}
[120.582488] (roboteq_controller) StdoutLine: {'line': b'-- Found rclcpp_components: 9.2.2 (/opt/ros/galactic/share/rclcpp_components/cmake)\n'}
[120.677281] (-) TimerEvent: {}
[120.779476] (-) TimerEvent: {}
[120.812384] (roboteq_controller) StdoutLine: {'line': b'-- Found roboteq_interfaces: 0.0.0 (/home/wjs/cart_ros2/install/share/roboteq_interfaces/cmake)\n'}
[120.879797] (-) TimerEvent: {}
[120.940197] (roboteq_controller) StdoutLine: {'line': b'-- Found serial: 1.2.1 (/home/wjs/cart_ros2/install/share/serial/cmake)\n'}
[120.951831] (roboteq_controller) StdoutLine: {'line': b'-- Found geometry_msgs: 2.2.4 (/opt/ros/galactic/share/geometry_msgs/cmake)\n'}
[120.980097] (-) TimerEvent: {}
[121.081923] (-) TimerEvent: {}
[121.094106] (roboteq_controller) StdoutLine: {'line': b'-- Found ament_lint_auto: 0.10.7 (/opt/ros/galactic/share/ament_lint_auto/cmake)\n'}
[121.182116] (-) TimerEvent: {}
[121.283098] (-) TimerEvent: {}
[121.384208] (-) TimerEvent: {}
[121.485449] (-) TimerEvent: {}
[121.504443] (roboteq_controller) StdoutLine: {'line': b"-- Added test 'copyright' to check source files copyright and LICENSE\n"}
[121.512761] (roboteq_controller) StdoutLine: {'line': b"-- Added test 'cppcheck' to perform static code analysis on C / C++ code\n"}
[121.513991] (roboteq_controller) StdoutLine: {'line': b'-- Configured cppcheck include dirs: /home/wjs/cart_ros2/src/roboteq_controller_ros-galactic-devel/roboteq_controller/include\n'}
[121.514476] (roboteq_controller) StdoutLine: {'line': b'-- Configured cppcheck exclude dirs and/or files: \n'}
[121.523547] (roboteq_controller) StdoutLine: {'line': b"-- Added test 'cpplint' to check C / C++ code against the Google style\n"}
[121.524180] (roboteq_controller) StdoutLine: {'line': b'-- Configured cpplint exclude dirs and/or files: \n'}
[121.532001] (roboteq_controller) StdoutLine: {'line': b"-- Added test 'flake8' to check Python code syntax and style conventions\n"}
[121.536157] (roboteq_controller) StdoutLine: {'line': b"-- Added test 'lint_cmake' to check CMake code style\n"}
[121.539305] (roboteq_controller) StdoutLine: {'line': b"-- Added test 'pep257' to check Python code against some of the style conventions in PEP 257\n"}
[121.546414] (roboteq_controller) StdoutLine: {'line': b"-- Added test 'uncrustify' to check C / C++ code style\n"}
[121.547033] (roboteq_controller) StdoutLine: {'line': b'-- Configured uncrustify additional arguments: \n'}
[121.550024] (roboteq_controller) StdoutLine: {'line': b"-- Added test 'xmllint' to check XML markup files\n"}
[121.578586] (roboteq_controller) StdoutLine: {'line': b'-- Configuring done\n'}
[121.585737] (-) TimerEvent: {}
[121.627070] (roboteq_controller) StdoutLine: {'line': b'-- Generating done\n'}
[121.653973] (roboteq_controller) StdoutLine: {'line': b'-- Build files have been written to: /home/wjs/cart_ros2/build/roboteq_controller\n'}
[121.685964] (-) TimerEvent: {}
[121.696151] (roboteq_controller) CommandEnded: {'returncode': 0}
[121.699232] (roboteq_controller) JobProgress: {'identifier': 'roboteq_controller', 'progress': 'build'}
[121.709809] (roboteq_controller) Command: {'cmd': ['/usr/bin/cmake', '--build', '/home/wjs/cart_ros2/build/roboteq_controller', '--', '-j4', '-l4'], 'cwd': '/home/wjs/cart_ros2/build/roboteq_controller', 'env': OrderedDict([('LESSOPEN', '| /usr/bin/lesspipe %s'), ('USER', 'wjs'), ('SSH_AGENT_PID', '4023'), ('XDG_SESSION_TYPE', 'x11'), ('PIP_CACHE_DIR', '/mnt/sdcard/.cache/pip'), ('XDG_CACHE_HOME', '/mnt/sdcard/.cache'), ('SHLVL', '1'), ('LD_LIBRARY_PATH', '/home/wjs/cart_ros2/install/lib:/opt/opencv-4.5.5-cuda/lib:/home/wjs/tb3_tpl_ws/install/lib:/opt/ros/galactic/opt/yaml_cpp_vendor/lib:/opt/ros/galactic/opt/rviz_ogre_vendor/lib:/opt/ros/galactic/lib/aarch64-linux-gnu:/opt/ros/galactic/lib:/usr/local/cuda-11.4/lib64'), ('HOME', '/home/wjs'), ('CYCLONEDDS_URI', 'file:///home/wjs/cyclonedds_lo.xml'), ('OLDPWD', '/home/wjs'), ('DESKTOP_SESSION', 'ubuntu'), ('JETSON_L4T', '35.6.3'), ('ROS_PYTHON_VERSION', '3'), ('GNOME_SHELL_SESSION_MODE', 'ubuntu'), ('GTK_MODULES', 'gail:atk-bridge'), ('JETSON_MODEL', 'Jetson-AGX'), ('MANAGERPID', '3877'), ('DBUS_SESSION_BUS_ADDRESS', 'unix:path=/run/user/1000/bus'), ('COLORTERM', 'truecolor'), ('TERMINATOR_DBUS_NAME', 'net.tenshu.Terminator23558193cd9818af7fe4d2c2f5bd9d00f'), ('GIO_LAUNCHED_DESKTOP_FILE_PID', '6835'), ('IM_CONFIG_PHASE', '1'), ('TMPDIR', '/mnt/sdcard/tmp'), ('COLCON_PREFIX_PATH', '/home/wjs/tb3_tpl_ws/install:/home/wjs/cart_ros2/install'), ('TORCH_HOME', '/mnt/sdcard/.cache/torch'), ('ROS_DISTRO', 'galactic'), ('LOGNAME', 'wjs'), ('JETSON_MODULE', 'NVIDIA Jetson AGX Xavier (32 GB ram)'), ('JETSON_SERIAL_NUMBER', '1423420009543'), ('JOURNAL_STREAM', '8:75457'), ('_', '/usr/bin/colcon'), ('ROS_VERSION', '2'), ('JETSON_CODENAME', 'Galen'), ('XDG_SESSION_CLASS', 'user'), ('USERNAME', 'wjs'), ('TERM', 'xterm-256color'), ('GNOME_DESKTOP_SESSION_ID', 'this-is-deprecated'), ('ROS_LOCALHOST_ONLY', '1'), ('WINDOWPATH', '2'), ('PATH', '/opt/ros/galactic/bin:/usr/local/cuda-11.4/bin:/home/wjs/.local/bin:/usr/local/sbin:/usr/local/bin:/usr/sbin:/usr/bin:/sbin:/bin:/usr/games:/usr/local/games:/snap/bin'), ('SESSION_MANAGER', 'local/ubuntu:@/tmp/.ICE-unix/4058,unix/ubuntu:/tmp/.ICE-unix/4058'), ('INVOCATION_ID', 'da0bea70aefc4c20b47af68647634234'), ('XDG_MENU_PREFIX', 'gnome-'), ('XDG_RUNTIME_DIR', '/run/user/1000'), ('DISPLAY', ':1'), ('TERMINATOR_DBUS_PATH', '/net/tenshu/Terminator2'), ('LANG', 'en_US.UTF-8'), ('XDG_CURRENT_DESKTOP', 'ubuntu:GNOME'), ('RMW_IMPLEMENTATION', 'rmw_cyclonedds_cpp'), ('XMODIFIERS', '@im=ibus'), ('XDG_SESSION_DESKTOP', 'ubuntu'), ('XAUTHORITY', '/run/user/1000/gdm/Xauthority'), ('LS_COLORS', 'rs=0:di=01;34:ln=01;36:mh=00:pi=40;33:so=01;35:do=01;35:bd=40;33;01:cd=40;33;01:or=40;31;01:mi=00:su=37;41:sg=30;43:ca=30;41:tw=30;42:ow=34;42:st=37;44:ex=01;32:*.tar=01;31:*.tgz=01;31:*.arc=01;31:*.arj=01;31:*.taz=01;31:*.lha=01;31:*.lz4=01;31:*.lzh=01;31:*.lzma=01;31:*.tlz=01;31:*.txz=01;31:*.tzo=01;31:*.t7z=01;31:*.zip=01;31:*.z=01;31:*.dz=01;31:*.gz=01;31:*.lrz=01;31:*.lz=01;31:*.lzo=01;31:*.xz=01;31:*.zst=01;31:*.tzst=01;31:*.bz2=01;31:*.bz=01;31:*.tbz=01;31:*.tbz2=01;31:*.tz=01;31:*.deb=01;31:*.rpm=01;31:*.jar=01;31:*.war=01;31:*.ear=01;31:*.sar=01;31:*.rar=01;31:*.alz=01;31:*.ace=01;31:*.zoo=01;31:*.cpio=01;31:*.7z=01;31:*.rz=01;31:*.cab=01;31:*.wim=01;31:*.swm=01;31:*.dwm=01;31:*.esd=01;31:*.jpg=01;35:*.jpeg=01;35:*.mjpg=01;35:*.mjpeg=01;35:*.gif=01;35:*.bmp=01;35:*.pbm=01;35:*.pgm=01;35:*.ppm=01;35:*.tga=01;35:*.xbm=01;35:*.xpm=01;35:*.tif=01;35:*.tiff=01;35:*.png=01;35:*.svg=01;35:*.svgz=01;35:*.mng=01;35:*.pcx=01;35:*.mov=01;35:*.mpg=01;35:*.mpeg=01;35:*.m2v=01;35:*.mkv=01;35:*.webm=01;35:*.ogm=01;35:*.mp4=01;35:*.m4v=01;35:*.mp4v=01;35:*.vob=01;35:*.qt=01;35:*.nuv=01;35:*.wmv=01;35:*.asf=01;35:*.rm=01;35:*.rmvb=01;35:*.flc=01;35:*.avi=01;35:*.fli=01;35:*.flv=01;35:*.gl=01;35:*.dl=01;35:*.xcf=01;35:*.xwd=01;35:*.yuv=01;35:*.cgm=01;35:*.emf=01;35:*.ogv=01;35:*.ogx=01;35:*.aac=00;36:*.au=00;36:*.flac=00;36:*.m4a=00;36:*.mid=00;36:*.midi=00;36:*.mka=00;36:*.mp3=00;36:*.mpc=00;36:*.ogg=00;36:*.ra=00;36:*.wav=00;36:*.oga=00;36:*.opus=00;36:*.spx=00;36:*.xspf=00;36:'), ('JETSON_SOC', 'tegra194'), ('SSH_AUTH_SOCK', '/run/user/1000/keyring/ssh'), ('ROS_DOMAIN_ID', '35'), ('AMENT_PREFIX_PATH', '/home/wjs/cart_ros2/install:/home/wjs/tb3_tpl_ws/install:/opt/ros/galactic'), ('SHELL', '/bin/bash'), ('TERMINATOR_UUID', 'urn:uuid:1409ebbf-e917-4bfd-a3f8-4e94c2694854'), ('QT_ACCESSIBILITY', '1'), ('GDMSESSION', 'ubuntu'), ('LESSCLOSE', '/usr/bin/lesspipe %s %s'), ('GPG_AGENT_INFO', '/run/user/1000/gnupg/S.gpg-agent:0:1'), ('QT_IM_MODULE', 'ibus'), ('JETSON_CUDA_ARCH_BIN', '7.2'), ('PWD', '/home/wjs/cart_ros2/build/roboteq_controller'), ('XDG_CONFIG_DIRS', '/etc/xdg/xdg-ubuntu:/etc/xdg'), ('XDG_DATA_DIRS', '/usr/share/ubuntu:/usr/local/share/:/usr/share/:/var/lib/snapd/desktop'), ('PYTHONPATH', '/home/wjs/cart_ros2/install/lib/python3.8/site-packages:/opt/opencv-4.5.5-cuda/lib/python3.8/site-packages:/home/wjs/cart_ros2/build/differential_drive/src:/home/wjs/cart_ros2/build/arduino_ros2:/home/wjs/cart_ros2/build/agv_body:/home/wjs/tb3_tpl_ws/build/turtlebot3_teleop:/home/wjs/tb3_tpl_ws/install/lib/python3.8/site-packages:/opt/ros/galactic/lib/python3.8/site-packages'), ('COLCON', '1'), ('VTE_VERSION', '6003'), ('JETSON_JETPACK', '5.1.7'), ('CMAKE_PREFIX_PATH', '/home/wjs/cart_ros2/install:/home/wjs/tb3_tpl_ws/install:/opt/ros/galactic'), ('JETSON_P_NUMBER', 'p2888-0004')]), 'shell': False}
[121.786303] (-) TimerEvent: {}
[121.888334] (-) TimerEvent: {}
[121.908068] (roboteq_controller) StdoutLine: {'line': b'\x1b[35m\x1b[1mScanning dependencies of target roboteq_controller_node\x1b[0m\n'}
[121.988626] (-) TimerEvent: {}
[122.089769] (-) TimerEvent: {}
[122.190820] (-) TimerEvent: {}
[122.191812] (roboteq_controller) StdoutLine: {'line': b'[ 50%] \x1b[32mBuilding CXX object CMakeFiles/roboteq_controller_node.dir/src/roboteq_controller_node.cpp.o\x1b[0m\n'}
[122.291070] (-) TimerEvent: {}
[122.392136] (-) TimerEvent: {}
[122.493299] (-) TimerEvent: {}
[122.594352] (-) TimerEvent: {}
[122.695274] (-) TimerEvent: {}
[122.796273] (-) TimerEvent: {}
[122.897357] (-) TimerEvent: {}
[122.998363] (-) TimerEvent: {}
[123.099340] (-) TimerEvent: {}
[123.200334] (-) TimerEvent: {}
[123.301434] (-) TimerEvent: {}
[123.403515] (-) TimerEvent: {}
[123.504541] (-) TimerEvent: {}
[123.605626] (-) TimerEvent: {}
[123.706629] (-) TimerEvent: {}
[123.807593] (-) TimerEvent: {}
[123.908597] (-) TimerEvent: {}
[124.009769] (-) TimerEvent: {}
[124.110849] (-) TimerEvent: {}
[124.212052] (-) TimerEvent: {}
[124.313926] (-) TimerEvent: {}
[124.415517] (-) TimerEvent: {}
[124.516603] (-) TimerEvent: {}
[124.617749] (-) TimerEvent: {}
[124.718791] (-) TimerEvent: {}
[124.819827] (-) TimerEvent: {}
[124.920983] (-) TimerEvent: {}
[125.022939] (-) TimerEvent: {}
[125.125727] (-) TimerEvent: {}
[125.226846] (-) TimerEvent: {}
[125.327963] (-) TimerEvent: {}
[125.429031] (-) TimerEvent: {}
[125.530156] (-) TimerEvent: {}
[125.631165] (-) TimerEvent: {}
[125.733417] (-) TimerEvent: {}
[125.834489] (-) TimerEvent: {}
[125.935562] (-) TimerEvent: {}
[126.036600] (-) TimerEvent: {}
[126.137949] (-) TimerEvent: {}
[126.239004] (-) TimerEvent: {}
[126.340303] (-) TimerEvent: {}
[126.441631] (-) TimerEvent: {}
[126.542917] (-) TimerEvent: {}
[126.644006] (-) TimerEvent: {}
[126.745373] (-) TimerEvent: {}
[126.846455] (-) TimerEvent: {}
[126.947626] (-) TimerEvent: {}
[127.048723] (-) TimerEvent: {}
[127.153663] (-) TimerEvent: {}
[127.255149] (-) TimerEvent: {}
[127.356702] (-) TimerEvent: {}
[127.457754] (-) TimerEvent: {}
[127.558779] (-) TimerEvent: {}
[127.659873] (-) TimerEvent: {}
[127.761004] (-) TimerEvent: {}
[127.862357] (-) TimerEvent: {}
[127.963548] (-) TimerEvent: {}
[128.064562] (-) TimerEvent: {}
[128.134248] (laser_filters) StdoutLine: {'line': b'[ 42%] \x1b[32m\x1b[1mLinking CXX executable scan_to_cloud_filter_chain\x1b[0m\n'}
[128.164897] (-) TimerEvent: {}
[128.266222] (-) TimerEvent: {}
[128.367910] (-) TimerEvent: {}
[128.469418] (-) TimerEvent: {}
[128.570471] (-) TimerEvent: {}
[128.671613] (-) TimerEvent: {}
[128.772870] (-) TimerEvent: {}
[128.874355] (-) TimerEvent: {}
[128.975517] (-) TimerEvent: {}
[129.076938] (-) TimerEvent: {}
[129.178223] (-) TimerEvent: {}
[129.279276] (-) TimerEvent: {}
[129.380550] (-) TimerEvent: {}
[129.482071] (-) TimerEvent: {}
[129.583265] (-) TimerEvent: {}
[129.684623] (-) TimerEvent: {}
[129.785698] (-) TimerEvent: {}
[129.887360] (-) TimerEvent: {}
[129.989035] (-) TimerEvent: {}
[130.093552] (-) TimerEvent: {}
[130.194670] (-) TimerEvent: {}
[130.295843] (-) TimerEvent: {}
[130.397019] (-) TimerEvent: {}
[130.498072] (-) TimerEvent: {}
[130.599090] (-) TimerEvent: {}
[130.700117] (-) TimerEvent: {}
[130.801092] (-) TimerEvent: {}
[130.902115] (-) TimerEvent: {}
[130.991953] (laser_filters) StdoutLine: {'line': b'[ 42%] Built target scan_to_cloud_filter_chain\n'}
[131.002381] (-) TimerEvent: {}
[131.096290] (laser_filters) StdoutLine: {'line': b'\x1b[35m\x1b[1mScanning dependencies of target scan_to_scan_filter_chain\x1b[0m\n'}
[131.102627] (-) TimerEvent: {}
[131.204227] (-) TimerEvent: {}
[131.306159] (-) TimerEvent: {}
[131.409430] (-) TimerEvent: {}
[131.414168] (laser_filters) StdoutLine: {'line': b'[ 50%] \x1b[32mBuilding CXX object CMakeFiles/scan_to_scan_filter_chain.dir/src/scan_to_scan_filter_chain.cpp.o\x1b[0m\n'}
[131.510453] (-) TimerEvent: {}
[131.611855] (-) TimerEvent: {}
[131.712870] (-) TimerEvent: {}
[131.814451] (-) TimerEvent: {}
[131.915386] (-) TimerEvent: {}
[132.016348] (-) TimerEvent: {}
[132.117357] (-) TimerEvent: {}
[132.218317] (-) TimerEvent: {}
[132.320467] (-) TimerEvent: {}
[132.422127] (-) TimerEvent: {}
[132.523757] (-) TimerEvent: {}
[132.626917] (-) TimerEvent: {}
[132.727942] (-) TimerEvent: {}
[132.829059] (-) TimerEvent: {}
[132.930143] (-) TimerEvent: {}
[133.031469] (-) TimerEvent: {}
[133.132656] (-) TimerEvent: {}
[133.233780] (-) TimerEvent: {}
[133.334810] (-) TimerEvent: {}
[133.435902] (-) TimerEvent: {}
[133.536946] (-) TimerEvent: {}
[133.638166] (-) TimerEvent: {}
[133.739334] (-) TimerEvent: {}
[133.840366] (-) TimerEvent: {}
[133.941506] (-) TimerEvent: {}
[134.090186] (-) TimerEvent: {}
[134.214446] (-) TimerEvent: {}
[134.315726] (-) TimerEvent: {}
[134.416830] (-) TimerEvent: {}
[134.517998] (-) TimerEvent: {}
[134.601692] (roboteq_controller) StderrLine: {'line': b'In file included from \x1b[01m\x1b[K/home/wjs/cart_ros2/src/roboteq_controller_ros-galactic-devel/roboteq_controller/src/roboteq_controller_node.cpp:1\x1b[m\x1b[K:\n'}
[134.603314] (roboteq_controller) StderrLine: {'line': b'\x1b[01m\x1b[K/home/wjs/cart_ros2/src/roboteq_controller_ros-galactic-devel/roboteq_controller/include/roboteq_controller/roboteq_controller_node.h:\x1b[m\x1b[K In constructor \xe2\x80\x98\x1b[01m\x1b[KRoboteqDriver::RoboteqDriver(const rclcpp::NodeOptions&)\x1b[m\x1b[K\xe2\x80\x99:\n'}
[134.605072] (roboteq_controller) StderrLine: {'line': b'\x1b[01m\x1b[K/home/wjs/cart_ros2/src/roboteq_controller_ros-galactic-devel/roboteq_controller/include/roboteq_controller/roboteq_controller_node.h:80:6:\x1b[m\x1b[K \x1b[01;35m\x1b[Kwarning: \x1b[m\x1b[K\xe2\x80\x98\x1b[01m\x1b[KRoboteqDriver::frequency_\x1b[m\x1b[K\xe2\x80\x99 will be initialized after [\x1b[01;35m\x1b[K\x1b]8;;https://gcc.gnu.org/onlinedocs/gcc/Warning-Options.html#index-Wreorder\x07-Wreorder\x1b]8;;\x07\x1b[m\x1b[K]\n'}
[134.605719] (roboteq_controller) StderrLine: {'line': b'   80 |  int \x1b[01;35m\x1b[Kfrequency_\x1b[m\x1b[K;\n'}
[134.606040] (roboteq_controller) StderrLine: {'line': b'      |      \x1b[01;35m\x1b[K^~~~~~~~~~\x1b[m\x1b[K\n'}
[134.606313] (roboteq_controller) StderrLine: {'line': b'\x1b[01m\x1b[K/home/wjs/cart_ros2/src/roboteq_controller_ros-galactic-devel/roboteq_controller/include/roboteq_controller/roboteq_controller_node.h:55:17:\x1b[m\x1b[K \x1b[01;35m\x1b[Kwarning: \x1b[m\x1b[K  \xe2\x80\x98\x1b[01m\x1b[Kstd::string RoboteqDriver::serial_port_\x1b[m\x1b[K\xe2\x80\x99 [\x1b[01;35m\x1b[K\x1b]8;;https://gcc.gnu.org/onlinedocs/gcc/Warning-Options.html#index-Wreorder\x07-Wreorder\x1b]8;;\x07\x1b[m\x1b[K]\n'}
[134.606639] (roboteq_controller) StderrLine: {'line': b'   55 |  std::string    \x1b[01;35m\x1b[Kserial_port_\x1b[m\x1b[K;\n'}
[134.606948] (roboteq_controller) StderrLine: {'line': b'      |                 \x1b[01;35m\x1b[K^~~~~~~~~~~~\x1b[m\x1b[K\n'}
[134.607196] (roboteq_controller) StderrLine: {'line': b'\x1b[01m\x1b[K/home/wjs/cart_ros2/src/roboteq_controller_ros-galactic-devel/roboteq_controller/src/roboteq_controller_node.cpp:78:1:\x1b[m\x1b[K \x1b[01;35m\x1b[Kwarning: \x1b[m\x1b[K  when initialized here [\x1b[01;35m\x1b[K\x1b]8;;https://gcc.gnu.org/onlinedocs/gcc/Warning-Options.html#index-Wreorder\x07-Wreorder\x1b]8;;\x07\x1b[m\x1b[K]\n'}
[134.607450] (roboteq_controller) StderrLine: {'line': b'   78 | \x1b[01;35m\x1b[KRoboteqDriver\x1b[m\x1b[K::RoboteqDriver(const rclcpp::NodeOptions &options): Node("roboteq_controller", options),\n'}
[134.607710] (roboteq_controller) StderrLine: {'line': b'      | \x1b[01;35m\x1b[K^~~~~~~~~~~~~\x1b[m\x1b[K\n'}
[134.618281] (-) TimerEvent: {}
[134.720110] (-) TimerEvent: {}
[134.822012] (-) TimerEvent: {}
[134.871344] (roboteq_controller) StderrLine: {'line': b'\x1b[01m\x1b[K/home/wjs/cart_ros2/src/roboteq_controller_ros-galactic-devel/roboteq_controller/src/roboteq_controller_node.cpp:\x1b[m\x1b[K In member function \xe2\x80\x98\x1b[01m\x1b[Kvoid RoboteqDriver::queryCallback()\x1b[m\x1b[K\xe2\x80\x99:\n'}
[134.872125] (roboteq_controller) StderrLine: {'line': b'\x1b[01m\x1b[K/home/wjs/cart_ros2/src/roboteq_controller_ros-galactic-devel/roboteq_controller/src/roboteq_controller_node.cpp:348:23:\x1b[m\x1b[K \x1b[01;35m\x1b[Kwarning: \x1b[m\x1b[Kcomparison of integer expressions of different signedness: \xe2\x80\x98\x1b[01m\x1b[Kint\x1b[m\x1b[K\xe2\x80\x99 and \xe2\x80\x98\x1b[01m\x1b[Kstd::vector<std::__cxx11::basic_string<char> >::size_type\x1b[m\x1b[K\xe2\x80\x99 {aka \xe2\x80\x98\x1b[01m\x1b[Klong unsigned int\x1b[m\x1b[K\xe2\x80\x99} [\x1b[01;35m\x1b[K\x1b]8;;https://gcc.gnu.org/onlinedocs/gcc/Warning-Options.html#index-Wsign-compare\x07-Wsign-compare\x1b]8;;\x07\x1b[m\x1b[K]\n'}
[134.872653] (roboteq_controller) StderrLine: {'line': b'  348 |     for (int i = 0; \x1b[01;35m\x1b[Ki < fields_H.size() - 1\x1b[m\x1b[K; ++i){\n'}
[134.873055] (roboteq_controller) StderrLine: {'line': b'      |                     \x1b[01;35m\x1b[K~~^~~~~~~~~~~~~~~~~~~~~\x1b[m\x1b[K\n'}
[134.873835] (roboteq_controller) StderrLine: {'line': b'\x1b[01m\x1b[K/home/wjs/cart_ros2/src/roboteq_controller_ros-galactic-devel/roboteq_controller/src/roboteq_controller_node.cpp:355:24:\x1b[m\x1b[K \x1b[01;35m\x1b[Kwarning: \x1b[m\x1b[Kcomparison of integer expressions of different signedness: \xe2\x80\x98\x1b[01m\x1b[Kint\x1b[m\x1b[K\xe2\x80\x99 and \xe2\x80\x98\x1b[01m\x1b[Kstd::vector<std::__cxx11::basic_string<char> >::size_type\x1b[m\x1b[K\xe2\x80\x99 {aka \xe2\x80\x98\x1b[01m\x1b[Klong unsigned int\x1b[m\x1b[K\xe2\x80\x99} [\x1b[01;35m\x1b[K\x1b]8;;https://gcc.gnu.org/onlinedocs/gcc/Warning-Options.html#index-Wsign-compare\x07-Wsign-compare\x1b]8;;\x07\x1b[m\x1b[K]\n'}
[134.874368] (roboteq_controller) StderrLine: {'line': b'  355 |      for (int j = 0; \x1b[01;35m\x1b[Kj < sub_fields_H.size()\x1b[m\x1b[K; j++){\n'}
[134.874661] (roboteq_controller) StderrLine: {'line': b'      |                      \x1b[01;35m\x1b[K~~^~~~~~~~~~~~~~~~~~~~~\x1b[m\x1b[K\n'}
[134.922299] (-) TimerEvent: {}
[135.024038] (-) TimerEvent: {}
[135.125690] (-) TimerEvent: {}
[135.226834] (-) TimerEvent: {}
[135.328056] (-) TimerEvent: {}
[135.429285] (-) TimerEvent: {}
[135.530542] (-) TimerEvent: {}
[135.631778] (-) TimerEvent: {}
[135.733018] (-) TimerEvent: {}
[135.834372] (-) TimerEvent: {}
[135.935632] (-) TimerEvent: {}
[136.036824] (-) TimerEvent: {}
[136.138154] (-) TimerEvent: {}
[136.239303] (-) TimerEvent: {}
[136.340587] (-) TimerEvent: {}
[136.443163] (-) TimerEvent: {}
[136.544417] (-) TimerEvent: {}
[136.645692] (-) TimerEvent: {}
[136.746861] (-) TimerEvent: {}
[136.848152] (-) TimerEvent: {}
[136.949483] (-) TimerEvent: {}
[137.050683] (-) TimerEvent: {}
[137.151995] (-) TimerEvent: {}
[137.253354] (-) TimerEvent: {}
[137.354532] (-) TimerEvent: {}
[137.455800] (-) TimerEvent: {}
[137.557567] (-) TimerEvent: {}
[137.671580] (-) TimerEvent: {}
[137.842577] (-) TimerEvent: {}
[137.943846] (-) TimerEvent: {}
[138.077424] (-) TimerEvent: {}
[138.231488] (-) TimerEvent: {}
[138.332876] (-) TimerEvent: {}
[138.435266] (-) TimerEvent: {}
[138.536438] (-) TimerEvent: {}
[138.637552] (-) TimerEvent: {}
[138.738705] (-) TimerEvent: {}
[138.839775] (-) TimerEvent: {}
[138.940837] (-) TimerEvent: {}
[139.042036] (-) TimerEvent: {}
[139.143123] (-) TimerEvent: {}
[139.245189] (-) TimerEvent: {}
[139.347604] (-) TimerEvent: {}
[139.448598] (-) TimerEvent: {}
[139.550109] (-) TimerEvent: {}
[139.651381] (-) TimerEvent: {}
[139.752661] (-) TimerEvent: {}
[139.854118] (-) TimerEvent: {}
[139.955131] (-) TimerEvent: {}
[140.057032] (-) TimerEvent: {}
[140.158176] (-) TimerEvent: {}
[140.259805] (-) TimerEvent: {}
[140.360824] (-) TimerEvent: {}
[140.462257] (-) TimerEvent: {}
[140.564876] (-) TimerEvent: {}
[140.666107] (-) TimerEvent: {}
[140.767243] (-) TimerEvent: {}
[140.868422] (-) TimerEvent: {}
[140.969792] (-) TimerEvent: {}
[141.070944] (-) TimerEvent: {}
[141.173067] (-) TimerEvent: {}
[141.275433] (-) TimerEvent: {}
[141.376564] (-) TimerEvent: {}
[141.477898] (-) TimerEvent: {}
[141.579713] (-) TimerEvent: {}
[141.680954] (-) TimerEvent: {}
[141.782244] (-) TimerEvent: {}
[141.883778] (-) TimerEvent: {}
[141.984996] (-) TimerEvent: {}
[142.086626] (-) TimerEvent: {}
[142.187989] (-) TimerEvent: {}
[142.289118] (-) TimerEvent: {}
[142.390411] (-) TimerEvent: {}
[142.491708] (-) TimerEvent: {}
[142.592906] (-) TimerEvent: {}
[142.694291] (-) TimerEvent: {}
[142.795573] (-) TimerEvent: {}
[142.896896] (-) TimerEvent: {}
[142.998256] (-) TimerEvent: {}
[143.099596] (-) TimerEvent: {}
[143.200810] (-) TimerEvent: {}
[143.302237] (-) TimerEvent: {}
[143.403621] (-) TimerEvent: {}
[143.505988] (-) TimerEvent: {}
[143.608492] (-) TimerEvent: {}
[143.709847] (-) TimerEvent: {}
[143.811163] (-) TimerEvent: {}
[143.913644] (-) TimerEvent: {}
[144.033614] (-) TimerEvent: {}
[144.135036] (-) TimerEvent: {}
[144.236516] (-) TimerEvent: {}
[144.338754] (-) TimerEvent: {}
[144.440377] (-) TimerEvent: {}
[144.541487] (-) TimerEvent: {}
[144.642867] (-) TimerEvent: {}
[144.744012] (-) TimerEvent: {}
[144.845317] (-) TimerEvent: {}
[144.947134] (-) TimerEvent: {}
[145.048275] (-) TimerEvent: {}
[145.149440] (-) TimerEvent: {}
[145.250583] (-) TimerEvent: {}
[145.351783] (-) TimerEvent: {}
[145.453004] (-) TimerEvent: {}
[145.554347] (-) TimerEvent: {}
[145.655518] (-) TimerEvent: {}
[145.756777] (-) TimerEvent: {}
[145.859611] (-) TimerEvent: {}
[145.960588] (-) TimerEvent: {}
[146.061673] (-) TimerEvent: {}
[146.162699] (-) TimerEvent: {}
[146.263768] (-) TimerEvent: {}
[146.364988] (-) TimerEvent: {}
[146.466300] (-) TimerEvent: {}
[146.567447] (-) TimerEvent: {}
[146.668926] (-) TimerEvent: {}
[146.770782] (-) TimerEvent: {}
[146.871946] (-) TimerEvent: {}
[146.973110] (-) TimerEvent: {}
[147.074390] (-) TimerEvent: {}
[147.175934] (-) TimerEvent: {}
[147.278862] (-) TimerEvent: {}
[147.380079] (-) TimerEvent: {}
[147.481392] (-) TimerEvent: {}
[147.582686] (-) TimerEvent: {}
[147.683978] (-) TimerEvent: {}
[147.785314] (-) TimerEvent: {}
[147.886486] (-) TimerEvent: {}
[147.987510] (-) TimerEvent: {}
[148.088587] (-) TimerEvent: {}
[148.189792] (-) TimerEvent: {}
[148.290965] (-) TimerEvent: {}
[148.392290] (-) TimerEvent: {}
[148.493475] (-) TimerEvent: {}
[148.594641] (-) TimerEvent: {}
[148.695694] (-) TimerEvent: {}
[148.796825] (-) TimerEvent: {}
[148.897977] (-) TimerEvent: {}
[148.999006] (-) TimerEvent: {}
[149.100060] (-) TimerEvent: {}
[149.201285] (-) TimerEvent: {}
[149.302308] (-) TimerEvent: {}
[149.403317] (-) TimerEvent: {}
[149.504416] (-) TimerEvent: {}
[149.605535] (-) TimerEvent: {}
[149.706717] (-) TimerEvent: {}
[149.807978] (-) TimerEvent: {}
[149.909247] (-) TimerEvent: {}
[150.010494] (-) TimerEvent: {}
[150.111680] (-) TimerEvent: {}
[150.212732] (-) TimerEvent: {}
[150.313847] (-) TimerEvent: {}
[150.414948] (-) TimerEvent: {}
[150.516101] (-) TimerEvent: {}
[150.617404] (-) TimerEvent: {}
[150.718516] (-) TimerEvent: {}
[150.819649] (-) TimerEvent: {}
[150.920789] (-) TimerEvent: {}
[151.022039] (-) TimerEvent: {}
[151.123089] (-) TimerEvent: {}
[151.224250] (-) TimerEvent: {}
[151.325372] (-) TimerEvent: {}
[151.426518] (-) TimerEvent: {}
[151.527690] (-) TimerEvent: {}
[151.628749] (-) TimerEvent: {}
[151.730443] (-) TimerEvent: {}
[151.831567] (-) TimerEvent: {}
[151.933623] (-) TimerEvent: {}
[152.034768] (-) TimerEvent: {}
[152.135999] (-) TimerEvent: {}
[152.237201] (-) TimerEvent: {}
[152.338421] (-) TimerEvent: {}
[152.439731] (-) TimerEvent: {}
[152.540843] (-) TimerEvent: {}
[152.641939] (-) TimerEvent: {}
[152.742978] (-) TimerEvent: {}
[152.844025] (-) TimerEvent: {}
[152.945844] (-) TimerEvent: {}
[153.057406] (-) TimerEvent: {}
[153.158309] (-) TimerEvent: {}
[153.259313] (-) TimerEvent: {}
[153.360461] (-) TimerEvent: {}
[153.462826] (-) TimerEvent: {}
[153.563950] (-) TimerEvent: {}
[153.665043] (-) TimerEvent: {}
[153.766208] (-) TimerEvent: {}
[153.867261] (-) TimerEvent: {}
[153.968409] (-) TimerEvent: {}
[154.069453] (-) TimerEvent: {}
[154.170492] (-) TimerEvent: {}
[154.271543] (-) TimerEvent: {}
[154.372627] (-) TimerEvent: {}
[154.473860] (-) TimerEvent: {}
[154.575000] (-) TimerEvent: {}
[154.676074] (-) TimerEvent: {}
[154.777289] (-) TimerEvent: {}
[154.878364] (-) TimerEvent: {}
[154.979454] (-) TimerEvent: {}
[155.080553] (-) TimerEvent: {}
[155.181693] (-) TimerEvent: {}
[155.282766] (-) TimerEvent: {}
[155.383952] (-) TimerEvent: {}
[155.485080] (-) TimerEvent: {}
[155.586182] (-) TimerEvent: {}
[155.687195] (-) TimerEvent: {}
[155.788312] (-) TimerEvent: {}
[155.889473] (-) TimerEvent: {}
[155.990505] (-) TimerEvent: {}
[156.091685] (-) TimerEvent: {}
[156.192807] (-) TimerEvent: {}
[156.293914] (-) TimerEvent: {}
[156.395000] (-) TimerEvent: {}
[156.496031] (-) TimerEvent: {}
[156.597094] (-) TimerEvent: {}
[156.698233] (-) TimerEvent: {}
[156.799314] (-) TimerEvent: {}
[156.900503] (-) TimerEvent: {}
[157.001751] (-) TimerEvent: {}
[157.102870] (-) TimerEvent: {}
[157.204567] (-) TimerEvent: {}
[157.305638] (-) TimerEvent: {}
[157.407717] (-) TimerEvent: {}
[157.508825] (-) TimerEvent: {}
[157.609965] (-) TimerEvent: {}
[157.711029] (-) TimerEvent: {}
[157.812142] (-) TimerEvent: {}
[157.913277] (-) TimerEvent: {}
[158.014369] (-) TimerEvent: {}
[158.115362] (-) TimerEvent: {}
[158.216386] (-) TimerEvent: {}
[158.317437] (-) TimerEvent: {}
[158.418502] (-) TimerEvent: {}
[158.519451] (-) TimerEvent: {}
[158.620645] (-) TimerEvent: {}
[158.721827] (-) TimerEvent: {}
[158.822933] (-) TimerEvent: {}
[158.923963] (-) TimerEvent: {}
[159.025040] (-) TimerEvent: {}
[159.126104] (-) TimerEvent: {}
[159.227268] (-) TimerEvent: {}
[159.328357] (-) TimerEvent: {}
[159.430384] (-) TimerEvent: {}
[159.532296] (-) TimerEvent: {}
[159.634286] (-) TimerEvent: {}
[159.736252] (-) TimerEvent: {}
[159.838075] (-) TimerEvent: {}
[159.939947] (-) TimerEvent: {}
[160.040945] (-) TimerEvent: {}
[160.141997] (-) TimerEvent: {}
[160.243581] (-) TimerEvent: {}
[160.344949] (-) TimerEvent: {}
[160.446074] (-) TimerEvent: {}
[160.547182] (-) TimerEvent: {}
[160.648219] (-) TimerEvent: {}
[160.749406] (-) TimerEvent: {}
[160.850616] (-) TimerEvent: {}
[160.951816] (-) TimerEvent: {}
[161.052881] (-) TimerEvent: {}
[161.154204] (-) TimerEvent: {}
[161.255431] (-) TimerEvent: {}
[161.356747] (-) TimerEvent: {}
[161.458188] (-) TimerEvent: {}
[161.559359] (-) TimerEvent: {}
[161.660598] (-) TimerEvent: {}
[161.709892] (roboteq_controller) StdoutLine: {'line': b'[100%] \x1b[32m\x1b[1mLinking CXX executable roboteq_controller_node\x1b[0m\n'}
[161.760853] (-) TimerEvent: {}
[161.862621] (-) TimerEvent: {}
[161.963724] (-) TimerEvent: {}
[162.065458] (-) TimerEvent: {}
[162.169408] (-) TimerEvent: {}
[162.270541] (-) TimerEvent: {}
[162.371615] (-) TimerEvent: {}
[162.473584] (-) TimerEvent: {}
[162.575326] (-) TimerEvent: {}
[162.676593] (-) TimerEvent: {}
[162.777885] (-) TimerEvent: {}
[162.879102] (-) TimerEvent: {}
[162.980312] (-) TimerEvent: {}
[163.081444] (-) TimerEvent: {}
[163.182747] (-) TimerEvent: {}
[163.284670] (-) TimerEvent: {}
[163.386412] (-) TimerEvent: {}
[163.439778] (roboteq_controller) StdoutLine: {'line': b'[100%] Built target roboteq_controller_node\n'}
[163.486726] (-) TimerEvent: {}
[163.498154] (roboteq_controller) CommandEnded: {'returncode': 0}
[163.500122] (roboteq_controller) JobProgress: {'identifier': 'roboteq_controller', 'progress': 'install'}
[163.501936] (roboteq_controller) Command: {'cmd': ['/usr/bin/cmake', '--install', '/home/wjs/cart_ros2/build/roboteq_controller'], 'cwd': '/home/wjs/cart_ros2/build/roboteq_controller', 'env': OrderedDict([('LESSOPEN', '| /usr/bin/lesspipe %s'), ('USER', 'wjs'), ('SSH_AGENT_PID', '4023'), ('XDG_SESSION_TYPE', 'x11'), ('PIP_CACHE_DIR', '/mnt/sdcard/.cache/pip'), ('XDG_CACHE_HOME', '/mnt/sdcard/.cache'), ('SHLVL', '1'), ('LD_LIBRARY_PATH', '/home/wjs/cart_ros2/install/lib:/opt/opencv-4.5.5-cuda/lib:/home/wjs/tb3_tpl_ws/install/lib:/opt/ros/galactic/opt/yaml_cpp_vendor/lib:/opt/ros/galactic/opt/rviz_ogre_vendor/lib:/opt/ros/galactic/lib/aarch64-linux-gnu:/opt/ros/galactic/lib:/usr/local/cuda-11.4/lib64'), ('HOME', '/home/wjs'), ('CYCLONEDDS_URI', 'file:///home/wjs/cyclonedds_lo.xml'), ('OLDPWD', '/home/wjs'), ('DESKTOP_SESSION', 'ubuntu'), ('JETSON_L4T', '35.6.3'), ('ROS_PYTHON_VERSION', '3'), ('GNOME_SHELL_SESSION_MODE', 'ubuntu'), ('GTK_MODULES', 'gail:atk-bridge'), ('JETSON_MODEL', 'Jetson-AGX'), ('MANAGERPID', '3877'), ('DBUS_SESSION_BUS_ADDRESS', 'unix:path=/run/user/1000/bus'), ('COLORTERM', 'truecolor'), ('TERMINATOR_DBUS_NAME', 'net.tenshu.Terminator23558193cd9818af7fe4d2c2f5bd9d00f'), ('GIO_LAUNCHED_DESKTOP_FILE_PID', '6835'), ('IM_CONFIG_PHASE', '1'), ('TMPDIR', '/mnt/sdcard/tmp'), ('COLCON_PREFIX_PATH', '/home/wjs/tb3_tpl_ws/install:/home/wjs/cart_ros2/install'), ('TORCH_HOME', '/mnt/sdcard/.cache/torch'), ('ROS_DISTRO', 'galactic'), ('LOGNAME', 'wjs'), ('JETSON_MODULE', 'NVIDIA Jetson AGX Xavier (32 GB ram)'), ('JETSON_SERIAL_NUMBER', '1423420009543'), ('JOURNAL_STREAM', '8:75457'), ('_', '/usr/bin/colcon'), ('ROS_VERSION', '2'), ('JETSON_CODENAME', 'Galen'), ('XDG_SESSION_CLASS', 'user'), ('USERNAME', 'wjs'), ('TERM', 'xterm-256color'), ('GNOME_DESKTOP_SESSION_ID', 'this-is-deprecated'), ('ROS_LOCALHOST_ONLY', '1'), ('WINDOWPATH', '2'), ('PATH', '/opt/ros/galactic/bin:/usr/local/cuda-11.4/bin:/home/wjs/.local/bin:/usr/local/sbin:/usr/local/bin:/usr/sbin:/usr/bin:/sbin:/bin:/usr/games:/usr/local/games:/snap/bin'), ('SESSION_MANAGER', 'local/ubuntu:@/tmp/.ICE-unix/4058,unix/ubuntu:/tmp/.ICE-unix/4058'), ('INVOCATION_ID', 'da0bea70aefc4c20b47af68647634234'), ('XDG_MENU_PREFIX', 'gnome-'), ('XDG_RUNTIME_DIR', '/run/user/1000'), ('DISPLAY', ':1'), ('TERMINATOR_DBUS_PATH', '/net/tenshu/Terminator2'), ('LANG', 'en_US.UTF-8'), ('XDG_CURRENT_DESKTOP', 'ubuntu:GNOME'), ('RMW_IMPLEMENTATION', 'rmw_cyclonedds_cpp'), ('XMODIFIERS', '@im=ibus'), ('XDG_SESSION_DESKTOP', 'ubuntu'), ('XAUTHORITY', '/run/user/1000/gdm/Xauthority'), ('LS_COLORS', 'rs=0:di=01;34:ln=01;36:mh=00:pi=40;33:so=01;35:do=01;35:bd=40;33;01:cd=40;33;01:or=40;31;01:mi=00:su=37;41:sg=30;43:ca=30;41:tw=30;42:ow=34;42:st=37;44:ex=01;32:*.tar=01;31:*.tgz=01;31:*.arc=01;31:*.arj=01;31:*.taz=01;31:*.lha=01;31:*.lz4=01;31:*.lzh=01;31:*.lzma=01;31:*.tlz=01;31:*.txz=01;31:*.tzo=01;31:*.t7z=01;31:*.zip=01;31:*.z=01;31:*.dz=01;31:*.gz=01;31:*.lrz=01;31:*.lz=01;31:*.lzo=01;31:*.xz=01;31:*.zst=01;31:*.tzst=01;31:*.bz2=01;31:*.bz=01;31:*.tbz=01;31:*.tbz2=01;31:*.tz=01;31:*.deb=01;31:*.rpm=01;31:*.jar=01;31:*.war=01;31:*.ear=01;31:*.sar=01;31:*.rar=01;31:*.alz=01;31:*.ace=01;31:*.zoo=01;31:*.cpio=01;31:*.7z=01;31:*.rz=01;31:*.cab=01;31:*.wim=01;31:*.swm=01;31:*.dwm=01;31:*.esd=01;31:*.jpg=01;35:*.jpeg=01;35:*.mjpg=01;35:*.mjpeg=01;35:*.gif=01;35:*.bmp=01;35:*.pbm=01;35:*.pgm=01;35:*.ppm=01;35:*.tga=01;35:*.xbm=01;35:*.xpm=01;35:*.tif=01;35:*.tiff=01;35:*.png=01;35:*.svg=01;35:*.svgz=01;35:*.mng=01;35:*.pcx=01;35:*.mov=01;35:*.mpg=01;35:*.mpeg=01;35:*.m2v=01;35:*.mkv=01;35:*.webm=01;35:*.ogm=01;35:*.mp4=01;35:*.m4v=01;35:*.mp4v=01;35:*.vob=01;35:*.qt=01;35:*.nuv=01;35:*.wmv=01;35:*.asf=01;35:*.rm=01;35:*.rmvb=01;35:*.flc=01;35:*.avi=01;35:*.fli=01;35:*.flv=01;35:*.gl=01;35:*.dl=01;35:*.xcf=01;35:*.xwd=01;35:*.yuv=01;35:*.cgm=01;35:*.emf=01;35:*.ogv=01;35:*.ogx=01;35:*.aac=00;36:*.au=00;36:*.flac=00;36:*.m4a=00;36:*.mid=00;36:*.midi=00;36:*.mka=00;36:*.mp3=00;36:*.mpc=00;36:*.ogg=00;36:*.ra=00;36:*.wav=00;36:*.oga=00;36:*.opus=00;36:*.spx=00;36:*.xspf=00;36:'), ('JETSON_SOC', 'tegra194'), ('SSH_AUTH_SOCK', '/run/user/1000/keyring/ssh'), ('ROS_DOMAIN_ID', '35'), ('AMENT_PREFIX_PATH', '/home/wjs/cart_ros2/install:/home/wjs/tb3_tpl_ws/install:/opt/ros/galactic'), ('SHELL', '/bin/bash'), ('TERMINATOR_UUID', 'urn:uuid:1409ebbf-e917-4bfd-a3f8-4e94c2694854'), ('QT_ACCESSIBILITY', '1'), ('GDMSESSION', 'ubuntu'), ('LESSCLOSE', '/usr/bin/lesspipe %s %s'), ('GPG_AGENT_INFO', '/run/user/1000/gnupg/S.gpg-agent:0:1'), ('QT_IM_MODULE', 'ibus'), ('JETSON_CUDA_ARCH_BIN', '7.2'), ('PWD', '/home/wjs/cart_ros2/build/roboteq_controller'), ('XDG_CONFIG_DIRS', '/etc/xdg/xdg-ubuntu:/etc/xdg'), ('XDG_DATA_DIRS', '/usr/share/ubuntu:/usr/local/share/:/usr/share/:/var/lib/snapd/desktop'), ('PYTHONPATH', '/home/wjs/cart_ros2/install/lib/python3.8/site-packages:/opt/opencv-4.5.5-cuda/lib/python3.8/site-packages:/home/wjs/cart_ros2/build/differential_drive/src:/home/wjs/cart_ros2/build/arduino_ros2:/home/wjs/cart_ros2/build/agv_body:/home/wjs/tb3_tpl_ws/build/turtlebot3_teleop:/home/wjs/tb3_tpl_ws/install/lib/python3.8/site-packages:/opt/ros/galactic/lib/python3.8/site-packages'), ('COLCON', '1'), ('VTE_VERSION', '6003'), ('JETSON_JETPACK', '5.1.7'), ('CMAKE_PREFIX_PATH', '/home/wjs/cart_ros2/install:/home/wjs/tb3_tpl_ws/install:/opt/ros/galactic'), ('JETSON_P_NUMBER', 'p2888-0004')]), 'shell': False}
[163.555863] (roboteq_controller) StdoutLine: {'line': b'-- Install configuration: ""\n'}
[163.562869] (roboteq_controller) StdoutLine: {'line': b'-- Execute custom install script\n'}
[163.564410] (roboteq_controller) StdoutLine: {'line': b'-- Symlinking: /home/wjs/cart_ros2/install/share/ament_index/resource_index/package_run_dependencies/roboteq_controller\n'}
[163.587072] (-) TimerEvent: {}
[163.610237] (roboteq_controller) StdoutLine: {'line': b'-- Symlinking: /home/wjs/cart_ros2/install/share/ament_index/resource_index/parent_prefix_path/roboteq_controller\n'}
[163.654224] (roboteq_controller) StdoutLine: {'line': b'-- Symlinking: /home/wjs/cart_ros2/install/share/roboteq_controller/environment/ament_prefix_path.sh\n'}
[163.687378] (-) TimerEvent: {}
[163.703463] (roboteq_controller) StdoutLine: {'line': b'-- Symlinking: /home/wjs/cart_ros2/install/share/roboteq_controller/environment/ament_prefix_path.dsv\n'}
[163.748558] (roboteq_controller) StdoutLine: {'line': b'-- Symlinking: /home/wjs/cart_ros2/install/share/roboteq_controller/environment/path.sh\n'}
[163.787653] (-) TimerEvent: {}
[163.799160] (roboteq_controller) StdoutLine: {'line': b'-- Symlinking: /home/wjs/cart_ros2/install/share/roboteq_controller/environment/path.dsv\n'}
[163.849556] (roboteq_controller) StdoutLine: {'line': b'-- Symlinking: /home/wjs/cart_ros2/install/share/roboteq_controller/local_setup.bash\n'}
[163.887989] (-) TimerEvent: {}
[163.893553] (roboteq_controller) StdoutLine: {'line': b'-- Symlinking: /home/wjs/cart_ros2/install/share/roboteq_controller/local_setup.sh\n'}
[163.939776] (roboteq_controller) StdoutLine: {'line': b'-- Symlinking: /home/wjs/cart_ros2/install/share/roboteq_controller/local_setup.zsh\n'}
[163.984943] (roboteq_controller) StdoutLine: {'line': b'-- Symlinking: /home/wjs/cart_ros2/install/share/roboteq_controller/local_setup.dsv\n'}
[163.988251] (-) TimerEvent: {}
[164.028766] (roboteq_controller) StdoutLine: {'line': b'-- Symlinking: /home/wjs/cart_ros2/install/share/roboteq_controller/package.dsv\n'}
[164.084787] (roboteq_controller) StdoutLine: {'line': b'-- Symlinking: /home/wjs/cart_ros2/install/share/ament_index/resource_index/packages/roboteq_controller\n'}
[164.088521] (-) TimerEvent: {}
[164.142447] (roboteq_controller) StdoutLine: {'line': b'-- Symlinking: /home/wjs/cart_ros2/install/share/roboteq_controller/cmake/roboteq_controllerConfig.cmake\n'}
[164.188805] (-) TimerEvent: {}
[164.193575] (roboteq_controller) StdoutLine: {'line': b'-- Symlinking: /home/wjs/cart_ros2/install/share/roboteq_controller/cmake/roboteq_controllerConfig-version.cmake\n'}
[164.239822] (roboteq_controller) StdoutLine: {'line': b'-- Symlinking: /home/wjs/cart_ros2/install/share/roboteq_controller/package.xml\n'}
[164.284168] (roboteq_controller) StdoutLine: {'line': b'-- Symlinking: /home/wjs/cart_ros2/install/lib/roboteq_controller/roboteq_controller_node\n'}
[164.289049] (-) TimerEvent: {}
[164.342740] (roboteq_controller) StdoutLine: {'line': b'-- Symlinking: /home/wjs/cart_ros2/install/share/roboteq_controller//launch/roboteq_launch.py\n'}
[164.389523] (roboteq_controller) StdoutLine: {'line': b'-- Symlinking: /home/wjs/cart_ros2/install/share/roboteq_controller/config/.query.yaml.swp\n'}
[164.390206] (-) TimerEvent: {}
[164.436007] (roboteq_controller) StdoutLine: {'line': b'-- Symlinking: /home/wjs/cart_ros2/install/share/roboteq_controller/config/query.yaml\n'}
[164.490407] (roboteq_controller) CommandEnded: {'returncode': 0}
[164.492794] (-) TimerEvent: {}
[164.595920] (-) TimerEvent: {}
[164.640205] (roboteq_controller) JobEnded: {'identifier': 'roboteq_controller', 'rc': 0}
[164.696217] (-) TimerEvent: {}
[164.797463] (-) TimerEvent: {}
[164.898786] (-) TimerEvent: {}
[165.000131] (-) TimerEvent: {}
[165.101740] (-) TimerEvent: {}
[165.202994] (-) TimerEvent: {}
[165.304500] (-) TimerEvent: {}
[165.405800] (-) TimerEvent: {}
[165.507695] (-) TimerEvent: {}
[165.608929] (-) TimerEvent: {}
[165.710417] (-) TimerEvent: {}
[165.811799] (-) TimerEvent: {}
[165.913391] (-) TimerEvent: {}
[166.014683] (-) TimerEvent: {}
[166.116051] (-) TimerEvent: {}
[166.217415] (-) TimerEvent: {}
[166.319939] (-) TimerEvent: {}
[166.421796] (-) TimerEvent: {}
[166.523151] (-) TimerEvent: {}
[166.624550] (-) TimerEvent: {}
[166.737345] (-) TimerEvent: {}
[166.838361] (-) TimerEvent: {}
[166.939418] (-) TimerEvent: {}
[167.040540] (-) TimerEvent: {}
[167.141796] (-) TimerEvent: {}
[167.242952] (-) TimerEvent: {}
[167.344421] (-) TimerEvent: {}
[167.445882] (-) TimerEvent: {}
[167.547160] (-) TimerEvent: {}
[167.648371] (-) TimerEvent: {}
[167.749645] (-) TimerEvent: {}
[167.851017] (-) TimerEvent: {}
[167.952333] (-) TimerEvent: {}
[168.053570] (-) TimerEvent: {}
[168.154951] (-) TimerEvent: {}
[168.256212] (-) TimerEvent: {}
[168.373459] (-) TimerEvent: {}
[168.474541] (-) TimerEvent: {}
[168.575762] (-) TimerEvent: {}
[168.677000] (-) TimerEvent: {}
[168.778442] (-) TimerEvent: {}
[168.879734] (-) TimerEvent: {}
[168.980955] (-) TimerEvent: {}
[169.082323] (-) TimerEvent: {}
[169.184589] (-) TimerEvent: {}
[169.285900] (-) TimerEvent: {}
[169.388374] (-) TimerEvent: {}
[169.489842] (-) TimerEvent: {}
[169.590958] (-) TimerEvent: {}
[169.692018] (-) TimerEvent: {}
[169.793247] (-) TimerEvent: {}
[169.894428] (-) TimerEvent: {}
[169.995673] (-) TimerEvent: {}
[170.096891] (-) TimerEvent: {}
[170.199459] (-) TimerEvent: {}
[170.300910] (-) TimerEvent: {}
[170.403018] (-) TimerEvent: {}
[170.505727] (-) TimerEvent: {}
[170.607062] (-) TimerEvent: {}
[170.708472] (-) TimerEvent: {}
[170.809888] (-) TimerEvent: {}
[170.911298] (-) TimerEvent: {}
[171.012742] (-) TimerEvent: {}
[171.114302] (-) TimerEvent: {}
[171.215574] (-) TimerEvent: {}
[171.317693] (-) TimerEvent: {}
[171.418952] (-) TimerEvent: {}
[171.520184] (-) TimerEvent: {}
[171.621603] (-) TimerEvent: {}
[171.722534] (-) TimerEvent: {}
[171.823458] (-) TimerEvent: {}
[171.924491] (-) TimerEvent: {}
[172.025806] (-) TimerEvent: {}
[172.126851] (-) TimerEvent: {}
[172.227924] (-) TimerEvent: {}
[172.328988] (-) TimerEvent: {}
[172.430220] (-) TimerEvent: {}
[172.531416] (-) TimerEvent: {}
[172.632526] (-) TimerEvent: {}
[172.733789] (-) TimerEvent: {}
[172.834895] (-) TimerEvent: {}
[172.936069] (-) TimerEvent: {}
[173.037239] (-) TimerEvent: {}
[173.138294] (-) TimerEvent: {}
[173.239338] (-) TimerEvent: {}
[173.340503] (-) TimerEvent: {}
[173.441600] (-) TimerEvent: {}
[173.542691] (-) TimerEvent: {}
[173.643807] (-) TimerEvent: {}
[173.745216] (-) TimerEvent: {}
[173.846377] (-) TimerEvent: {}
[173.947720] (-) TimerEvent: {}
[174.048960] (-) TimerEvent: {}
[174.150101] (-) TimerEvent: {}
[174.251275] (-) TimerEvent: {}
[174.352415] (-) TimerEvent: {}
[174.453812] (-) TimerEvent: {}
[174.554932] (-) TimerEvent: {}
[174.656094] (-) TimerEvent: {}
[174.728211] (laser_filters) StdoutLine: {'line': b'[ 57%] \x1b[32m\x1b[1mLinking CXX executable scan_to_scan_filter_chain\x1b[0m\n'}
[174.756412] (-) TimerEvent: {}
[174.859147] (-) TimerEvent: {}
[174.960304] (-) TimerEvent: {}
[175.061464] (-) TimerEvent: {}
[175.162617] (-) TimerEvent: {}
[175.263780] (-) TimerEvent: {}
[175.364906] (-) TimerEvent: {}
[175.466201] (-) TimerEvent: {}
[175.567430] (-) TimerEvent: {}
[175.668652] (-) TimerEvent: {}
[175.769932] (-) TimerEvent: {}
[175.871334] (-) TimerEvent: {}
[175.972557] (-) TimerEvent: {}
[176.073883] (-) TimerEvent: {}
[176.175099] (-) TimerEvent: {}
[176.277390] (-) TimerEvent: {}
[176.378813] (-) TimerEvent: {}
[176.479763] (-) TimerEvent: {}
[176.567804] (laser_filters) StdoutLine: {'line': b'[ 57%] Built target scan_to_scan_filter_chain\n'}
[176.580259] (-) TimerEvent: {}
[176.622809] (laser_filters) StdoutLine: {'line': b'\x1b[35m\x1b[1mScanning dependencies of target gtest\x1b[0m\n'}
[176.625338] (laser_filters) StdoutLine: {'line': b'\x1b[35m\x1b[1mScanning dependencies of target generic_laser_filter_node\x1b[0m\n'}
[176.680537] (-) TimerEvent: {}
[176.723719] (laser_filters) StdoutLine: {'line': b'[ 64%] \x1b[32mBuilding CXX object gtest/CMakeFiles/gtest.dir/src/gtest-all.cc.o\x1b[0m\n'}
[176.780893] (-) TimerEvent: {}
[176.870631] (laser_filters) StdoutLine: {'line': b'[ 71%] \x1b[32mBuilding CXX object CMakeFiles/generic_laser_filter_node.dir/src/generic_laser_filter_node.cpp.o\x1b[0m\n'}
[176.881107] (-) TimerEvent: {}
[176.982896] (-) TimerEvent: {}
[177.083951] (-) TimerEvent: {}
[177.185743] (-) TimerEvent: {}
[177.286796] (-) TimerEvent: {}
[177.387702] (-) TimerEvent: {}
[177.488797] (-) TimerEvent: {}
[177.589966] (-) TimerEvent: {}
[177.691059] (-) TimerEvent: {}
[177.792191] (-) TimerEvent: {}
[177.893340] (-) TimerEvent: {}
[177.994465] (-) TimerEvent: {}
[178.095526] (-) TimerEvent: {}
[178.196662] (-) TimerEvent: {}
[178.297884] (-) TimerEvent: {}
[178.398950] (-) TimerEvent: {}
[178.500071] (-) TimerEvent: {}
[178.601264] (-) TimerEvent: {}
[178.702335] (-) TimerEvent: {}
[178.803468] (-) TimerEvent: {}
[178.904504] (-) TimerEvent: {}
[179.015419] (-) TimerEvent: {}
[179.116490] (-) TimerEvent: {}
[179.217590] (-) TimerEvent: {}
[179.318630] (-) TimerEvent: {}
[179.419702] (-) TimerEvent: {}
[179.520824] (-) TimerEvent: {}
[179.622907] (-) TimerEvent: {}
[179.723990] (-) TimerEvent: {}
[179.825264] (-) TimerEvent: {}
[179.926232] (-) TimerEvent: {}
[180.027982] (-) TimerEvent: {}
[180.129299] (-) TimerEvent: {}
[180.231053] (-) TimerEvent: {}
[180.332864] (-) TimerEvent: {}
[180.434123] (-) TimerEvent: {}
[180.535403] (-) TimerEvent: {}
[180.636655] (-) TimerEvent: {}
[180.738083] (-) TimerEvent: {}
[180.840471] (-) TimerEvent: {}
[180.942145] (-) TimerEvent: {}
[181.045091] (-) TimerEvent: {}
[181.146269] (-) TimerEvent: {}
[181.248177] (-) TimerEvent: {}
[181.351457] (-) TimerEvent: {}
[181.453525] (-) TimerEvent: {}
[181.556549] (-) TimerEvent: {}
[181.659389] (-) TimerEvent: {}
[181.761447] (-) TimerEvent: {}
[181.877372] (-) TimerEvent: {}
[181.978351] (-) TimerEvent: {}
[182.079362] (-) TimerEvent: {}
[182.180431] (-) TimerEvent: {}
[182.281454] (-) TimerEvent: {}
[182.382489] (-) TimerEvent: {}
[182.483632] (-) TimerEvent: {}
[182.584732] (-) TimerEvent: {}
[182.685836] (-) TimerEvent: {}
[182.786884] (-) TimerEvent: {}
[182.888272] (-) TimerEvent: {}
[182.989430] (-) TimerEvent: {}
[183.090473] (-) TimerEvent: {}
[183.191471] (-) TimerEvent: {}
[183.292585] (-) TimerEvent: {}
[183.393642] (-) TimerEvent: {}
[183.494741] (-) TimerEvent: {}
[183.595869] (-) TimerEvent: {}
[183.696989] (-) TimerEvent: {}
[183.798396] (-) TimerEvent: {}
[183.899438] (-) TimerEvent: {}
[184.000557] (-) TimerEvent: {}
[184.101654] (-) TimerEvent: {}
[184.202749] (-) TimerEvent: {}
[184.303820] (-) TimerEvent: {}
[184.404857] (-) TimerEvent: {}
[184.505886] (-) TimerEvent: {}
[184.606945] (-) TimerEvent: {}
[184.708040] (-) TimerEvent: {}
[184.809191] (-) TimerEvent: {}
[184.910187] (-) TimerEvent: {}
[185.011230] (-) TimerEvent: {}
[185.112346] (-) TimerEvent: {}
[185.213474] (-) TimerEvent: {}
[185.314580] (-) TimerEvent: {}
[185.415654] (-) TimerEvent: {}
[185.516711] (-) TimerEvent: {}
[185.617901] (-) TimerEvent: {}
[185.718955] (-) TimerEvent: {}
[185.819967] (-) TimerEvent: {}
[185.921013] (-) TimerEvent: {}
[186.022068] (-) TimerEvent: {}
[186.123096] (-) TimerEvent: {}
[186.224114] (-) TimerEvent: {}
[186.325265] (-) TimerEvent: {}
[186.426341] (-) TimerEvent: {}
[186.527473] (-) TimerEvent: {}
[186.628557] (-) TimerEvent: {}
[186.729679] (-) TimerEvent: {}
[186.830732] (-) TimerEvent: {}
[186.931823] (-) TimerEvent: {}
[187.033709] (-) TimerEvent: {}
[187.135840] (-) TimerEvent: {}
[187.236932] (-) TimerEvent: {}
[187.338272] (-) TimerEvent: {}
[187.439486] (-) TimerEvent: {}
[187.540681] (-) TimerEvent: {}
[187.608142] (ira_laser_tools) StdoutLine: {'line': b'[100%] \x1b[32m\x1b[1mLinking CXX executable laserscan_multi_merger\x1b[0m\n'}
[187.641001] (-) TimerEvent: {}
[187.742545] (-) TimerEvent: {}
[187.843649] (-) TimerEvent: {}
[187.944717] (-) TimerEvent: {}
[188.045990] (-) TimerEvent: {}
[188.146978] (-) TimerEvent: {}
[188.248207] (-) TimerEvent: {}
[188.349619] (-) TimerEvent: {}
[188.450909] (-) TimerEvent: {}
[188.552121] (-) TimerEvent: {}
[188.653439] (-) TimerEvent: {}
[188.754613] (-) TimerEvent: {}
[188.855789] (-) TimerEvent: {}
[188.957000] (-) TimerEvent: {}
[189.058331] (-) TimerEvent: {}
[189.159523] (-) TimerEvent: {}
[189.260587] (-) TimerEvent: {}
[189.361696] (-) TimerEvent: {}
[189.462748] (-) TimerEvent: {}
[189.563898] (-) TimerEvent: {}
[189.665102] (-) TimerEvent: {}
[189.766223] (-) TimerEvent: {}
[189.867235] (-) TimerEvent: {}
[189.968271] (-) TimerEvent: {}
[190.069387] (-) TimerEvent: {}
[190.170380] (-) TimerEvent: {}
[190.271493] (-) TimerEvent: {}
[190.312507] (laser_filters) StdoutLine: {'line': b'[ 78%] \x1b[32m\x1b[1mLinking CXX static library libgtest.a\x1b[0m\n'}
[190.371821] (-) TimerEvent: {}
[190.472832] (-) TimerEvent: {}
[190.574005] (-) TimerEvent: {}
[190.662097] (laser_filters) StdoutLine: {'line': b'[ 78%] Built target gtest\n'}
[190.674267] (-) TimerEvent: {}
[190.775938] (-) TimerEvent: {}
[190.877566] (-) TimerEvent: {}
[190.979038] (-) TimerEvent: {}
[191.080062] (-) TimerEvent: {}
[191.147694] (ira_laser_tools) StdoutLine: {'line': b'[100%] Built target laserscan_multi_merger\n'}
[191.180345] (-) TimerEvent: {}
[191.198232] (ira_laser_tools) CommandEnded: {'returncode': 0}
[191.201968] (ira_laser_tools) JobProgress: {'identifier': 'ira_laser_tools', 'progress': 'install'}
[191.203834] (ira_laser_tools) Command: {'cmd': ['/usr/bin/cmake', '--install', '/home/wjs/cart_ros2/build/ira_laser_tools'], 'cwd': '/home/wjs/cart_ros2/build/ira_laser_tools', 'env': OrderedDict([('LESSOPEN', '| /usr/bin/lesspipe %s'), ('USER', 'wjs'), ('SSH_AGENT_PID', '4023'), ('XDG_SESSION_TYPE', 'x11'), ('PIP_CACHE_DIR', '/mnt/sdcard/.cache/pip'), ('XDG_CACHE_HOME', '/mnt/sdcard/.cache'), ('SHLVL', '1'), ('LD_LIBRARY_PATH', '/opt/opencv-4.5.5-cuda/lib:/home/wjs/cart_ros2/install/lib:/home/wjs/tb3_tpl_ws/install/lib:/opt/ros/galactic/opt/yaml_cpp_vendor/lib:/opt/ros/galactic/opt/rviz_ogre_vendor/lib:/opt/ros/galactic/lib/aarch64-linux-gnu:/opt/ros/galactic/lib:/usr/local/cuda-11.4/lib64:'), ('HOME', '/home/wjs'), ('CYCLONEDDS_URI', 'file:///home/wjs/cyclonedds_lo.xml'), ('OLDPWD', '/home/wjs'), ('DESKTOP_SESSION', 'ubuntu'), ('JETSON_L4T', '35.6.3'), ('ROS_PYTHON_VERSION', '3'), ('GNOME_SHELL_SESSION_MODE', 'ubuntu'), ('GTK_MODULES', 'gail:atk-bridge'), ('JETSON_MODEL', 'Jetson-AGX'), ('MANAGERPID', '3877'), ('DBUS_SESSION_BUS_ADDRESS', 'unix:path=/run/user/1000/bus'), ('COLORTERM', 'truecolor'), ('TERMINATOR_DBUS_NAME', 'net.tenshu.Terminator23558193cd9818af7fe4d2c2f5bd9d00f'), ('GIO_LAUNCHED_DESKTOP_FILE_PID', '6835'), ('IM_CONFIG_PHASE', '1'), ('TMPDIR', '/mnt/sdcard/tmp'), ('COLCON_PREFIX_PATH', '/home/wjs/tb3_tpl_ws/install:/home/wjs/cart_ros2/install'), ('TORCH_HOME', '/mnt/sdcard/.cache/torch'), ('ROS_DISTRO', 'galactic'), ('LOGNAME', 'wjs'), ('JETSON_MODULE', 'NVIDIA Jetson AGX Xavier (32 GB ram)'), ('JETSON_SERIAL_NUMBER', '1423420009543'), ('JOURNAL_STREAM', '8:75457'), ('_', '/usr/bin/colcon'), ('ROS_VERSION', '2'), ('JETSON_CODENAME', 'Galen'), ('XDG_SESSION_CLASS', 'user'), ('USERNAME', 'wjs'), ('TERM', 'xterm-256color'), ('GNOME_DESKTOP_SESSION_ID', 'this-is-deprecated'), ('ROS_LOCALHOST_ONLY', '1'), ('WINDOWPATH', '2'), ('PATH', '/opt/ros/galactic/bin:/usr/local/cuda-11.4/bin:/home/wjs/.local/bin:/usr/local/sbin:/usr/local/bin:/usr/sbin:/usr/bin:/sbin:/bin:/usr/games:/usr/local/games:/snap/bin'), ('SESSION_MANAGER', 'local/ubuntu:@/tmp/.ICE-unix/4058,unix/ubuntu:/tmp/.ICE-unix/4058'), ('INVOCATION_ID', 'da0bea70aefc4c20b47af68647634234'), ('XDG_MENU_PREFIX', 'gnome-'), ('XDG_RUNTIME_DIR', '/run/user/1000'), ('DISPLAY', ':1'), ('TERMINATOR_DBUS_PATH', '/net/tenshu/Terminator2'), ('LANG', 'en_US.UTF-8'), ('XDG_CURRENT_DESKTOP', 'ubuntu:GNOME'), ('RMW_IMPLEMENTATION', 'rmw_cyclonedds_cpp'), ('XMODIFIERS', '@im=ibus'), ('XDG_SESSION_DESKTOP', 'ubuntu'), ('XAUTHORITY', '/run/user/1000/gdm/Xauthority'), ('LS_COLORS', 'rs=0:di=01;34:ln=01;36:mh=00:pi=40;33:so=01;35:do=01;35:bd=40;33;01:cd=40;33;01:or=40;31;01:mi=00:su=37;41:sg=30;43:ca=30;41:tw=30;42:ow=34;42:st=37;44:ex=01;32:*.tar=01;31:*.tgz=01;31:*.arc=01;31:*.arj=01;31:*.taz=01;31:*.lha=01;31:*.lz4=01;31:*.lzh=01;31:*.lzma=01;31:*.tlz=01;31:*.txz=01;31:*.tzo=01;31:*.t7z=01;31:*.zip=01;31:*.z=01;31:*.dz=01;31:*.gz=01;31:*.lrz=01;31:*.lz=01;31:*.lzo=01;31:*.xz=01;31:*.zst=01;31:*.tzst=01;31:*.bz2=01;31:*.bz=01;31:*.tbz=01;31:*.tbz2=01;31:*.tz=01;31:*.deb=01;31:*.rpm=01;31:*.jar=01;31:*.war=01;31:*.ear=01;31:*.sar=01;31:*.rar=01;31:*.alz=01;31:*.ace=01;31:*.zoo=01;31:*.cpio=01;31:*.7z=01;31:*.rz=01;31:*.cab=01;31:*.wim=01;31:*.swm=01;31:*.dwm=01;31:*.esd=01;31:*.jpg=01;35:*.jpeg=01;35:*.mjpg=01;35:*.mjpeg=01;35:*.gif=01;35:*.bmp=01;35:*.pbm=01;35:*.pgm=01;35:*.ppm=01;35:*.tga=01;35:*.xbm=01;35:*.xpm=01;35:*.tif=01;35:*.tiff=01;35:*.png=01;35:*.svg=01;35:*.svgz=01;35:*.mng=01;35:*.pcx=01;35:*.mov=01;35:*.mpg=01;35:*.mpeg=01;35:*.m2v=01;35:*.mkv=01;35:*.webm=01;35:*.ogm=01;35:*.mp4=01;35:*.m4v=01;35:*.mp4v=01;35:*.vob=01;35:*.qt=01;35:*.nuv=01;35:*.wmv=01;35:*.asf=01;35:*.rm=01;35:*.rmvb=01;35:*.flc=01;35:*.avi=01;35:*.fli=01;35:*.flv=01;35:*.gl=01;35:*.dl=01;35:*.xcf=01;35:*.xwd=01;35:*.yuv=01;35:*.cgm=01;35:*.emf=01;35:*.ogv=01;35:*.ogx=01;35:*.aac=00;36:*.au=00;36:*.flac=00;36:*.m4a=00;36:*.mid=00;36:*.midi=00;36:*.mka=00;36:*.mp3=00;36:*.mpc=00;36:*.ogg=00;36:*.ra=00;36:*.wav=00;36:*.oga=00;36:*.opus=00;36:*.spx=00;36:*.xspf=00;36:'), ('JETSON_SOC', 'tegra194'), ('SSH_AUTH_SOCK', '/run/user/1000/keyring/ssh'), ('ROS_DOMAIN_ID', '35'), ('AMENT_PREFIX_PATH', '/home/wjs/cart_ros2/install:/home/wjs/tb3_tpl_ws/install:/opt/ros/galactic'), ('SHELL', '/bin/bash'), ('TERMINATOR_UUID', 'urn:uuid:1409ebbf-e917-4bfd-a3f8-4e94c2694854'), ('QT_ACCESSIBILITY', '1'), ('GDMSESSION', 'ubuntu'), ('LESSCLOSE', '/usr/bin/lesspipe %s %s'), ('GPG_AGENT_INFO', '/run/user/1000/gnupg/S.gpg-agent:0:1'), ('QT_IM_MODULE', 'ibus'), ('JETSON_CUDA_ARCH_BIN', '7.2'), ('PWD', '/home/wjs/cart_ros2/build/ira_laser_tools'), ('XDG_CONFIG_DIRS', '/etc/xdg/xdg-ubuntu:/etc/xdg'), ('XDG_DATA_DIRS', '/usr/share/ubuntu:/usr/local/share/:/usr/share/:/var/lib/snapd/desktop'), ('PYTHONPATH', '/opt/opencv-4.5.5-cuda/lib/python3.8/site-packages:/home/wjs/cart_ros2/build/differential_drive/src:/home/wjs/cart_ros2/build/arduino_ros2:/home/wjs/cart_ros2/build/agv_body:/home/wjs/cart_ros2/install/lib/python3.8/site-packages:/home/wjs/tb3_tpl_ws/build/turtlebot3_teleop:/home/wjs/tb3_tpl_ws/install/lib/python3.8/site-packages:/opt/ros/galactic/lib/python3.8/site-packages'), ('COLCON', '1'), ('VTE_VERSION', '6003'), ('JETSON_JETPACK', '5.1.7'), ('CMAKE_PREFIX_PATH', '/home/wjs/cart_ros2/install:/home/wjs/tb3_tpl_ws/install:/opt/ros/galactic'), ('JETSON_P_NUMBER', 'p2888-0004')]), 'shell': False}
[191.248692] (ira_laser_tools) StdoutLine: {'line': b'-- Install configuration: ""\n'}
[191.250785] (ira_laser_tools) StdoutLine: {'line': b'-- Execute custom install script\n'}
[191.253284] (ira_laser_tools) StdoutLine: {'line': b'-- Symlinking: /home/wjs/cart_ros2/install/lib/ira_laser_tools/laserscan_multi_merger\n'}
[191.280633] (-) TimerEvent: {}
[191.294331] (ira_laser_tools) StdoutLine: {'line': b'-- Symlinking: /home/wjs/cart_ros2/install/lib/ira_laser_tools/laserscan_virtualizer\n'}
[191.336723] (ira_laser_tools) StdoutLine: {'line': b'-- Symlinking: /home/wjs/cart_ros2/install/share/ira_laser_tools/launch/laserscan_multi_merger.launch\n'}
[191.377198] (ira_laser_tools) StdoutLine: {'line': b'-- Symlinking: /home/wjs/cart_ros2/install/share/ira_laser_tools/launch/laserscan_virtualizer.launch\n'}
[191.380851] (-) TimerEvent: {}
[191.417532] (ira_laser_tools) StdoutLine: {'line': b'-- Symlinking: /home/wjs/cart_ros2/install/share/ira_laser_tools/launch/merge_multi.launch.py\n'}
[191.459370] (ira_laser_tools) StdoutLine: {'line': b'-- Symlinking: /home/wjs/cart_ros2/install/share/ira_laser_tools/config/laserscan_merge.yaml\n'}
[191.481203] (-) TimerEvent: {}
[191.501588] (ira_laser_tools) StdoutLine: {'line': b'-- Symlinking: /home/wjs/cart_ros2/install/share/ament_index/resource_index/package_run_dependencies/ira_laser_tools\n'}
[191.544567] (ira_laser_tools) StdoutLine: {'line': b'-- Symlinking: /home/wjs/cart_ros2/install/share/ament_index/resource_index/parent_prefix_path/ira_laser_tools\n'}
[191.581486] (-) TimerEvent: {}
[191.586412] (ira_laser_tools) StdoutLine: {'line': b'-- Symlinking: /home/wjs/cart_ros2/install/share/ira_laser_tools/environment/ament_prefix_path.sh\n'}
[191.628517] (ira_laser_tools) StdoutLine: {'line': b'-- Symlinking: /home/wjs/cart_ros2/install/share/ira_laser_tools/environment/ament_prefix_path.dsv\n'}
[191.670226] (ira_laser_tools) StdoutLine: {'line': b'-- Symlinking: /home/wjs/cart_ros2/install/share/ira_laser_tools/environment/path.sh\n'}
[191.681756] (-) TimerEvent: {}
[191.712033] (ira_laser_tools) StdoutLine: {'line': b'-- Symlinking: /home/wjs/cart_ros2/install/share/ira_laser_tools/environment/path.dsv\n'}
[191.755537] (ira_laser_tools) StdoutLine: {'line': b'-- Symlinking: /home/wjs/cart_ros2/install/share/ira_laser_tools/local_setup.bash\n'}
[191.782074] (-) TimerEvent: {}
[191.795897] (ira_laser_tools) StdoutLine: {'line': b'-- Symlinking: /home/wjs/cart_ros2/install/share/ira_laser_tools/local_setup.sh\n'}
[191.837000] (ira_laser_tools) StdoutLine: {'line': b'-- Symlinking: /home/wjs/cart_ros2/install/share/ira_laser_tools/local_setup.zsh\n'}
[191.877029] (ira_laser_tools) StdoutLine: {'line': b'-- Symlinking: /home/wjs/cart_ros2/install/share/ira_laser_tools/local_setup.dsv\n'}
[191.882304] (-) TimerEvent: {}
[191.921797] (ira_laser_tools) StdoutLine: {'line': b'-- Symlinking: /home/wjs/cart_ros2/install/share/ira_laser_tools/package.dsv\n'}
[191.966191] (ira_laser_tools) StdoutLine: {'line': b'-- Symlinking: /home/wjs/cart_ros2/install/share/ament_index/resource_index/packages/ira_laser_tools\n'}
[191.982584] (-) TimerEvent: {}
[192.006902] (ira_laser_tools) StdoutLine: {'line': b'-- Symlinking: /home/wjs/cart_ros2/install/share/ira_laser_tools/cmake/ament_cmake_export_dependencies-extras.cmake\n'}
[192.048880] (ira_laser_tools) StdoutLine: {'line': b'-- Symlinking: /home/wjs/cart_ros2/install/share/ira_laser_tools/cmake/ira_laser_toolsConfig.cmake\n'}
[192.082858] (-) TimerEvent: {}
[192.088412] (ira_laser_tools) StdoutLine: {'line': b'-- Symlinking: /home/wjs/cart_ros2/install/share/ira_laser_tools/cmake/ira_laser_toolsConfig-version.cmake\n'}
[192.132261] (ira_laser_tools) StdoutLine: {'line': b'-- Symlinking: /home/wjs/cart_ros2/install/share/ira_laser_tools/package.xml\n'}
[192.182594] (ira_laser_tools) CommandEnded: {'returncode': 0}
[192.185372] (-) TimerEvent: {}
[192.286938] (-) TimerEvent: {}
[192.290104] (ira_laser_tools) JobEnded: {'identifier': 'ira_laser_tools', 'rc': 0}
[192.387174] (-) TimerEvent: {}
[192.488129] (-) TimerEvent: {}
[192.589183] (-) TimerEvent: {}
[192.690185] (-) TimerEvent: {}
[192.791184] (-) TimerEvent: {}
[192.892103] (-) TimerEvent: {}
[192.993044] (-) TimerEvent: {}
[193.094057] (-) TimerEvent: {}
[193.195010] (-) TimerEvent: {}
[193.295953] (-) TimerEvent: {}
[193.396929] (-) TimerEvent: {}
[193.497905] (-) TimerEvent: {}
[193.598889] (-) TimerEvent: {}
[193.699833] (-) TimerEvent: {}
[193.800831] (-) TimerEvent: {}
[193.901985] (-) TimerEvent: {}
[194.003058] (-) TimerEvent: {}
[194.104916] (-) TimerEvent: {}
[194.206901] (-) TimerEvent: {}
[194.307816] (-) TimerEvent: {}
[194.408809] (-) TimerEvent: {}
[194.509957] (-) TimerEvent: {}
[194.610924] (-) TimerEvent: {}
[194.711911] (-) TimerEvent: {}
[194.812871] (-) TimerEvent: {}
[194.913982] (-) TimerEvent: {}
[195.015023] (-) TimerEvent: {}
[195.115969] (-) TimerEvent: {}
[195.216950] (-) TimerEvent: {}
[195.318027] (-) TimerEvent: {}
[195.418988] (-) TimerEvent: {}
[195.520035] (-) TimerEvent: {}
[195.621109] (-) TimerEvent: {}
[195.722306] (-) TimerEvent: {}
[195.823286] (-) TimerEvent: {}
[195.924222] (-) TimerEvent: {}
[196.025274] (-) TimerEvent: {}
[196.126248] (-) TimerEvent: {}
[196.227211] (-) TimerEvent: {}
[196.328140] (-) TimerEvent: {}
[196.429248] (-) TimerEvent: {}
[196.530205] (-) TimerEvent: {}
[196.631193] (-) TimerEvent: {}
[196.732162] (-) TimerEvent: {}
[196.833195] (-) TimerEvent: {}
[196.934169] (-) TimerEvent: {}
[197.035116] (-) TimerEvent: {}
[197.136156] (-) TimerEvent: {}
[197.237307] (-) TimerEvent: {}
[197.338303] (-) TimerEvent: {}
[197.439305] (-) TimerEvent: {}
[197.540315] (-) TimerEvent: {}
[197.641396] (-) TimerEvent: {}
[197.742425] (-) TimerEvent: {}
[197.843466] (-) TimerEvent: {}
[197.944484] (-) TimerEvent: {}
[198.045621] (-) TimerEvent: {}
[198.146623] (-) TimerEvent: {}
[198.247652] (-) TimerEvent: {}
[198.348578] (-) TimerEvent: {}
[198.449613] (-) TimerEvent: {}
[198.550667] (-) TimerEvent: {}
[198.651682] (-) TimerEvent: {}
[198.752758] (-) TimerEvent: {}
[198.853876] (-) TimerEvent: {}
[198.954965] (-) TimerEvent: {}
[199.056026] (-) TimerEvent: {}
[199.157011] (-) TimerEvent: {}
[199.258040] (-) TimerEvent: {}
[199.359116] (-) TimerEvent: {}
[199.460139] (-) TimerEvent: {}
[199.561282] (-) TimerEvent: {}
[199.662333] (-) TimerEvent: {}
[199.763294] (-) TimerEvent: {}
[199.864287] (-) TimerEvent: {}
[199.965279] (-) TimerEvent: {}
[200.066227] (-) TimerEvent: {}
[200.167172] (-) TimerEvent: {}
[200.268178] (-) TimerEvent: {}
[200.369104] (-) TimerEvent: {}
[200.470192] (-) TimerEvent: {}
[200.571185] (-) TimerEvent: {}
[200.672379] (-) TimerEvent: {}
[200.773462] (-) TimerEvent: {}
[200.874420] (-) TimerEvent: {}
[200.975310] (-) TimerEvent: {}
[201.076334] (-) TimerEvent: {}
[201.177306] (-) TimerEvent: {}
[201.278246] (-) TimerEvent: {}
[201.379187] (-) TimerEvent: {}
[201.480103] (-) TimerEvent: {}
[201.581099] (-) TimerEvent: {}
[201.682137] (-) TimerEvent: {}
[201.783093] (-) TimerEvent: {}
[201.884011] (-) TimerEvent: {}
[201.984986] (-) TimerEvent: {}
[202.085995] (-) TimerEvent: {}
[202.186955] (-) TimerEvent: {}
[202.287940] (-) TimerEvent: {}
[202.389501] (-) TimerEvent: {}
[202.490391] (-) TimerEvent: {}
[202.591370] (-) TimerEvent: {}
[202.692273] (-) TimerEvent: {}
[202.793243] (-) TimerEvent: {}
[202.894216] (-) TimerEvent: {}
[202.995215] (-) TimerEvent: {}
[203.096244] (-) TimerEvent: {}
[203.197296] (-) TimerEvent: {}
[203.298372] (-) TimerEvent: {}
[203.399348] (-) TimerEvent: {}
[203.500291] (-) TimerEvent: {}
[203.601266] (-) TimerEvent: {}
[203.702319] (-) TimerEvent: {}
[203.803387] (-) TimerEvent: {}
[203.904333] (-) TimerEvent: {}
[204.005465] (-) TimerEvent: {}
[204.106440] (-) TimerEvent: {}
[204.207802] (-) TimerEvent: {}
[204.308765] (-) TimerEvent: {}
[204.409777] (-) TimerEvent: {}
[204.510697] (-) TimerEvent: {}
[204.611675] (-) TimerEvent: {}
[204.712697] (-) TimerEvent: {}
[204.813717] (-) TimerEvent: {}
[204.914688] (-) TimerEvent: {}
[205.015613] (-) TimerEvent: {}
[205.116527] (-) TimerEvent: {}
[205.217576] (-) TimerEvent: {}
[205.318490] (-) TimerEvent: {}
[205.419465] (-) TimerEvent: {}
[205.520410] (-) TimerEvent: {}
[205.621334] (-) TimerEvent: {}
[205.722414] (-) TimerEvent: {}
[205.823359] (-) TimerEvent: {}
[205.924256] (-) TimerEvent: {}
[206.025246] (-) TimerEvent: {}
[206.126198] (-) TimerEvent: {}
[206.227076] (-) TimerEvent: {}
[206.328055] (-) TimerEvent: {}
[206.429019] (-) TimerEvent: {}
[206.530010] (-) TimerEvent: {}
[206.630976] (-) TimerEvent: {}
[206.731922] (-) TimerEvent: {}
[206.832855] (-) TimerEvent: {}
[206.933818] (-) TimerEvent: {}
[207.034779] (-) TimerEvent: {}
[207.135728] (-) TimerEvent: {}
[207.236649] (-) TimerEvent: {}
[207.337716] (-) TimerEvent: {}
[207.438810] (-) TimerEvent: {}
[207.539732] (-) TimerEvent: {}
[207.640657] (-) TimerEvent: {}
[207.741659] (-) TimerEvent: {}
[207.842576] (-) TimerEvent: {}
[207.943488] (-) TimerEvent: {}
[208.044449] (-) TimerEvent: {}
[208.145379] (-) TimerEvent: {}
[208.246348] (-) TimerEvent: {}
[208.347294] (-) TimerEvent: {}
[208.448257] (-) TimerEvent: {}
[208.549277] (-) TimerEvent: {}
[208.650231] (-) TimerEvent: {}
[208.751216] (-) TimerEvent: {}
[208.852197] (-) TimerEvent: {}
[208.953300] (-) TimerEvent: {}
[209.054220] (-) TimerEvent: {}
[209.155805] (-) TimerEvent: {}
[209.257357] (-) TimerEvent: {}
[209.358316] (-) TimerEvent: {}
[209.459258] (-) TimerEvent: {}
[209.560169] (-) TimerEvent: {}
[209.661090] (-) TimerEvent: {}
[209.762063] (-) TimerEvent: {}
[209.862962] (-) TimerEvent: {}
[209.963851] (-) TimerEvent: {}
[210.064775] (-) TimerEvent: {}
[210.165827] (-) TimerEvent: {}
[210.266873] (-) TimerEvent: {}
[210.367791] (-) TimerEvent: {}
[210.468694] (-) TimerEvent: {}
[210.569674] (-) TimerEvent: {}
[210.670612] (-) TimerEvent: {}
[210.771518] (-) TimerEvent: {}
[210.872585] (-) TimerEvent: {}
[210.973624] (-) TimerEvent: {}
[211.074559] (-) TimerEvent: {}
[211.175484] (-) TimerEvent: {}
[211.276368] (-) TimerEvent: {}
[211.377279] (-) TimerEvent: {}
[211.478238] (-) TimerEvent: {}
[211.579136] (-) TimerEvent: {}
[211.680006] (-) TimerEvent: {}
[211.780998] (-) TimerEvent: {}
[211.881875] (-) TimerEvent: {}
[211.982813] (-) TimerEvent: {}
[212.083728] (-) TimerEvent: {}
[212.184768] (-) TimerEvent: {}
[212.285869] (-) TimerEvent: {}
[212.386829] (-) TimerEvent: {}
[212.487919] (-) TimerEvent: {}
[212.589031] (-) TimerEvent: {}
[212.690093] (-) TimerEvent: {}
[212.791109] (-) TimerEvent: {}
[212.892113] (-) TimerEvent: {}
[212.993100] (-) TimerEvent: {}
[213.094190] (-) TimerEvent: {}
[213.195153] (-) TimerEvent: {}
[213.296098] (-) TimerEvent: {}
[213.397080] (-) TimerEvent: {}
[213.498156] (-) TimerEvent: {}
[213.599139] (-) TimerEvent: {}
[213.700157] (-) TimerEvent: {}
[213.801406] (-) TimerEvent: {}
[213.902423] (-) TimerEvent: {}
[214.003672] (-) TimerEvent: {}
[214.104606] (-) TimerEvent: {}
[214.205732] (-) TimerEvent: {}
[214.306724] (-) TimerEvent: {}
[214.407679] (-) TimerEvent: {}
[214.508805] (-) TimerEvent: {}
[214.609942] (-) TimerEvent: {}
[214.710946] (-) TimerEvent: {}
[214.811920] (-) TimerEvent: {}
[214.913046] (-) TimerEvent: {}
[215.017998] (-) TimerEvent: {}
[215.118951] (-) TimerEvent: {}
[215.219867] (-) TimerEvent: {}
[215.259661] (laser_filters) StdoutLine: {'line': b'[ 85%] \x1b[32m\x1b[1mLinking CXX executable generic_laser_filter_node\x1b[0m\n'}
[215.320229] (-) TimerEvent: {}
[215.421274] (-) TimerEvent: {}
[215.522353] (-) TimerEvent: {}
[215.623468] (-) TimerEvent: {}
[215.724542] (-) TimerEvent: {}
[215.825873] (-) TimerEvent: {}
[215.927079] (-) TimerEvent: {}
[216.028332] (-) TimerEvent: {}
[216.129463] (-) TimerEvent: {}
[216.230574] (-) TimerEvent: {}
[216.331542] (-) TimerEvent: {}
[216.432495] (-) TimerEvent: {}
[216.533509] (-) TimerEvent: {}
[216.635717] (-) TimerEvent: {}
[216.736778] (-) TimerEvent: {}
[216.837868] (-) TimerEvent: {}
[216.939023] (-) TimerEvent: {}
[217.040079] (-) TimerEvent: {}
[217.074746] (laser_filters) StdoutLine: {'line': b'[ 85%] Built target generic_laser_filter_node\n'}
[217.125220] (laser_filters) StdoutLine: {'line': b'\x1b[35m\x1b[1mScanning dependencies of target test_scan_filter_chain\x1b[0m\n'}
[217.140197] (-) TimerEvent: {}
[217.241055] (-) TimerEvent: {}
[217.342061] (-) TimerEvent: {}
[217.358201] (laser_filters) StdoutLine: {'line': b'[ 92%] \x1b[32mBuilding CXX object CMakeFiles/test_scan_filter_chain.dir/test/test_scan_filter_chain.cpp.o\x1b[0m\n'}
[217.442310] (-) TimerEvent: {}
[217.543335] (-) TimerEvent: {}
[217.644269] (-) TimerEvent: {}
[217.745120] (-) TimerEvent: {}
[217.846130] (-) TimerEvent: {}
[217.947091] (-) TimerEvent: {}
[218.048003] (-) TimerEvent: {}
[218.148951] (-) TimerEvent: {}
[218.249980] (-) TimerEvent: {}
[218.350945] (-) TimerEvent: {}
[218.451920] (-) TimerEvent: {}
[218.552913] (-) TimerEvent: {}
[218.654000] (-) TimerEvent: {}
[218.754983] (-) TimerEvent: {}
[218.855970] (-) TimerEvent: {}
[218.956913] (-) TimerEvent: {}
[219.057898] (-) TimerEvent: {}
[219.158722] (-) TimerEvent: {}
[219.259696] (-) TimerEvent: {}
[219.360677] (-) TimerEvent: {}
[219.461643] (-) TimerEvent: {}
[219.562637] (-) TimerEvent: {}
[219.663635] (-) TimerEvent: {}
[219.764585] (-) TimerEvent: {}
[219.865557] (-) TimerEvent: {}
[219.966487] (-) TimerEvent: {}
[220.067458] (-) TimerEvent: {}
[220.168435] (-) TimerEvent: {}
[220.269430] (-) TimerEvent: {}
[220.370405] (-) TimerEvent: {}
[220.471322] (-) TimerEvent: {}
[220.572235] (-) TimerEvent: {}
[220.673247] (-) TimerEvent: {}
[220.774205] (-) TimerEvent: {}
[220.875092] (-) TimerEvent: {}
[220.976080] (-) TimerEvent: {}
[221.077012] (-) TimerEvent: {}
[221.178016] (-) TimerEvent: {}
[221.278985] (-) TimerEvent: {}
[221.379893] (-) TimerEvent: {}
[221.480843] (-) TimerEvent: {}
[221.581875] (-) TimerEvent: {}
[221.682890] (-) TimerEvent: {}
[221.783864] (-) TimerEvent: {}
[221.884792] (-) TimerEvent: {}
[221.985780] (-) TimerEvent: {}
[222.086729] (-) TimerEvent: {}
[222.187669] (-) TimerEvent: {}
[222.288612] (-) TimerEvent: {}
[222.389645] (-) TimerEvent: {}
[222.490497] (-) TimerEvent: {}
[222.591400] (-) TimerEvent: {}
[222.692336] (-) TimerEvent: {}
[222.793308] (-) TimerEvent: {}
[222.894292] (-) TimerEvent: {}
[222.995240] (-) TimerEvent: {}
[223.096106] (-) TimerEvent: {}
[223.197083] (-) TimerEvent: {}
[223.298014] (-) TimerEvent: {}
[223.398925] (-) TimerEvent: {}
[223.499906] (-) TimerEvent: {}
[223.600796] (-) TimerEvent: {}
[223.701829] (-) TimerEvent: {}
[223.802840] (-) TimerEvent: {}
[223.903743] (-) TimerEvent: {}
[224.004643] (-) TimerEvent: {}
[224.105617] (-) TimerEvent: {}
[224.206596] (-) TimerEvent: {}
[224.307524] (-) TimerEvent: {}
[224.408546] (-) TimerEvent: {}
[224.509532] (-) TimerEvent: {}
[224.610494] (-) TimerEvent: {}
[224.711423] (-) TimerEvent: {}
[224.812366] (-) TimerEvent: {}
[224.913375] (-) TimerEvent: {}
[225.014338] (-) TimerEvent: {}
[225.115260] (-) TimerEvent: {}
[225.216199] (-) TimerEvent: {}
[225.317110] (-) TimerEvent: {}
[225.418063] (-) TimerEvent: {}
[225.519046] (-) TimerEvent: {}
[225.620030] (-) TimerEvent: {}
[225.720967] (-) TimerEvent: {}
[225.822344] (-) TimerEvent: {}
[225.923319] (-) TimerEvent: {}
[226.024284] (-) TimerEvent: {}
[226.125251] (-) TimerEvent: {}
[226.226108] (-) TimerEvent: {}
[226.327020] (-) TimerEvent: {}
[226.427934] (-) TimerEvent: {}
[226.528865] (-) TimerEvent: {}
[226.629850] (-) TimerEvent: {}
[226.730806] (-) TimerEvent: {}
[226.831773] (-) TimerEvent: {}
[226.932711] (-) TimerEvent: {}
[227.033655] (-) TimerEvent: {}
[227.134574] (-) TimerEvent: {}
[227.235538] (-) TimerEvent: {}
[227.336461] (-) TimerEvent: {}
[227.437434] (-) TimerEvent: {}
[227.538289] (-) TimerEvent: {}
[227.639212] (-) TimerEvent: {}
[227.740052] (-) TimerEvent: {}
[227.841015] (-) TimerEvent: {}
[227.942006] (-) TimerEvent: {}
[228.042952] (-) TimerEvent: {}
[228.143886] (-) TimerEvent: {}
[228.245456] (-) TimerEvent: {}
[228.346413] (-) TimerEvent: {}
[228.447354] (-) TimerEvent: {}
[228.548377] (-) TimerEvent: {}
[228.649367] (-) TimerEvent: {}
[228.750408] (-) TimerEvent: {}
[228.851424] (-) TimerEvent: {}
[228.952429] (-) TimerEvent: {}
[229.053334] (-) TimerEvent: {}
[229.154323] (-) TimerEvent: {}
[229.255243] (-) TimerEvent: {}
[229.356154] (-) TimerEvent: {}
[229.457175] (-) TimerEvent: {}
[229.558143] (-) TimerEvent: {}
[229.659130] (-) TimerEvent: {}
[229.760095] (-) TimerEvent: {}
[229.860949] (-) TimerEvent: {}
[229.961924] (-) TimerEvent: {}
[230.062846] (-) TimerEvent: {}
[230.163771] (-) TimerEvent: {}
[230.264660] (-) TimerEvent: {}
[230.365661] (-) TimerEvent: {}
[230.466496] (-) TimerEvent: {}
[230.567416] (-) TimerEvent: {}
[230.668361] (-) TimerEvent: {}
[230.769371] (-) TimerEvent: {}
[230.870297] (-) TimerEvent: {}
[230.971238] (-) TimerEvent: {}
[231.072187] (-) TimerEvent: {}
[231.173276] (-) TimerEvent: {}
[231.274190] (-) TimerEvent: {}
[231.375145] (-) TimerEvent: {}
[231.476068] (-) TimerEvent: {}
[231.576942] (-) TimerEvent: {}
[231.677878] (-) TimerEvent: {}
[231.778767] (-) TimerEvent: {}
[231.879675] (-) TimerEvent: {}
[231.980601] (-) TimerEvent: {}
[232.081561] (-) TimerEvent: {}
[232.182442] (-) TimerEvent: {}
[232.283343] (-) TimerEvent: {}
[232.384222] (-) TimerEvent: {}
[232.485218] (-) TimerEvent: {}
[232.586104] (-) TimerEvent: {}
[232.687040] (-) TimerEvent: {}
[232.787939] (-) TimerEvent: {}
[232.888835] (-) TimerEvent: {}
[232.989809] (-) TimerEvent: {}
[233.090732] (-) TimerEvent: {}
[233.191648] (-) TimerEvent: {}
[233.292519] (-) TimerEvent: {}
[233.393449] (-) TimerEvent: {}
[233.494362] (-) TimerEvent: {}
[233.595265] (-) TimerEvent: {}
[233.696191] (-) TimerEvent: {}
[233.797168] (-) TimerEvent: {}
[233.898142] (-) TimerEvent: {}
[233.999054] (-) TimerEvent: {}
[234.100037] (-) TimerEvent: {}
[234.200936] (-) TimerEvent: {}
[234.301891] (-) TimerEvent: {}
[234.402779] (-) TimerEvent: {}
[234.503691] (-) TimerEvent: {}
[234.604624] (-) TimerEvent: {}
[234.705622] (-) TimerEvent: {}
[234.806566] (-) TimerEvent: {}
[234.907465] (-) TimerEvent: {}
[235.008385] (-) TimerEvent: {}
[235.109340] (-) TimerEvent: {}
[235.210243] (-) TimerEvent: {}
[235.311096] (-) TimerEvent: {}
[235.411989] (-) TimerEvent: {}
[235.512879] (-) TimerEvent: {}
[235.613889] (-) TimerEvent: {}
[235.714821] (-) TimerEvent: {}
[235.815739] (-) TimerEvent: {}
[235.916594] (-) TimerEvent: {}
[236.017546] (-) TimerEvent: {}
[236.118454] (-) TimerEvent: {}
[236.219391] (-) TimerEvent: {}
[236.320383] (-) TimerEvent: {}
[236.422036] (-) TimerEvent: {}
[236.523004] (-) TimerEvent: {}
[236.623924] (-) TimerEvent: {}
[236.724890] (-) TimerEvent: {}
[236.825786] (-) TimerEvent: {}
[236.926670] (-) TimerEvent: {}
[237.027576] (-) TimerEvent: {}
[237.128531] (-) TimerEvent: {}
[237.229573] (-) TimerEvent: {}
[237.330578] (-) TimerEvent: {}
[237.431614] (-) TimerEvent: {}
[237.499719] (laser_filters) StdoutLine: {'line': b'[100%] \x1b[32m\x1b[1mLinking CXX executable test_scan_filter_chain\x1b[0m\n'}
[237.531825] (-) TimerEvent: {}
[237.632799] (-) TimerEvent: {}
[237.734044] (-) TimerEvent: {}
[237.835236] (-) TimerEvent: {}
[237.936521] (-) TimerEvent: {}
[238.038000] (-) TimerEvent: {}
[238.139283] (-) TimerEvent: {}
[238.240279] (-) TimerEvent: {}
[238.341386] (-) TimerEvent: {}
[238.442387] (-) TimerEvent: {}
[238.508331] (laser_filters) StdoutLine: {'line': b'[100%] Built target test_scan_filter_chain\n'}
[238.542614] (-) TimerEvent: {}
[238.557567] (laser_filters) CommandEnded: {'returncode': 0}
[238.560450] (laser_filters) JobProgress: {'identifier': 'laser_filters', 'progress': 'install'}
[238.561534] (laser_filters) Command: {'cmd': ['/usr/bin/cmake', '--install', '/home/wjs/cart_ros2/build/laser_filters'], 'cwd': '/home/wjs/cart_ros2/build/laser_filters', 'env': OrderedDict([('LESSOPEN', '| /usr/bin/lesspipe %s'), ('USER', 'wjs'), ('SSH_AGENT_PID', '4023'), ('XDG_SESSION_TYPE', 'x11'), ('PIP_CACHE_DIR', '/mnt/sdcard/.cache/pip'), ('XDG_CACHE_HOME', '/mnt/sdcard/.cache'), ('SHLVL', '1'), ('LD_LIBRARY_PATH', '/opt/opencv-4.5.5-cuda/lib:/home/wjs/cart_ros2/install/lib:/home/wjs/tb3_tpl_ws/install/lib:/opt/ros/galactic/opt/yaml_cpp_vendor/lib:/opt/ros/galactic/opt/rviz_ogre_vendor/lib:/opt/ros/galactic/lib/aarch64-linux-gnu:/opt/ros/galactic/lib:/usr/local/cuda-11.4/lib64:'), ('HOME', '/home/wjs'), ('CYCLONEDDS_URI', 'file:///home/wjs/cyclonedds_lo.xml'), ('OLDPWD', '/home/wjs'), ('DESKTOP_SESSION', 'ubuntu'), ('JETSON_L4T', '35.6.3'), ('ROS_PYTHON_VERSION', '3'), ('GNOME_SHELL_SESSION_MODE', 'ubuntu'), ('GTK_MODULES', 'gail:atk-bridge'), ('JETSON_MODEL', 'Jetson-AGX'), ('MANAGERPID', '3877'), ('DBUS_SESSION_BUS_ADDRESS', 'unix:path=/run/user/1000/bus'), ('COLORTERM', 'truecolor'), ('TERMINATOR_DBUS_NAME', 'net.tenshu.Terminator23558193cd9818af7fe4d2c2f5bd9d00f'), ('GIO_LAUNCHED_DESKTOP_FILE_PID', '6835'), ('IM_CONFIG_PHASE', '1'), ('TMPDIR', '/mnt/sdcard/tmp'), ('COLCON_PREFIX_PATH', '/home/wjs/tb3_tpl_ws/install:/home/wjs/cart_ros2/install'), ('TORCH_HOME', '/mnt/sdcard/.cache/torch'), ('ROS_DISTRO', 'galactic'), ('LOGNAME', 'wjs'), ('JETSON_MODULE', 'NVIDIA Jetson AGX Xavier (32 GB ram)'), ('JETSON_SERIAL_NUMBER', '1423420009543'), ('JOURNAL_STREAM', '8:75457'), ('_', '/usr/bin/colcon'), ('ROS_VERSION', '2'), ('JETSON_CODENAME', 'Galen'), ('XDG_SESSION_CLASS', 'user'), ('USERNAME', 'wjs'), ('TERM', 'xterm-256color'), ('GNOME_DESKTOP_SESSION_ID', 'this-is-deprecated'), ('ROS_LOCALHOST_ONLY', '1'), ('WINDOWPATH', '2'), ('PATH', '/opt/ros/galactic/bin:/usr/local/cuda-11.4/bin:/home/wjs/.local/bin:/usr/local/sbin:/usr/local/bin:/usr/sbin:/usr/bin:/sbin:/bin:/usr/games:/usr/local/games:/snap/bin'), ('SESSION_MANAGER', 'local/ubuntu:@/tmp/.ICE-unix/4058,unix/ubuntu:/tmp/.ICE-unix/4058'), ('INVOCATION_ID', 'da0bea70aefc4c20b47af68647634234'), ('XDG_MENU_PREFIX', 'gnome-'), ('XDG_RUNTIME_DIR', '/run/user/1000'), ('DISPLAY', ':1'), ('TERMINATOR_DBUS_PATH', '/net/tenshu/Terminator2'), ('LANG', 'en_US.UTF-8'), ('XDG_CURRENT_DESKTOP', 'ubuntu:GNOME'), ('RMW_IMPLEMENTATION', 'rmw_cyclonedds_cpp'), ('XMODIFIERS', '@im=ibus'), ('XDG_SESSION_DESKTOP', 'ubuntu'), ('XAUTHORITY', '/run/user/1000/gdm/Xauthority'), ('LS_COLORS', 'rs=0:di=01;34:ln=01;36:mh=00:pi=40;33:so=01;35:do=01;35:bd=40;33;01:cd=40;33;01:or=40;31;01:mi=00:su=37;41:sg=30;43:ca=30;41:tw=30;42:ow=34;42:st=37;44:ex=01;32:*.tar=01;31:*.tgz=01;31:*.arc=01;31:*.arj=01;31:*.taz=01;31:*.lha=01;31:*.lz4=01;31:*.lzh=01;31:*.lzma=01;31:*.tlz=01;31:*.txz=01;31:*.tzo=01;31:*.t7z=01;31:*.zip=01;31:*.z=01;31:*.dz=01;31:*.gz=01;31:*.lrz=01;31:*.lz=01;31:*.lzo=01;31:*.xz=01;31:*.zst=01;31:*.tzst=01;31:*.bz2=01;31:*.bz=01;31:*.tbz=01;31:*.tbz2=01;31:*.tz=01;31:*.deb=01;31:*.rpm=01;31:*.jar=01;31:*.war=01;31:*.ear=01;31:*.sar=01;31:*.rar=01;31:*.alz=01;31:*.ace=01;31:*.zoo=01;31:*.cpio=01;31:*.7z=01;31:*.rz=01;31:*.cab=01;31:*.wim=01;31:*.swm=01;31:*.dwm=01;31:*.esd=01;31:*.jpg=01;35:*.jpeg=01;35:*.mjpg=01;35:*.mjpeg=01;35:*.gif=01;35:*.bmp=01;35:*.pbm=01;35:*.pgm=01;35:*.ppm=01;35:*.tga=01;35:*.xbm=01;35:*.xpm=01;35:*.tif=01;35:*.tiff=01;35:*.png=01;35:*.svg=01;35:*.svgz=01;35:*.mng=01;35:*.pcx=01;35:*.mov=01;35:*.mpg=01;35:*.mpeg=01;35:*.m2v=01;35:*.mkv=01;35:*.webm=01;35:*.ogm=01;35:*.mp4=01;35:*.m4v=01;35:*.mp4v=01;35:*.vob=01;35:*.qt=01;35:*.nuv=01;35:*.wmv=01;35:*.asf=01;35:*.rm=01;35:*.rmvb=01;35:*.flc=01;35:*.avi=01;35:*.fli=01;35:*.flv=01;35:*.gl=01;35:*.dl=01;35:*.xcf=01;35:*.xwd=01;35:*.yuv=01;35:*.cgm=01;35:*.emf=01;35:*.ogv=01;35:*.ogx=01;35:*.aac=00;36:*.au=00;36:*.flac=00;36:*.m4a=00;36:*.mid=00;36:*.midi=00;36:*.mka=00;36:*.mp3=00;36:*.mpc=00;36:*.ogg=00;36:*.ra=00;36:*.wav=00;36:*.oga=00;36:*.opus=00;36:*.spx=00;36:*.xspf=00;36:'), ('JETSON_SOC', 'tegra194'), ('SSH_AUTH_SOCK', '/run/user/1000/keyring/ssh'), ('ROS_DOMAIN_ID', '35'), ('AMENT_PREFIX_PATH', '/home/wjs/cart_ros2/install:/home/wjs/tb3_tpl_ws/install:/opt/ros/galactic'), ('SHELL', '/bin/bash'), ('TERMINATOR_UUID', 'urn:uuid:1409ebbf-e917-4bfd-a3f8-4e94c2694854'), ('QT_ACCESSIBILITY', '1'), ('GDMSESSION', 'ubuntu'), ('LESSCLOSE', '/usr/bin/lesspipe %s %s'), ('GPG_AGENT_INFO', '/run/user/1000/gnupg/S.gpg-agent:0:1'), ('QT_IM_MODULE', 'ibus'), ('JETSON_CUDA_ARCH_BIN', '7.2'), ('PWD', '/home/wjs/cart_ros2/build/laser_filters'), ('XDG_CONFIG_DIRS', '/etc/xdg/xdg-ubuntu:/etc/xdg'), ('XDG_DATA_DIRS', '/usr/share/ubuntu:/usr/local/share/:/usr/share/:/var/lib/snapd/desktop'), ('PYTHONPATH', '/opt/opencv-4.5.5-cuda/lib/python3.8/site-packages:/home/wjs/cart_ros2/build/differential_drive/src:/home/wjs/cart_ros2/build/arduino_ros2:/home/wjs/cart_ros2/build/agv_body:/home/wjs/cart_ros2/install/lib/python3.8/site-packages:/home/wjs/tb3_tpl_ws/build/turtlebot3_teleop:/home/wjs/tb3_tpl_ws/install/lib/python3.8/site-packages:/opt/ros/galactic/lib/python3.8/site-packages'), ('COLCON', '1'), ('VTE_VERSION', '6003'), ('JETSON_JETPACK', '5.1.7'), ('CMAKE_PREFIX_PATH', '/home/wjs/cart_ros2/install:/home/wjs/tb3_tpl_ws/install:/opt/ros/galactic'), ('JETSON_P_NUMBER', 'p2888-0004')]), 'shell': False}
[238.607401] (laser_filters) StdoutLine: {'line': b'-- Install configuration: ""\n'}
[238.609315] (laser_filters) StdoutLine: {'line': b'-- Execute custom install script\n'}
[238.611093] (laser_filters) StdoutLine: {'line': b'-- Symlinking: /home/wjs/cart_ros2/install/share/laser_filters//laser_filters_plugins.xml\n'}
[238.642934] (-) TimerEvent: {}
[238.652778] (laser_filters) StdoutLine: {'line': b'-- Symlinking: /home/wjs/cart_ros2/install/include/laser_filters/angular_bounds_filter.h\n'}
[238.692127] (laser_filters) StdoutLine: {'line': b'-- Symlinking: /home/wjs/cart_ros2/install/include/laser_filters/angular_bounds_filter_in_place.h\n'}
[238.729871] (laser_filters) StdoutLine: {'line': b'-- Symlinking: /home/wjs/cart_ros2/install/include/laser_filters/array_filter.h\n'}
[238.743130] (-) TimerEvent: {}
[238.768549] (laser_filters) StdoutLine: {'line': b'-- Symlinking: /home/wjs/cart_ros2/install/include/laser_filters/box_filter.h\n'}
[238.806594] (laser_filters) StdoutLine: {'line': b'-- Symlinking: /home/wjs/cart_ros2/install/include/laser_filters/footprint_filter.h\n'}
[238.843433] (-) TimerEvent: {}
[238.844505] (laser_filters) StdoutLine: {'line': b'-- Symlinking: /home/wjs/cart_ros2/install/include/laser_filters/intensity_filter.h\n'}
[238.883684] (laser_filters) StdoutLine: {'line': b'-- Symlinking: /home/wjs/cart_ros2/install/include/laser_filters/interpolation_filter.h\n'}
[238.921829] (laser_filters) StdoutLine: {'line': b'-- Symlinking: /home/wjs/cart_ros2/install/include/laser_filters/median_filter.h\n'}
[238.943666] (-) TimerEvent: {}
[238.961189] (laser_filters) StdoutLine: {'line': b'-- Symlinking: /home/wjs/cart_ros2/install/include/laser_filters/range_filter.h\n'}
[238.999125] (laser_filters) StdoutLine: {'line': b'-- Symlinking: /home/wjs/cart_ros2/install/include/laser_filters/scan_mask_filter.h\n'}
[239.037328] (laser_filters) StdoutLine: {'line': b'-- Symlinking: /home/wjs/cart_ros2/install/include/laser_filters/scan_shadows_filter.h\n'}
[239.043828] (-) TimerEvent: {}
[239.076658] (laser_filters) StdoutLine: {'line': b'-- Symlinking: /home/wjs/cart_ros2/install/include/laser_filters/speckle_filter.h\n'}
[239.115908] (laser_filters) StdoutLine: {'line': b'-- Symlinking: /home/wjs/cart_ros2/install/share/laser_filters/environment/library_path.sh\n'}
[239.144083] (-) TimerEvent: {}
[239.155651] (laser_filters) StdoutLine: {'line': b'-- Symlinking: /home/wjs/cart_ros2/install/share/laser_filters/environment/library_path.dsv\n'}
[239.196544] (laser_filters) StdoutLine: {'line': b'-- Symlinking: /home/wjs/cart_ros2/install/lib/liblaser_scan_filters.so\n'}
[239.236469] (laser_filters) StdoutLine: {'line': b'-- Symlinking: /home/wjs/cart_ros2/install/lib/laser_filters/scan_to_cloud_filter_chain\n'}
[239.244273] (-) TimerEvent: {}
[239.276147] (laser_filters) StdoutLine: {'line': b'-- Symlinking: /home/wjs/cart_ros2/install/lib/laser_filters/scan_to_scan_filter_chain\n'}
[239.314613] (laser_filters) StdoutLine: {'line': b'-- Symlinking: /home/wjs/cart_ros2/install/lib/laser_filters/generic_laser_filter_node\n'}
[239.344438] (-) TimerEvent: {}
[239.356758] (laser_filters) StdoutLine: {'line': b'-- Symlinking: /home/wjs/cart_ros2/install/share/laser_filters/examples/box_filter_example.launch.py\n'}
[239.395335] (laser_filters) StdoutLine: {'line': b'-- Symlinking: /home/wjs/cart_ros2/install/share/laser_filters/examples/box_filter_example.yaml\n'}
[239.433333] (laser_filters) StdoutLine: {'line': b'-- Symlinking: /home/wjs/cart_ros2/install/share/laser_filters/examples/footprint_filter_example.launch.py\n'}
[239.444560] (-) TimerEvent: {}
[239.472655] (laser_filters) StdoutLine: {'line': b'-- Symlinking: /home/wjs/cart_ros2/install/share/laser_filters/examples/footprint_filter_example.yaml\n'}
[239.511050] (laser_filters) StdoutLine: {'line': b'-- Symlinking: /home/wjs/cart_ros2/install/share/laser_filters/examples/intensity_filter_example.launch.py\n'}
[239.544797] (-) TimerEvent: {}
[239.550093] (laser_filters) StdoutLine: {'line': b'-- Symlinking: /home/wjs/cart_ros2/install/share/laser_filters/examples/intensity_filter_example.yaml\n'}
[239.589622] (laser_filters) StdoutLine: {'line': b'-- Symlinking: /home/wjs/cart_ros2/install/share/laser_filters/examples/mask_filter_example.launch.py\n'}
[239.633676] (laser_filters) StdoutLine: {'line': b'-- Symlinking: /home/wjs/cart_ros2/install/share/laser_filters/examples/mask_filter_example.yaml\n'}
[239.645046] (-) TimerEvent: {}
[239.673040] (laser_filters) StdoutLine: {'line': b'-- Symlinking: /home/wjs/cart_ros2/install/share/laser_filters/examples/median_filter_example.launch.py\n'}
[239.712207] (laser_filters) StdoutLine: {'line': b'-- Symlinking: /home/wjs/cart_ros2/install/share/laser_filters/examples/median_filter_example.yaml\n'}
[239.745367] (-) TimerEvent: {}
[239.750937] (laser_filters) StdoutLine: {'line': b'-- Symlinking: /home/wjs/cart_ros2/install/share/laser_filters/examples/multiple_filters_example.launch.py\n'}
[239.792900] (laser_filters) StdoutLine: {'line': b'-- Symlinking: /home/wjs/cart_ros2/install/share/laser_filters/examples/multiple_filters_example.yaml\n'}
[239.831790] (laser_filters) StdoutLine: {'line': b'-- Symlinking: /home/wjs/cart_ros2/install/share/laser_filters/examples/pass_through_example.launch.py\n'}
[239.845463] (-) TimerEvent: {}
[239.870999] (laser_filters) StdoutLine: {'line': b'-- Symlinking: /home/wjs/cart_ros2/install/share/laser_filters/examples/pass_through_example.yaml\n'}
[239.911467] (laser_filters) StdoutLine: {'line': b'-- Symlinking: /home/wjs/cart_ros2/install/share/laser_filters/examples/range_filter_example.launch.py\n'}
[239.945679] (-) TimerEvent: {}
[239.950169] (laser_filters) StdoutLine: {'line': b'-- Symlinking: /home/wjs/cart_ros2/install/share/laser_filters/examples/range_filter_example.yaml\n'}
[239.991101] (laser_filters) StdoutLine: {'line': b'-- Symlinking: /home/wjs/cart_ros2/install/share/laser_filters/examples/shadow_filter_example.launch.py\n'}
[240.030525] (laser_filters) StdoutLine: {'line': b'-- Symlinking: /home/wjs/cart_ros2/install/share/laser_filters/examples/shadow_filter_example.yaml\n'}
[240.045919] (-) TimerEvent: {}
[240.068810] (laser_filters) StdoutLine: {'line': b'-- Symlinking: /home/wjs/cart_ros2/install/share/laser_filters/examples/speckle_filter_example.launch\n'}
[240.110735] (laser_filters) StdoutLine: {'line': b'-- Symlinking: /home/wjs/cart_ros2/install/share/laser_filters/examples/speckle_filter_example.yaml\n'}
[240.146124] (-) TimerEvent: {}
[240.150213] (laser_filters) StdoutLine: {'line': b'-- Symlinking: /home/wjs/cart_ros2/install/share/ament_index/resource_index/package_run_dependencies/laser_filters\n'}
[240.190349] (laser_filters) StdoutLine: {'line': b'-- Symlinking: /home/wjs/cart_ros2/install/share/ament_index/resource_index/parent_prefix_path/laser_filters\n'}
[240.229777] (laser_filters) StdoutLine: {'line': b'-- Symlinking: /home/wjs/cart_ros2/install/share/laser_filters/environment/ament_prefix_path.sh\n'}
[240.246242] (-) TimerEvent: {}
[240.268904] (laser_filters) StdoutLine: {'line': b'-- Symlinking: /home/wjs/cart_ros2/install/share/laser_filters/environment/ament_prefix_path.dsv\n'}
[240.310844] (laser_filters) StdoutLine: {'line': b'-- Symlinking: /home/wjs/cart_ros2/install/share/laser_filters/environment/path.sh\n'}
[240.346428] (-) TimerEvent: {}
[240.349930] (laser_filters) StdoutLine: {'line': b'-- Symlinking: /home/wjs/cart_ros2/install/share/laser_filters/environment/path.dsv\n'}
[240.389404] (laser_filters) StdoutLine: {'line': b'-- Symlinking: /home/wjs/cart_ros2/install/share/laser_filters/local_setup.bash\n'}
[240.428028] (laser_filters) StdoutLine: {'line': b'-- Symlinking: /home/wjs/cart_ros2/install/share/laser_filters/local_setup.sh\n'}
[240.446575] (-) TimerEvent: {}
[240.466573] (laser_filters) StdoutLine: {'line': b'-- Symlinking: /home/wjs/cart_ros2/install/share/laser_filters/local_setup.zsh\n'}
[240.506958] (laser_filters) StdoutLine: {'line': b'-- Symlinking: /home/wjs/cart_ros2/install/share/laser_filters/local_setup.dsv\n'}
[240.546190] (laser_filters) StdoutLine: {'line': b'-- Symlinking: /home/wjs/cart_ros2/install/share/laser_filters/package.dsv\n'}
[240.546811] (-) TimerEvent: {}
[240.588501] (laser_filters) StdoutLine: {'line': b'-- Symlinking: /home/wjs/cart_ros2/install/share/ament_index/resource_index/packages/laser_filters\n'}
[240.628214] (laser_filters) StdoutLine: {'line': b'-- Symlinking: /home/wjs/cart_ros2/install/share/ament_index/resource_index/filters__pluginlib__plugin/laser_filters\n'}
[240.647000] (-) TimerEvent: {}
[240.667726] (laser_filters) StdoutLine: {'line': b'-- Symlinking: /home/wjs/cart_ros2/install/share/laser_filters/cmake/ament_cmake_export_dependencies-extras.cmake\n'}
[240.707271] (laser_filters) StdoutLine: {'line': b'-- Symlinking: /home/wjs/cart_ros2/install/share/laser_filters/cmake/ament_cmake_export_include_directories-extras.cmake\n'}
[240.746337] (laser_filters) StdoutLine: {'line': b'-- Symlinking: /home/wjs/cart_ros2/install/share/laser_filters/cmake/ament_cmake_export_libraries-extras.cmake\n'}
[240.747126] (-) TimerEvent: {}
[240.785578] (laser_filters) StdoutLine: {'line': b'-- Symlinking: /home/wjs/cart_ros2/install/share/laser_filters/cmake/laser_filtersConfig.cmake\n'}
[240.823847] (laser_filters) StdoutLine: {'line': b'-- Symlinking: /home/wjs/cart_ros2/install/share/laser_filters/cmake/laser_filtersConfig-version.cmake\n'}
[240.847278] (-) TimerEvent: {}
[240.864447] (laser_filters) StdoutLine: {'line': b'-- Symlinking: /home/wjs/cart_ros2/install/share/laser_filters/package.xml\n'}
[240.904896] (laser_filters) StdoutLine: {'line': b'-- Symlinking: /home/wjs/cart_ros2/install/share/laser_filters/config_filter/angle_filter_F.yaml\n'}
[240.942474] (laser_filters) StdoutLine: {'line': b'-- Symlinking: /home/wjs/cart_ros2/install/share/laser_filters/config_filter/angle_filter_R.yaml\n'}
[240.947440] (-) TimerEvent: {}
[240.989558] (laser_filters) CommandEnded: {'returncode': 0}
[241.047627] (-) TimerEvent: {}
[241.088921] (laser_filters) JobEnded: {'identifier': 'laser_filters', 'rc': 0}
[241.094196] (-) EventReactorShutdown: {}
