[0.000000] (-) TimerEvent: {}
[0.000793] (agv_body) JobQueued: {'identifier': 'agv_body', 'dependencies': OrderedDict()}
[0.001289] (agv_mapping) JobQueued: {'identifier': 'agv_mapping', 'dependencies': OrderedDict()}
[0.002486] (arduino_ros2) JobQueued: {'identifier': 'arduino_ros2', 'dependencies': OrderedDict()}
[0.003000] (differential_drive) JobQueued: {'identifier': 'differential_drive', 'dependencies': OrderedDict()}
[0.003472] (ira_laser_tools) JobQueued: {'identifier': 'ira_laser_tools', 'dependencies': OrderedDict()}
[0.003682] (laser_filters) JobQueued: {'identifier': 'laser_filters', 'dependencies': OrderedDict()}
[0.003970] (roboteq_interfaces) JobQueued: {'identifier': 'roboteq_interfaces', 'dependencies': OrderedDict()}
[0.004165] (serial) JobQueued: {'identifier': 'serial', 'dependencies': OrderedDict()}
[0.004282] (sllidar_ros2) JobQueued: {'identifier': 'sllidar_ros2', 'dependencies': OrderedDict()}
[0.004426] (stella_ahrs) JobQueued: {'identifier': 'stella_ahrs', 'dependencies': OrderedDict()}
[0.004643] (roboteq_controller) JobQueued: {'identifier': 'roboteq_controller', 'dependencies': OrderedDict([('roboteq_interfaces', '/home/wjs/cart_ros2/install'), ('serial', '/home/wjs/cart_ros2/install')])}
[0.004820] (roboteq_interfaces) JobStarted: {'identifier': 'roboteq_interfaces'}
[0.043037] (serial) JobStarted: {'identifier': 'serial'}
[0.086956] (agv_body) JobStarted: {'identifier': 'agv_body'}
[0.099225] (-) TimerEvent: {}
[0.143458] (agv_mapping) JobStarted: {'identifier': 'agv_mapping'}
[0.193730] (roboteq_interfaces) JobProgress: {'identifier': 'roboteq_interfaces', 'progress': 'cmake'}
[0.197472] (roboteq_interfaces) JobProgress: {'identifier': 'roboteq_interfaces', 'progress': 'build'}
[0.201195] (roboteq_interfaces) Command: {'cmd': ['/usr/bin/cmake', '--build', '/home/wjs/cart_ros2/build/roboteq_interfaces', '--', '-j4', '-l4'], 'cwd': '/home/wjs/cart_ros2/build/roboteq_interfaces', 'env': OrderedDict([('LESSOPEN', '| /usr/bin/lesspipe %s'), ('USER', 'wjs'), ('SSH_AGENT_PID', '4037'), ('XDG_SESSION_TYPE', 'x11'), ('PIP_CACHE_DIR', '/mnt/sdcard/.cache/pip'), ('XDG_CACHE_HOME', '/mnt/sdcard/.cache'), ('SHLVL', '1'), ('LD_LIBRARY_PATH', '/opt/opencv-4.5.5-cuda/lib:/home/wjs/cart_ros2/install/lib:/home/wjs/tb3_tpl_ws/install/lib:/opt/ros/galactic/opt/yaml_cpp_vendor/lib:/opt/ros/galactic/opt/rviz_ogre_vendor/lib:/opt/ros/galactic/lib/aarch64-linux-gnu:/opt/ros/galactic/lib:/usr/local/cuda-11.4/lib64:'), ('HOME', '/home/wjs'), ('CYCLONEDDS_URI', 'file:///home/wjs/cyclonedds_lo.xml'), ('OLDPWD', '/home/wjs'), ('DESKTOP_SESSION', 'ubuntu'), ('JETSON_L4T', '35.6.3'), ('ROS_PYTHON_VERSION', '3'), ('GNOME_SHELL_SESSION_MODE', 'ubuntu'), ('GTK_MODULES', 'gail:atk-bridge'), ('JETSON_MODEL', 'Jetson-AGX'), ('MANAGERPID', '3935'), ('DBUS_SESSION_BUS_ADDRESS', 'unix:path=/run/user/1000/bus'), ('COLORTERM', 'truecolor'), ('TERMINATOR_DBUS_NAME', 'net.tenshu.Terminator23558193cd9818af7fe4d2c2f5bd9d00f'), ('GIO_LAUNCHED_DESKTOP_FILE_PID', '7597'), ('IM_CONFIG_PHASE', '1'), ('TMPDIR', '/mnt/sdcard/tmp'), ('COLCON_PREFIX_PATH', '/home/wjs/cart_ros2/install:/home/wjs/tb3_tpl_ws/install'), ('TORCH_HOME', '/mnt/sdcard/.cache/torch'), ('ROS_DISTRO', 'galactic'), ('LOGNAME', 'wjs'), ('JETSON_MODULE', 'NVIDIA Jetson AGX Xavier (32 GB ram)'), ('JETSON_SERIAL_NUMBER', '1423420009543'), ('JOURNAL_STREAM', '8:75272'), ('_', '/usr/bin/colcon'), ('ROS_VERSION', '2'), ('JETSON_CODENAME', 'Galen'), ('XDG_SESSION_CLASS', 'user'), ('USERNAME', 'wjs'), ('TERM', 'xterm-256color'), ('GNOME_DESKTOP_SESSION_ID', 'this-is-deprecated'), ('ROS_LOCALHOST_ONLY', '1'), ('WINDOWPATH', '2'), ('PATH', '/opt/ros/galactic/bin:/usr/local/cuda-11.4/bin:/home/wjs/.local/bin:/usr/local/sbin:/usr/local/bin:/usr/sbin:/usr/bin:/sbin:/bin:/usr/games:/usr/local/games:/snap/bin'), ('SESSION_MANAGER', 'local/ubuntu:@/tmp/.ICE-unix/4072,unix/ubuntu:/tmp/.ICE-unix/4072'), ('INVOCATION_ID', '579b0bc7d2444c1facacc62736e29ce4'), ('XDG_MENU_PREFIX', 'gnome-'), ('XDG_RUNTIME_DIR', '/run/user/1000'), ('DISPLAY', ':1'), ('TERMINATOR_DBUS_PATH', '/net/tenshu/Terminator2'), ('LANG', 'en_US.UTF-8'), ('XDG_CURRENT_DESKTOP', 'ubuntu:GNOME'), ('RMW_IMPLEMENTATION', 'rmw_cyclonedds_cpp'), ('XMODIFIERS', '@im=ibus'), ('XDG_SESSION_DESKTOP', 'ubuntu'), ('XAUTHORITY', '/run/user/1000/gdm/Xauthority'), ('LS_COLORS', 'rs=0:di=01;34:ln=01;36:mh=00:pi=40;33:so=01;35:do=01;35:bd=40;33;01:cd=40;33;01:or=40;31;01:mi=00:su=37;41:sg=30;43:ca=30;41:tw=30;42:ow=34;42:st=37;44:ex=01;32:*.tar=01;31:*.tgz=01;31:*.arc=01;31:*.arj=01;31:*.taz=01;31:*.lha=01;31:*.lz4=01;31:*.lzh=01;31:*.lzma=01;31:*.tlz=01;31:*.txz=01;31:*.tzo=01;31:*.t7z=01;31:*.zip=01;31:*.z=01;31:*.dz=01;31:*.gz=01;31:*.lrz=01;31:*.lz=01;31:*.lzo=01;31:*.xz=01;31:*.zst=01;31:*.tzst=01;31:*.bz2=01;31:*.bz=01;31:*.tbz=01;31:*.tbz2=01;31:*.tz=01;31:*.deb=01;31:*.rpm=01;31:*.jar=01;31:*.war=01;31:*.ear=01;31:*.sar=01;31:*.rar=01;31:*.alz=01;31:*.ace=01;31:*.zoo=01;31:*.cpio=01;31:*.7z=01;31:*.rz=01;31:*.cab=01;31:*.wim=01;31:*.swm=01;31:*.dwm=01;31:*.esd=01;31:*.jpg=01;35:*.jpeg=01;35:*.mjpg=01;35:*.mjpeg=01;35:*.gif=01;35:*.bmp=01;35:*.pbm=01;35:*.pgm=01;35:*.ppm=01;35:*.tga=01;35:*.xbm=01;35:*.xpm=01;35:*.tif=01;35:*.tiff=01;35:*.png=01;35:*.svg=01;35:*.svgz=01;35:*.mng=01;35:*.pcx=01;35:*.mov=01;35:*.mpg=01;35:*.mpeg=01;35:*.m2v=01;35:*.mkv=01;35:*.webm=01;35:*.ogm=01;35:*.mp4=01;35:*.m4v=01;35:*.mp4v=01;35:*.vob=01;35:*.qt=01;35:*.nuv=01;35:*.wmv=01;35:*.asf=01;35:*.rm=01;35:*.rmvb=01;35:*.flc=01;35:*.avi=01;35:*.fli=01;35:*.flv=01;35:*.gl=01;35:*.dl=01;35:*.xcf=01;35:*.xwd=01;35:*.yuv=01;35:*.cgm=01;35:*.emf=01;35:*.ogv=01;35:*.ogx=01;35:*.aac=00;36:*.au=00;36:*.flac=00;36:*.m4a=00;36:*.mid=00;36:*.midi=00;36:*.mka=00;36:*.mp3=00;36:*.mpc=00;36:*.ogg=00;36:*.ra=00;36:*.wav=00;36:*.oga=00;36:*.opus=00;36:*.spx=00;36:*.xspf=00;36:'), ('JETSON_SOC', 'tegra194'), ('SSH_AUTH_SOCK', '/run/user/1000/keyring/ssh'), ('ROS_DOMAIN_ID', '35'), ('AMENT_PREFIX_PATH', '/home/wjs/cart_ros2/install:/home/wjs/tb3_tpl_ws/install:/opt/ros/galactic'), ('SHELL', '/bin/bash'), ('TERMINATOR_UUID', 'urn:uuid:479ed337-4a64-46eb-b813-77ac35b7f442'), ('QT_ACCESSIBILITY', '1'), ('GDMSESSION', 'ubuntu'), ('LESSCLOSE', '/usr/bin/lesspipe %s %s'), ('GPG_AGENT_INFO', '/run/user/1000/gnupg/S.gpg-agent:0:1'), ('QT_IM_MODULE', 'ibus'), ('JETSON_CUDA_ARCH_BIN', '7.2'), ('PWD', '/home/wjs/cart_ros2/build/roboteq_interfaces'), ('XDG_CONFIG_DIRS', '/etc/xdg/xdg-ubuntu:/etc/xdg'), ('XDG_DATA_DIRS', '/usr/share/ubuntu:/usr/local/share/:/usr/share/:/var/lib/snapd/desktop'), ('PYTHONPATH', '/opt/opencv-4.5.5-cuda/lib/python3.8/site-packages:/home/wjs/cart_ros2/build/differential_drive/src:/home/wjs/cart_ros2/build/arduino_ros2:/home/wjs/cart_ros2/build/agv_body:/home/wjs/cart_ros2/install/lib/python3.8/site-packages:/home/wjs/tb3_tpl_ws/build/turtlebot3_teleop:/home/wjs/tb3_tpl_ws/install/lib/python3.8/site-packages:/opt/ros/galactic/lib/python3.8/site-packages'), ('COLCON', '1'), ('VTE_VERSION', '6003'), ('JETSON_JETPACK', '5.1.7'), ('CMAKE_PREFIX_PATH', '/home/wjs/cart_ros2/install:/home/wjs/tb3_tpl_ws/install:/opt/ros/galactic'), ('JETSON_P_NUMBER', 'p2888-0004')]), 'shell': False}
[0.207557] (-) TimerEvent: {}
[0.229078] (serial) JobProgress: {'identifier': 'serial', 'progress': 'cmake'}
[0.233284] (serial) JobProgress: {'identifier': 'serial', 'progress': 'build'}
[0.234341] (serial) Command: {'cmd': ['/usr/bin/cmake', '--build', '/home/wjs/cart_ros2/build/serial', '--', '-j4', '-l4'], 'cwd': '/home/wjs/cart_ros2/build/serial', 'env': OrderedDict([('LESSOPEN', '| /usr/bin/lesspipe %s'), ('USER', 'wjs'), ('SSH_AGENT_PID', '4037'), ('XDG_SESSION_TYPE', 'x11'), ('PIP_CACHE_DIR', '/mnt/sdcard/.cache/pip'), ('XDG_CACHE_HOME', '/mnt/sdcard/.cache'), ('SHLVL', '1'), ('LD_LIBRARY_PATH', '/opt/opencv-4.5.5-cuda/lib:/home/wjs/cart_ros2/install/lib:/home/wjs/tb3_tpl_ws/install/lib:/opt/ros/galactic/opt/yaml_cpp_vendor/lib:/opt/ros/galactic/opt/rviz_ogre_vendor/lib:/opt/ros/galactic/lib/aarch64-linux-gnu:/opt/ros/galactic/lib:/usr/local/cuda-11.4/lib64:'), ('HOME', '/home/wjs'), ('CYCLONEDDS_URI', 'file:///home/wjs/cyclonedds_lo.xml'), ('OLDPWD', '/home/wjs'), ('DESKTOP_SESSION', 'ubuntu'), ('JETSON_L4T', '35.6.3'), ('ROS_PYTHON_VERSION', '3'), ('GNOME_SHELL_SESSION_MODE', 'ubuntu'), ('GTK_MODULES', 'gail:atk-bridge'), ('JETSON_MODEL', 'Jetson-AGX'), ('MANAGERPID', '3935'), ('DBUS_SESSION_BUS_ADDRESS', 'unix:path=/run/user/1000/bus'), ('COLORTERM', 'truecolor'), ('TERMINATOR_DBUS_NAME', 'net.tenshu.Terminator23558193cd9818af7fe4d2c2f5bd9d00f'), ('GIO_LAUNCHED_DESKTOP_FILE_PID', '7597'), ('IM_CONFIG_PHASE', '1'), ('TMPDIR', '/mnt/sdcard/tmp'), ('COLCON_PREFIX_PATH', '/home/wjs/cart_ros2/install:/home/wjs/tb3_tpl_ws/install'), ('TORCH_HOME', '/mnt/sdcard/.cache/torch'), ('ROS_DISTRO', 'galactic'), ('LOGNAME', 'wjs'), ('JETSON_MODULE', 'NVIDIA Jetson AGX Xavier (32 GB ram)'), ('JETSON_SERIAL_NUMBER', '1423420009543'), ('JOURNAL_STREAM', '8:75272'), ('_', '/usr/bin/colcon'), ('ROS_VERSION', '2'), ('JETSON_CODENAME', 'Galen'), ('XDG_SESSION_CLASS', 'user'), ('USERNAME', 'wjs'), ('TERM', 'xterm-256color'), ('GNOME_DESKTOP_SESSION_ID', 'this-is-deprecated'), ('ROS_LOCALHOST_ONLY', '1'), ('WINDOWPATH', '2'), ('PATH', '/opt/ros/galactic/bin:/usr/local/cuda-11.4/bin:/home/wjs/.local/bin:/usr/local/sbin:/usr/local/bin:/usr/sbin:/usr/bin:/sbin:/bin:/usr/games:/usr/local/games:/snap/bin'), ('SESSION_MANAGER', 'local/ubuntu:@/tmp/.ICE-unix/4072,unix/ubuntu:/tmp/.ICE-unix/4072'), ('INVOCATION_ID', '579b0bc7d2444c1facacc62736e29ce4'), ('XDG_MENU_PREFIX', 'gnome-'), ('XDG_RUNTIME_DIR', '/run/user/1000'), ('DISPLAY', ':1'), ('TERMINATOR_DBUS_PATH', '/net/tenshu/Terminator2'), ('LANG', 'en_US.UTF-8'), ('XDG_CURRENT_DESKTOP', 'ubuntu:GNOME'), ('RMW_IMPLEMENTATION', 'rmw_cyclonedds_cpp'), ('XMODIFIERS', '@im=ibus'), ('XDG_SESSION_DESKTOP', 'ubuntu'), ('XAUTHORITY', '/run/user/1000/gdm/Xauthority'), ('LS_COLORS', 'rs=0:di=01;34:ln=01;36:mh=00:pi=40;33:so=01;35:do=01;35:bd=40;33;01:cd=40;33;01:or=40;31;01:mi=00:su=37;41:sg=30;43:ca=30;41:tw=30;42:ow=34;42:st=37;44:ex=01;32:*.tar=01;31:*.tgz=01;31:*.arc=01;31:*.arj=01;31:*.taz=01;31:*.lha=01;31:*.lz4=01;31:*.lzh=01;31:*.lzma=01;31:*.tlz=01;31:*.txz=01;31:*.tzo=01;31:*.t7z=01;31:*.zip=01;31:*.z=01;31:*.dz=01;31:*.gz=01;31:*.lrz=01;31:*.lz=01;31:*.lzo=01;31:*.xz=01;31:*.zst=01;31:*.tzst=01;31:*.bz2=01;31:*.bz=01;31:*.tbz=01;31:*.tbz2=01;31:*.tz=01;31:*.deb=01;31:*.rpm=01;31:*.jar=01;31:*.war=01;31:*.ear=01;31:*.sar=01;31:*.rar=01;31:*.alz=01;31:*.ace=01;31:*.zoo=01;31:*.cpio=01;31:*.7z=01;31:*.rz=01;31:*.cab=01;31:*.wim=01;31:*.swm=01;31:*.dwm=01;31:*.esd=01;31:*.jpg=01;35:*.jpeg=01;35:*.mjpg=01;35:*.mjpeg=01;35:*.gif=01;35:*.bmp=01;35:*.pbm=01;35:*.pgm=01;35:*.ppm=01;35:*.tga=01;35:*.xbm=01;35:*.xpm=01;35:*.tif=01;35:*.tiff=01;35:*.png=01;35:*.svg=01;35:*.svgz=01;35:*.mng=01;35:*.pcx=01;35:*.mov=01;35:*.mpg=01;35:*.mpeg=01;35:*.m2v=01;35:*.mkv=01;35:*.webm=01;35:*.ogm=01;35:*.mp4=01;35:*.m4v=01;35:*.mp4v=01;35:*.vob=01;35:*.qt=01;35:*.nuv=01;35:*.wmv=01;35:*.asf=01;35:*.rm=01;35:*.rmvb=01;35:*.flc=01;35:*.avi=01;35:*.fli=01;35:*.flv=01;35:*.gl=01;35:*.dl=01;35:*.xcf=01;35:*.xwd=01;35:*.yuv=01;35:*.cgm=01;35:*.emf=01;35:*.ogv=01;35:*.ogx=01;35:*.aac=00;36:*.au=00;36:*.flac=00;36:*.m4a=00;36:*.mid=00;36:*.midi=00;36:*.mka=00;36:*.mp3=00;36:*.mpc=00;36:*.ogg=00;36:*.ra=00;36:*.wav=00;36:*.oga=00;36:*.opus=00;36:*.spx=00;36:*.xspf=00;36:'), ('JETSON_SOC', 'tegra194'), ('SSH_AUTH_SOCK', '/run/user/1000/keyring/ssh'), ('ROS_DOMAIN_ID', '35'), ('AMENT_PREFIX_PATH', '/home/wjs/cart_ros2/install:/home/wjs/tb3_tpl_ws/install:/opt/ros/galactic'), ('SHELL', '/bin/bash'), ('TERMINATOR_UUID', 'urn:uuid:479ed337-4a64-46eb-b813-77ac35b7f442'), ('QT_ACCESSIBILITY', '1'), ('GDMSESSION', 'ubuntu'), ('LESSCLOSE', '/usr/bin/lesspipe %s %s'), ('GPG_AGENT_INFO', '/run/user/1000/gnupg/S.gpg-agent:0:1'), ('QT_IM_MODULE', 'ibus'), ('JETSON_CUDA_ARCH_BIN', '7.2'), ('PWD', '/home/wjs/cart_ros2/build/serial'), ('XDG_CONFIG_DIRS', '/etc/xdg/xdg-ubuntu:/etc/xdg'), ('XDG_DATA_DIRS', '/usr/share/ubuntu:/usr/local/share/:/usr/share/:/var/lib/snapd/desktop'), ('PYTHONPATH', '/opt/opencv-4.5.5-cuda/lib/python3.8/site-packages:/home/wjs/cart_ros2/build/differential_drive/src:/home/wjs/cart_ros2/build/arduino_ros2:/home/wjs/cart_ros2/build/agv_body:/home/wjs/cart_ros2/install/lib/python3.8/site-packages:/home/wjs/tb3_tpl_ws/build/turtlebot3_teleop:/home/wjs/tb3_tpl_ws/install/lib/python3.8/site-packages:/opt/ros/galactic/lib/python3.8/site-packages'), ('COLCON', '1'), ('VTE_VERSION', '6003'), ('JETSON_JETPACK', '5.1.7'), ('CMAKE_PREFIX_PATH', '/home/wjs/cart_ros2/install:/home/wjs/tb3_tpl_ws/install:/opt/ros/galactic'), ('JETSON_P_NUMBER', 'p2888-0004')]), 'shell': False}
[0.308568] (-) TimerEvent: {}
[0.410660] (-) TimerEvent: {}
[0.511782] (-) TimerEvent: {}
[0.612704] (-) TimerEvent: {}
[0.713653] (-) TimerEvent: {}
[0.814657] (-) TimerEvent: {}
[0.915653] (-) TimerEvent: {}
[1.016586] (-) TimerEvent: {}
[1.117652] (-) TimerEvent: {}
[1.218704] (-) TimerEvent: {}
[1.320043] (-) TimerEvent: {}
[1.367578] (agv_mapping) JobProgress: {'identifier': 'agv_mapping', 'progress': 'cmake'}
[1.370713] (agv_mapping) JobProgress: {'identifier': 'agv_mapping', 'progress': 'build'}
[1.371872] (agv_mapping) Command: {'cmd': ['/usr/bin/cmake', '--build', '/home/wjs/cart_ros2/build/agv_mapping', '--', '-j4', '-l4'], 'cwd': '/home/wjs/cart_ros2/build/agv_mapping', 'env': OrderedDict([('LESSOPEN', '| /usr/bin/lesspipe %s'), ('USER', 'wjs'), ('SSH_AGENT_PID', '4037'), ('XDG_SESSION_TYPE', 'x11'), ('PIP_CACHE_DIR', '/mnt/sdcard/.cache/pip'), ('XDG_CACHE_HOME', '/mnt/sdcard/.cache'), ('SHLVL', '1'), ('LD_LIBRARY_PATH', '/opt/opencv-4.5.5-cuda/lib:/home/wjs/cart_ros2/install/lib:/home/wjs/tb3_tpl_ws/install/lib:/opt/ros/galactic/opt/yaml_cpp_vendor/lib:/opt/ros/galactic/opt/rviz_ogre_vendor/lib:/opt/ros/galactic/lib/aarch64-linux-gnu:/opt/ros/galactic/lib:/usr/local/cuda-11.4/lib64:'), ('HOME', '/home/wjs'), ('CYCLONEDDS_URI', 'file:///home/wjs/cyclonedds_lo.xml'), ('OLDPWD', '/home/wjs'), ('DESKTOP_SESSION', 'ubuntu'), ('JETSON_L4T', '35.6.3'), ('ROS_PYTHON_VERSION', '3'), ('GNOME_SHELL_SESSION_MODE', 'ubuntu'), ('GTK_MODULES', 'gail:atk-bridge'), ('JETSON_MODEL', 'Jetson-AGX'), ('MANAGERPID', '3935'), ('DBUS_SESSION_BUS_ADDRESS', 'unix:path=/run/user/1000/bus'), ('COLORTERM', 'truecolor'), ('TERMINATOR_DBUS_NAME', 'net.tenshu.Terminator23558193cd9818af7fe4d2c2f5bd9d00f'), ('GIO_LAUNCHED_DESKTOP_FILE_PID', '7597'), ('IM_CONFIG_PHASE', '1'), ('TMPDIR', '/mnt/sdcard/tmp'), ('COLCON_PREFIX_PATH', '/home/wjs/cart_ros2/install:/home/wjs/tb3_tpl_ws/install'), ('TORCH_HOME', '/mnt/sdcard/.cache/torch'), ('ROS_DISTRO', 'galactic'), ('LOGNAME', 'wjs'), ('JETSON_MODULE', 'NVIDIA Jetson AGX Xavier (32 GB ram)'), ('JETSON_SERIAL_NUMBER', '1423420009543'), ('JOURNAL_STREAM', '8:75272'), ('_', '/usr/bin/colcon'), ('ROS_VERSION', '2'), ('JETSON_CODENAME', 'Galen'), ('XDG_SESSION_CLASS', 'user'), ('USERNAME', 'wjs'), ('TERM', 'xterm-256color'), ('GNOME_DESKTOP_SESSION_ID', 'this-is-deprecated'), ('ROS_LOCALHOST_ONLY', '1'), ('WINDOWPATH', '2'), ('PATH', '/opt/ros/galactic/bin:/usr/local/cuda-11.4/bin:/home/wjs/.local/bin:/usr/local/sbin:/usr/local/bin:/usr/sbin:/usr/bin:/sbin:/bin:/usr/games:/usr/local/games:/snap/bin'), ('SESSION_MANAGER', 'local/ubuntu:@/tmp/.ICE-unix/4072,unix/ubuntu:/tmp/.ICE-unix/4072'), ('INVOCATION_ID', '579b0bc7d2444c1facacc62736e29ce4'), ('XDG_MENU_PREFIX', 'gnome-'), ('XDG_RUNTIME_DIR', '/run/user/1000'), ('DISPLAY', ':1'), ('TERMINATOR_DBUS_PATH', '/net/tenshu/Terminator2'), ('LANG', 'en_US.UTF-8'), ('XDG_CURRENT_DESKTOP', 'ubuntu:GNOME'), ('RMW_IMPLEMENTATION', 'rmw_cyclonedds_cpp'), ('XMODIFIERS', '@im=ibus'), ('XDG_SESSION_DESKTOP', 'ubuntu'), ('XAUTHORITY', '/run/user/1000/gdm/Xauthority'), ('LS_COLORS', 'rs=0:di=01;34:ln=01;36:mh=00:pi=40;33:so=01;35:do=01;35:bd=40;33;01:cd=40;33;01:or=40;31;01:mi=00:su=37;41:sg=30;43:ca=30;41:tw=30;42:ow=34;42:st=37;44:ex=01;32:*.tar=01;31:*.tgz=01;31:*.arc=01;31:*.arj=01;31:*.taz=01;31:*.lha=01;31:*.lz4=01;31:*.lzh=01;31:*.lzma=01;31:*.tlz=01;31:*.txz=01;31:*.tzo=01;31:*.t7z=01;31:*.zip=01;31:*.z=01;31:*.dz=01;31:*.gz=01;31:*.lrz=01;31:*.lz=01;31:*.lzo=01;31:*.xz=01;31:*.zst=01;31:*.tzst=01;31:*.bz2=01;31:*.bz=01;31:*.tbz=01;31:*.tbz2=01;31:*.tz=01;31:*.deb=01;31:*.rpm=01;31:*.jar=01;31:*.war=01;31:*.ear=01;31:*.sar=01;31:*.rar=01;31:*.alz=01;31:*.ace=01;31:*.zoo=01;31:*.cpio=01;31:*.7z=01;31:*.rz=01;31:*.cab=01;31:*.wim=01;31:*.swm=01;31:*.dwm=01;31:*.esd=01;31:*.jpg=01;35:*.jpeg=01;35:*.mjpg=01;35:*.mjpeg=01;35:*.gif=01;35:*.bmp=01;35:*.pbm=01;35:*.pgm=01;35:*.ppm=01;35:*.tga=01;35:*.xbm=01;35:*.xpm=01;35:*.tif=01;35:*.tiff=01;35:*.png=01;35:*.svg=01;35:*.svgz=01;35:*.mng=01;35:*.pcx=01;35:*.mov=01;35:*.mpg=01;35:*.mpeg=01;35:*.m2v=01;35:*.mkv=01;35:*.webm=01;35:*.ogm=01;35:*.mp4=01;35:*.m4v=01;35:*.mp4v=01;35:*.vob=01;35:*.qt=01;35:*.nuv=01;35:*.wmv=01;35:*.asf=01;35:*.rm=01;35:*.rmvb=01;35:*.flc=01;35:*.avi=01;35:*.fli=01;35:*.flv=01;35:*.gl=01;35:*.dl=01;35:*.xcf=01;35:*.xwd=01;35:*.yuv=01;35:*.cgm=01;35:*.emf=01;35:*.ogv=01;35:*.ogx=01;35:*.aac=00;36:*.au=00;36:*.flac=00;36:*.m4a=00;36:*.mid=00;36:*.midi=00;36:*.mka=00;36:*.mp3=00;36:*.mpc=00;36:*.ogg=00;36:*.ra=00;36:*.wav=00;36:*.oga=00;36:*.opus=00;36:*.spx=00;36:*.xspf=00;36:'), ('JETSON_SOC', 'tegra194'), ('SSH_AUTH_SOCK', '/run/user/1000/keyring/ssh'), ('ROS_DOMAIN_ID', '35'), ('AMENT_PREFIX_PATH', '/home/wjs/cart_ros2/install:/home/wjs/tb3_tpl_ws/install:/opt/ros/galactic'), ('SHELL', '/bin/bash'), ('TERMINATOR_UUID', 'urn:uuid:479ed337-4a64-46eb-b813-77ac35b7f442'), ('QT_ACCESSIBILITY', '1'), ('GDMSESSION', 'ubuntu'), ('LESSCLOSE', '/usr/bin/lesspipe %s %s'), ('GPG_AGENT_INFO', '/run/user/1000/gnupg/S.gpg-agent:0:1'), ('QT_IM_MODULE', 'ibus'), ('JETSON_CUDA_ARCH_BIN', '7.2'), ('PWD', '/home/wjs/cart_ros2/build/agv_mapping'), ('XDG_CONFIG_DIRS', '/etc/xdg/xdg-ubuntu:/etc/xdg'), ('XDG_DATA_DIRS', '/usr/share/ubuntu:/usr/local/share/:/usr/share/:/var/lib/snapd/desktop'), ('PYTHONPATH', '/opt/opencv-4.5.5-cuda/lib/python3.8/site-packages:/home/wjs/cart_ros2/build/differential_drive/src:/home/wjs/cart_ros2/build/arduino_ros2:/home/wjs/cart_ros2/build/agv_body:/home/wjs/cart_ros2/install/lib/python3.8/site-packages:/home/wjs/tb3_tpl_ws/build/turtlebot3_teleop:/home/wjs/tb3_tpl_ws/install/lib/python3.8/site-packages:/opt/ros/galactic/lib/python3.8/site-packages'), ('COLCON', '1'), ('VTE_VERSION', '6003'), ('JETSON_JETPACK', '5.1.7'), ('CMAKE_PREFIX_PATH', '/home/wjs/cart_ros2/install:/home/wjs/tb3_tpl_ws/install:/opt/ros/galactic'), ('JETSON_P_NUMBER', 'p2888-0004')]), 'shell': False}
[1.396124] (serial) StdoutLine: {'line': b'[100%] Built target serial\n'}
[1.400059] (roboteq_interfaces) StdoutLine: {'line': b'[ 10%] Built target roboteq_interfaces__rosidl_generator_c\n'}
[1.401992] (roboteq_interfaces) StdoutLine: {'line': b'[ 12%] Built target roboteq_interfaces__cpp\n'}
[1.416875] (roboteq_interfaces) StdoutLine: {'line': b'[ 23%] Built target roboteq_interfaces__rosidl_typesupport_introspection_c\n'}
[1.418036] (roboteq_interfaces) StdoutLine: {'line': b'[ 34%] Built target roboteq_interfaces__rosidl_typesupport_fastrtps_cpp\n'}
[1.418423] (roboteq_interfaces) StdoutLine: {'line': b'[ 45%] Built target roboteq_interfaces__rosidl_typesupport_cpp\n'}
[1.418744] (roboteq_interfaces) StdoutLine: {'line': b'[ 56%] Built target roboteq_interfaces__rosidl_typesupport_fastrtps_c\n'}
[1.419152] (roboteq_interfaces) StdoutLine: {'line': b'[ 67%] Built target roboteq_interfaces__rosidl_typesupport_introspection_cpp\n'}
[1.419457] (roboteq_interfaces) StdoutLine: {'line': b'[ 78%] Built target roboteq_interfaces__rosidl_typesupport_c\n'}
[1.419738] (roboteq_interfaces) StdoutLine: {'line': b'[ 78%] Built target roboteq_interfaces\n'}
[1.420042] (-) TimerEvent: {}
[1.421552] (serial) CommandEnded: {'returncode': 0}
[1.424581] (serial) JobProgress: {'identifier': 'serial', 'progress': 'install'}
[1.464271] (serial) Command: {'cmd': ['/usr/bin/cmake', '--install', '/home/wjs/cart_ros2/build/serial'], 'cwd': '/home/wjs/cart_ros2/build/serial', 'env': OrderedDict([('LESSOPEN', '| /usr/bin/lesspipe %s'), ('USER', 'wjs'), ('SSH_AGENT_PID', '4037'), ('XDG_SESSION_TYPE', 'x11'), ('PIP_CACHE_DIR', '/mnt/sdcard/.cache/pip'), ('XDG_CACHE_HOME', '/mnt/sdcard/.cache'), ('SHLVL', '1'), ('LD_LIBRARY_PATH', '/opt/opencv-4.5.5-cuda/lib:/home/wjs/cart_ros2/install/lib:/home/wjs/tb3_tpl_ws/install/lib:/opt/ros/galactic/opt/yaml_cpp_vendor/lib:/opt/ros/galactic/opt/rviz_ogre_vendor/lib:/opt/ros/galactic/lib/aarch64-linux-gnu:/opt/ros/galactic/lib:/usr/local/cuda-11.4/lib64:'), ('HOME', '/home/wjs'), ('CYCLONEDDS_URI', 'file:///home/wjs/cyclonedds_lo.xml'), ('OLDPWD', '/home/wjs'), ('DESKTOP_SESSION', 'ubuntu'), ('JETSON_L4T', '35.6.3'), ('ROS_PYTHON_VERSION', '3'), ('GNOME_SHELL_SESSION_MODE', 'ubuntu'), ('GTK_MODULES', 'gail:atk-bridge'), ('JETSON_MODEL', 'Jetson-AGX'), ('MANAGERPID', '3935'), ('DBUS_SESSION_BUS_ADDRESS', 'unix:path=/run/user/1000/bus'), ('COLORTERM', 'truecolor'), ('TERMINATOR_DBUS_NAME', 'net.tenshu.Terminator23558193cd9818af7fe4d2c2f5bd9d00f'), ('GIO_LAUNCHED_DESKTOP_FILE_PID', '7597'), ('IM_CONFIG_PHASE', '1'), ('TMPDIR', '/mnt/sdcard/tmp'), ('COLCON_PREFIX_PATH', '/home/wjs/cart_ros2/install:/home/wjs/tb3_tpl_ws/install'), ('TORCH_HOME', '/mnt/sdcard/.cache/torch'), ('ROS_DISTRO', 'galactic'), ('LOGNAME', 'wjs'), ('JETSON_MODULE', 'NVIDIA Jetson AGX Xavier (32 GB ram)'), ('JETSON_SERIAL_NUMBER', '1423420009543'), ('JOURNAL_STREAM', '8:75272'), ('_', '/usr/bin/colcon'), ('ROS_VERSION', '2'), ('JETSON_CODENAME', 'Galen'), ('XDG_SESSION_CLASS', 'user'), ('USERNAME', 'wjs'), ('TERM', 'xterm-256color'), ('GNOME_DESKTOP_SESSION_ID', 'this-is-deprecated'), ('ROS_LOCALHOST_ONLY', '1'), ('WINDOWPATH', '2'), ('PATH', '/opt/ros/galactic/bin:/usr/local/cuda-11.4/bin:/home/wjs/.local/bin:/usr/local/sbin:/usr/local/bin:/usr/sbin:/usr/bin:/sbin:/bin:/usr/games:/usr/local/games:/snap/bin'), ('SESSION_MANAGER', 'local/ubuntu:@/tmp/.ICE-unix/4072,unix/ubuntu:/tmp/.ICE-unix/4072'), ('INVOCATION_ID', '579b0bc7d2444c1facacc62736e29ce4'), ('XDG_MENU_PREFIX', 'gnome-'), ('XDG_RUNTIME_DIR', '/run/user/1000'), ('DISPLAY', ':1'), ('TERMINATOR_DBUS_PATH', '/net/tenshu/Terminator2'), ('LANG', 'en_US.UTF-8'), ('XDG_CURRENT_DESKTOP', 'ubuntu:GNOME'), ('RMW_IMPLEMENTATION', 'rmw_cyclonedds_cpp'), ('XMODIFIERS', '@im=ibus'), ('XDG_SESSION_DESKTOP', 'ubuntu'), ('XAUTHORITY', '/run/user/1000/gdm/Xauthority'), ('LS_COLORS', 'rs=0:di=01;34:ln=01;36:mh=00:pi=40;33:so=01;35:do=01;35:bd=40;33;01:cd=40;33;01:or=40;31;01:mi=00:su=37;41:sg=30;43:ca=30;41:tw=30;42:ow=34;42:st=37;44:ex=01;32:*.tar=01;31:*.tgz=01;31:*.arc=01;31:*.arj=01;31:*.taz=01;31:*.lha=01;31:*.lz4=01;31:*.lzh=01;31:*.lzma=01;31:*.tlz=01;31:*.txz=01;31:*.tzo=01;31:*.t7z=01;31:*.zip=01;31:*.z=01;31:*.dz=01;31:*.gz=01;31:*.lrz=01;31:*.lz=01;31:*.lzo=01;31:*.xz=01;31:*.zst=01;31:*.tzst=01;31:*.bz2=01;31:*.bz=01;31:*.tbz=01;31:*.tbz2=01;31:*.tz=01;31:*.deb=01;31:*.rpm=01;31:*.jar=01;31:*.war=01;31:*.ear=01;31:*.sar=01;31:*.rar=01;31:*.alz=01;31:*.ace=01;31:*.zoo=01;31:*.cpio=01;31:*.7z=01;31:*.rz=01;31:*.cab=01;31:*.wim=01;31:*.swm=01;31:*.dwm=01;31:*.esd=01;31:*.jpg=01;35:*.jpeg=01;35:*.mjpg=01;35:*.mjpeg=01;35:*.gif=01;35:*.bmp=01;35:*.pbm=01;35:*.pgm=01;35:*.ppm=01;35:*.tga=01;35:*.xbm=01;35:*.xpm=01;35:*.tif=01;35:*.tiff=01;35:*.png=01;35:*.svg=01;35:*.svgz=01;35:*.mng=01;35:*.pcx=01;35:*.mov=01;35:*.mpg=01;35:*.mpeg=01;35:*.m2v=01;35:*.mkv=01;35:*.webm=01;35:*.ogm=01;35:*.mp4=01;35:*.m4v=01;35:*.mp4v=01;35:*.vob=01;35:*.qt=01;35:*.nuv=01;35:*.wmv=01;35:*.asf=01;35:*.rm=01;35:*.rmvb=01;35:*.flc=01;35:*.avi=01;35:*.fli=01;35:*.flv=01;35:*.gl=01;35:*.dl=01;35:*.xcf=01;35:*.xwd=01;35:*.yuv=01;35:*.cgm=01;35:*.emf=01;35:*.ogv=01;35:*.ogx=01;35:*.aac=00;36:*.au=00;36:*.flac=00;36:*.m4a=00;36:*.mid=00;36:*.midi=00;36:*.mka=00;36:*.mp3=00;36:*.mpc=00;36:*.ogg=00;36:*.ra=00;36:*.wav=00;36:*.oga=00;36:*.opus=00;36:*.spx=00;36:*.xspf=00;36:'), ('JETSON_SOC', 'tegra194'), ('SSH_AUTH_SOCK', '/run/user/1000/keyring/ssh'), ('ROS_DOMAIN_ID', '35'), ('AMENT_PREFIX_PATH', '/home/wjs/cart_ros2/install:/home/wjs/tb3_tpl_ws/install:/opt/ros/galactic'), ('SHELL', '/bin/bash'), ('TERMINATOR_UUID', 'urn:uuid:479ed337-4a64-46eb-b813-77ac35b7f442'), ('QT_ACCESSIBILITY', '1'), ('GDMSESSION', 'ubuntu'), ('LESSCLOSE', '/usr/bin/lesspipe %s %s'), ('GPG_AGENT_INFO', '/run/user/1000/gnupg/S.gpg-agent:0:1'), ('QT_IM_MODULE', 'ibus'), ('JETSON_CUDA_ARCH_BIN', '7.2'), ('PWD', '/home/wjs/cart_ros2/build/serial'), ('XDG_CONFIG_DIRS', '/etc/xdg/xdg-ubuntu:/etc/xdg'), ('XDG_DATA_DIRS', '/usr/share/ubuntu:/usr/local/share/:/usr/share/:/var/lib/snapd/desktop'), ('PYTHONPATH', '/opt/opencv-4.5.5-cuda/lib/python3.8/site-packages:/home/wjs/cart_ros2/build/differential_drive/src:/home/wjs/cart_ros2/build/arduino_ros2:/home/wjs/cart_ros2/build/agv_body:/home/wjs/cart_ros2/install/lib/python3.8/site-packages:/home/wjs/tb3_tpl_ws/build/turtlebot3_teleop:/home/wjs/tb3_tpl_ws/install/lib/python3.8/site-packages:/opt/ros/galactic/lib/python3.8/site-packages'), ('COLCON', '1'), ('VTE_VERSION', '6003'), ('JETSON_JETPACK', '5.1.7'), ('CMAKE_PREFIX_PATH', '/home/wjs/cart_ros2/install:/home/wjs/tb3_tpl_ws/install:/opt/ros/galactic'), ('JETSON_P_NUMBER', 'p2888-0004')]), 'shell': False}
[1.511131] (roboteq_interfaces) StdoutLine: {'line': b'[ 80%] Built target roboteq_interfaces__py\n'}
[1.516752] (serial) StdoutLine: {'line': b'-- Install configuration: ""\n'}
[1.520194] (serial) StdoutLine: {'line': b'-- Execute custom install script\n'}
[1.520744] (-) TimerEvent: {}
[1.524581] (serial) StdoutLine: {'line': b'-- Up-to-date symlink: /home/wjs/cart_ros2/install/share/serial/environment/library_path.sh\n'}
[1.528216] (serial) StdoutLine: {'line': b'-- Up-to-date symlink: /home/wjs/cart_ros2/install/share/serial/environment/library_path.dsv\n'}
[1.530744] (serial) StdoutLine: {'line': b'-- Up-to-date symlink: /home/wjs/cart_ros2/install/lib/libserial.a\n'}
[1.533014] (serial) StdoutLine: {'line': b'-- Up-to-date symlink: /home/wjs/cart_ros2/install/include/serial/serial.h\n'}
[1.534906] (serial) StdoutLine: {'line': b'-- Up-to-date symlink: /home/wjs/cart_ros2/install/include/serial/v8stdint.h\n'}
[1.537122] (serial) StdoutLine: {'line': b'-- Up-to-date symlink: /home/wjs/cart_ros2/install/share/ament_index/resource_index/package_run_dependencies/serial\n'}
[1.539930] (serial) StdoutLine: {'line': b'-- Up-to-date symlink: /home/wjs/cart_ros2/install/share/ament_index/resource_index/parent_prefix_path/serial\n'}
[1.542724] (serial) StdoutLine: {'line': b'-- Up-to-date symlink: /home/wjs/cart_ros2/install/share/serial/environment/ament_prefix_path.sh\n'}
[1.545033] (serial) StdoutLine: {'line': b'-- Up-to-date symlink: /home/wjs/cart_ros2/install/share/serial/environment/ament_prefix_path.dsv\n'}
[1.548405] (serial) StdoutLine: {'line': b'-- Up-to-date symlink: /home/wjs/cart_ros2/install/share/serial/environment/path.sh\n'}
[1.550628] (serial) StdoutLine: {'line': b'-- Up-to-date symlink: /home/wjs/cart_ros2/install/share/serial/environment/path.dsv\n'}
[1.552925] (serial) StdoutLine: {'line': b'-- Up-to-date symlink: /home/wjs/cart_ros2/install/share/serial/local_setup.bash\n'}
[1.555314] (serial) StdoutLine: {'line': b'-- Up-to-date symlink: /home/wjs/cart_ros2/install/share/serial/local_setup.sh\n'}
[1.557588] (serial) StdoutLine: {'line': b'-- Up-to-date symlink: /home/wjs/cart_ros2/install/share/serial/local_setup.zsh\n'}
[1.559852] (serial) StdoutLine: {'line': b'-- Up-to-date symlink: /home/wjs/cart_ros2/install/share/serial/local_setup.dsv\n'}
[1.561607] (serial) StdoutLine: {'line': b'-- Symlinking: /home/wjs/cart_ros2/install/share/serial/package.dsv\n'}
[1.600491] (agv_mapping) CommandEnded: {'returncode': 0}
[1.606643] (agv_mapping) JobProgress: {'identifier': 'agv_mapping', 'progress': 'install'}
[1.606985] (agv_mapping) Command: {'cmd': ['/usr/bin/cmake', '--install', '/home/wjs/cart_ros2/build/agv_mapping'], 'cwd': '/home/wjs/cart_ros2/build/agv_mapping', 'env': OrderedDict([('LESSOPEN', '| /usr/bin/lesspipe %s'), ('USER', 'wjs'), ('SSH_AGENT_PID', '4037'), ('XDG_SESSION_TYPE', 'x11'), ('PIP_CACHE_DIR', '/mnt/sdcard/.cache/pip'), ('XDG_CACHE_HOME', '/mnt/sdcard/.cache'), ('SHLVL', '1'), ('LD_LIBRARY_PATH', '/opt/opencv-4.5.5-cuda/lib:/home/wjs/cart_ros2/install/lib:/home/wjs/tb3_tpl_ws/install/lib:/opt/ros/galactic/opt/yaml_cpp_vendor/lib:/opt/ros/galactic/opt/rviz_ogre_vendor/lib:/opt/ros/galactic/lib/aarch64-linux-gnu:/opt/ros/galactic/lib:/usr/local/cuda-11.4/lib64:'), ('HOME', '/home/wjs'), ('CYCLONEDDS_URI', 'file:///home/wjs/cyclonedds_lo.xml'), ('OLDPWD', '/home/wjs'), ('DESKTOP_SESSION', 'ubuntu'), ('JETSON_L4T', '35.6.3'), ('ROS_PYTHON_VERSION', '3'), ('GNOME_SHELL_SESSION_MODE', 'ubuntu'), ('GTK_MODULES', 'gail:atk-bridge'), ('JETSON_MODEL', 'Jetson-AGX'), ('MANAGERPID', '3935'), ('DBUS_SESSION_BUS_ADDRESS', 'unix:path=/run/user/1000/bus'), ('COLORTERM', 'truecolor'), ('TERMINATOR_DBUS_NAME', 'net.tenshu.Terminator23558193cd9818af7fe4d2c2f5bd9d00f'), ('GIO_LAUNCHED_DESKTOP_FILE_PID', '7597'), ('IM_CONFIG_PHASE', '1'), ('TMPDIR', '/mnt/sdcard/tmp'), ('COLCON_PREFIX_PATH', '/home/wjs/cart_ros2/install:/home/wjs/tb3_tpl_ws/install'), ('TORCH_HOME', '/mnt/sdcard/.cache/torch'), ('ROS_DISTRO', 'galactic'), ('LOGNAME', 'wjs'), ('JETSON_MODULE', 'NVIDIA Jetson AGX Xavier (32 GB ram)'), ('JETSON_SERIAL_NUMBER', '1423420009543'), ('JOURNAL_STREAM', '8:75272'), ('_', '/usr/bin/colcon'), ('ROS_VERSION', '2'), ('JETSON_CODENAME', 'Galen'), ('XDG_SESSION_CLASS', 'user'), ('USERNAME', 'wjs'), ('TERM', 'xterm-256color'), ('GNOME_DESKTOP_SESSION_ID', 'this-is-deprecated'), ('ROS_LOCALHOST_ONLY', '1'), ('WINDOWPATH', '2'), ('PATH', '/opt/ros/galactic/bin:/usr/local/cuda-11.4/bin:/home/wjs/.local/bin:/usr/local/sbin:/usr/local/bin:/usr/sbin:/usr/bin:/sbin:/bin:/usr/games:/usr/local/games:/snap/bin'), ('SESSION_MANAGER', 'local/ubuntu:@/tmp/.ICE-unix/4072,unix/ubuntu:/tmp/.ICE-unix/4072'), ('INVOCATION_ID', '579b0bc7d2444c1facacc62736e29ce4'), ('XDG_MENU_PREFIX', 'gnome-'), ('XDG_RUNTIME_DIR', '/run/user/1000'), ('DISPLAY', ':1'), ('TERMINATOR_DBUS_PATH', '/net/tenshu/Terminator2'), ('LANG', 'en_US.UTF-8'), ('XDG_CURRENT_DESKTOP', 'ubuntu:GNOME'), ('RMW_IMPLEMENTATION', 'rmw_cyclonedds_cpp'), ('XMODIFIERS', '@im=ibus'), ('XDG_SESSION_DESKTOP', 'ubuntu'), ('XAUTHORITY', '/run/user/1000/gdm/Xauthority'), ('LS_COLORS', 'rs=0:di=01;34:ln=01;36:mh=00:pi=40;33:so=01;35:do=01;35:bd=40;33;01:cd=40;33;01:or=40;31;01:mi=00:su=37;41:sg=30;43:ca=30;41:tw=30;42:ow=34;42:st=37;44:ex=01;32:*.tar=01;31:*.tgz=01;31:*.arc=01;31:*.arj=01;31:*.taz=01;31:*.lha=01;31:*.lz4=01;31:*.lzh=01;31:*.lzma=01;31:*.tlz=01;31:*.txz=01;31:*.tzo=01;31:*.t7z=01;31:*.zip=01;31:*.z=01;31:*.dz=01;31:*.gz=01;31:*.lrz=01;31:*.lz=01;31:*.lzo=01;31:*.xz=01;31:*.zst=01;31:*.tzst=01;31:*.bz2=01;31:*.bz=01;31:*.tbz=01;31:*.tbz2=01;31:*.tz=01;31:*.deb=01;31:*.rpm=01;31:*.jar=01;31:*.war=01;31:*.ear=01;31:*.sar=01;31:*.rar=01;31:*.alz=01;31:*.ace=01;31:*.zoo=01;31:*.cpio=01;31:*.7z=01;31:*.rz=01;31:*.cab=01;31:*.wim=01;31:*.swm=01;31:*.dwm=01;31:*.esd=01;31:*.jpg=01;35:*.jpeg=01;35:*.mjpg=01;35:*.mjpeg=01;35:*.gif=01;35:*.bmp=01;35:*.pbm=01;35:*.pgm=01;35:*.ppm=01;35:*.tga=01;35:*.xbm=01;35:*.xpm=01;35:*.tif=01;35:*.tiff=01;35:*.png=01;35:*.svg=01;35:*.svgz=01;35:*.mng=01;35:*.pcx=01;35:*.mov=01;35:*.mpg=01;35:*.mpeg=01;35:*.m2v=01;35:*.mkv=01;35:*.webm=01;35:*.ogm=01;35:*.mp4=01;35:*.m4v=01;35:*.mp4v=01;35:*.vob=01;35:*.qt=01;35:*.nuv=01;35:*.wmv=01;35:*.asf=01;35:*.rm=01;35:*.rmvb=01;35:*.flc=01;35:*.avi=01;35:*.fli=01;35:*.flv=01;35:*.gl=01;35:*.dl=01;35:*.xcf=01;35:*.xwd=01;35:*.yuv=01;35:*.cgm=01;35:*.emf=01;35:*.ogv=01;35:*.ogx=01;35:*.aac=00;36:*.au=00;36:*.flac=00;36:*.m4a=00;36:*.mid=00;36:*.midi=00;36:*.mka=00;36:*.mp3=00;36:*.mpc=00;36:*.ogg=00;36:*.ra=00;36:*.wav=00;36:*.oga=00;36:*.opus=00;36:*.spx=00;36:*.xspf=00;36:'), ('JETSON_SOC', 'tegra194'), ('SSH_AUTH_SOCK', '/run/user/1000/keyring/ssh'), ('ROS_DOMAIN_ID', '35'), ('AMENT_PREFIX_PATH', '/home/wjs/cart_ros2/install:/home/wjs/tb3_tpl_ws/install:/opt/ros/galactic'), ('SHELL', '/bin/bash'), ('TERMINATOR_UUID', 'urn:uuid:479ed337-4a64-46eb-b813-77ac35b7f442'), ('QT_ACCESSIBILITY', '1'), ('GDMSESSION', 'ubuntu'), ('LESSCLOSE', '/usr/bin/lesspipe %s %s'), ('GPG_AGENT_INFO', '/run/user/1000/gnupg/S.gpg-agent:0:1'), ('QT_IM_MODULE', 'ibus'), ('JETSON_CUDA_ARCH_BIN', '7.2'), ('PWD', '/home/wjs/cart_ros2/build/agv_mapping'), ('XDG_CONFIG_DIRS', '/etc/xdg/xdg-ubuntu:/etc/xdg'), ('XDG_DATA_DIRS', '/usr/share/ubuntu:/usr/local/share/:/usr/share/:/var/lib/snapd/desktop'), ('PYTHONPATH', '/opt/opencv-4.5.5-cuda/lib/python3.8/site-packages:/home/wjs/cart_ros2/build/differential_drive/src:/home/wjs/cart_ros2/build/arduino_ros2:/home/wjs/cart_ros2/build/agv_body:/home/wjs/cart_ros2/install/lib/python3.8/site-packages:/home/wjs/tb3_tpl_ws/build/turtlebot3_teleop:/home/wjs/tb3_tpl_ws/install/lib/python3.8/site-packages:/opt/ros/galactic/lib/python3.8/site-packages'), ('COLCON', '1'), ('VTE_VERSION', '6003'), ('JETSON_JETPACK', '5.1.7'), ('CMAKE_PREFIX_PATH', '/home/wjs/cart_ros2/install:/home/wjs/tb3_tpl_ws/install:/opt/ros/galactic'), ('JETSON_P_NUMBER', 'p2888-0004')]), 'shell': False}
[1.617101] (serial) StdoutLine: {'line': b'-- Up-to-date symlink: /home/wjs/cart_ros2/install/share/ament_index/resource_index/packages/serial\n'}
[1.618065] (serial) StdoutLine: {'line': b'-- Up-to-date symlink: /home/wjs/cart_ros2/install/share/serial/cmake/ament_cmake_export_include_directories-extras.cmake\n'}
[1.619851] (serial) StdoutLine: {'line': b'-- Up-to-date symlink: /home/wjs/cart_ros2/install/share/serial/cmake/ament_cmake_export_libraries-extras.cmake\n'}
[1.620898] (-) TimerEvent: {}
[1.621948] (serial) StdoutLine: {'line': b'-- Up-to-date symlink: /home/wjs/cart_ros2/install/share/serial/cmake/serialConfig.cmake\n'}
[1.622532] (serial) StdoutLine: {'line': b'-- Up-to-date symlink: /home/wjs/cart_ros2/install/share/serial/cmake/serialConfig-version.cmake\n'}
[1.625655] (serial) StdoutLine: {'line': b'-- Up-to-date symlink: /home/wjs/cart_ros2/install/share/serial/package.xml\n'}
[1.636919] (serial) CommandEnded: {'returncode': 0}
[1.663202] (roboteq_interfaces) StdoutLine: {'line': b'[ 89%] Built target roboteq_interfaces__python\n'}
[1.667604] (agv_mapping) StdoutLine: {'line': b'-- Install configuration: ""\n'}
[1.669600] (agv_mapping) StdoutLine: {'line': b'-- Execute custom install script\n'}
[1.672426] (agv_mapping) StdoutLine: {'line': b'-- Up-to-date symlink: /home/wjs/cart_ros2/install/share/agv_mapping/launch/online_async_launch.py\n'}
[1.673055] (agv_mapping) StdoutLine: {'line': b'-- Up-to-date symlink: /home/wjs/cart_ros2/install/share/agv_mapping/launch/online_cartographer_launch.py\n'}
[1.675643] (agv_mapping) StdoutLine: {'line': b'-- Up-to-date symlink: /home/wjs/cart_ros2/install/share/agv_mapping/config/.ekf.yaml.swo\n'}
[1.676341] (agv_mapping) StdoutLine: {'line': b'-- Up-to-date symlink: /home/wjs/cart_ros2/install/share/agv_mapping/config/agv_cartographer_2d.lua\n'}
[1.678243] (agv_mapping) StdoutLine: {'line': b'-- Up-to-date symlink: /home/wjs/cart_ros2/install/share/agv_mapping/config/ekf.yaml\n'}
[1.678637] (agv_mapping) StdoutLine: {'line': b'-- Up-to-date symlink: /home/wjs/cart_ros2/install/share/agv_mapping/config/mapper_params_online_async.yaml\n'}
[1.679618] (agv_mapping) StdoutLine: {'line': b'-- Up-to-date symlink: /home/wjs/cart_ros2/install/share/ament_index/resource_index/package_run_dependencies/agv_mapping\n'}
[1.681237] (agv_mapping) StdoutLine: {'line': b'-- Up-to-date symlink: /home/wjs/cart_ros2/install/share/ament_index/resource_index/parent_prefix_path/agv_mapping\n'}
[1.684409] (agv_mapping) StdoutLine: {'line': b'-- Up-to-date symlink: /home/wjs/cart_ros2/install/share/agv_mapping/environment/ament_prefix_path.sh\n'}
[1.684784] (agv_mapping) StdoutLine: {'line': b'-- Up-to-date symlink: /home/wjs/cart_ros2/install/share/agv_mapping/environment/ament_prefix_path.dsv\n'}
[1.689931] (agv_mapping) StdoutLine: {'line': b'-- Up-to-date symlink: /home/wjs/cart_ros2/install/share/agv_mapping/environment/path.sh\n'}
[1.690434] (agv_mapping) StdoutLine: {'line': b'-- Up-to-date symlink: /home/wjs/cart_ros2/install/share/agv_mapping/environment/path.dsv\n'}
[1.692684] (agv_mapping) StdoutLine: {'line': b'-- Up-to-date symlink: /home/wjs/cart_ros2/install/share/agv_mapping/local_setup.bash\n'}
[1.694625] (agv_mapping) StdoutLine: {'line': b'-- Up-to-date symlink: /home/wjs/cart_ros2/install/share/agv_mapping/local_setup.sh\n'}
[1.700547] (agv_mapping) StdoutLine: {'line': b'-- Up-to-date symlink: /home/wjs/cart_ros2/install/share/agv_mapping/local_setup.zsh\n'}
[1.703882] (agv_mapping) StdoutLine: {'line': b'-- Up-to-date symlink: /home/wjs/cart_ros2/install/share/agv_mapping/local_setup.dsv\n'}
[1.704305] (agv_mapping) StdoutLine: {'line': b'-- Symlinking: /home/wjs/cart_ros2/install/share/agv_mapping/package.dsv\n'}
[1.721183] (-) TimerEvent: {}
[1.749166] (agv_mapping) StdoutLine: {'line': b'-- Up-to-date symlink: /home/wjs/cart_ros2/install/share/ament_index/resource_index/packages/agv_mapping\n'}
[1.749894] (agv_mapping) StdoutLine: {'line': b'-- Up-to-date symlink: /home/wjs/cart_ros2/install/share/agv_mapping/cmake/agv_mappingConfig.cmake\n'}
[1.753931] (agv_mapping) StdoutLine: {'line': b'-- Up-to-date symlink: /home/wjs/cart_ros2/install/share/agv_mapping/cmake/agv_mappingConfig-version.cmake\n'}
[1.754576] (agv_mapping) StdoutLine: {'line': b'-- Up-to-date symlink: /home/wjs/cart_ros2/install/share/agv_mapping/package.xml\n'}
[1.804231] (roboteq_interfaces) StdoutLine: {'line': b'[ 92%] Built target roboteq_interfaces__rosidl_typesupport_c__pyext\n'}
[1.807772] (serial) JobEnded: {'identifier': 'serial', 'rc': 0}
[1.813016] (arduino_ros2) JobStarted: {'identifier': 'arduino_ros2'}
[1.826938] (-) TimerEvent: {}
[1.880385] (agv_mapping) CommandEnded: {'returncode': 0}
[1.927312] (roboteq_interfaces) StdoutLine: {'line': b'[ 96%] Built target roboteq_interfaces__rosidl_typesupport_introspection_c__pyext\n'}
[1.929596] (-) TimerEvent: {}
[2.002930] (agv_mapping) JobEnded: {'identifier': 'agv_mapping', 'rc': 0}
[2.010057] (differential_drive) JobStarted: {'identifier': 'differential_drive'}
[2.030457] (-) TimerEvent: {}
[2.078955] (roboteq_interfaces) StdoutLine: {'line': b'[100%] Built target roboteq_interfaces__rosidl_typesupport_fastrtps_c__pyext\n'}
[2.130897] (-) TimerEvent: {}
[2.232990] (-) TimerEvent: {}
[2.334592] (-) TimerEvent: {}
[2.435669] (-) TimerEvent: {}
[2.536598] (-) TimerEvent: {}
[2.637539] (-) TimerEvent: {}
[2.738450] (-) TimerEvent: {}
[2.840287] (-) TimerEvent: {}
[2.941301] (-) TimerEvent: {}
[3.042278] (-) TimerEvent: {}
[3.144344] (-) TimerEvent: {}
[3.248141] (-) TimerEvent: {}
[3.350393] (-) TimerEvent: {}
[3.451457] (-) TimerEvent: {}
[3.552437] (-) TimerEvent: {}
[3.653506] (-) TimerEvent: {}
[3.754545] (-) TimerEvent: {}
[3.855623] (-) TimerEvent: {}
[3.956564] (-) TimerEvent: {}
[4.057659] (-) TimerEvent: {}
[4.158684] (-) TimerEvent: {}
[4.217613] (roboteq_interfaces) CommandEnded: {'returncode': 0}
[4.223162] (roboteq_interfaces) JobProgress: {'identifier': 'roboteq_interfaces', 'progress': 'install'}
[4.224478] (roboteq_interfaces) Command: {'cmd': ['/usr/bin/cmake', '--install', '/home/wjs/cart_ros2/build/roboteq_interfaces'], 'cwd': '/home/wjs/cart_ros2/build/roboteq_interfaces', 'env': OrderedDict([('LESSOPEN', '| /usr/bin/lesspipe %s'), ('USER', 'wjs'), ('SSH_AGENT_PID', '4037'), ('XDG_SESSION_TYPE', 'x11'), ('PIP_CACHE_DIR', '/mnt/sdcard/.cache/pip'), ('XDG_CACHE_HOME', '/mnt/sdcard/.cache'), ('SHLVL', '1'), ('LD_LIBRARY_PATH', '/opt/opencv-4.5.5-cuda/lib:/home/wjs/cart_ros2/install/lib:/home/wjs/tb3_tpl_ws/install/lib:/opt/ros/galactic/opt/yaml_cpp_vendor/lib:/opt/ros/galactic/opt/rviz_ogre_vendor/lib:/opt/ros/galactic/lib/aarch64-linux-gnu:/opt/ros/galactic/lib:/usr/local/cuda-11.4/lib64:'), ('HOME', '/home/wjs'), ('CYCLONEDDS_URI', 'file:///home/wjs/cyclonedds_lo.xml'), ('OLDPWD', '/home/wjs'), ('DESKTOP_SESSION', 'ubuntu'), ('JETSON_L4T', '35.6.3'), ('ROS_PYTHON_VERSION', '3'), ('GNOME_SHELL_SESSION_MODE', 'ubuntu'), ('GTK_MODULES', 'gail:atk-bridge'), ('JETSON_MODEL', 'Jetson-AGX'), ('MANAGERPID', '3935'), ('DBUS_SESSION_BUS_ADDRESS', 'unix:path=/run/user/1000/bus'), ('COLORTERM', 'truecolor'), ('TERMINATOR_DBUS_NAME', 'net.tenshu.Terminator23558193cd9818af7fe4d2c2f5bd9d00f'), ('GIO_LAUNCHED_DESKTOP_FILE_PID', '7597'), ('IM_CONFIG_PHASE', '1'), ('TMPDIR', '/mnt/sdcard/tmp'), ('COLCON_PREFIX_PATH', '/home/wjs/cart_ros2/install:/home/wjs/tb3_tpl_ws/install'), ('TORCH_HOME', '/mnt/sdcard/.cache/torch'), ('ROS_DISTRO', 'galactic'), ('LOGNAME', 'wjs'), ('JETSON_MODULE', 'NVIDIA Jetson AGX Xavier (32 GB ram)'), ('JETSON_SERIAL_NUMBER', '1423420009543'), ('JOURNAL_STREAM', '8:75272'), ('_', '/usr/bin/colcon'), ('ROS_VERSION', '2'), ('JETSON_CODENAME', 'Galen'), ('XDG_SESSION_CLASS', 'user'), ('USERNAME', 'wjs'), ('TERM', 'xterm-256color'), ('GNOME_DESKTOP_SESSION_ID', 'this-is-deprecated'), ('ROS_LOCALHOST_ONLY', '1'), ('WINDOWPATH', '2'), ('PATH', '/opt/ros/galactic/bin:/usr/local/cuda-11.4/bin:/home/wjs/.local/bin:/usr/local/sbin:/usr/local/bin:/usr/sbin:/usr/bin:/sbin:/bin:/usr/games:/usr/local/games:/snap/bin'), ('SESSION_MANAGER', 'local/ubuntu:@/tmp/.ICE-unix/4072,unix/ubuntu:/tmp/.ICE-unix/4072'), ('INVOCATION_ID', '579b0bc7d2444c1facacc62736e29ce4'), ('XDG_MENU_PREFIX', 'gnome-'), ('XDG_RUNTIME_DIR', '/run/user/1000'), ('DISPLAY', ':1'), ('TERMINATOR_DBUS_PATH', '/net/tenshu/Terminator2'), ('LANG', 'en_US.UTF-8'), ('XDG_CURRENT_DESKTOP', 'ubuntu:GNOME'), ('RMW_IMPLEMENTATION', 'rmw_cyclonedds_cpp'), ('XMODIFIERS', '@im=ibus'), ('XDG_SESSION_DESKTOP', 'ubuntu'), ('XAUTHORITY', '/run/user/1000/gdm/Xauthority'), ('LS_COLORS', 'rs=0:di=01;34:ln=01;36:mh=00:pi=40;33:so=01;35:do=01;35:bd=40;33;01:cd=40;33;01:or=40;31;01:mi=00:su=37;41:sg=30;43:ca=30;41:tw=30;42:ow=34;42:st=37;44:ex=01;32:*.tar=01;31:*.tgz=01;31:*.arc=01;31:*.arj=01;31:*.taz=01;31:*.lha=01;31:*.lz4=01;31:*.lzh=01;31:*.lzma=01;31:*.tlz=01;31:*.txz=01;31:*.tzo=01;31:*.t7z=01;31:*.zip=01;31:*.z=01;31:*.dz=01;31:*.gz=01;31:*.lrz=01;31:*.lz=01;31:*.lzo=01;31:*.xz=01;31:*.zst=01;31:*.tzst=01;31:*.bz2=01;31:*.bz=01;31:*.tbz=01;31:*.tbz2=01;31:*.tz=01;31:*.deb=01;31:*.rpm=01;31:*.jar=01;31:*.war=01;31:*.ear=01;31:*.sar=01;31:*.rar=01;31:*.alz=01;31:*.ace=01;31:*.zoo=01;31:*.cpio=01;31:*.7z=01;31:*.rz=01;31:*.cab=01;31:*.wim=01;31:*.swm=01;31:*.dwm=01;31:*.esd=01;31:*.jpg=01;35:*.jpeg=01;35:*.mjpg=01;35:*.mjpeg=01;35:*.gif=01;35:*.bmp=01;35:*.pbm=01;35:*.pgm=01;35:*.ppm=01;35:*.tga=01;35:*.xbm=01;35:*.xpm=01;35:*.tif=01;35:*.tiff=01;35:*.png=01;35:*.svg=01;35:*.svgz=01;35:*.mng=01;35:*.pcx=01;35:*.mov=01;35:*.mpg=01;35:*.mpeg=01;35:*.m2v=01;35:*.mkv=01;35:*.webm=01;35:*.ogm=01;35:*.mp4=01;35:*.m4v=01;35:*.mp4v=01;35:*.vob=01;35:*.qt=01;35:*.nuv=01;35:*.wmv=01;35:*.asf=01;35:*.rm=01;35:*.rmvb=01;35:*.flc=01;35:*.avi=01;35:*.fli=01;35:*.flv=01;35:*.gl=01;35:*.dl=01;35:*.xcf=01;35:*.xwd=01;35:*.yuv=01;35:*.cgm=01;35:*.emf=01;35:*.ogv=01;35:*.ogx=01;35:*.aac=00;36:*.au=00;36:*.flac=00;36:*.m4a=00;36:*.mid=00;36:*.midi=00;36:*.mka=00;36:*.mp3=00;36:*.mpc=00;36:*.ogg=00;36:*.ra=00;36:*.wav=00;36:*.oga=00;36:*.opus=00;36:*.spx=00;36:*.xspf=00;36:'), ('JETSON_SOC', 'tegra194'), ('SSH_AUTH_SOCK', '/run/user/1000/keyring/ssh'), ('ROS_DOMAIN_ID', '35'), ('AMENT_PREFIX_PATH', '/home/wjs/cart_ros2/install:/home/wjs/tb3_tpl_ws/install:/opt/ros/galactic'), ('SHELL', '/bin/bash'), ('TERMINATOR_UUID', 'urn:uuid:479ed337-4a64-46eb-b813-77ac35b7f442'), ('QT_ACCESSIBILITY', '1'), ('GDMSESSION', 'ubuntu'), ('LESSCLOSE', '/usr/bin/lesspipe %s %s'), ('GPG_AGENT_INFO', '/run/user/1000/gnupg/S.gpg-agent:0:1'), ('QT_IM_MODULE', 'ibus'), ('JETSON_CUDA_ARCH_BIN', '7.2'), ('PWD', '/home/wjs/cart_ros2/build/roboteq_interfaces'), ('XDG_CONFIG_DIRS', '/etc/xdg/xdg-ubuntu:/etc/xdg'), ('XDG_DATA_DIRS', '/usr/share/ubuntu:/usr/local/share/:/usr/share/:/var/lib/snapd/desktop'), ('PYTHONPATH', '/opt/opencv-4.5.5-cuda/lib/python3.8/site-packages:/home/wjs/cart_ros2/build/differential_drive/src:/home/wjs/cart_ros2/build/arduino_ros2:/home/wjs/cart_ros2/build/agv_body:/home/wjs/cart_ros2/install/lib/python3.8/site-packages:/home/wjs/tb3_tpl_ws/build/turtlebot3_teleop:/home/wjs/tb3_tpl_ws/install/lib/python3.8/site-packages:/opt/ros/galactic/lib/python3.8/site-packages'), ('COLCON', '1'), ('VTE_VERSION', '6003'), ('JETSON_JETPACK', '5.1.7'), ('CMAKE_PREFIX_PATH', '/home/wjs/cart_ros2/install:/home/wjs/tb3_tpl_ws/install:/opt/ros/galactic'), ('JETSON_P_NUMBER', 'p2888-0004')]), 'shell': False}
[4.262658] (-) TimerEvent: {}
[4.271850] (agv_body) Command: {'cmd': ['/usr/bin/python3', '-W', 'ignore:setup.py install is deprecated', '-W', 'ignore:easy_install command is deprecated', 'setup.py', 'develop', '--editable', '--build-directory', '/home/wjs/cart_ros2/build/agv_body/build', '--no-deps', 'symlink_data'], 'cwd': '/home/wjs/cart_ros2/build/agv_body', 'env': {'LESSOPEN': '| /usr/bin/lesspipe %s', 'USER': 'wjs', 'SSH_AGENT_PID': '4037', 'XDG_SESSION_TYPE': 'x11', 'PIP_CACHE_DIR': '/mnt/sdcard/.cache/pip', 'XDG_CACHE_HOME': '/mnt/sdcard/.cache', 'SHLVL': '1', 'LD_LIBRARY_PATH': '/opt/opencv-4.5.5-cuda/lib:/home/wjs/cart_ros2/install/lib:/home/wjs/tb3_tpl_ws/install/lib:/opt/ros/galactic/opt/yaml_cpp_vendor/lib:/opt/ros/galactic/opt/rviz_ogre_vendor/lib:/opt/ros/galactic/lib/aarch64-linux-gnu:/opt/ros/galactic/lib:/usr/local/cuda-11.4/lib64:', 'HOME': '/home/wjs', 'CYCLONEDDS_URI': 'file:///home/wjs/cyclonedds_lo.xml', 'OLDPWD': '/home/wjs', 'DESKTOP_SESSION': 'ubuntu', 'JETSON_L4T': '35.6.3', 'ROS_PYTHON_VERSION': '3', 'GNOME_SHELL_SESSION_MODE': 'ubuntu', 'GTK_MODULES': 'gail:atk-bridge', 'JETSON_MODEL': 'Jetson-AGX', 'MANAGERPID': '3935', 'DBUS_SESSION_BUS_ADDRESS': 'unix:path=/run/user/1000/bus', 'COLORTERM': 'truecolor', 'TERMINATOR_DBUS_NAME': 'net.tenshu.Terminator23558193cd9818af7fe4d2c2f5bd9d00f', 'GIO_LAUNCHED_DESKTOP_FILE_PID': '7597', 'IM_CONFIG_PHASE': '1', 'TMPDIR': '/mnt/sdcard/tmp', 'COLCON_PREFIX_PATH': '/home/wjs/cart_ros2/install:/home/wjs/tb3_tpl_ws/install', 'TORCH_HOME': '/mnt/sdcard/.cache/torch', 'ROS_DISTRO': 'galactic', 'LOGNAME': 'wjs', 'JETSON_MODULE': 'NVIDIA Jetson AGX Xavier (32 GB ram)', 'JETSON_SERIAL_NUMBER': '1423420009543', 'JOURNAL_STREAM': '8:75272', '_': '/usr/bin/colcon', 'ROS_VERSION': '2', 'JETSON_CODENAME': 'Galen', 'XDG_SESSION_CLASS': 'user', 'USERNAME': 'wjs', 'TERM': 'xterm-256color', 'GNOME_DESKTOP_SESSION_ID': 'this-is-deprecated', 'ROS_LOCALHOST_ONLY': '1', 'WINDOWPATH': '2', 'PATH': '/opt/ros/galactic/bin:/usr/local/cuda-11.4/bin:/home/wjs/.local/bin:/usr/local/sbin:/usr/local/bin:/usr/sbin:/usr/bin:/sbin:/bin:/usr/games:/usr/local/games:/snap/bin', 'SESSION_MANAGER': 'local/ubuntu:@/tmp/.ICE-unix/4072,unix/ubuntu:/tmp/.ICE-unix/4072', 'INVOCATION_ID': '579b0bc7d2444c1facacc62736e29ce4', 'XDG_MENU_PREFIX': 'gnome-', 'XDG_RUNTIME_DIR': '/run/user/1000', 'DISPLAY': ':1', 'TERMINATOR_DBUS_PATH': '/net/tenshu/Terminator2', 'LANG': 'en_US.UTF-8', 'XDG_CURRENT_DESKTOP': 'ubuntu:GNOME', 'RMW_IMPLEMENTATION': 'rmw_cyclonedds_cpp', 'XMODIFIERS': '@im=ibus', 'XDG_SESSION_DESKTOP': 'ubuntu', 'XAUTHORITY': '/run/user/1000/gdm/Xauthority', 'LS_COLORS': 'rs=0:di=01;34:ln=01;36:mh=00:pi=40;33:so=01;35:do=01;35:bd=40;33;01:cd=40;33;01:or=40;31;01:mi=00:su=37;41:sg=30;43:ca=30;41:tw=30;42:ow=34;42:st=37;44:ex=01;32:*.tar=01;31:*.tgz=01;31:*.arc=01;31:*.arj=01;31:*.taz=01;31:*.lha=01;31:*.lz4=01;31:*.lzh=01;31:*.lzma=01;31:*.tlz=01;31:*.txz=01;31:*.tzo=01;31:*.t7z=01;31:*.zip=01;31:*.z=01;31:*.dz=01;31:*.gz=01;31:*.lrz=01;31:*.lz=01;31:*.lzo=01;31:*.xz=01;31:*.zst=01;31:*.tzst=01;31:*.bz2=01;31:*.bz=01;31:*.tbz=01;31:*.tbz2=01;31:*.tz=01;31:*.deb=01;31:*.rpm=01;31:*.jar=01;31:*.war=01;31:*.ear=01;31:*.sar=01;31:*.rar=01;31:*.alz=01;31:*.ace=01;31:*.zoo=01;31:*.cpio=01;31:*.7z=01;31:*.rz=01;31:*.cab=01;31:*.wim=01;31:*.swm=01;31:*.dwm=01;31:*.esd=01;31:*.jpg=01;35:*.jpeg=01;35:*.mjpg=01;35:*.mjpeg=01;35:*.gif=01;35:*.bmp=01;35:*.pbm=01;35:*.pgm=01;35:*.ppm=01;35:*.tga=01;35:*.xbm=01;35:*.xpm=01;35:*.tif=01;35:*.tiff=01;35:*.png=01;35:*.svg=01;35:*.svgz=01;35:*.mng=01;35:*.pcx=01;35:*.mov=01;35:*.mpg=01;35:*.mpeg=01;35:*.m2v=01;35:*.mkv=01;35:*.webm=01;35:*.ogm=01;35:*.mp4=01;35:*.m4v=01;35:*.mp4v=01;35:*.vob=01;35:*.qt=01;35:*.nuv=01;35:*.wmv=01;35:*.asf=01;35:*.rm=01;35:*.rmvb=01;35:*.flc=01;35:*.avi=01;35:*.fli=01;35:*.flv=01;35:*.gl=01;35:*.dl=01;35:*.xcf=01;35:*.xwd=01;35:*.yuv=01;35:*.cgm=01;35:*.emf=01;35:*.ogv=01;35:*.ogx=01;35:*.aac=00;36:*.au=00;36:*.flac=00;36:*.m4a=00;36:*.mid=00;36:*.midi=00;36:*.mka=00;36:*.mp3=00;36:*.mpc=00;36:*.ogg=00;36:*.ra=00;36:*.wav=00;36:*.oga=00;36:*.opus=00;36:*.spx=00;36:*.xspf=00;36:', 'JETSON_SOC': 'tegra194', 'SSH_AUTH_SOCK': '/run/user/1000/keyring/ssh', 'ROS_DOMAIN_ID': '35', 'AMENT_PREFIX_PATH': '/home/wjs/cart_ros2/install:/home/wjs/tb3_tpl_ws/install:/opt/ros/galactic', 'SHELL': '/bin/bash', 'TERMINATOR_UUID': 'urn:uuid:479ed337-4a64-46eb-b813-77ac35b7f442', 'QT_ACCESSIBILITY': '1', 'GDMSESSION': 'ubuntu', 'LESSCLOSE': '/usr/bin/lesspipe %s %s', 'GPG_AGENT_INFO': '/run/user/1000/gnupg/S.gpg-agent:0:1', 'QT_IM_MODULE': 'ibus', 'JETSON_CUDA_ARCH_BIN': '7.2', 'PWD': '/home/wjs/cart_ros2/build/agv_body', 'XDG_CONFIG_DIRS': '/etc/xdg/xdg-ubuntu:/etc/xdg', 'XDG_DATA_DIRS': '/usr/share/ubuntu:/usr/local/share/:/usr/share/:/var/lib/snapd/desktop', 'PYTHONPATH': '/home/wjs/cart_ros2/build/agv_body/prefix_override:/usr/lib/python3/dist-packages/colcon_core/task/python/colcon_distutils_commands:/home/wjs/cart_ros2/install/lib/python3.8/site-packages:/opt/opencv-4.5.5-cuda/lib/python3.8/site-packages:/home/wjs/cart_ros2/build/differential_drive/src:/home/wjs/cart_ros2/build/arduino_ros2:/home/wjs/cart_ros2/build/agv_body:/home/wjs/cart_ros2/install/lib/python3.8/site-packages:/home/wjs/tb3_tpl_ws/build/turtlebot3_teleop:/home/wjs/tb3_tpl_ws/install/lib/python3.8/site-packages:/opt/ros/galactic/lib/python3.8/site-packages', 'COLCON': '1', 'VTE_VERSION': '6003', 'JETSON_JETPACK': '5.1.7', 'CMAKE_PREFIX_PATH': '/home/wjs/cart_ros2/install:/home/wjs/tb3_tpl_ws/install', 'JETSON_P_NUMBER': 'p2888-0004'}, 'shell': False}
[4.296841] (roboteq_interfaces) StdoutLine: {'line': b'-- Install configuration: ""\n'}
[4.304554] (roboteq_interfaces) StdoutLine: {'line': b'-- Execute custom install script\n'}
[4.319768] (roboteq_interfaces) StdoutLine: {'line': b'-- Up-to-date symlink: /home/wjs/cart_ros2/install/share/ament_index/resource_index/rosidl_interfaces/roboteq_interfaces\n'}
[4.322517] (roboteq_interfaces) StdoutLine: {'line': b'-- Up-to-date symlink: /home/wjs/cart_ros2/install/include/roboteq_interfaces/msg/channel_values.h\n'}
[4.331754] (roboteq_interfaces) StdoutLine: {'line': b'-- Up-to-date symlink: /home/wjs/cart_ros2/install/include/roboteq_interfaces/msg/detail/channel_values__functions.h\n'}
[4.334388] (roboteq_interfaces) StdoutLine: {'line': b'-- Up-to-date symlink: /home/wjs/cart_ros2/install/include/roboteq_interfaces/msg/detail/channel_values__struct.h\n'}
[4.334895] (roboteq_interfaces) StdoutLine: {'line': b'-- Up-to-date symlink: /home/wjs/cart_ros2/install/include/roboteq_interfaces/msg/detail/channel_values__type_support.h\n'}
[4.335323] (roboteq_interfaces) StdoutLine: {'line': b'-- Up-to-date symlink: /home/wjs/cart_ros2/install/include/roboteq_interfaces/msg/rosidl_generator_c__visibility_control.h\n'}
[4.335866] (roboteq_interfaces) StdoutLine: {'line': b'-- Up-to-date symlink: /home/wjs/cart_ros2/install/include/roboteq_interfaces/srv/command.h\n'}
[4.336210] (roboteq_interfaces) StdoutLine: {'line': b'-- Up-to-date symlink: /home/wjs/cart_ros2/install/include/roboteq_interfaces/srv/config.h\n'}
[4.336728] (roboteq_interfaces) StdoutLine: {'line': b'-- Up-to-date symlink: /home/wjs/cart_ros2/install/include/roboteq_interfaces/srv/detail/command__functions.h\n'}
[4.337071] (roboteq_interfaces) StdoutLine: {'line': b'-- Up-to-date symlink: /home/wjs/cart_ros2/install/include/roboteq_interfaces/srv/detail/command__struct.h\n'}
[4.337464] (roboteq_interfaces) StdoutLine: {'line': b'-- Up-to-date symlink: /home/wjs/cart_ros2/install/include/roboteq_interfaces/srv/detail/command__type_support.h\n'}
[4.337866] (roboteq_interfaces) StdoutLine: {'line': b'-- Up-to-date symlink: /home/wjs/cart_ros2/install/include/roboteq_interfaces/srv/detail/config__functions.h\n'}
[4.338165] (roboteq_interfaces) StdoutLine: {'line': b'-- Up-to-date symlink: /home/wjs/cart_ros2/install/include/roboteq_interfaces/srv/detail/config__struct.h\n'}
[4.338555] (roboteq_interfaces) StdoutLine: {'line': b'-- Up-to-date symlink: /home/wjs/cart_ros2/install/include/roboteq_interfaces/srv/detail/config__type_support.h\n'}
[4.338915] (roboteq_interfaces) StdoutLine: {'line': b'-- Up-to-date symlink: /home/wjs/cart_ros2/install/include/roboteq_interfaces/srv/detail/maintenance__functions.h\n'}
[4.339333] (roboteq_interfaces) StdoutLine: {'line': b'-- Up-to-date symlink: /home/wjs/cart_ros2/install/include/roboteq_interfaces/srv/detail/maintenance__struct.h\n'}
[4.339608] (roboteq_interfaces) StdoutLine: {'line': b'-- Up-to-date symlink: /home/wjs/cart_ros2/install/include/roboteq_interfaces/srv/detail/maintenance__type_support.h\n'}
[4.339955] (roboteq_interfaces) StdoutLine: {'line': b'-- Up-to-date symlink: /home/wjs/cart_ros2/install/include/roboteq_interfaces/srv/maintenance.h\n'}
[4.340236] (roboteq_interfaces) StdoutLine: {'line': b'-- Up-to-date symlink: /home/wjs/cart_ros2/install/share/roboteq_interfaces/environment/library_path.sh\n'}
[4.340494] (roboteq_interfaces) StdoutLine: {'line': b'-- Up-to-date symlink: /home/wjs/cart_ros2/install/share/roboteq_interfaces/environment/library_path.dsv\n'}
[4.340759] (roboteq_interfaces) StdoutLine: {'line': b'-- Up-to-date symlink: /home/wjs/cart_ros2/install/include/roboteq_interfaces/msg/detail/channel_values__rosidl_typesupport_fastrtps_c.h\n'}
[4.341155] (roboteq_interfaces) StdoutLine: {'line': b'-- Up-to-date symlink: /home/wjs/cart_ros2/install/include/roboteq_interfaces/msg/rosidl_typesupport_fastrtps_c__visibility_control.h\n'}
[4.341435] (roboteq_interfaces) StdoutLine: {'line': b'-- Up-to-date symlink: /home/wjs/cart_ros2/install/include/roboteq_interfaces/srv/detail/command__rosidl_typesupport_fastrtps_c.h\n'}
[4.341694] (roboteq_interfaces) StdoutLine: {'line': b'-- Up-to-date symlink: /home/wjs/cart_ros2/install/include/roboteq_interfaces/srv/detail/config__rosidl_typesupport_fastrtps_c.h\n'}
[4.341945] (roboteq_interfaces) StdoutLine: {'line': b'-- Up-to-date symlink: /home/wjs/cart_ros2/install/include/roboteq_interfaces/srv/detail/maintenance__rosidl_typesupport_fastrtps_c.h\n'}
[4.342471] (roboteq_interfaces) StdoutLine: {'line': b'-- Up-to-date symlink: /home/wjs/cart_ros2/install/lib/libroboteq_interfaces__rosidl_typesupport_fastrtps_c.so\n'}
[4.342748] (roboteq_interfaces) StdoutLine: {'line': b'-- Up-to-date symlink: /home/wjs/cart_ros2/install/include/roboteq_interfaces/msg/detail/channel_values__rosidl_typesupport_fastrtps_cpp.hpp\n'}
[4.343175] (roboteq_interfaces) StdoutLine: {'line': b'-- Up-to-date symlink: /home/wjs/cart_ros2/install/include/roboteq_interfaces/msg/rosidl_typesupport_fastrtps_cpp__visibility_control.h\n'}
[4.343649] (roboteq_interfaces) StdoutLine: {'line': b'-- Up-to-date symlink: /home/wjs/cart_ros2/install/include/roboteq_interfaces/srv/detail/command__rosidl_typesupport_fastrtps_cpp.hpp\n'}
[4.344085] (roboteq_interfaces) StdoutLine: {'line': b'-- Up-to-date symlink: /home/wjs/cart_ros2/install/include/roboteq_interfaces/srv/detail/config__rosidl_typesupport_fastrtps_cpp.hpp\n'}
[4.344376] (roboteq_interfaces) StdoutLine: {'line': b'-- Up-to-date symlink: /home/wjs/cart_ros2/install/include/roboteq_interfaces/srv/detail/maintenance__rosidl_typesupport_fastrtps_cpp.hpp\n'}
[4.344866] (roboteq_interfaces) StdoutLine: {'line': b'-- Up-to-date symlink: /home/wjs/cart_ros2/install/lib/libroboteq_interfaces__rosidl_typesupport_fastrtps_cpp.so\n'}
[4.345136] (roboteq_interfaces) StdoutLine: {'line': b'-- Up-to-date symlink: /home/wjs/cart_ros2/install/include/roboteq_interfaces/msg/detail/channel_values__rosidl_typesupport_introspection_c.h\n'}
[4.345395] (roboteq_interfaces) StdoutLine: {'line': b'-- Up-to-date symlink: /home/wjs/cart_ros2/install/include/roboteq_interfaces/msg/rosidl_typesupport_introspection_c__visibility_control.h\n'}
[4.345789] (roboteq_interfaces) StdoutLine: {'line': b'-- Up-to-date symlink: /home/wjs/cart_ros2/install/include/roboteq_interfaces/srv/detail/command__rosidl_typesupport_introspection_c.h\n'}
[4.346058] (roboteq_interfaces) StdoutLine: {'line': b'-- Up-to-date symlink: /home/wjs/cart_ros2/install/include/roboteq_interfaces/srv/detail/config__rosidl_typesupport_introspection_c.h\n'}
[4.346372] (roboteq_interfaces) StdoutLine: {'line': b'-- Up-to-date symlink: /home/wjs/cart_ros2/install/include/roboteq_interfaces/srv/detail/maintenance__rosidl_typesupport_introspection_c.h\n'}
[4.346753] (roboteq_interfaces) StdoutLine: {'line': b'-- Up-to-date symlink: /home/wjs/cart_ros2/install/include/roboteq_interfaces/msg/channel_values.hpp\n'}
[4.347150] (roboteq_interfaces) StdoutLine: {'line': b'-- Up-to-date symlink: /home/wjs/cart_ros2/install/include/roboteq_interfaces/msg/detail/channel_values__builder.hpp\n'}
[4.349768] (roboteq_interfaces) StdoutLine: {'line': b'-- Up-to-date symlink: /home/wjs/cart_ros2/install/include/roboteq_interfaces/msg/detail/channel_values__struct.hpp\n'}
[4.350152] (roboteq_interfaces) StdoutLine: {'line': b'-- Up-to-date symlink: /home/wjs/cart_ros2/install/include/roboteq_interfaces/msg/detail/channel_values__traits.hpp\n'}
[4.351268] (roboteq_interfaces) StdoutLine: {'line': b'-- Up-to-date symlink: /home/wjs/cart_ros2/install/include/roboteq_interfaces/srv/command.hpp\n'}
[4.351616] (roboteq_interfaces) StdoutLine: {'line': b'-- Up-to-date symlink: /home/wjs/cart_ros2/install/include/roboteq_interfaces/srv/config.hpp\n'}
[4.351903] (roboteq_interfaces) StdoutLine: {'line': b'-- Up-to-date symlink: /home/wjs/cart_ros2/install/include/roboteq_interfaces/srv/detail/command__builder.hpp\n'}
[4.352206] (roboteq_interfaces) StdoutLine: {'line': b'-- Up-to-date symlink: /home/wjs/cart_ros2/install/include/roboteq_interfaces/srv/detail/command__struct.hpp\n'}
[4.354746] (roboteq_interfaces) StdoutLine: {'line': b'-- Up-to-date symlink: /home/wjs/cart_ros2/install/include/roboteq_interfaces/srv/detail/command__traits.hpp\n'}
[4.355195] (roboteq_interfaces) StdoutLine: {'line': b'-- Up-to-date symlink: /home/wjs/cart_ros2/install/include/roboteq_interfaces/srv/detail/config__builder.hpp\n'}
[4.356746] (roboteq_interfaces) StdoutLine: {'line': b'-- Up-to-date symlink: /home/wjs/cart_ros2/install/include/roboteq_interfaces/srv/detail/config__struct.hpp\n'}
[4.357081] (roboteq_interfaces) StdoutLine: {'line': b'-- Up-to-date symlink: /home/wjs/cart_ros2/install/include/roboteq_interfaces/srv/detail/config__traits.hpp\n'}
[4.357562] (roboteq_interfaces) StdoutLine: {'line': b'-- Up-to-date symlink: /home/wjs/cart_ros2/install/include/roboteq_interfaces/srv/detail/maintenance__builder.hpp\n'}
[4.357854] (roboteq_interfaces) StdoutLine: {'line': b'-- Up-to-date symlink: /home/wjs/cart_ros2/install/include/roboteq_interfaces/srv/detail/maintenance__struct.hpp\n'}
[4.360600] (roboteq_interfaces) StdoutLine: {'line': b'-- Up-to-date symlink: /home/wjs/cart_ros2/install/include/roboteq_interfaces/srv/detail/maintenance__traits.hpp\n'}
[4.361154] (roboteq_interfaces) StdoutLine: {'line': b'-- Up-to-date symlink: /home/wjs/cart_ros2/install/include/roboteq_interfaces/srv/maintenance.hpp\n'}
[4.361753] (roboteq_interfaces) StdoutLine: {'line': b'-- Up-to-date symlink: /home/wjs/cart_ros2/install/include/roboteq_interfaces/msg/detail/channel_values__rosidl_typesupport_introspection_cpp.hpp\n'}
[4.363587] (roboteq_interfaces) StdoutLine: {'line': b'-- Up-to-date symlink: /home/wjs/cart_ros2/install/include/roboteq_interfaces/srv/detail/command__rosidl_typesupport_introspection_cpp.hpp\n'}
[4.364009] (-) TimerEvent: {}
[4.373043] (roboteq_interfaces) StdoutLine: {'line': b'-- Up-to-date symlink: /home/wjs/cart_ros2/install/include/roboteq_interfaces/srv/detail/config__rosidl_typesupport_introspection_cpp.hpp\n'}
[4.373678] (roboteq_interfaces) StdoutLine: {'line': b'-- Up-to-date symlink: /home/wjs/cart_ros2/install/include/roboteq_interfaces/srv/detail/maintenance__rosidl_typesupport_introspection_cpp.hpp\n'}
[4.374024] (roboteq_interfaces) StdoutLine: {'line': b'-- Up-to-date symlink: /home/wjs/cart_ros2/install/share/roboteq_interfaces/environment/pythonpath.sh\n'}
[4.374348] (roboteq_interfaces) StdoutLine: {'line': b'-- Up-to-date symlink: /home/wjs/cart_ros2/install/share/roboteq_interfaces/environment/pythonpath.dsv\n'}
[4.374631] (roboteq_interfaces) StdoutLine: {'line': b'-- Up-to-date symlink: /home/wjs/cart_ros2/install/lib/python3.8/site-packages/roboteq_interfaces/__init__.py\n'}
[4.375029] (roboteq_interfaces) StdoutLine: {'line': b'-- Up-to-date symlink: /home/wjs/cart_ros2/install/lib/python3.8/site-packages/roboteq_interfaces/msg/__init__.py\n'}
[4.375324] (roboteq_interfaces) StdoutLine: {'line': b'-- Up-to-date symlink: /home/wjs/cart_ros2/install/lib/python3.8/site-packages/roboteq_interfaces/msg/_channel_values.py\n'}
[4.375944] (roboteq_interfaces) StdoutLine: {'line': b'-- Up-to-date symlink: /home/wjs/cart_ros2/install/lib/python3.8/site-packages/roboteq_interfaces/srv/__init__.py\n'}
[4.376751] (roboteq_interfaces) StdoutLine: {'line': b'-- Up-to-date symlink: /home/wjs/cart_ros2/install/lib/python3.8/site-packages/roboteq_interfaces/srv/_command.py\n'}
[4.377662] (roboteq_interfaces) StdoutLine: {'line': b'-- Up-to-date symlink: /home/wjs/cart_ros2/install/lib/python3.8/site-packages/roboteq_interfaces/srv/_config.py\n'}
[4.378554] (roboteq_interfaces) StdoutLine: {'line': b'-- Up-to-date symlink: /home/wjs/cart_ros2/install/lib/python3.8/site-packages/roboteq_interfaces/srv/_maintenance.py\n'}
[4.380584] (roboteq_interfaces) StdoutLine: {'line': b'-- Up-to-date symlink: /home/wjs/cart_ros2/install/lib/python3.8/site-packages/roboteq_interfaces/roboteq_interfaces_s__rosidl_typesupport_fastrtps_c.cpython-38-aarch64-linux-gnu.so\n'}
[4.382452] (roboteq_interfaces) StdoutLine: {'line': b'-- Up-to-date symlink: /home/wjs/cart_ros2/install/lib/python3.8/site-packages/roboteq_interfaces/roboteq_interfaces_s__rosidl_typesupport_introspection_c.cpython-38-aarch64-linux-gnu.so\n'}
[4.384321] (roboteq_interfaces) StdoutLine: {'line': b'-- Up-to-date symlink: /home/wjs/cart_ros2/install/lib/python3.8/site-packages/roboteq_interfaces/roboteq_interfaces_s__rosidl_typesupport_c.cpython-38-aarch64-linux-gnu.so\n'}
[4.386119] (roboteq_interfaces) StdoutLine: {'line': b'-- Up-to-date symlink: /home/wjs/cart_ros2/install/lib/libroboteq_interfaces__python.so\n'}
[4.387550] (roboteq_interfaces) StdoutLine: {'line': b'-- Up-to-date symlink: /home/wjs/cart_ros2/install/share/roboteq_interfaces/msg/ChannelValues.idl\n'}
[4.388813] (roboteq_interfaces) StdoutLine: {'line': b'-- Up-to-date symlink: /home/wjs/cart_ros2/install/share/roboteq_interfaces/srv/Command.idl\n'}
[4.390239] (roboteq_interfaces) StdoutLine: {'line': b'-- Up-to-date symlink: /home/wjs/cart_ros2/install/share/roboteq_interfaces/srv/Config.idl\n'}
[4.391516] (roboteq_interfaces) StdoutLine: {'line': b'-- Up-to-date symlink: /home/wjs/cart_ros2/install/share/roboteq_interfaces/srv/Maintenance.idl\n'}
[4.392720] (roboteq_interfaces) StdoutLine: {'line': b'-- Up-to-date symlink: /home/wjs/cart_ros2/install/share/roboteq_interfaces/msg/ChannelValues.msg\n'}
[4.393908] (roboteq_interfaces) StdoutLine: {'line': b'-- Up-to-date symlink: /home/wjs/cart_ros2/install/share/roboteq_interfaces/srv/Command.srv\n'}
[4.395365] (roboteq_interfaces) StdoutLine: {'line': b'-- Up-to-date symlink: /home/wjs/cart_ros2/install/share/roboteq_interfaces/srv/Command_Request.msg\n'}
[4.397941] (roboteq_interfaces) StdoutLine: {'line': b'-- Up-to-date symlink: /home/wjs/cart_ros2/install/share/roboteq_interfaces/srv/Command_Response.msg\n'}
[4.399243] (roboteq_interfaces) StdoutLine: {'line': b'-- Up-to-date symlink: /home/wjs/cart_ros2/install/share/roboteq_interfaces/srv/Config.srv\n'}
[4.400423] (roboteq_interfaces) StdoutLine: {'line': b'-- Up-to-date symlink: /home/wjs/cart_ros2/install/share/roboteq_interfaces/srv/Config_Request.msg\n'}
[4.401693] (roboteq_interfaces) StdoutLine: {'line': b'-- Up-to-date symlink: /home/wjs/cart_ros2/install/share/roboteq_interfaces/srv/Config_Response.msg\n'}
[4.403020] (roboteq_interfaces) StdoutLine: {'line': b'-- Up-to-date symlink: /home/wjs/cart_ros2/install/share/roboteq_interfaces/srv/Maintenance.srv\n'}
[4.404925] (roboteq_interfaces) StdoutLine: {'line': b'-- Up-to-date symlink: /home/wjs/cart_ros2/install/share/roboteq_interfaces/srv/Maintenance_Request.msg\n'}
[4.406739] (roboteq_interfaces) StdoutLine: {'line': b'-- Up-to-date symlink: /home/wjs/cart_ros2/install/share/roboteq_interfaces/srv/Maintenance_Response.msg\n'}
[4.408201] (roboteq_interfaces) StdoutLine: {'line': b'-- Up-to-date symlink: /home/wjs/cart_ros2/install/share/ament_index/resource_index/package_run_dependencies/roboteq_interfaces\n'}
[4.409556] (roboteq_interfaces) StdoutLine: {'line': b'-- Up-to-date symlink: /home/wjs/cart_ros2/install/share/ament_index/resource_index/parent_prefix_path/roboteq_interfaces\n'}
[4.410855] (roboteq_interfaces) StdoutLine: {'line': b'-- Up-to-date symlink: /home/wjs/cart_ros2/install/share/roboteq_interfaces/environment/ament_prefix_path.sh\n'}
[4.412086] (roboteq_interfaces) StdoutLine: {'line': b'-- Up-to-date symlink: /home/wjs/cart_ros2/install/share/roboteq_interfaces/environment/ament_prefix_path.dsv\n'}
[4.413388] (roboteq_interfaces) StdoutLine: {'line': b'-- Up-to-date symlink: /home/wjs/cart_ros2/install/share/roboteq_interfaces/environment/path.sh\n'}
[4.414547] (roboteq_interfaces) StdoutLine: {'line': b'-- Up-to-date symlink: /home/wjs/cart_ros2/install/share/roboteq_interfaces/environment/path.dsv\n'}
[4.415795] (roboteq_interfaces) StdoutLine: {'line': b'-- Up-to-date symlink: /home/wjs/cart_ros2/install/share/roboteq_interfaces/local_setup.bash\n'}
[4.416985] (roboteq_interfaces) StdoutLine: {'line': b'-- Up-to-date symlink: /home/wjs/cart_ros2/install/share/roboteq_interfaces/local_setup.sh\n'}
[4.419476] (roboteq_interfaces) StdoutLine: {'line': b'-- Up-to-date symlink: /home/wjs/cart_ros2/install/share/roboteq_interfaces/local_setup.zsh\n'}
[4.420740] (roboteq_interfaces) StdoutLine: {'line': b'-- Up-to-date symlink: /home/wjs/cart_ros2/install/share/roboteq_interfaces/local_setup.dsv\n'}
[4.421700] (roboteq_interfaces) StdoutLine: {'line': b'-- Symlinking: /home/wjs/cart_ros2/install/share/roboteq_interfaces/package.dsv\n'}
[4.464275] (-) TimerEvent: {}
[4.469924] (roboteq_interfaces) StdoutLine: {'line': b'-- Up-to-date symlink: /home/wjs/cart_ros2/install/share/ament_index/resource_index/packages/roboteq_interfaces\n'}
[4.471220] (roboteq_interfaces) StdoutLine: {'line': b'-- Up-to-date symlink: /home/wjs/cart_ros2/install/share/roboteq_interfaces/cmake/rosidl_cmake-extras.cmake\n'}
[4.472477] (roboteq_interfaces) StdoutLine: {'line': b'-- Up-to-date symlink: /home/wjs/cart_ros2/install/share/roboteq_interfaces/cmake/ament_cmake_export_dependencies-extras.cmake\n'}
[4.473884] (roboteq_interfaces) StdoutLine: {'line': b'-- Up-to-date symlink: /home/wjs/cart_ros2/install/share/roboteq_interfaces/cmake/ament_cmake_export_libraries-extras.cmake\n'}
[4.476547] (roboteq_interfaces) StdoutLine: {'line': b'-- Up-to-date symlink: /home/wjs/cart_ros2/install/share/roboteq_interfaces/cmake/ament_cmake_export_targets-extras.cmake\n'}
[4.477774] (roboteq_interfaces) StdoutLine: {'line': b'-- Up-to-date symlink: /home/wjs/cart_ros2/install/share/roboteq_interfaces/cmake/ament_cmake_export_include_directories-extras.cmake\n'}
[4.479621] (roboteq_interfaces) StdoutLine: {'line': b'-- Up-to-date symlink: /home/wjs/cart_ros2/install/share/roboteq_interfaces/cmake/rosidl_cmake_export_typesupport_libraries-extras.cmake\n'}
[4.480448] (roboteq_interfaces) StdoutLine: {'line': b'-- Up-to-date symlink: /home/wjs/cart_ros2/install/share/roboteq_interfaces/cmake/rosidl_cmake_export_typesupport_targets-extras.cmake\n'}
[4.481698] (roboteq_interfaces) StdoutLine: {'line': b'-- Up-to-date symlink: /home/wjs/cart_ros2/install/share/roboteq_interfaces/cmake/roboteq_interfacesConfig.cmake\n'}
[4.482565] (roboteq_interfaces) StdoutLine: {'line': b'-- Up-to-date symlink: /home/wjs/cart_ros2/install/share/roboteq_interfaces/cmake/roboteq_interfacesConfig-version.cmake\n'}
[4.483932] (roboteq_interfaces) StdoutLine: {'line': b'-- Up-to-date symlink: /home/wjs/cart_ros2/install/share/roboteq_interfaces/package.xml\n'}
[4.485415] (roboteq_interfaces) StdoutLine: {'line': b'-- Up-to-date: /home/wjs/cart_ros2/install/lib/libroboteq_interfaces__rosidl_generator_c.so\n'}
[4.487573] (roboteq_interfaces) StdoutLine: {'line': b'-- Up-to-date: /home/wjs/cart_ros2/install/lib/libroboteq_interfaces__rosidl_typesupport_introspection_c.so\n'}
[4.489720] (roboteq_interfaces) StdoutLine: {'line': b'-- Up-to-date: /home/wjs/cart_ros2/install/lib/libroboteq_interfaces__rosidl_typesupport_c.so\n'}
[4.491813] (roboteq_interfaces) StdoutLine: {'line': b'-- Up-to-date: /home/wjs/cart_ros2/install/lib/libroboteq_interfaces__rosidl_typesupport_introspection_cpp.so\n'}
[4.493921] (roboteq_interfaces) StdoutLine: {'line': b'-- Up-to-date: /home/wjs/cart_ros2/install/lib/libroboteq_interfaces__rosidl_typesupport_cpp.so\n'}
[4.564542] (-) TimerEvent: {}
[4.661815] (roboteq_interfaces) StdoutLine: {'line': b'-- Up-to-date: /home/wjs/cart_ros2/install/share/roboteq_interfaces/cmake/roboteq_interfaces__rosidl_generator_cExport.cmake\n'}
[4.663345] (roboteq_interfaces) StdoutLine: {'line': b'-- Up-to-date: /home/wjs/cart_ros2/install/share/roboteq_interfaces/cmake/roboteq_interfaces__rosidl_generator_cExport-noconfig.cmake\n'}
[4.664960] (roboteq_interfaces) StdoutLine: {'line': b'-- Up-to-date: /home/wjs/cart_ros2/install/share/roboteq_interfaces/cmake/roboteq_interfaces__rosidl_typesupport_introspection_cExport.cmake\n'}
[4.666492] (-) TimerEvent: {}
[4.668040] (roboteq_interfaces) StdoutLine: {'line': b'-- Up-to-date: /home/wjs/cart_ros2/install/share/roboteq_interfaces/cmake/roboteq_interfaces__rosidl_typesupport_introspection_cExport-noconfig.cmake\n'}
[4.669597] (roboteq_interfaces) StdoutLine: {'line': b'-- Up-to-date: /home/wjs/cart_ros2/install/share/roboteq_interfaces/cmake/roboteq_interfaces__rosidl_typesupport_cExport.cmake\n'}
[4.670588] (roboteq_interfaces) StdoutLine: {'line': b'-- Up-to-date: /home/wjs/cart_ros2/install/share/roboteq_interfaces/cmake/roboteq_interfaces__rosidl_typesupport_cExport-noconfig.cmake\n'}
[4.672515] (roboteq_interfaces) StdoutLine: {'line': b'-- Up-to-date: /home/wjs/cart_ros2/install/share/roboteq_interfaces/cmake/roboteq_interfaces__rosidl_generator_cppExport.cmake\n'}
[4.674021] (roboteq_interfaces) StdoutLine: {'line': b'-- Up-to-date: /home/wjs/cart_ros2/install/share/roboteq_interfaces/cmake/roboteq_interfaces__rosidl_typesupport_introspection_cppExport.cmake\n'}
[4.675051] (roboteq_interfaces) StdoutLine: {'line': b'-- Up-to-date: /home/wjs/cart_ros2/install/share/roboteq_interfaces/cmake/roboteq_interfaces__rosidl_typesupport_introspection_cppExport-noconfig.cmake\n'}
[4.676400] (roboteq_interfaces) StdoutLine: {'line': b'-- Up-to-date: /home/wjs/cart_ros2/install/share/roboteq_interfaces/cmake/roboteq_interfaces__rosidl_typesupport_cppExport.cmake\n'}
[4.677316] (roboteq_interfaces) StdoutLine: {'line': b'-- Up-to-date: /home/wjs/cart_ros2/install/share/roboteq_interfaces/cmake/roboteq_interfaces__rosidl_typesupport_cppExport-noconfig.cmake\n'}
[4.701834] (roboteq_interfaces) CommandEnded: {'returncode': 0}
[4.767466] (-) TimerEvent: {}
[4.843858] (roboteq_interfaces) JobEnded: {'identifier': 'roboteq_interfaces', 'rc': 0}
[4.847651] (ira_laser_tools) JobStarted: {'identifier': 'ira_laser_tools'}
[4.867699] (-) TimerEvent: {}
[4.939169] (ira_laser_tools) JobProgress: {'identifier': 'ira_laser_tools', 'progress': 'cmake'}
[4.944810] (ira_laser_tools) JobProgress: {'identifier': 'ira_laser_tools', 'progress': 'build'}
[4.946361] (ira_laser_tools) Command: {'cmd': ['/usr/bin/cmake', '--build', '/home/wjs/cart_ros2/build/ira_laser_tools', '--', '-j4', '-l4'], 'cwd': '/home/wjs/cart_ros2/build/ira_laser_tools', 'env': OrderedDict([('LESSOPEN', '| /usr/bin/lesspipe %s'), ('USER', 'wjs'), ('SSH_AGENT_PID', '4037'), ('XDG_SESSION_TYPE', 'x11'), ('PIP_CACHE_DIR', '/mnt/sdcard/.cache/pip'), ('XDG_CACHE_HOME', '/mnt/sdcard/.cache'), ('SHLVL', '1'), ('LD_LIBRARY_PATH', '/opt/opencv-4.5.5-cuda/lib:/home/wjs/cart_ros2/install/lib:/home/wjs/tb3_tpl_ws/install/lib:/opt/ros/galactic/opt/yaml_cpp_vendor/lib:/opt/ros/galactic/opt/rviz_ogre_vendor/lib:/opt/ros/galactic/lib/aarch64-linux-gnu:/opt/ros/galactic/lib:/usr/local/cuda-11.4/lib64:'), ('HOME', '/home/wjs'), ('CYCLONEDDS_URI', 'file:///home/wjs/cyclonedds_lo.xml'), ('OLDPWD', '/home/wjs'), ('DESKTOP_SESSION', 'ubuntu'), ('JETSON_L4T', '35.6.3'), ('ROS_PYTHON_VERSION', '3'), ('GNOME_SHELL_SESSION_MODE', 'ubuntu'), ('GTK_MODULES', 'gail:atk-bridge'), ('JETSON_MODEL', 'Jetson-AGX'), ('MANAGERPID', '3935'), ('DBUS_SESSION_BUS_ADDRESS', 'unix:path=/run/user/1000/bus'), ('COLORTERM', 'truecolor'), ('TERMINATOR_DBUS_NAME', 'net.tenshu.Terminator23558193cd9818af7fe4d2c2f5bd9d00f'), ('GIO_LAUNCHED_DESKTOP_FILE_PID', '7597'), ('IM_CONFIG_PHASE', '1'), ('TMPDIR', '/mnt/sdcard/tmp'), ('COLCON_PREFIX_PATH', '/home/wjs/cart_ros2/install:/home/wjs/tb3_tpl_ws/install'), ('TORCH_HOME', '/mnt/sdcard/.cache/torch'), ('ROS_DISTRO', 'galactic'), ('LOGNAME', 'wjs'), ('JETSON_MODULE', 'NVIDIA Jetson AGX Xavier (32 GB ram)'), ('JETSON_SERIAL_NUMBER', '1423420009543'), ('JOURNAL_STREAM', '8:75272'), ('_', '/usr/bin/colcon'), ('ROS_VERSION', '2'), ('JETSON_CODENAME', 'Galen'), ('XDG_SESSION_CLASS', 'user'), ('USERNAME', 'wjs'), ('TERM', 'xterm-256color'), ('GNOME_DESKTOP_SESSION_ID', 'this-is-deprecated'), ('ROS_LOCALHOST_ONLY', '1'), ('WINDOWPATH', '2'), ('PATH', '/opt/ros/galactic/bin:/usr/local/cuda-11.4/bin:/home/wjs/.local/bin:/usr/local/sbin:/usr/local/bin:/usr/sbin:/usr/bin:/sbin:/bin:/usr/games:/usr/local/games:/snap/bin'), ('SESSION_MANAGER', 'local/ubuntu:@/tmp/.ICE-unix/4072,unix/ubuntu:/tmp/.ICE-unix/4072'), ('INVOCATION_ID', '579b0bc7d2444c1facacc62736e29ce4'), ('XDG_MENU_PREFIX', 'gnome-'), ('XDG_RUNTIME_DIR', '/run/user/1000'), ('DISPLAY', ':1'), ('TERMINATOR_DBUS_PATH', '/net/tenshu/Terminator2'), ('LANG', 'en_US.UTF-8'), ('XDG_CURRENT_DESKTOP', 'ubuntu:GNOME'), ('RMW_IMPLEMENTATION', 'rmw_cyclonedds_cpp'), ('XMODIFIERS', '@im=ibus'), ('XDG_SESSION_DESKTOP', 'ubuntu'), ('XAUTHORITY', '/run/user/1000/gdm/Xauthority'), ('LS_COLORS', 'rs=0:di=01;34:ln=01;36:mh=00:pi=40;33:so=01;35:do=01;35:bd=40;33;01:cd=40;33;01:or=40;31;01:mi=00:su=37;41:sg=30;43:ca=30;41:tw=30;42:ow=34;42:st=37;44:ex=01;32:*.tar=01;31:*.tgz=01;31:*.arc=01;31:*.arj=01;31:*.taz=01;31:*.lha=01;31:*.lz4=01;31:*.lzh=01;31:*.lzma=01;31:*.tlz=01;31:*.txz=01;31:*.tzo=01;31:*.t7z=01;31:*.zip=01;31:*.z=01;31:*.dz=01;31:*.gz=01;31:*.lrz=01;31:*.lz=01;31:*.lzo=01;31:*.xz=01;31:*.zst=01;31:*.tzst=01;31:*.bz2=01;31:*.bz=01;31:*.tbz=01;31:*.tbz2=01;31:*.tz=01;31:*.deb=01;31:*.rpm=01;31:*.jar=01;31:*.war=01;31:*.ear=01;31:*.sar=01;31:*.rar=01;31:*.alz=01;31:*.ace=01;31:*.zoo=01;31:*.cpio=01;31:*.7z=01;31:*.rz=01;31:*.cab=01;31:*.wim=01;31:*.swm=01;31:*.dwm=01;31:*.esd=01;31:*.jpg=01;35:*.jpeg=01;35:*.mjpg=01;35:*.mjpeg=01;35:*.gif=01;35:*.bmp=01;35:*.pbm=01;35:*.pgm=01;35:*.ppm=01;35:*.tga=01;35:*.xbm=01;35:*.xpm=01;35:*.tif=01;35:*.tiff=01;35:*.png=01;35:*.svg=01;35:*.svgz=01;35:*.mng=01;35:*.pcx=01;35:*.mov=01;35:*.mpg=01;35:*.mpeg=01;35:*.m2v=01;35:*.mkv=01;35:*.webm=01;35:*.ogm=01;35:*.mp4=01;35:*.m4v=01;35:*.mp4v=01;35:*.vob=01;35:*.qt=01;35:*.nuv=01;35:*.wmv=01;35:*.asf=01;35:*.rm=01;35:*.rmvb=01;35:*.flc=01;35:*.avi=01;35:*.fli=01;35:*.flv=01;35:*.gl=01;35:*.dl=01;35:*.xcf=01;35:*.xwd=01;35:*.yuv=01;35:*.cgm=01;35:*.emf=01;35:*.ogv=01;35:*.ogx=01;35:*.aac=00;36:*.au=00;36:*.flac=00;36:*.m4a=00;36:*.mid=00;36:*.midi=00;36:*.mka=00;36:*.mp3=00;36:*.mpc=00;36:*.ogg=00;36:*.ra=00;36:*.wav=00;36:*.oga=00;36:*.opus=00;36:*.spx=00;36:*.xspf=00;36:'), ('JETSON_SOC', 'tegra194'), ('SSH_AUTH_SOCK', '/run/user/1000/keyring/ssh'), ('ROS_DOMAIN_ID', '35'), ('AMENT_PREFIX_PATH', '/home/wjs/cart_ros2/install:/home/wjs/tb3_tpl_ws/install:/opt/ros/galactic'), ('SHELL', '/bin/bash'), ('TERMINATOR_UUID', 'urn:uuid:479ed337-4a64-46eb-b813-77ac35b7f442'), ('QT_ACCESSIBILITY', '1'), ('GDMSESSION', 'ubuntu'), ('LESSCLOSE', '/usr/bin/lesspipe %s %s'), ('GPG_AGENT_INFO', '/run/user/1000/gnupg/S.gpg-agent:0:1'), ('QT_IM_MODULE', 'ibus'), ('JETSON_CUDA_ARCH_BIN', '7.2'), ('PWD', '/home/wjs/cart_ros2/build/ira_laser_tools'), ('XDG_CONFIG_DIRS', '/etc/xdg/xdg-ubuntu:/etc/xdg'), ('XDG_DATA_DIRS', '/usr/share/ubuntu:/usr/local/share/:/usr/share/:/var/lib/snapd/desktop'), ('PYTHONPATH', '/opt/opencv-4.5.5-cuda/lib/python3.8/site-packages:/home/wjs/cart_ros2/build/differential_drive/src:/home/wjs/cart_ros2/build/arduino_ros2:/home/wjs/cart_ros2/build/agv_body:/home/wjs/cart_ros2/install/lib/python3.8/site-packages:/home/wjs/tb3_tpl_ws/build/turtlebot3_teleop:/home/wjs/tb3_tpl_ws/install/lib/python3.8/site-packages:/opt/ros/galactic/lib/python3.8/site-packages'), ('COLCON', '1'), ('VTE_VERSION', '6003'), ('JETSON_JETPACK', '5.1.7'), ('CMAKE_PREFIX_PATH', '/home/wjs/cart_ros2/install:/home/wjs/tb3_tpl_ws/install:/opt/ros/galactic'), ('JETSON_P_NUMBER', 'p2888-0004')]), 'shell': False}
[4.968391] (-) TimerEvent: {}
[5.071548] (-) TimerEvent: {}
[5.172449] (-) TimerEvent: {}
[5.273332] (-) TimerEvent: {}
[5.332653] (ira_laser_tools) StdoutLine: {'line': b'[ 50%] Built target laserscan_virtualizer\n'}
[5.373552] (-) TimerEvent: {}
[5.474483] (-) TimerEvent: {}
[5.493807] (agv_body) StdoutLine: {'line': b'running develop\n'}
[5.545200] (ira_laser_tools) StdoutLine: {'line': b'[100%] Built target laserscan_multi_merger\n'}
[5.574731] (-) TimerEvent: {}
[5.604778] (ira_laser_tools) CommandEnded: {'returncode': 0}
[5.619084] (ira_laser_tools) JobProgress: {'identifier': 'ira_laser_tools', 'progress': 'install'}
[5.620222] (ira_laser_tools) Command: {'cmd': ['/usr/bin/cmake', '--install', '/home/wjs/cart_ros2/build/ira_laser_tools'], 'cwd': '/home/wjs/cart_ros2/build/ira_laser_tools', 'env': OrderedDict([('LESSOPEN', '| /usr/bin/lesspipe %s'), ('USER', 'wjs'), ('SSH_AGENT_PID', '4037'), ('XDG_SESSION_TYPE', 'x11'), ('PIP_CACHE_DIR', '/mnt/sdcard/.cache/pip'), ('XDG_CACHE_HOME', '/mnt/sdcard/.cache'), ('SHLVL', '1'), ('LD_LIBRARY_PATH', '/opt/opencv-4.5.5-cuda/lib:/home/wjs/cart_ros2/install/lib:/home/wjs/tb3_tpl_ws/install/lib:/opt/ros/galactic/opt/yaml_cpp_vendor/lib:/opt/ros/galactic/opt/rviz_ogre_vendor/lib:/opt/ros/galactic/lib/aarch64-linux-gnu:/opt/ros/galactic/lib:/usr/local/cuda-11.4/lib64:'), ('HOME', '/home/wjs'), ('CYCLONEDDS_URI', 'file:///home/wjs/cyclonedds_lo.xml'), ('OLDPWD', '/home/wjs'), ('DESKTOP_SESSION', 'ubuntu'), ('JETSON_L4T', '35.6.3'), ('ROS_PYTHON_VERSION', '3'), ('GNOME_SHELL_SESSION_MODE', 'ubuntu'), ('GTK_MODULES', 'gail:atk-bridge'), ('JETSON_MODEL', 'Jetson-AGX'), ('MANAGERPID', '3935'), ('DBUS_SESSION_BUS_ADDRESS', 'unix:path=/run/user/1000/bus'), ('COLORTERM', 'truecolor'), ('TERMINATOR_DBUS_NAME', 'net.tenshu.Terminator23558193cd9818af7fe4d2c2f5bd9d00f'), ('GIO_LAUNCHED_DESKTOP_FILE_PID', '7597'), ('IM_CONFIG_PHASE', '1'), ('TMPDIR', '/mnt/sdcard/tmp'), ('COLCON_PREFIX_PATH', '/home/wjs/cart_ros2/install:/home/wjs/tb3_tpl_ws/install'), ('TORCH_HOME', '/mnt/sdcard/.cache/torch'), ('ROS_DISTRO', 'galactic'), ('LOGNAME', 'wjs'), ('JETSON_MODULE', 'NVIDIA Jetson AGX Xavier (32 GB ram)'), ('JETSON_SERIAL_NUMBER', '1423420009543'), ('JOURNAL_STREAM', '8:75272'), ('_', '/usr/bin/colcon'), ('ROS_VERSION', '2'), ('JETSON_CODENAME', 'Galen'), ('XDG_SESSION_CLASS', 'user'), ('USERNAME', 'wjs'), ('TERM', 'xterm-256color'), ('GNOME_DESKTOP_SESSION_ID', 'this-is-deprecated'), ('ROS_LOCALHOST_ONLY', '1'), ('WINDOWPATH', '2'), ('PATH', '/opt/ros/galactic/bin:/usr/local/cuda-11.4/bin:/home/wjs/.local/bin:/usr/local/sbin:/usr/local/bin:/usr/sbin:/usr/bin:/sbin:/bin:/usr/games:/usr/local/games:/snap/bin'), ('SESSION_MANAGER', 'local/ubuntu:@/tmp/.ICE-unix/4072,unix/ubuntu:/tmp/.ICE-unix/4072'), ('INVOCATION_ID', '579b0bc7d2444c1facacc62736e29ce4'), ('XDG_MENU_PREFIX', 'gnome-'), ('XDG_RUNTIME_DIR', '/run/user/1000'), ('DISPLAY', ':1'), ('TERMINATOR_DBUS_PATH', '/net/tenshu/Terminator2'), ('LANG', 'en_US.UTF-8'), ('XDG_CURRENT_DESKTOP', 'ubuntu:GNOME'), ('RMW_IMPLEMENTATION', 'rmw_cyclonedds_cpp'), ('XMODIFIERS', '@im=ibus'), ('XDG_SESSION_DESKTOP', 'ubuntu'), ('XAUTHORITY', '/run/user/1000/gdm/Xauthority'), ('LS_COLORS', 'rs=0:di=01;34:ln=01;36:mh=00:pi=40;33:so=01;35:do=01;35:bd=40;33;01:cd=40;33;01:or=40;31;01:mi=00:su=37;41:sg=30;43:ca=30;41:tw=30;42:ow=34;42:st=37;44:ex=01;32:*.tar=01;31:*.tgz=01;31:*.arc=01;31:*.arj=01;31:*.taz=01;31:*.lha=01;31:*.lz4=01;31:*.lzh=01;31:*.lzma=01;31:*.tlz=01;31:*.txz=01;31:*.tzo=01;31:*.t7z=01;31:*.zip=01;31:*.z=01;31:*.dz=01;31:*.gz=01;31:*.lrz=01;31:*.lz=01;31:*.lzo=01;31:*.xz=01;31:*.zst=01;31:*.tzst=01;31:*.bz2=01;31:*.bz=01;31:*.tbz=01;31:*.tbz2=01;31:*.tz=01;31:*.deb=01;31:*.rpm=01;31:*.jar=01;31:*.war=01;31:*.ear=01;31:*.sar=01;31:*.rar=01;31:*.alz=01;31:*.ace=01;31:*.zoo=01;31:*.cpio=01;31:*.7z=01;31:*.rz=01;31:*.cab=01;31:*.wim=01;31:*.swm=01;31:*.dwm=01;31:*.esd=01;31:*.jpg=01;35:*.jpeg=01;35:*.mjpg=01;35:*.mjpeg=01;35:*.gif=01;35:*.bmp=01;35:*.pbm=01;35:*.pgm=01;35:*.ppm=01;35:*.tga=01;35:*.xbm=01;35:*.xpm=01;35:*.tif=01;35:*.tiff=01;35:*.png=01;35:*.svg=01;35:*.svgz=01;35:*.mng=01;35:*.pcx=01;35:*.mov=01;35:*.mpg=01;35:*.mpeg=01;35:*.m2v=01;35:*.mkv=01;35:*.webm=01;35:*.ogm=01;35:*.mp4=01;35:*.m4v=01;35:*.mp4v=01;35:*.vob=01;35:*.qt=01;35:*.nuv=01;35:*.wmv=01;35:*.asf=01;35:*.rm=01;35:*.rmvb=01;35:*.flc=01;35:*.avi=01;35:*.fli=01;35:*.flv=01;35:*.gl=01;35:*.dl=01;35:*.xcf=01;35:*.xwd=01;35:*.yuv=01;35:*.cgm=01;35:*.emf=01;35:*.ogv=01;35:*.ogx=01;35:*.aac=00;36:*.au=00;36:*.flac=00;36:*.m4a=00;36:*.mid=00;36:*.midi=00;36:*.mka=00;36:*.mp3=00;36:*.mpc=00;36:*.ogg=00;36:*.ra=00;36:*.wav=00;36:*.oga=00;36:*.opus=00;36:*.spx=00;36:*.xspf=00;36:'), ('JETSON_SOC', 'tegra194'), ('SSH_AUTH_SOCK', '/run/user/1000/keyring/ssh'), ('ROS_DOMAIN_ID', '35'), ('AMENT_PREFIX_PATH', '/home/wjs/cart_ros2/install:/home/wjs/tb3_tpl_ws/install:/opt/ros/galactic'), ('SHELL', '/bin/bash'), ('TERMINATOR_UUID', 'urn:uuid:479ed337-4a64-46eb-b813-77ac35b7f442'), ('QT_ACCESSIBILITY', '1'), ('GDMSESSION', 'ubuntu'), ('LESSCLOSE', '/usr/bin/lesspipe %s %s'), ('GPG_AGENT_INFO', '/run/user/1000/gnupg/S.gpg-agent:0:1'), ('QT_IM_MODULE', 'ibus'), ('JETSON_CUDA_ARCH_BIN', '7.2'), ('PWD', '/home/wjs/cart_ros2/build/ira_laser_tools'), ('XDG_CONFIG_DIRS', '/etc/xdg/xdg-ubuntu:/etc/xdg'), ('XDG_DATA_DIRS', '/usr/share/ubuntu:/usr/local/share/:/usr/share/:/var/lib/snapd/desktop'), ('PYTHONPATH', '/opt/opencv-4.5.5-cuda/lib/python3.8/site-packages:/home/wjs/cart_ros2/build/differential_drive/src:/home/wjs/cart_ros2/build/arduino_ros2:/home/wjs/cart_ros2/build/agv_body:/home/wjs/cart_ros2/install/lib/python3.8/site-packages:/home/wjs/tb3_tpl_ws/build/turtlebot3_teleop:/home/wjs/tb3_tpl_ws/install/lib/python3.8/site-packages:/opt/ros/galactic/lib/python3.8/site-packages'), ('COLCON', '1'), ('VTE_VERSION', '6003'), ('JETSON_JETPACK', '5.1.7'), ('CMAKE_PREFIX_PATH', '/home/wjs/cart_ros2/install:/home/wjs/tb3_tpl_ws/install:/opt/ros/galactic'), ('JETSON_P_NUMBER', 'p2888-0004')]), 'shell': False}
[5.675080] (-) TimerEvent: {}
[5.677744] (ira_laser_tools) StdoutLine: {'line': b'-- Install configuration: ""\n'}
[5.682398] (ira_laser_tools) StdoutLine: {'line': b'-- Execute custom install script\n'}
[5.685779] (ira_laser_tools) StdoutLine: {'line': b'-- Up-to-date symlink: /home/wjs/cart_ros2/install/lib/ira_laser_tools/laserscan_multi_merger\n'}
[5.687980] (ira_laser_tools) StdoutLine: {'line': b'-- Up-to-date symlink: /home/wjs/cart_ros2/install/lib/ira_laser_tools/laserscan_virtualizer\n'}
[5.691454] (ira_laser_tools) StdoutLine: {'line': b'-- Up-to-date symlink: /home/wjs/cart_ros2/install/share/ira_laser_tools/launch/laserscan_multi_merger.launch\n'}
[5.693446] (ira_laser_tools) StdoutLine: {'line': b'-- Up-to-date symlink: /home/wjs/cart_ros2/install/share/ira_laser_tools/launch/laserscan_virtualizer.launch\n'}
[5.695190] (ira_laser_tools) StdoutLine: {'line': b'-- Up-to-date symlink: /home/wjs/cart_ros2/install/share/ira_laser_tools/launch/merge_multi.launch.py\n'}
[5.697966] (ira_laser_tools) StdoutLine: {'line': b'-- Up-to-date symlink: /home/wjs/cart_ros2/install/share/ira_laser_tools/config/laserscan_merge.yaml\n'}
[5.700440] (ira_laser_tools) StdoutLine: {'line': b'-- Up-to-date symlink: /home/wjs/cart_ros2/install/share/ament_index/resource_index/package_run_dependencies/ira_laser_tools\n'}
[5.704019] (ira_laser_tools) StdoutLine: {'line': b'-- Up-to-date symlink: /home/wjs/cart_ros2/install/share/ament_index/resource_index/parent_prefix_path/ira_laser_tools\n'}
[5.706686] (ira_laser_tools) StdoutLine: {'line': b'-- Up-to-date symlink: /home/wjs/cart_ros2/install/share/ira_laser_tools/environment/ament_prefix_path.sh\n'}
[5.709394] (ira_laser_tools) StdoutLine: {'line': b'-- Up-to-date symlink: /home/wjs/cart_ros2/install/share/ira_laser_tools/environment/ament_prefix_path.dsv\n'}
[5.711756] (ira_laser_tools) StdoutLine: {'line': b'-- Up-to-date symlink: /home/wjs/cart_ros2/install/share/ira_laser_tools/environment/path.sh\n'}
[5.713873] (ira_laser_tools) StdoutLine: {'line': b'-- Up-to-date symlink: /home/wjs/cart_ros2/install/share/ira_laser_tools/environment/path.dsv\n'}
[5.716076] (ira_laser_tools) StdoutLine: {'line': b'-- Up-to-date symlink: /home/wjs/cart_ros2/install/share/ira_laser_tools/local_setup.bash\n'}
[5.718094] (ira_laser_tools) StdoutLine: {'line': b'-- Up-to-date symlink: /home/wjs/cart_ros2/install/share/ira_laser_tools/local_setup.sh\n'}
[5.720222] (ira_laser_tools) StdoutLine: {'line': b'-- Up-to-date symlink: /home/wjs/cart_ros2/install/share/ira_laser_tools/local_setup.zsh\n'}
[5.723623] (ira_laser_tools) StdoutLine: {'line': b'-- Up-to-date symlink: /home/wjs/cart_ros2/install/share/ira_laser_tools/local_setup.dsv\n'}
[5.725590] (ira_laser_tools) StdoutLine: {'line': b'-- Symlinking: /home/wjs/cart_ros2/install/share/ira_laser_tools/package.dsv\n'}
[5.782945] (ira_laser_tools) StdoutLine: {'line': b'-- Up-to-date symlink: /home/wjs/cart_ros2/install/share/ament_index/resource_index/packages/ira_laser_tools\n'}
[5.783528] (-) TimerEvent: {}
[5.783993] (ira_laser_tools) StdoutLine: {'line': b'-- Up-to-date symlink: /home/wjs/cart_ros2/install/share/ira_laser_tools/cmake/ament_cmake_export_dependencies-extras.cmake\n'}
[5.784328] (ira_laser_tools) StdoutLine: {'line': b'-- Up-to-date symlink: /home/wjs/cart_ros2/install/share/ira_laser_tools/cmake/ira_laser_toolsConfig.cmake\n'}
[5.784607] (ira_laser_tools) StdoutLine: {'line': b'-- Up-to-date symlink: /home/wjs/cart_ros2/install/share/ira_laser_tools/cmake/ira_laser_toolsConfig-version.cmake\n'}
[5.784867] (ira_laser_tools) StdoutLine: {'line': b'-- Up-to-date symlink: /home/wjs/cart_ros2/install/share/ira_laser_tools/package.xml\n'}
[5.801922] (ira_laser_tools) CommandEnded: {'returncode': 0}
[5.883979] (-) TimerEvent: {}
[5.917996] (ira_laser_tools) JobEnded: {'identifier': 'ira_laser_tools', 'rc': 0}
[5.921442] (laser_filters) JobStarted: {'identifier': 'laser_filters'}
[5.980861] (laser_filters) JobProgress: {'identifier': 'laser_filters', 'progress': 'cmake'}
[5.985636] (-) TimerEvent: {}
[5.989326] (laser_filters) JobProgress: {'identifier': 'laser_filters', 'progress': 'build'}
[5.997688] (laser_filters) Command: {'cmd': ['/usr/bin/cmake', '--build', '/home/wjs/cart_ros2/build/laser_filters', '--', '-j4', '-l4'], 'cwd': '/home/wjs/cart_ros2/build/laser_filters', 'env': OrderedDict([('LESSOPEN', '| /usr/bin/lesspipe %s'), ('USER', 'wjs'), ('SSH_AGENT_PID', '4037'), ('XDG_SESSION_TYPE', 'x11'), ('PIP_CACHE_DIR', '/mnt/sdcard/.cache/pip'), ('XDG_CACHE_HOME', '/mnt/sdcard/.cache'), ('SHLVL', '1'), ('LD_LIBRARY_PATH', '/opt/opencv-4.5.5-cuda/lib:/home/wjs/cart_ros2/install/lib:/home/wjs/tb3_tpl_ws/install/lib:/opt/ros/galactic/opt/yaml_cpp_vendor/lib:/opt/ros/galactic/opt/rviz_ogre_vendor/lib:/opt/ros/galactic/lib/aarch64-linux-gnu:/opt/ros/galactic/lib:/usr/local/cuda-11.4/lib64:'), ('HOME', '/home/wjs'), ('CYCLONEDDS_URI', 'file:///home/wjs/cyclonedds_lo.xml'), ('OLDPWD', '/home/wjs'), ('DESKTOP_SESSION', 'ubuntu'), ('JETSON_L4T', '35.6.3'), ('ROS_PYTHON_VERSION', '3'), ('GNOME_SHELL_SESSION_MODE', 'ubuntu'), ('GTK_MODULES', 'gail:atk-bridge'), ('JETSON_MODEL', 'Jetson-AGX'), ('MANAGERPID', '3935'), ('DBUS_SESSION_BUS_ADDRESS', 'unix:path=/run/user/1000/bus'), ('COLORTERM', 'truecolor'), ('TERMINATOR_DBUS_NAME', 'net.tenshu.Terminator23558193cd9818af7fe4d2c2f5bd9d00f'), ('GIO_LAUNCHED_DESKTOP_FILE_PID', '7597'), ('IM_CONFIG_PHASE', '1'), ('TMPDIR', '/mnt/sdcard/tmp'), ('COLCON_PREFIX_PATH', '/home/wjs/cart_ros2/install:/home/wjs/tb3_tpl_ws/install'), ('TORCH_HOME', '/mnt/sdcard/.cache/torch'), ('ROS_DISTRO', 'galactic'), ('LOGNAME', 'wjs'), ('JETSON_MODULE', 'NVIDIA Jetson AGX Xavier (32 GB ram)'), ('JETSON_SERIAL_NUMBER', '1423420009543'), ('JOURNAL_STREAM', '8:75272'), ('_', '/usr/bin/colcon'), ('ROS_VERSION', '2'), ('JETSON_CODENAME', 'Galen'), ('XDG_SESSION_CLASS', 'user'), ('USERNAME', 'wjs'), ('TERM', 'xterm-256color'), ('GNOME_DESKTOP_SESSION_ID', 'this-is-deprecated'), ('ROS_LOCALHOST_ONLY', '1'), ('WINDOWPATH', '2'), ('PATH', '/opt/ros/galactic/bin:/usr/local/cuda-11.4/bin:/home/wjs/.local/bin:/usr/local/sbin:/usr/local/bin:/usr/sbin:/usr/bin:/sbin:/bin:/usr/games:/usr/local/games:/snap/bin'), ('SESSION_MANAGER', 'local/ubuntu:@/tmp/.ICE-unix/4072,unix/ubuntu:/tmp/.ICE-unix/4072'), ('INVOCATION_ID', '579b0bc7d2444c1facacc62736e29ce4'), ('XDG_MENU_PREFIX', 'gnome-'), ('XDG_RUNTIME_DIR', '/run/user/1000'), ('DISPLAY', ':1'), ('TERMINATOR_DBUS_PATH', '/net/tenshu/Terminator2'), ('LANG', 'en_US.UTF-8'), ('XDG_CURRENT_DESKTOP', 'ubuntu:GNOME'), ('RMW_IMPLEMENTATION', 'rmw_cyclonedds_cpp'), ('XMODIFIERS', '@im=ibus'), ('XDG_SESSION_DESKTOP', 'ubuntu'), ('XAUTHORITY', '/run/user/1000/gdm/Xauthority'), ('LS_COLORS', 'rs=0:di=01;34:ln=01;36:mh=00:pi=40;33:so=01;35:do=01;35:bd=40;33;01:cd=40;33;01:or=40;31;01:mi=00:su=37;41:sg=30;43:ca=30;41:tw=30;42:ow=34;42:st=37;44:ex=01;32:*.tar=01;31:*.tgz=01;31:*.arc=01;31:*.arj=01;31:*.taz=01;31:*.lha=01;31:*.lz4=01;31:*.lzh=01;31:*.lzma=01;31:*.tlz=01;31:*.txz=01;31:*.tzo=01;31:*.t7z=01;31:*.zip=01;31:*.z=01;31:*.dz=01;31:*.gz=01;31:*.lrz=01;31:*.lz=01;31:*.lzo=01;31:*.xz=01;31:*.zst=01;31:*.tzst=01;31:*.bz2=01;31:*.bz=01;31:*.tbz=01;31:*.tbz2=01;31:*.tz=01;31:*.deb=01;31:*.rpm=01;31:*.jar=01;31:*.war=01;31:*.ear=01;31:*.sar=01;31:*.rar=01;31:*.alz=01;31:*.ace=01;31:*.zoo=01;31:*.cpio=01;31:*.7z=01;31:*.rz=01;31:*.cab=01;31:*.wim=01;31:*.swm=01;31:*.dwm=01;31:*.esd=01;31:*.jpg=01;35:*.jpeg=01;35:*.mjpg=01;35:*.mjpeg=01;35:*.gif=01;35:*.bmp=01;35:*.pbm=01;35:*.pgm=01;35:*.ppm=01;35:*.tga=01;35:*.xbm=01;35:*.xpm=01;35:*.tif=01;35:*.tiff=01;35:*.png=01;35:*.svg=01;35:*.svgz=01;35:*.mng=01;35:*.pcx=01;35:*.mov=01;35:*.mpg=01;35:*.mpeg=01;35:*.m2v=01;35:*.mkv=01;35:*.webm=01;35:*.ogm=01;35:*.mp4=01;35:*.m4v=01;35:*.mp4v=01;35:*.vob=01;35:*.qt=01;35:*.nuv=01;35:*.wmv=01;35:*.asf=01;35:*.rm=01;35:*.rmvb=01;35:*.flc=01;35:*.avi=01;35:*.fli=01;35:*.flv=01;35:*.gl=01;35:*.dl=01;35:*.xcf=01;35:*.xwd=01;35:*.yuv=01;35:*.cgm=01;35:*.emf=01;35:*.ogv=01;35:*.ogx=01;35:*.aac=00;36:*.au=00;36:*.flac=00;36:*.m4a=00;36:*.mid=00;36:*.midi=00;36:*.mka=00;36:*.mp3=00;36:*.mpc=00;36:*.ogg=00;36:*.ra=00;36:*.wav=00;36:*.oga=00;36:*.opus=00;36:*.spx=00;36:*.xspf=00;36:'), ('JETSON_SOC', 'tegra194'), ('SSH_AUTH_SOCK', '/run/user/1000/keyring/ssh'), ('ROS_DOMAIN_ID', '35'), ('AMENT_PREFIX_PATH', '/home/wjs/cart_ros2/install:/home/wjs/tb3_tpl_ws/install:/opt/ros/galactic'), ('SHELL', '/bin/bash'), ('TERMINATOR_UUID', 'urn:uuid:479ed337-4a64-46eb-b813-77ac35b7f442'), ('QT_ACCESSIBILITY', '1'), ('GDMSESSION', 'ubuntu'), ('LESSCLOSE', '/usr/bin/lesspipe %s %s'), ('GPG_AGENT_INFO', '/run/user/1000/gnupg/S.gpg-agent:0:1'), ('QT_IM_MODULE', 'ibus'), ('JETSON_CUDA_ARCH_BIN', '7.2'), ('PWD', '/home/wjs/cart_ros2/build/laser_filters'), ('XDG_CONFIG_DIRS', '/etc/xdg/xdg-ubuntu:/etc/xdg'), ('XDG_DATA_DIRS', '/usr/share/ubuntu:/usr/local/share/:/usr/share/:/var/lib/snapd/desktop'), ('PYTHONPATH', '/opt/opencv-4.5.5-cuda/lib/python3.8/site-packages:/home/wjs/cart_ros2/build/differential_drive/src:/home/wjs/cart_ros2/build/arduino_ros2:/home/wjs/cart_ros2/build/agv_body:/home/wjs/cart_ros2/install/lib/python3.8/site-packages:/home/wjs/tb3_tpl_ws/build/turtlebot3_teleop:/home/wjs/tb3_tpl_ws/install/lib/python3.8/site-packages:/opt/ros/galactic/lib/python3.8/site-packages'), ('COLCON', '1'), ('VTE_VERSION', '6003'), ('JETSON_JETPACK', '5.1.7'), ('CMAKE_PREFIX_PATH', '/home/wjs/cart_ros2/install:/home/wjs/tb3_tpl_ws/install:/opt/ros/galactic'), ('JETSON_P_NUMBER', 'p2888-0004')]), 'shell': False}
[6.085902] (-) TimerEvent: {}
[6.187354] (-) TimerEvent: {}
[6.288253] (-) TimerEvent: {}
[6.293470] (agv_body) StdoutLine: {'line': b'running egg_info\n'}
[6.294213] (agv_body) StdoutLine: {'line': b'writing agv_body.egg-info/PKG-INFO\n'}
[6.294856] (agv_body) StdoutLine: {'line': b'writing dependency_links to agv_body.egg-info/dependency_links.txt\n'}
[6.298512] (agv_body) StdoutLine: {'line': b'writing entry points to agv_body.egg-info/entry_points.txt\n'}
[6.302704] (agv_body) StdoutLine: {'line': b'writing requirements to agv_body.egg-info/requires.txt\n'}
[6.303846] (agv_body) StdoutLine: {'line': b'writing top-level names to agv_body.egg-info/top_level.txt\n'}
[6.354092] (laser_filters) StdoutLine: {'line': b'[ 14%] Built target laser_scan_filters\n'}
[6.372640] (differential_drive) Command: {'cmd': ['/usr/bin/python3', '-W', 'ignore:setup.py install is deprecated', '-W', 'ignore:easy_install command is deprecated', 'setup.py', 'develop', '--editable', '--build-directory', '/home/wjs/cart_ros2/build/differential_drive/build', '--no-deps', 'symlink_data'], 'cwd': '/home/wjs/cart_ros2/build/differential_drive', 'env': {'LESSOPEN': '| /usr/bin/lesspipe %s', 'USER': 'wjs', 'SSH_AGENT_PID': '4037', 'XDG_SESSION_TYPE': 'x11', 'PIP_CACHE_DIR': '/mnt/sdcard/.cache/pip', 'XDG_CACHE_HOME': '/mnt/sdcard/.cache', 'SHLVL': '1', 'LD_LIBRARY_PATH': '/opt/opencv-4.5.5-cuda/lib:/home/wjs/cart_ros2/install/lib:/home/wjs/tb3_tpl_ws/install/lib:/opt/ros/galactic/opt/yaml_cpp_vendor/lib:/opt/ros/galactic/opt/rviz_ogre_vendor/lib:/opt/ros/galactic/lib/aarch64-linux-gnu:/opt/ros/galactic/lib:/usr/local/cuda-11.4/lib64:', 'HOME': '/home/wjs', 'CYCLONEDDS_URI': 'file:///home/wjs/cyclonedds_lo.xml', 'OLDPWD': '/home/wjs', 'DESKTOP_SESSION': 'ubuntu', 'JETSON_L4T': '35.6.3', 'ROS_PYTHON_VERSION': '3', 'GNOME_SHELL_SESSION_MODE': 'ubuntu', 'GTK_MODULES': 'gail:atk-bridge', 'JETSON_MODEL': 'Jetson-AGX', 'MANAGERPID': '3935', 'DBUS_SESSION_BUS_ADDRESS': 'unix:path=/run/user/1000/bus', 'COLORTERM': 'truecolor', 'TERMINATOR_DBUS_NAME': 'net.tenshu.Terminator23558193cd9818af7fe4d2c2f5bd9d00f', 'GIO_LAUNCHED_DESKTOP_FILE_PID': '7597', 'IM_CONFIG_PHASE': '1', 'TMPDIR': '/mnt/sdcard/tmp', 'COLCON_PREFIX_PATH': '/home/wjs/cart_ros2/install:/home/wjs/tb3_tpl_ws/install', 'TORCH_HOME': '/mnt/sdcard/.cache/torch', 'ROS_DISTRO': 'galactic', 'LOGNAME': 'wjs', 'JETSON_MODULE': 'NVIDIA Jetson AGX Xavier (32 GB ram)', 'JETSON_SERIAL_NUMBER': '1423420009543', 'JOURNAL_STREAM': '8:75272', '_': '/usr/bin/colcon', 'ROS_VERSION': '2', 'JETSON_CODENAME': 'Galen', 'XDG_SESSION_CLASS': 'user', 'USERNAME': 'wjs', 'TERM': 'xterm-256color', 'GNOME_DESKTOP_SESSION_ID': 'this-is-deprecated', 'ROS_LOCALHOST_ONLY': '1', 'WINDOWPATH': '2', 'PATH': '/opt/ros/galactic/bin:/usr/local/cuda-11.4/bin:/home/wjs/.local/bin:/usr/local/sbin:/usr/local/bin:/usr/sbin:/usr/bin:/sbin:/bin:/usr/games:/usr/local/games:/snap/bin', 'SESSION_MANAGER': 'local/ubuntu:@/tmp/.ICE-unix/4072,unix/ubuntu:/tmp/.ICE-unix/4072', 'INVOCATION_ID': '579b0bc7d2444c1facacc62736e29ce4', 'XDG_MENU_PREFIX': 'gnome-', 'XDG_RUNTIME_DIR': '/run/user/1000', 'DISPLAY': ':1', 'TERMINATOR_DBUS_PATH': '/net/tenshu/Terminator2', 'LANG': 'en_US.UTF-8', 'XDG_CURRENT_DESKTOP': 'ubuntu:GNOME', 'RMW_IMPLEMENTATION': 'rmw_cyclonedds_cpp', 'XMODIFIERS': '@im=ibus', 'XDG_SESSION_DESKTOP': 'ubuntu', 'XAUTHORITY': '/run/user/1000/gdm/Xauthority', 'LS_COLORS': 'rs=0:di=01;34:ln=01;36:mh=00:pi=40;33:so=01;35:do=01;35:bd=40;33;01:cd=40;33;01:or=40;31;01:mi=00:su=37;41:sg=30;43:ca=30;41:tw=30;42:ow=34;42:st=37;44:ex=01;32:*.tar=01;31:*.tgz=01;31:*.arc=01;31:*.arj=01;31:*.taz=01;31:*.lha=01;31:*.lz4=01;31:*.lzh=01;31:*.lzma=01;31:*.tlz=01;31:*.txz=01;31:*.tzo=01;31:*.t7z=01;31:*.zip=01;31:*.z=01;31:*.dz=01;31:*.gz=01;31:*.lrz=01;31:*.lz=01;31:*.lzo=01;31:*.xz=01;31:*.zst=01;31:*.tzst=01;31:*.bz2=01;31:*.bz=01;31:*.tbz=01;31:*.tbz2=01;31:*.tz=01;31:*.deb=01;31:*.rpm=01;31:*.jar=01;31:*.war=01;31:*.ear=01;31:*.sar=01;31:*.rar=01;31:*.alz=01;31:*.ace=01;31:*.zoo=01;31:*.cpio=01;31:*.7z=01;31:*.rz=01;31:*.cab=01;31:*.wim=01;31:*.swm=01;31:*.dwm=01;31:*.esd=01;31:*.jpg=01;35:*.jpeg=01;35:*.mjpg=01;35:*.mjpeg=01;35:*.gif=01;35:*.bmp=01;35:*.pbm=01;35:*.pgm=01;35:*.ppm=01;35:*.tga=01;35:*.xbm=01;35:*.xpm=01;35:*.tif=01;35:*.tiff=01;35:*.png=01;35:*.svg=01;35:*.svgz=01;35:*.mng=01;35:*.pcx=01;35:*.mov=01;35:*.mpg=01;35:*.mpeg=01;35:*.m2v=01;35:*.mkv=01;35:*.webm=01;35:*.ogm=01;35:*.mp4=01;35:*.m4v=01;35:*.mp4v=01;35:*.vob=01;35:*.qt=01;35:*.nuv=01;35:*.wmv=01;35:*.asf=01;35:*.rm=01;35:*.rmvb=01;35:*.flc=01;35:*.avi=01;35:*.fli=01;35:*.flv=01;35:*.gl=01;35:*.dl=01;35:*.xcf=01;35:*.xwd=01;35:*.yuv=01;35:*.cgm=01;35:*.emf=01;35:*.ogv=01;35:*.ogx=01;35:*.aac=00;36:*.au=00;36:*.flac=00;36:*.m4a=00;36:*.mid=00;36:*.midi=00;36:*.mka=00;36:*.mp3=00;36:*.mpc=00;36:*.ogg=00;36:*.ra=00;36:*.wav=00;36:*.oga=00;36:*.opus=00;36:*.spx=00;36:*.xspf=00;36:', 'JETSON_SOC': 'tegra194', 'SSH_AUTH_SOCK': '/run/user/1000/keyring/ssh', 'ROS_DOMAIN_ID': '35', 'AMENT_PREFIX_PATH': '/home/wjs/cart_ros2/install:/home/wjs/tb3_tpl_ws/install:/opt/ros/galactic', 'SHELL': '/bin/bash', 'TERMINATOR_UUID': 'urn:uuid:479ed337-4a64-46eb-b813-77ac35b7f442', 'QT_ACCESSIBILITY': '1', 'GDMSESSION': 'ubuntu', 'LESSCLOSE': '/usr/bin/lesspipe %s %s', 'GPG_AGENT_INFO': '/run/user/1000/gnupg/S.gpg-agent:0:1', 'QT_IM_MODULE': 'ibus', 'JETSON_CUDA_ARCH_BIN': '7.2', 'PWD': '/home/wjs/cart_ros2/build/differential_drive', 'XDG_CONFIG_DIRS': '/etc/xdg/xdg-ubuntu:/etc/xdg', 'XDG_DATA_DIRS': '/usr/share/ubuntu:/usr/local/share/:/usr/share/:/var/lib/snapd/desktop', 'PYTHONPATH': '/home/wjs/cart_ros2/build/differential_drive/prefix_override:/usr/lib/python3/dist-packages/colcon_core/task/python/colcon_distutils_commands:/home/wjs/cart_ros2/install/lib/python3.8/site-packages:/opt/opencv-4.5.5-cuda/lib/python3.8/site-packages:/home/wjs/cart_ros2/build/differential_drive/src:/home/wjs/cart_ros2/build/arduino_ros2:/home/wjs/cart_ros2/build/agv_body:/home/wjs/cart_ros2/install/lib/python3.8/site-packages:/home/wjs/tb3_tpl_ws/build/turtlebot3_teleop:/home/wjs/tb3_tpl_ws/install/lib/python3.8/site-packages:/opt/ros/galactic/lib/python3.8/site-packages', 'COLCON': '1', 'VTE_VERSION': '6003', 'JETSON_JETPACK': '5.1.7', 'CMAKE_PREFIX_PATH': '/home/wjs/cart_ros2/install:/home/wjs/tb3_tpl_ws/install', 'JETSON_P_NUMBER': 'p2888-0004'}, 'shell': False}
[6.388898] (-) TimerEvent: {}
[6.449037] (agv_body) StdoutLine: {'line': b"reading manifest file 'agv_body.egg-info/SOURCES.txt'\n"}
[6.457758] (arduino_ros2) Command: {'cmd': ['/usr/bin/python3', '-W', 'ignore:setup.py install is deprecated', '-W', 'ignore:easy_install command is deprecated', 'setup.py', 'develop', '--editable', '--build-directory', '/home/wjs/cart_ros2/build/arduino_ros2/build', '--no-deps', 'symlink_data'], 'cwd': '/home/wjs/cart_ros2/build/arduino_ros2', 'env': {'LESSOPEN': '| /usr/bin/lesspipe %s', 'USER': 'wjs', 'SSH_AGENT_PID': '4037', 'XDG_SESSION_TYPE': 'x11', 'PIP_CACHE_DIR': '/mnt/sdcard/.cache/pip', 'XDG_CACHE_HOME': '/mnt/sdcard/.cache', 'SHLVL': '1', 'LD_LIBRARY_PATH': '/opt/opencv-4.5.5-cuda/lib:/home/wjs/cart_ros2/install/lib:/home/wjs/tb3_tpl_ws/install/lib:/opt/ros/galactic/opt/yaml_cpp_vendor/lib:/opt/ros/galactic/opt/rviz_ogre_vendor/lib:/opt/ros/galactic/lib/aarch64-linux-gnu:/opt/ros/galactic/lib:/usr/local/cuda-11.4/lib64:', 'HOME': '/home/wjs', 'CYCLONEDDS_URI': 'file:///home/wjs/cyclonedds_lo.xml', 'OLDPWD': '/home/wjs', 'DESKTOP_SESSION': 'ubuntu', 'JETSON_L4T': '35.6.3', 'ROS_PYTHON_VERSION': '3', 'GNOME_SHELL_SESSION_MODE': 'ubuntu', 'GTK_MODULES': 'gail:atk-bridge', 'JETSON_MODEL': 'Jetson-AGX', 'MANAGERPID': '3935', 'DBUS_SESSION_BUS_ADDRESS': 'unix:path=/run/user/1000/bus', 'COLORTERM': 'truecolor', 'TERMINATOR_DBUS_NAME': 'net.tenshu.Terminator23558193cd9818af7fe4d2c2f5bd9d00f', 'GIO_LAUNCHED_DESKTOP_FILE_PID': '7597', 'IM_CONFIG_PHASE': '1', 'TMPDIR': '/mnt/sdcard/tmp', 'COLCON_PREFIX_PATH': '/home/wjs/cart_ros2/install:/home/wjs/tb3_tpl_ws/install', 'TORCH_HOME': '/mnt/sdcard/.cache/torch', 'ROS_DISTRO': 'galactic', 'LOGNAME': 'wjs', 'JETSON_MODULE': 'NVIDIA Jetson AGX Xavier (32 GB ram)', 'JETSON_SERIAL_NUMBER': '1423420009543', 'JOURNAL_STREAM': '8:75272', '_': '/usr/bin/colcon', 'ROS_VERSION': '2', 'JETSON_CODENAME': 'Galen', 'XDG_SESSION_CLASS': 'user', 'USERNAME': 'wjs', 'TERM': 'xterm-256color', 'GNOME_DESKTOP_SESSION_ID': 'this-is-deprecated', 'ROS_LOCALHOST_ONLY': '1', 'WINDOWPATH': '2', 'PATH': '/opt/ros/galactic/bin:/usr/local/cuda-11.4/bin:/home/wjs/.local/bin:/usr/local/sbin:/usr/local/bin:/usr/sbin:/usr/bin:/sbin:/bin:/usr/games:/usr/local/games:/snap/bin', 'SESSION_MANAGER': 'local/ubuntu:@/tmp/.ICE-unix/4072,unix/ubuntu:/tmp/.ICE-unix/4072', 'INVOCATION_ID': '579b0bc7d2444c1facacc62736e29ce4', 'XDG_MENU_PREFIX': 'gnome-', 'XDG_RUNTIME_DIR': '/run/user/1000', 'DISPLAY': ':1', 'TERMINATOR_DBUS_PATH': '/net/tenshu/Terminator2', 'LANG': 'en_US.UTF-8', 'XDG_CURRENT_DESKTOP': 'ubuntu:GNOME', 'RMW_IMPLEMENTATION': 'rmw_cyclonedds_cpp', 'XMODIFIERS': '@im=ibus', 'XDG_SESSION_DESKTOP': 'ubuntu', 'XAUTHORITY': '/run/user/1000/gdm/Xauthority', 'LS_COLORS': 'rs=0:di=01;34:ln=01;36:mh=00:pi=40;33:so=01;35:do=01;35:bd=40;33;01:cd=40;33;01:or=40;31;01:mi=00:su=37;41:sg=30;43:ca=30;41:tw=30;42:ow=34;42:st=37;44:ex=01;32:*.tar=01;31:*.tgz=01;31:*.arc=01;31:*.arj=01;31:*.taz=01;31:*.lha=01;31:*.lz4=01;31:*.lzh=01;31:*.lzma=01;31:*.tlz=01;31:*.txz=01;31:*.tzo=01;31:*.t7z=01;31:*.zip=01;31:*.z=01;31:*.dz=01;31:*.gz=01;31:*.lrz=01;31:*.lz=01;31:*.lzo=01;31:*.xz=01;31:*.zst=01;31:*.tzst=01;31:*.bz2=01;31:*.bz=01;31:*.tbz=01;31:*.tbz2=01;31:*.tz=01;31:*.deb=01;31:*.rpm=01;31:*.jar=01;31:*.war=01;31:*.ear=01;31:*.sar=01;31:*.rar=01;31:*.alz=01;31:*.ace=01;31:*.zoo=01;31:*.cpio=01;31:*.7z=01;31:*.rz=01;31:*.cab=01;31:*.wim=01;31:*.swm=01;31:*.dwm=01;31:*.esd=01;31:*.jpg=01;35:*.jpeg=01;35:*.mjpg=01;35:*.mjpeg=01;35:*.gif=01;35:*.bmp=01;35:*.pbm=01;35:*.pgm=01;35:*.ppm=01;35:*.tga=01;35:*.xbm=01;35:*.xpm=01;35:*.tif=01;35:*.tiff=01;35:*.png=01;35:*.svg=01;35:*.svgz=01;35:*.mng=01;35:*.pcx=01;35:*.mov=01;35:*.mpg=01;35:*.mpeg=01;35:*.m2v=01;35:*.mkv=01;35:*.webm=01;35:*.ogm=01;35:*.mp4=01;35:*.m4v=01;35:*.mp4v=01;35:*.vob=01;35:*.qt=01;35:*.nuv=01;35:*.wmv=01;35:*.asf=01;35:*.rm=01;35:*.rmvb=01;35:*.flc=01;35:*.avi=01;35:*.fli=01;35:*.flv=01;35:*.gl=01;35:*.dl=01;35:*.xcf=01;35:*.xwd=01;35:*.yuv=01;35:*.cgm=01;35:*.emf=01;35:*.ogv=01;35:*.ogx=01;35:*.aac=00;36:*.au=00;36:*.flac=00;36:*.m4a=00;36:*.mid=00;36:*.midi=00;36:*.mka=00;36:*.mp3=00;36:*.mpc=00;36:*.ogg=00;36:*.ra=00;36:*.wav=00;36:*.oga=00;36:*.opus=00;36:*.spx=00;36:*.xspf=00;36:', 'JETSON_SOC': 'tegra194', 'SSH_AUTH_SOCK': '/run/user/1000/keyring/ssh', 'ROS_DOMAIN_ID': '35', 'AMENT_PREFIX_PATH': '/home/wjs/cart_ros2/install:/home/wjs/tb3_tpl_ws/install:/opt/ros/galactic', 'SHELL': '/bin/bash', 'TERMINATOR_UUID': 'urn:uuid:479ed337-4a64-46eb-b813-77ac35b7f442', 'QT_ACCESSIBILITY': '1', 'GDMSESSION': 'ubuntu', 'LESSCLOSE': '/usr/bin/lesspipe %s %s', 'GPG_AGENT_INFO': '/run/user/1000/gnupg/S.gpg-agent:0:1', 'QT_IM_MODULE': 'ibus', 'JETSON_CUDA_ARCH_BIN': '7.2', 'PWD': '/home/wjs/cart_ros2/build/arduino_ros2', 'XDG_CONFIG_DIRS': '/etc/xdg/xdg-ubuntu:/etc/xdg', 'XDG_DATA_DIRS': '/usr/share/ubuntu:/usr/local/share/:/usr/share/:/var/lib/snapd/desktop', 'PYTHONPATH': '/home/wjs/cart_ros2/build/arduino_ros2/prefix_override:/usr/lib/python3/dist-packages/colcon_core/task/python/colcon_distutils_commands:/home/wjs/cart_ros2/install/lib/python3.8/site-packages:/opt/opencv-4.5.5-cuda/lib/python3.8/site-packages:/home/wjs/cart_ros2/build/differential_drive/src:/home/wjs/cart_ros2/build/arduino_ros2:/home/wjs/cart_ros2/build/agv_body:/home/wjs/cart_ros2/install/lib/python3.8/site-packages:/home/wjs/tb3_tpl_ws/build/turtlebot3_teleop:/home/wjs/tb3_tpl_ws/install/lib/python3.8/site-packages:/opt/ros/galactic/lib/python3.8/site-packages', 'COLCON': '1', 'VTE_VERSION': '6003', 'JETSON_JETPACK': '5.1.7', 'CMAKE_PREFIX_PATH': '/home/wjs/cart_ros2/install:/home/wjs/tb3_tpl_ws/install', 'JETSON_P_NUMBER': 'p2888-0004'}, 'shell': False}
[6.468874] (agv_body) StdoutLine: {'line': b"writing manifest file 'agv_body.egg-info/SOURCES.txt'\n"}
[6.469583] (laser_filters) StdoutLine: {'line': b'[ 28%] Built target gtest_main\n'}
[6.489443] (-) TimerEvent: {}
[6.591686] (-) TimerEvent: {}
[6.640743] (laser_filters) StdoutLine: {'line': b'[ 42%] Built target scan_to_cloud_filter_chain\n'}
[6.681992] (agv_body) StdoutLine: {'line': b'running build_ext\n'}
[6.683068] (agv_body) StdoutLine: {'line': b'Creating /home/wjs/cart_ros2/install/lib/python3.8/site-packages/agv-body.egg-link (link to .)\n'}
[6.691896] (-) TimerEvent: {}
[6.692887] (agv_body) StdoutLine: {'line': b'\n'}
[6.693386] (agv_body) StdoutLine: {'line': b'Installed /home/wjs/cart_ros2/build/agv_body\n'}
[6.693796] (agv_body) StdoutLine: {'line': b'running symlink_data\n'}
[6.792179] (-) TimerEvent: {}
[6.809313] (laser_filters) StdoutLine: {'line': b'[ 57%] Built target scan_to_scan_filter_chain\n'}
[6.835897] (agv_body) CommandEnded: {'returncode': 0}
[6.892568] (-) TimerEvent: {}
[6.937984] (agv_body) JobEnded: {'identifier': 'agv_body', 'rc': 0}
[6.941800] (sllidar_ros2) JobStarted: {'identifier': 'sllidar_ros2'}
[6.968063] (laser_filters) StdoutLine: {'line': b'[ 71%] Built target generic_laser_filter_node\n'}
[6.993476] (-) TimerEvent: {}
[7.014257] (sllidar_ros2) JobProgress: {'identifier': 'sllidar_ros2', 'progress': 'cmake'}
[7.018077] (sllidar_ros2) JobProgress: {'identifier': 'sllidar_ros2', 'progress': 'build'}
[7.019657] (sllidar_ros2) Command: {'cmd': ['/usr/bin/cmake', '--build', '/home/wjs/cart_ros2/build/sllidar_ros2', '--', '-j4', '-l4'], 'cwd': '/home/wjs/cart_ros2/build/sllidar_ros2', 'env': OrderedDict([('LESSOPEN', '| /usr/bin/lesspipe %s'), ('USER', 'wjs'), ('SSH_AGENT_PID', '4037'), ('XDG_SESSION_TYPE', 'x11'), ('PIP_CACHE_DIR', '/mnt/sdcard/.cache/pip'), ('XDG_CACHE_HOME', '/mnt/sdcard/.cache'), ('SHLVL', '1'), ('LD_LIBRARY_PATH', '/opt/opencv-4.5.5-cuda/lib:/home/wjs/cart_ros2/install/lib:/home/wjs/tb3_tpl_ws/install/lib:/opt/ros/galactic/opt/yaml_cpp_vendor/lib:/opt/ros/galactic/opt/rviz_ogre_vendor/lib:/opt/ros/galactic/lib/aarch64-linux-gnu:/opt/ros/galactic/lib:/usr/local/cuda-11.4/lib64:'), ('HOME', '/home/wjs'), ('CYCLONEDDS_URI', 'file:///home/wjs/cyclonedds_lo.xml'), ('OLDPWD', '/home/wjs'), ('DESKTOP_SESSION', 'ubuntu'), ('JETSON_L4T', '35.6.3'), ('ROS_PYTHON_VERSION', '3'), ('GNOME_SHELL_SESSION_MODE', 'ubuntu'), ('GTK_MODULES', 'gail:atk-bridge'), ('JETSON_MODEL', 'Jetson-AGX'), ('MANAGERPID', '3935'), ('DBUS_SESSION_BUS_ADDRESS', 'unix:path=/run/user/1000/bus'), ('COLORTERM', 'truecolor'), ('TERMINATOR_DBUS_NAME', 'net.tenshu.Terminator23558193cd9818af7fe4d2c2f5bd9d00f'), ('GIO_LAUNCHED_DESKTOP_FILE_PID', '7597'), ('IM_CONFIG_PHASE', '1'), ('TMPDIR', '/mnt/sdcard/tmp'), ('COLCON_PREFIX_PATH', '/home/wjs/cart_ros2/install:/home/wjs/tb3_tpl_ws/install'), ('TORCH_HOME', '/mnt/sdcard/.cache/torch'), ('ROS_DISTRO', 'galactic'), ('LOGNAME', 'wjs'), ('JETSON_MODULE', 'NVIDIA Jetson AGX Xavier (32 GB ram)'), ('JETSON_SERIAL_NUMBER', '1423420009543'), ('JOURNAL_STREAM', '8:75272'), ('_', '/usr/bin/colcon'), ('ROS_VERSION', '2'), ('JETSON_CODENAME', 'Galen'), ('XDG_SESSION_CLASS', 'user'), ('USERNAME', 'wjs'), ('TERM', 'xterm-256color'), ('GNOME_DESKTOP_SESSION_ID', 'this-is-deprecated'), ('ROS_LOCALHOST_ONLY', '1'), ('WINDOWPATH', '2'), ('PATH', '/opt/ros/galactic/bin:/usr/local/cuda-11.4/bin:/home/wjs/.local/bin:/usr/local/sbin:/usr/local/bin:/usr/sbin:/usr/bin:/sbin:/bin:/usr/games:/usr/local/games:/snap/bin'), ('SESSION_MANAGER', 'local/ubuntu:@/tmp/.ICE-unix/4072,unix/ubuntu:/tmp/.ICE-unix/4072'), ('INVOCATION_ID', '579b0bc7d2444c1facacc62736e29ce4'), ('XDG_MENU_PREFIX', 'gnome-'), ('XDG_RUNTIME_DIR', '/run/user/1000'), ('DISPLAY', ':1'), ('TERMINATOR_DBUS_PATH', '/net/tenshu/Terminator2'), ('LANG', 'en_US.UTF-8'), ('XDG_CURRENT_DESKTOP', 'ubuntu:GNOME'), ('RMW_IMPLEMENTATION', 'rmw_cyclonedds_cpp'), ('XMODIFIERS', '@im=ibus'), ('XDG_SESSION_DESKTOP', 'ubuntu'), ('XAUTHORITY', '/run/user/1000/gdm/Xauthority'), ('LS_COLORS', 'rs=0:di=01;34:ln=01;36:mh=00:pi=40;33:so=01;35:do=01;35:bd=40;33;01:cd=40;33;01:or=40;31;01:mi=00:su=37;41:sg=30;43:ca=30;41:tw=30;42:ow=34;42:st=37;44:ex=01;32:*.tar=01;31:*.tgz=01;31:*.arc=01;31:*.arj=01;31:*.taz=01;31:*.lha=01;31:*.lz4=01;31:*.lzh=01;31:*.lzma=01;31:*.tlz=01;31:*.txz=01;31:*.tzo=01;31:*.t7z=01;31:*.zip=01;31:*.z=01;31:*.dz=01;31:*.gz=01;31:*.lrz=01;31:*.lz=01;31:*.lzo=01;31:*.xz=01;31:*.zst=01;31:*.tzst=01;31:*.bz2=01;31:*.bz=01;31:*.tbz=01;31:*.tbz2=01;31:*.tz=01;31:*.deb=01;31:*.rpm=01;31:*.jar=01;31:*.war=01;31:*.ear=01;31:*.sar=01;31:*.rar=01;31:*.alz=01;31:*.ace=01;31:*.zoo=01;31:*.cpio=01;31:*.7z=01;31:*.rz=01;31:*.cab=01;31:*.wim=01;31:*.swm=01;31:*.dwm=01;31:*.esd=01;31:*.jpg=01;35:*.jpeg=01;35:*.mjpg=01;35:*.mjpeg=01;35:*.gif=01;35:*.bmp=01;35:*.pbm=01;35:*.pgm=01;35:*.ppm=01;35:*.tga=01;35:*.xbm=01;35:*.xpm=01;35:*.tif=01;35:*.tiff=01;35:*.png=01;35:*.svg=01;35:*.svgz=01;35:*.mng=01;35:*.pcx=01;35:*.mov=01;35:*.mpg=01;35:*.mpeg=01;35:*.m2v=01;35:*.mkv=01;35:*.webm=01;35:*.ogm=01;35:*.mp4=01;35:*.m4v=01;35:*.mp4v=01;35:*.vob=01;35:*.qt=01;35:*.nuv=01;35:*.wmv=01;35:*.asf=01;35:*.rm=01;35:*.rmvb=01;35:*.flc=01;35:*.avi=01;35:*.fli=01;35:*.flv=01;35:*.gl=01;35:*.dl=01;35:*.xcf=01;35:*.xwd=01;35:*.yuv=01;35:*.cgm=01;35:*.emf=01;35:*.ogv=01;35:*.ogx=01;35:*.aac=00;36:*.au=00;36:*.flac=00;36:*.m4a=00;36:*.mid=00;36:*.midi=00;36:*.mka=00;36:*.mp3=00;36:*.mpc=00;36:*.ogg=00;36:*.ra=00;36:*.wav=00;36:*.oga=00;36:*.opus=00;36:*.spx=00;36:*.xspf=00;36:'), ('JETSON_SOC', 'tegra194'), ('SSH_AUTH_SOCK', '/run/user/1000/keyring/ssh'), ('ROS_DOMAIN_ID', '35'), ('AMENT_PREFIX_PATH', '/home/wjs/cart_ros2/install:/home/wjs/tb3_tpl_ws/install:/opt/ros/galactic'), ('SHELL', '/bin/bash'), ('TERMINATOR_UUID', 'urn:uuid:479ed337-4a64-46eb-b813-77ac35b7f442'), ('QT_ACCESSIBILITY', '1'), ('GDMSESSION', 'ubuntu'), ('LESSCLOSE', '/usr/bin/lesspipe %s %s'), ('GPG_AGENT_INFO', '/run/user/1000/gnupg/S.gpg-agent:0:1'), ('QT_IM_MODULE', 'ibus'), ('JETSON_CUDA_ARCH_BIN', '7.2'), ('PWD', '/home/wjs/cart_ros2/build/sllidar_ros2'), ('XDG_CONFIG_DIRS', '/etc/xdg/xdg-ubuntu:/etc/xdg'), ('XDG_DATA_DIRS', '/usr/share/ubuntu:/usr/local/share/:/usr/share/:/var/lib/snapd/desktop'), ('PYTHONPATH', '/opt/opencv-4.5.5-cuda/lib/python3.8/site-packages:/home/wjs/cart_ros2/build/differential_drive/src:/home/wjs/cart_ros2/build/arduino_ros2:/home/wjs/cart_ros2/build/agv_body:/home/wjs/cart_ros2/install/lib/python3.8/site-packages:/home/wjs/tb3_tpl_ws/build/turtlebot3_teleop:/home/wjs/tb3_tpl_ws/install/lib/python3.8/site-packages:/opt/ros/galactic/lib/python3.8/site-packages'), ('COLCON', '1'), ('VTE_VERSION', '6003'), ('JETSON_JETPACK', '5.1.7'), ('CMAKE_PREFIX_PATH', '/home/wjs/cart_ros2/install:/home/wjs/tb3_tpl_ws/install:/opt/ros/galactic'), ('JETSON_P_NUMBER', 'p2888-0004')]), 'shell': False}
[7.093877] (-) TimerEvent: {}
[7.100480] (laser_filters) StdoutLine: {'line': b'[ 85%] Built target gtest\n'}
[7.193848] (-) TimerEvent: {}
[7.258347] (laser_filters) StdoutLine: {'line': b'[100%] Built target test_scan_filter_chain\n'}
[7.294084] (-) TimerEvent: {}
[7.326353] (laser_filters) CommandEnded: {'returncode': 0}
[7.335866] (laser_filters) JobProgress: {'identifier': 'laser_filters', 'progress': 'install'}
[7.336129] (laser_filters) Command: {'cmd': ['/usr/bin/cmake', '--install', '/home/wjs/cart_ros2/build/laser_filters'], 'cwd': '/home/wjs/cart_ros2/build/laser_filters', 'env': OrderedDict([('LESSOPEN', '| /usr/bin/lesspipe %s'), ('USER', 'wjs'), ('SSH_AGENT_PID', '4037'), ('XDG_SESSION_TYPE', 'x11'), ('PIP_CACHE_DIR', '/mnt/sdcard/.cache/pip'), ('XDG_CACHE_HOME', '/mnt/sdcard/.cache'), ('SHLVL', '1'), ('LD_LIBRARY_PATH', '/opt/opencv-4.5.5-cuda/lib:/home/wjs/cart_ros2/install/lib:/home/wjs/tb3_tpl_ws/install/lib:/opt/ros/galactic/opt/yaml_cpp_vendor/lib:/opt/ros/galactic/opt/rviz_ogre_vendor/lib:/opt/ros/galactic/lib/aarch64-linux-gnu:/opt/ros/galactic/lib:/usr/local/cuda-11.4/lib64:'), ('HOME', '/home/wjs'), ('CYCLONEDDS_URI', 'file:///home/wjs/cyclonedds_lo.xml'), ('OLDPWD', '/home/wjs'), ('DESKTOP_SESSION', 'ubuntu'), ('JETSON_L4T', '35.6.3'), ('ROS_PYTHON_VERSION', '3'), ('GNOME_SHELL_SESSION_MODE', 'ubuntu'), ('GTK_MODULES', 'gail:atk-bridge'), ('JETSON_MODEL', 'Jetson-AGX'), ('MANAGERPID', '3935'), ('DBUS_SESSION_BUS_ADDRESS', 'unix:path=/run/user/1000/bus'), ('COLORTERM', 'truecolor'), ('TERMINATOR_DBUS_NAME', 'net.tenshu.Terminator23558193cd9818af7fe4d2c2f5bd9d00f'), ('GIO_LAUNCHED_DESKTOP_FILE_PID', '7597'), ('IM_CONFIG_PHASE', '1'), ('TMPDIR', '/mnt/sdcard/tmp'), ('COLCON_PREFIX_PATH', '/home/wjs/cart_ros2/install:/home/wjs/tb3_tpl_ws/install'), ('TORCH_HOME', '/mnt/sdcard/.cache/torch'), ('ROS_DISTRO', 'galactic'), ('LOGNAME', 'wjs'), ('JETSON_MODULE', 'NVIDIA Jetson AGX Xavier (32 GB ram)'), ('JETSON_SERIAL_NUMBER', '1423420009543'), ('JOURNAL_STREAM', '8:75272'), ('_', '/usr/bin/colcon'), ('ROS_VERSION', '2'), ('JETSON_CODENAME', 'Galen'), ('XDG_SESSION_CLASS', 'user'), ('USERNAME', 'wjs'), ('TERM', 'xterm-256color'), ('GNOME_DESKTOP_SESSION_ID', 'this-is-deprecated'), ('ROS_LOCALHOST_ONLY', '1'), ('WINDOWPATH', '2'), ('PATH', '/opt/ros/galactic/bin:/usr/local/cuda-11.4/bin:/home/wjs/.local/bin:/usr/local/sbin:/usr/local/bin:/usr/sbin:/usr/bin:/sbin:/bin:/usr/games:/usr/local/games:/snap/bin'), ('SESSION_MANAGER', 'local/ubuntu:@/tmp/.ICE-unix/4072,unix/ubuntu:/tmp/.ICE-unix/4072'), ('INVOCATION_ID', '579b0bc7d2444c1facacc62736e29ce4'), ('XDG_MENU_PREFIX', 'gnome-'), ('XDG_RUNTIME_DIR', '/run/user/1000'), ('DISPLAY', ':1'), ('TERMINATOR_DBUS_PATH', '/net/tenshu/Terminator2'), ('LANG', 'en_US.UTF-8'), ('XDG_CURRENT_DESKTOP', 'ubuntu:GNOME'), ('RMW_IMPLEMENTATION', 'rmw_cyclonedds_cpp'), ('XMODIFIERS', '@im=ibus'), ('XDG_SESSION_DESKTOP', 'ubuntu'), ('XAUTHORITY', '/run/user/1000/gdm/Xauthority'), ('LS_COLORS', 'rs=0:di=01;34:ln=01;36:mh=00:pi=40;33:so=01;35:do=01;35:bd=40;33;01:cd=40;33;01:or=40;31;01:mi=00:su=37;41:sg=30;43:ca=30;41:tw=30;42:ow=34;42:st=37;44:ex=01;32:*.tar=01;31:*.tgz=01;31:*.arc=01;31:*.arj=01;31:*.taz=01;31:*.lha=01;31:*.lz4=01;31:*.lzh=01;31:*.lzma=01;31:*.tlz=01;31:*.txz=01;31:*.tzo=01;31:*.t7z=01;31:*.zip=01;31:*.z=01;31:*.dz=01;31:*.gz=01;31:*.lrz=01;31:*.lz=01;31:*.lzo=01;31:*.xz=01;31:*.zst=01;31:*.tzst=01;31:*.bz2=01;31:*.bz=01;31:*.tbz=01;31:*.tbz2=01;31:*.tz=01;31:*.deb=01;31:*.rpm=01;31:*.jar=01;31:*.war=01;31:*.ear=01;31:*.sar=01;31:*.rar=01;31:*.alz=01;31:*.ace=01;31:*.zoo=01;31:*.cpio=01;31:*.7z=01;31:*.rz=01;31:*.cab=01;31:*.wim=01;31:*.swm=01;31:*.dwm=01;31:*.esd=01;31:*.jpg=01;35:*.jpeg=01;35:*.mjpg=01;35:*.mjpeg=01;35:*.gif=01;35:*.bmp=01;35:*.pbm=01;35:*.pgm=01;35:*.ppm=01;35:*.tga=01;35:*.xbm=01;35:*.xpm=01;35:*.tif=01;35:*.tiff=01;35:*.png=01;35:*.svg=01;35:*.svgz=01;35:*.mng=01;35:*.pcx=01;35:*.mov=01;35:*.mpg=01;35:*.mpeg=01;35:*.m2v=01;35:*.mkv=01;35:*.webm=01;35:*.ogm=01;35:*.mp4=01;35:*.m4v=01;35:*.mp4v=01;35:*.vob=01;35:*.qt=01;35:*.nuv=01;35:*.wmv=01;35:*.asf=01;35:*.rm=01;35:*.rmvb=01;35:*.flc=01;35:*.avi=01;35:*.fli=01;35:*.flv=01;35:*.gl=01;35:*.dl=01;35:*.xcf=01;35:*.xwd=01;35:*.yuv=01;35:*.cgm=01;35:*.emf=01;35:*.ogv=01;35:*.ogx=01;35:*.aac=00;36:*.au=00;36:*.flac=00;36:*.m4a=00;36:*.mid=00;36:*.midi=00;36:*.mka=00;36:*.mp3=00;36:*.mpc=00;36:*.ogg=00;36:*.ra=00;36:*.wav=00;36:*.oga=00;36:*.opus=00;36:*.spx=00;36:*.xspf=00;36:'), ('JETSON_SOC', 'tegra194'), ('SSH_AUTH_SOCK', '/run/user/1000/keyring/ssh'), ('ROS_DOMAIN_ID', '35'), ('AMENT_PREFIX_PATH', '/home/wjs/cart_ros2/install:/home/wjs/tb3_tpl_ws/install:/opt/ros/galactic'), ('SHELL', '/bin/bash'), ('TERMINATOR_UUID', 'urn:uuid:479ed337-4a64-46eb-b813-77ac35b7f442'), ('QT_ACCESSIBILITY', '1'), ('GDMSESSION', 'ubuntu'), ('LESSCLOSE', '/usr/bin/lesspipe %s %s'), ('GPG_AGENT_INFO', '/run/user/1000/gnupg/S.gpg-agent:0:1'), ('QT_IM_MODULE', 'ibus'), ('JETSON_CUDA_ARCH_BIN', '7.2'), ('PWD', '/home/wjs/cart_ros2/build/laser_filters'), ('XDG_CONFIG_DIRS', '/etc/xdg/xdg-ubuntu:/etc/xdg'), ('XDG_DATA_DIRS', '/usr/share/ubuntu:/usr/local/share/:/usr/share/:/var/lib/snapd/desktop'), ('PYTHONPATH', '/opt/opencv-4.5.5-cuda/lib/python3.8/site-packages:/home/wjs/cart_ros2/build/differential_drive/src:/home/wjs/cart_ros2/build/arduino_ros2:/home/wjs/cart_ros2/build/agv_body:/home/wjs/cart_ros2/install/lib/python3.8/site-packages:/home/wjs/tb3_tpl_ws/build/turtlebot3_teleop:/home/wjs/tb3_tpl_ws/install/lib/python3.8/site-packages:/opt/ros/galactic/lib/python3.8/site-packages'), ('COLCON', '1'), ('VTE_VERSION', '6003'), ('JETSON_JETPACK', '5.1.7'), ('CMAKE_PREFIX_PATH', '/home/wjs/cart_ros2/install:/home/wjs/tb3_tpl_ws/install:/opt/ros/galactic'), ('JETSON_P_NUMBER', 'p2888-0004')]), 'shell': False}
[7.376489] (sllidar_ros2) StdoutLine: {'line': b'[ 85%] Built target sllidar_node\n'}
[7.384964] (laser_filters) StdoutLine: {'line': b'-- Install configuration: ""\n'}
[7.389180] (laser_filters) StdoutLine: {'line': b'-- Execute custom install script\n'}
[7.391869] (laser_filters) StdoutLine: {'line': b'-- Up-to-date symlink: /home/wjs/cart_ros2/install/share/laser_filters//laser_filters_plugins.xml\n'}
[7.394264] (-) TimerEvent: {}
[7.396945] (laser_filters) StdoutLine: {'line': b'-- Up-to-date symlink: /home/wjs/cart_ros2/install/include/laser_filters/angular_bounds_filter.h\n'}
[7.398646] (laser_filters) StdoutLine: {'line': b'-- Up-to-date symlink: /home/wjs/cart_ros2/install/include/laser_filters/angular_bounds_filter_in_place.h\n'}
[7.400397] (laser_filters) StdoutLine: {'line': b'-- Up-to-date symlink: /home/wjs/cart_ros2/install/include/laser_filters/array_filter.h\n'}
[7.401854] (laser_filters) StdoutLine: {'line': b'-- Up-to-date symlink: /home/wjs/cart_ros2/install/include/laser_filters/box_filter.h\n'}
[7.403412] (laser_filters) StdoutLine: {'line': b'-- Up-to-date symlink: /home/wjs/cart_ros2/install/include/laser_filters/footprint_filter.h\n'}
[7.405042] (laser_filters) StdoutLine: {'line': b'-- Up-to-date symlink: /home/wjs/cart_ros2/install/include/laser_filters/intensity_filter.h\n'}
[7.406576] (laser_filters) StdoutLine: {'line': b'-- Up-to-date symlink: /home/wjs/cart_ros2/install/include/laser_filters/interpolation_filter.h\n'}
[7.408177] (laser_filters) StdoutLine: {'line': b'-- Up-to-date symlink: /home/wjs/cart_ros2/install/include/laser_filters/median_filter.h\n'}
[7.409724] (laser_filters) StdoutLine: {'line': b'-- Up-to-date symlink: /home/wjs/cart_ros2/install/include/laser_filters/range_filter.h\n'}
[7.411914] (laser_filters) StdoutLine: {'line': b'-- Up-to-date symlink: /home/wjs/cart_ros2/install/include/laser_filters/scan_mask_filter.h\n'}
[7.413601] (laser_filters) StdoutLine: {'line': b'-- Up-to-date symlink: /home/wjs/cart_ros2/install/include/laser_filters/scan_shadows_filter.h\n'}
[7.415444] (laser_filters) StdoutLine: {'line': b'-- Up-to-date symlink: /home/wjs/cart_ros2/install/include/laser_filters/speckle_filter.h\n'}
[7.417607] (laser_filters) StdoutLine: {'line': b'-- Up-to-date symlink: /home/wjs/cart_ros2/install/share/laser_filters/environment/library_path.sh\n'}
[7.420749] (laser_filters) StdoutLine: {'line': b'-- Up-to-date symlink: /home/wjs/cart_ros2/install/share/laser_filters/environment/library_path.dsv\n'}
[7.423797] (laser_filters) StdoutLine: {'line': b'-- Up-to-date symlink: /home/wjs/cart_ros2/install/lib/liblaser_scan_filters.so\n'}
[7.427404] (laser_filters) StdoutLine: {'line': b'-- Up-to-date symlink: /home/wjs/cart_ros2/install/lib/laser_filters/scan_to_cloud_filter_chain\n'}
[7.429624] (laser_filters) StdoutLine: {'line': b'-- Up-to-date symlink: /home/wjs/cart_ros2/install/lib/laser_filters/scan_to_scan_filter_chain\n'}
[7.431785] (laser_filters) StdoutLine: {'line': b'-- Up-to-date symlink: /home/wjs/cart_ros2/install/lib/laser_filters/generic_laser_filter_node\n'}
[7.437565] (laser_filters) StdoutLine: {'line': b'-- Up-to-date symlink: /home/wjs/cart_ros2/install/share/laser_filters/examples/box_filter_example.launch.py\n'}
[7.441653] (laser_filters) StdoutLine: {'line': b'-- Up-to-date symlink: /home/wjs/cart_ros2/install/share/laser_filters/examples/box_filter_example.yaml\n'}
[7.443679] (laser_filters) StdoutLine: {'line': b'-- Up-to-date symlink: /home/wjs/cart_ros2/install/share/laser_filters/examples/footprint_filter_example.launch.py\n'}
[7.446681] (laser_filters) StdoutLine: {'line': b'-- Up-to-date symlink: /home/wjs/cart_ros2/install/share/laser_filters/examples/footprint_filter_example.yaml\n'}
[7.448430] (laser_filters) StdoutLine: {'line': b'-- Up-to-date symlink: /home/wjs/cart_ros2/install/share/laser_filters/examples/intensity_filter_example.launch.py\n'}
[7.449945] (laser_filters) StdoutLine: {'line': b'-- Up-to-date symlink: /home/wjs/cart_ros2/install/share/laser_filters/examples/intensity_filter_example.yaml\n'}
[7.451477] (laser_filters) StdoutLine: {'line': b'-- Up-to-date symlink: /home/wjs/cart_ros2/install/share/laser_filters/examples/mask_filter_example.launch.py\n'}
[7.452975] (laser_filters) StdoutLine: {'line': b'-- Up-to-date symlink: /home/wjs/cart_ros2/install/share/laser_filters/examples/mask_filter_example.yaml\n'}
[7.454352] (laser_filters) StdoutLine: {'line': b'-- Up-to-date symlink: /home/wjs/cart_ros2/install/share/laser_filters/examples/median_filter_example.launch.py\n'}
[7.455905] (laser_filters) StdoutLine: {'line': b'-- Up-to-date symlink: /home/wjs/cart_ros2/install/share/laser_filters/examples/median_filter_example.yaml\n'}
[7.457487] (laser_filters) StdoutLine: {'line': b'-- Up-to-date symlink: /home/wjs/cart_ros2/install/share/laser_filters/examples/multiple_filters_example.launch.py\n'}
[7.458964] (laser_filters) StdoutLine: {'line': b'-- Up-to-date symlink: /home/wjs/cart_ros2/install/share/laser_filters/examples/multiple_filters_example.yaml\n'}
[7.460381] (laser_filters) StdoutLine: {'line': b'-- Up-to-date symlink: /home/wjs/cart_ros2/install/share/laser_filters/examples/pass_through_example.launch.py\n'}
[7.461717] (laser_filters) StdoutLine: {'line': b'-- Up-to-date symlink: /home/wjs/cart_ros2/install/share/laser_filters/examples/pass_through_example.yaml\n'}
[7.463133] (laser_filters) StdoutLine: {'line': b'-- Up-to-date symlink: /home/wjs/cart_ros2/install/share/laser_filters/examples/range_filter_example.launch.py\n'}
[7.464450] (laser_filters) StdoutLine: {'line': b'-- Up-to-date symlink: /home/wjs/cart_ros2/install/share/laser_filters/examples/range_filter_example.yaml\n'}
[7.465799] (laser_filters) StdoutLine: {'line': b'-- Up-to-date symlink: /home/wjs/cart_ros2/install/share/laser_filters/examples/shadow_filter_example.launch.py\n'}
[7.468225] (laser_filters) StdoutLine: {'line': b'-- Up-to-date symlink: /home/wjs/cart_ros2/install/share/laser_filters/examples/shadow_filter_example.yaml\n'}
[7.469592] (laser_filters) StdoutLine: {'line': b'-- Up-to-date symlink: /home/wjs/cart_ros2/install/share/laser_filters/examples/speckle_filter_example.launch\n'}
[7.471083] (laser_filters) StdoutLine: {'line': b'-- Up-to-date symlink: /home/wjs/cart_ros2/install/share/laser_filters/examples/speckle_filter_example.yaml\n'}
[7.473053] (laser_filters) StdoutLine: {'line': b'-- Up-to-date symlink: /home/wjs/cart_ros2/install/share/ament_index/resource_index/package_run_dependencies/laser_filters\n'}
[7.475025] (laser_filters) StdoutLine: {'line': b'-- Up-to-date symlink: /home/wjs/cart_ros2/install/share/ament_index/resource_index/parent_prefix_path/laser_filters\n'}
[7.476852] (laser_filters) StdoutLine: {'line': b'-- Up-to-date symlink: /home/wjs/cart_ros2/install/share/laser_filters/environment/ament_prefix_path.sh\n'}
[7.478572] (laser_filters) StdoutLine: {'line': b'-- Up-to-date symlink: /home/wjs/cart_ros2/install/share/laser_filters/environment/ament_prefix_path.dsv\n'}
[7.480496] (laser_filters) StdoutLine: {'line': b'-- Up-to-date symlink: /home/wjs/cart_ros2/install/share/laser_filters/environment/path.sh\n'}
[7.483047] (laser_filters) StdoutLine: {'line': b'-- Up-to-date symlink: /home/wjs/cart_ros2/install/share/laser_filters/environment/path.dsv\n'}
[7.487667] (laser_filters) StdoutLine: {'line': b'-- Up-to-date symlink: /home/wjs/cart_ros2/install/share/laser_filters/local_setup.bash\n'}
[7.491016] (laser_filters) StdoutLine: {'line': b'-- Up-to-date symlink: /home/wjs/cart_ros2/install/share/laser_filters/local_setup.sh\n'}
[7.492415] (laser_filters) StdoutLine: {'line': b'-- Up-to-date symlink: /home/wjs/cart_ros2/install/share/laser_filters/local_setup.zsh\n'}
[7.494747] (laser_filters) StdoutLine: {'line': b'-- Up-to-date symlink: /home/wjs/cart_ros2/install/share/laser_filters/local_setup.dsv\n'}
[7.495264] (-) TimerEvent: {}
[7.495788] (laser_filters) StdoutLine: {'line': b'-- Symlinking: /home/wjs/cart_ros2/install/share/laser_filters/package.dsv\n'}
[7.527294] (sllidar_ros2) StdoutLine: {'line': b'[100%] Built target sllidar_client\n'}
[7.546155] (laser_filters) StdoutLine: {'line': b'-- Up-to-date symlink: /home/wjs/cart_ros2/install/share/ament_index/resource_index/packages/laser_filters\n'}
[7.548696] (laser_filters) StdoutLine: {'line': b'-- Up-to-date symlink: /home/wjs/cart_ros2/install/share/ament_index/resource_index/filters__pluginlib__plugin/laser_filters\n'}
[7.550747] (laser_filters) StdoutLine: {'line': b'-- Up-to-date symlink: /home/wjs/cart_ros2/install/share/laser_filters/cmake/ament_cmake_export_dependencies-extras.cmake\n'}
[7.551582] (laser_filters) StdoutLine: {'line': b'-- Up-to-date symlink: /home/wjs/cart_ros2/install/share/laser_filters/cmake/ament_cmake_export_include_directories-extras.cmake\n'}
[7.553155] (laser_filters) StdoutLine: {'line': b'-- Up-to-date symlink: /home/wjs/cart_ros2/install/share/laser_filters/cmake/ament_cmake_export_libraries-extras.cmake\n'}
[7.554463] (laser_filters) StdoutLine: {'line': b'-- Up-to-date symlink: /home/wjs/cart_ros2/install/share/laser_filters/cmake/laser_filtersConfig.cmake\n'}
[7.555530] (laser_filters) StdoutLine: {'line': b'-- Up-to-date symlink: /home/wjs/cart_ros2/install/share/laser_filters/cmake/laser_filtersConfig-version.cmake\n'}
[7.557270] (laser_filters) StdoutLine: {'line': b'-- Up-to-date symlink: /home/wjs/cart_ros2/install/share/laser_filters/package.xml\n'}
[7.559892] (laser_filters) StdoutLine: {'line': b'-- Up-to-date symlink: /home/wjs/cart_ros2/install/share/laser_filters/config_filter/angle_filter_F.yaml\n'}
[7.560818] (laser_filters) StdoutLine: {'line': b'-- Up-to-date symlink: /home/wjs/cart_ros2/install/share/laser_filters/config_filter/angle_filter_R.yaml\n'}
[7.571085] (laser_filters) CommandEnded: {'returncode': 0}
[7.595513] (-) TimerEvent: {}
[7.643393] (differential_drive) StdoutLine: {'line': b'running develop\n'}
[7.693644] (laser_filters) JobEnded: {'identifier': 'laser_filters', 'rc': 0}
[7.698181] (-) TimerEvent: {}
[7.700324] (stella_ahrs) JobStarted: {'identifier': 'stella_ahrs'}
[7.758088] (sllidar_ros2) CommandEnded: {'returncode': 0}
[7.764586] (sllidar_ros2) JobProgress: {'identifier': 'sllidar_ros2', 'progress': 'install'}
[7.767281] (sllidar_ros2) Command: {'cmd': ['/usr/bin/cmake', '--install', '/home/wjs/cart_ros2/build/sllidar_ros2'], 'cwd': '/home/wjs/cart_ros2/build/sllidar_ros2', 'env': OrderedDict([('LESSOPEN', '| /usr/bin/lesspipe %s'), ('USER', 'wjs'), ('SSH_AGENT_PID', '4037'), ('XDG_SESSION_TYPE', 'x11'), ('PIP_CACHE_DIR', '/mnt/sdcard/.cache/pip'), ('XDG_CACHE_HOME', '/mnt/sdcard/.cache'), ('SHLVL', '1'), ('LD_LIBRARY_PATH', '/opt/opencv-4.5.5-cuda/lib:/home/wjs/cart_ros2/install/lib:/home/wjs/tb3_tpl_ws/install/lib:/opt/ros/galactic/opt/yaml_cpp_vendor/lib:/opt/ros/galactic/opt/rviz_ogre_vendor/lib:/opt/ros/galactic/lib/aarch64-linux-gnu:/opt/ros/galactic/lib:/usr/local/cuda-11.4/lib64:'), ('HOME', '/home/wjs'), ('CYCLONEDDS_URI', 'file:///home/wjs/cyclonedds_lo.xml'), ('OLDPWD', '/home/wjs'), ('DESKTOP_SESSION', 'ubuntu'), ('JETSON_L4T', '35.6.3'), ('ROS_PYTHON_VERSION', '3'), ('GNOME_SHELL_SESSION_MODE', 'ubuntu'), ('GTK_MODULES', 'gail:atk-bridge'), ('JETSON_MODEL', 'Jetson-AGX'), ('MANAGERPID', '3935'), ('DBUS_SESSION_BUS_ADDRESS', 'unix:path=/run/user/1000/bus'), ('COLORTERM', 'truecolor'), ('TERMINATOR_DBUS_NAME', 'net.tenshu.Terminator23558193cd9818af7fe4d2c2f5bd9d00f'), ('GIO_LAUNCHED_DESKTOP_FILE_PID', '7597'), ('IM_CONFIG_PHASE', '1'), ('TMPDIR', '/mnt/sdcard/tmp'), ('COLCON_PREFIX_PATH', '/home/wjs/cart_ros2/install:/home/wjs/tb3_tpl_ws/install'), ('TORCH_HOME', '/mnt/sdcard/.cache/torch'), ('ROS_DISTRO', 'galactic'), ('LOGNAME', 'wjs'), ('JETSON_MODULE', 'NVIDIA Jetson AGX Xavier (32 GB ram)'), ('JETSON_SERIAL_NUMBER', '1423420009543'), ('JOURNAL_STREAM', '8:75272'), ('_', '/usr/bin/colcon'), ('ROS_VERSION', '2'), ('JETSON_CODENAME', 'Galen'), ('XDG_SESSION_CLASS', 'user'), ('USERNAME', 'wjs'), ('TERM', 'xterm-256color'), ('GNOME_DESKTOP_SESSION_ID', 'this-is-deprecated'), ('ROS_LOCALHOST_ONLY', '1'), ('WINDOWPATH', '2'), ('PATH', '/opt/ros/galactic/bin:/usr/local/cuda-11.4/bin:/home/wjs/.local/bin:/usr/local/sbin:/usr/local/bin:/usr/sbin:/usr/bin:/sbin:/bin:/usr/games:/usr/local/games:/snap/bin'), ('SESSION_MANAGER', 'local/ubuntu:@/tmp/.ICE-unix/4072,unix/ubuntu:/tmp/.ICE-unix/4072'), ('INVOCATION_ID', '579b0bc7d2444c1facacc62736e29ce4'), ('XDG_MENU_PREFIX', 'gnome-'), ('XDG_RUNTIME_DIR', '/run/user/1000'), ('DISPLAY', ':1'), ('TERMINATOR_DBUS_PATH', '/net/tenshu/Terminator2'), ('LANG', 'en_US.UTF-8'), ('XDG_CURRENT_DESKTOP', 'ubuntu:GNOME'), ('RMW_IMPLEMENTATION', 'rmw_cyclonedds_cpp'), ('XMODIFIERS', '@im=ibus'), ('XDG_SESSION_DESKTOP', 'ubuntu'), ('XAUTHORITY', '/run/user/1000/gdm/Xauthority'), ('LS_COLORS', 'rs=0:di=01;34:ln=01;36:mh=00:pi=40;33:so=01;35:do=01;35:bd=40;33;01:cd=40;33;01:or=40;31;01:mi=00:su=37;41:sg=30;43:ca=30;41:tw=30;42:ow=34;42:st=37;44:ex=01;32:*.tar=01;31:*.tgz=01;31:*.arc=01;31:*.arj=01;31:*.taz=01;31:*.lha=01;31:*.lz4=01;31:*.lzh=01;31:*.lzma=01;31:*.tlz=01;31:*.txz=01;31:*.tzo=01;31:*.t7z=01;31:*.zip=01;31:*.z=01;31:*.dz=01;31:*.gz=01;31:*.lrz=01;31:*.lz=01;31:*.lzo=01;31:*.xz=01;31:*.zst=01;31:*.tzst=01;31:*.bz2=01;31:*.bz=01;31:*.tbz=01;31:*.tbz2=01;31:*.tz=01;31:*.deb=01;31:*.rpm=01;31:*.jar=01;31:*.war=01;31:*.ear=01;31:*.sar=01;31:*.rar=01;31:*.alz=01;31:*.ace=01;31:*.zoo=01;31:*.cpio=01;31:*.7z=01;31:*.rz=01;31:*.cab=01;31:*.wim=01;31:*.swm=01;31:*.dwm=01;31:*.esd=01;31:*.jpg=01;35:*.jpeg=01;35:*.mjpg=01;35:*.mjpeg=01;35:*.gif=01;35:*.bmp=01;35:*.pbm=01;35:*.pgm=01;35:*.ppm=01;35:*.tga=01;35:*.xbm=01;35:*.xpm=01;35:*.tif=01;35:*.tiff=01;35:*.png=01;35:*.svg=01;35:*.svgz=01;35:*.mng=01;35:*.pcx=01;35:*.mov=01;35:*.mpg=01;35:*.mpeg=01;35:*.m2v=01;35:*.mkv=01;35:*.webm=01;35:*.ogm=01;35:*.mp4=01;35:*.m4v=01;35:*.mp4v=01;35:*.vob=01;35:*.qt=01;35:*.nuv=01;35:*.wmv=01;35:*.asf=01;35:*.rm=01;35:*.rmvb=01;35:*.flc=01;35:*.avi=01;35:*.fli=01;35:*.flv=01;35:*.gl=01;35:*.dl=01;35:*.xcf=01;35:*.xwd=01;35:*.yuv=01;35:*.cgm=01;35:*.emf=01;35:*.ogv=01;35:*.ogx=01;35:*.aac=00;36:*.au=00;36:*.flac=00;36:*.m4a=00;36:*.mid=00;36:*.midi=00;36:*.mka=00;36:*.mp3=00;36:*.mpc=00;36:*.ogg=00;36:*.ra=00;36:*.wav=00;36:*.oga=00;36:*.opus=00;36:*.spx=00;36:*.xspf=00;36:'), ('JETSON_SOC', 'tegra194'), ('SSH_AUTH_SOCK', '/run/user/1000/keyring/ssh'), ('ROS_DOMAIN_ID', '35'), ('AMENT_PREFIX_PATH', '/home/wjs/cart_ros2/install:/home/wjs/tb3_tpl_ws/install:/opt/ros/galactic'), ('SHELL', '/bin/bash'), ('TERMINATOR_UUID', 'urn:uuid:479ed337-4a64-46eb-b813-77ac35b7f442'), ('QT_ACCESSIBILITY', '1'), ('GDMSESSION', 'ubuntu'), ('LESSCLOSE', '/usr/bin/lesspipe %s %s'), ('GPG_AGENT_INFO', '/run/user/1000/gnupg/S.gpg-agent:0:1'), ('QT_IM_MODULE', 'ibus'), ('JETSON_CUDA_ARCH_BIN', '7.2'), ('PWD', '/home/wjs/cart_ros2/build/sllidar_ros2'), ('XDG_CONFIG_DIRS', '/etc/xdg/xdg-ubuntu:/etc/xdg'), ('XDG_DATA_DIRS', '/usr/share/ubuntu:/usr/local/share/:/usr/share/:/var/lib/snapd/desktop'), ('PYTHONPATH', '/opt/opencv-4.5.5-cuda/lib/python3.8/site-packages:/home/wjs/cart_ros2/build/differential_drive/src:/home/wjs/cart_ros2/build/arduino_ros2:/home/wjs/cart_ros2/build/agv_body:/home/wjs/cart_ros2/install/lib/python3.8/site-packages:/home/wjs/tb3_tpl_ws/build/turtlebot3_teleop:/home/wjs/tb3_tpl_ws/install/lib/python3.8/site-packages:/opt/ros/galactic/lib/python3.8/site-packages'), ('COLCON', '1'), ('VTE_VERSION', '6003'), ('JETSON_JETPACK', '5.1.7'), ('CMAKE_PREFIX_PATH', '/home/wjs/cart_ros2/install:/home/wjs/tb3_tpl_ws/install:/opt/ros/galactic'), ('JETSON_P_NUMBER', 'p2888-0004')]), 'shell': False}
[7.793352] (stella_ahrs) JobProgress: {'identifier': 'stella_ahrs', 'progress': 'cmake'}
[7.798393] (-) TimerEvent: {}
[7.805075] (stella_ahrs) JobProgress: {'identifier': 'stella_ahrs', 'progress': 'build'}
[7.806472] (stella_ahrs) Command: {'cmd': ['/usr/bin/cmake', '--build', '/home/wjs/cart_ros2/build/stella_ahrs', '--', '-j4', '-l4'], 'cwd': '/home/wjs/cart_ros2/build/stella_ahrs', 'env': OrderedDict([('LESSOPEN', '| /usr/bin/lesspipe %s'), ('USER', 'wjs'), ('SSH_AGENT_PID', '4037'), ('XDG_SESSION_TYPE', 'x11'), ('PIP_CACHE_DIR', '/mnt/sdcard/.cache/pip'), ('XDG_CACHE_HOME', '/mnt/sdcard/.cache'), ('SHLVL', '1'), ('LD_LIBRARY_PATH', '/opt/opencv-4.5.5-cuda/lib:/home/wjs/cart_ros2/install/lib:/home/wjs/tb3_tpl_ws/install/lib:/opt/ros/galactic/opt/yaml_cpp_vendor/lib:/opt/ros/galactic/opt/rviz_ogre_vendor/lib:/opt/ros/galactic/lib/aarch64-linux-gnu:/opt/ros/galactic/lib:/usr/local/cuda-11.4/lib64:'), ('HOME', '/home/wjs'), ('CYCLONEDDS_URI', 'file:///home/wjs/cyclonedds_lo.xml'), ('OLDPWD', '/home/wjs'), ('DESKTOP_SESSION', 'ubuntu'), ('JETSON_L4T', '35.6.3'), ('ROS_PYTHON_VERSION', '3'), ('GNOME_SHELL_SESSION_MODE', 'ubuntu'), ('GTK_MODULES', 'gail:atk-bridge'), ('JETSON_MODEL', 'Jetson-AGX'), ('MANAGERPID', '3935'), ('DBUS_SESSION_BUS_ADDRESS', 'unix:path=/run/user/1000/bus'), ('COLORTERM', 'truecolor'), ('TERMINATOR_DBUS_NAME', 'net.tenshu.Terminator23558193cd9818af7fe4d2c2f5bd9d00f'), ('GIO_LAUNCHED_DESKTOP_FILE_PID', '7597'), ('IM_CONFIG_PHASE', '1'), ('TMPDIR', '/mnt/sdcard/tmp'), ('COLCON_PREFIX_PATH', '/home/wjs/cart_ros2/install:/home/wjs/tb3_tpl_ws/install'), ('TORCH_HOME', '/mnt/sdcard/.cache/torch'), ('ROS_DISTRO', 'galactic'), ('LOGNAME', 'wjs'), ('JETSON_MODULE', 'NVIDIA Jetson AGX Xavier (32 GB ram)'), ('JETSON_SERIAL_NUMBER', '1423420009543'), ('JOURNAL_STREAM', '8:75272'), ('_', '/usr/bin/colcon'), ('ROS_VERSION', '2'), ('JETSON_CODENAME', 'Galen'), ('XDG_SESSION_CLASS', 'user'), ('USERNAME', 'wjs'), ('TERM', 'xterm-256color'), ('GNOME_DESKTOP_SESSION_ID', 'this-is-deprecated'), ('ROS_LOCALHOST_ONLY', '1'), ('WINDOWPATH', '2'), ('PATH', '/opt/ros/galactic/bin:/usr/local/cuda-11.4/bin:/home/wjs/.local/bin:/usr/local/sbin:/usr/local/bin:/usr/sbin:/usr/bin:/sbin:/bin:/usr/games:/usr/local/games:/snap/bin'), ('SESSION_MANAGER', 'local/ubuntu:@/tmp/.ICE-unix/4072,unix/ubuntu:/tmp/.ICE-unix/4072'), ('INVOCATION_ID', '579b0bc7d2444c1facacc62736e29ce4'), ('XDG_MENU_PREFIX', 'gnome-'), ('XDG_RUNTIME_DIR', '/run/user/1000'), ('DISPLAY', ':1'), ('TERMINATOR_DBUS_PATH', '/net/tenshu/Terminator2'), ('LANG', 'en_US.UTF-8'), ('XDG_CURRENT_DESKTOP', 'ubuntu:GNOME'), ('RMW_IMPLEMENTATION', 'rmw_cyclonedds_cpp'), ('XMODIFIERS', '@im=ibus'), ('XDG_SESSION_DESKTOP', 'ubuntu'), ('XAUTHORITY', '/run/user/1000/gdm/Xauthority'), ('LS_COLORS', 'rs=0:di=01;34:ln=01;36:mh=00:pi=40;33:so=01;35:do=01;35:bd=40;33;01:cd=40;33;01:or=40;31;01:mi=00:su=37;41:sg=30;43:ca=30;41:tw=30;42:ow=34;42:st=37;44:ex=01;32:*.tar=01;31:*.tgz=01;31:*.arc=01;31:*.arj=01;31:*.taz=01;31:*.lha=01;31:*.lz4=01;31:*.lzh=01;31:*.lzma=01;31:*.tlz=01;31:*.txz=01;31:*.tzo=01;31:*.t7z=01;31:*.zip=01;31:*.z=01;31:*.dz=01;31:*.gz=01;31:*.lrz=01;31:*.lz=01;31:*.lzo=01;31:*.xz=01;31:*.zst=01;31:*.tzst=01;31:*.bz2=01;31:*.bz=01;31:*.tbz=01;31:*.tbz2=01;31:*.tz=01;31:*.deb=01;31:*.rpm=01;31:*.jar=01;31:*.war=01;31:*.ear=01;31:*.sar=01;31:*.rar=01;31:*.alz=01;31:*.ace=01;31:*.zoo=01;31:*.cpio=01;31:*.7z=01;31:*.rz=01;31:*.cab=01;31:*.wim=01;31:*.swm=01;31:*.dwm=01;31:*.esd=01;31:*.jpg=01;35:*.jpeg=01;35:*.mjpg=01;35:*.mjpeg=01;35:*.gif=01;35:*.bmp=01;35:*.pbm=01;35:*.pgm=01;35:*.ppm=01;35:*.tga=01;35:*.xbm=01;35:*.xpm=01;35:*.tif=01;35:*.tiff=01;35:*.png=01;35:*.svg=01;35:*.svgz=01;35:*.mng=01;35:*.pcx=01;35:*.mov=01;35:*.mpg=01;35:*.mpeg=01;35:*.m2v=01;35:*.mkv=01;35:*.webm=01;35:*.ogm=01;35:*.mp4=01;35:*.m4v=01;35:*.mp4v=01;35:*.vob=01;35:*.qt=01;35:*.nuv=01;35:*.wmv=01;35:*.asf=01;35:*.rm=01;35:*.rmvb=01;35:*.flc=01;35:*.avi=01;35:*.fli=01;35:*.flv=01;35:*.gl=01;35:*.dl=01;35:*.xcf=01;35:*.xwd=01;35:*.yuv=01;35:*.cgm=01;35:*.emf=01;35:*.ogv=01;35:*.ogx=01;35:*.aac=00;36:*.au=00;36:*.flac=00;36:*.m4a=00;36:*.mid=00;36:*.midi=00;36:*.mka=00;36:*.mp3=00;36:*.mpc=00;36:*.ogg=00;36:*.ra=00;36:*.wav=00;36:*.oga=00;36:*.opus=00;36:*.spx=00;36:*.xspf=00;36:'), ('JETSON_SOC', 'tegra194'), ('SSH_AUTH_SOCK', '/run/user/1000/keyring/ssh'), ('ROS_DOMAIN_ID', '35'), ('AMENT_PREFIX_PATH', '/home/wjs/cart_ros2/install:/home/wjs/tb3_tpl_ws/install:/opt/ros/galactic'), ('SHELL', '/bin/bash'), ('TERMINATOR_UUID', 'urn:uuid:479ed337-4a64-46eb-b813-77ac35b7f442'), ('QT_ACCESSIBILITY', '1'), ('GDMSESSION', 'ubuntu'), ('LESSCLOSE', '/usr/bin/lesspipe %s %s'), ('GPG_AGENT_INFO', '/run/user/1000/gnupg/S.gpg-agent:0:1'), ('QT_IM_MODULE', 'ibus'), ('JETSON_CUDA_ARCH_BIN', '7.2'), ('PWD', '/home/wjs/cart_ros2/build/stella_ahrs'), ('XDG_CONFIG_DIRS', '/etc/xdg/xdg-ubuntu:/etc/xdg'), ('XDG_DATA_DIRS', '/usr/share/ubuntu:/usr/local/share/:/usr/share/:/var/lib/snapd/desktop'), ('PYTHONPATH', '/opt/opencv-4.5.5-cuda/lib/python3.8/site-packages:/home/wjs/cart_ros2/build/differential_drive/src:/home/wjs/cart_ros2/build/arduino_ros2:/home/wjs/cart_ros2/build/agv_body:/home/wjs/cart_ros2/install/lib/python3.8/site-packages:/home/wjs/tb3_tpl_ws/build/turtlebot3_teleop:/home/wjs/tb3_tpl_ws/install/lib/python3.8/site-packages:/opt/ros/galactic/lib/python3.8/site-packages'), ('COLCON', '1'), ('VTE_VERSION', '6003'), ('JETSON_JETPACK', '5.1.7'), ('CMAKE_PREFIX_PATH', '/home/wjs/cart_ros2/install:/home/wjs/tb3_tpl_ws/install:/opt/ros/galactic'), ('JETSON_P_NUMBER', 'p2888-0004')]), 'shell': False}
[7.818008] (arduino_ros2) StdoutLine: {'line': b'running develop\n'}
[7.836082] (sllidar_ros2) StdoutLine: {'line': b'-- Install configuration: ""\n'}
[7.844823] (sllidar_ros2) StdoutLine: {'line': b'-- Execute custom install script\n'}
[7.851187] (sllidar_ros2) StdoutLine: {'line': b'-- Up-to-date symlink: /home/wjs/cart_ros2/install/share/sllidar_ros2/launch/run_lidar_F.launch.py\n'}
[7.862656] (sllidar_ros2) StdoutLine: {'line': b'-- Up-to-date symlink: /home/wjs/cart_ros2/install/share/sllidar_ros2/launch/run_lidar_F.launch.py.bak\n'}
[7.863881] (sllidar_ros2) StdoutLine: {'line': b'-- Up-to-date symlink: /home/wjs/cart_ros2/install/share/sllidar_ros2/launch/run_lidar_R.launch.py\n'}
[7.865123] (sllidar_ros2) StdoutLine: {'line': b'-- Up-to-date symlink: /home/wjs/cart_ros2/install/share/sllidar_ros2/launch/run_lidars.launch.py\n'}
[7.867640] (sllidar_ros2) StdoutLine: {'line': b'-- Up-to-date symlink: /home/wjs/cart_ros2/install/share/sllidar_ros2/launch/sllidar_a3_filtered.launch.py\n'}
[7.868942] (sllidar_ros2) StdoutLine: {'line': b'-- Up-to-date symlink: /home/wjs/cart_ros2/install/share/sllidar_ros2/launch/sllidar_a3_launch.py\n'}
[7.870149] (sllidar_ros2) StdoutLine: {'line': b'-- Up-to-date symlink: /home/wjs/cart_ros2/install/share/sllidar_ros2/launch/sllidar_launch.py\n'}
[7.871341] (sllidar_ros2) StdoutLine: {'line': b'-- Up-to-date symlink: /home/wjs/cart_ros2/install/share/sllidar_ros2/launch/sllidar_s1_launch.py\n'}
[7.872453] (sllidar_ros2) StdoutLine: {'line': b'-- Up-to-date symlink: /home/wjs/cart_ros2/install/share/sllidar_ros2/launch/sllidar_s1_tcp_launch.py\n'}
[7.873917] (sllidar_ros2) StdoutLine: {'line': b'-- Up-to-date symlink: /home/wjs/cart_ros2/install/share/sllidar_ros2/launch/sllidar_s2_launch.py\n'}
[7.875162] (sllidar_ros2) StdoutLine: {'line': b'-- Up-to-date symlink: /home/wjs/cart_ros2/install/share/sllidar_ros2/launch/sllidar_s2e_launch.py\n'}
[7.876250] (sllidar_ros2) StdoutLine: {'line': b'-- Up-to-date symlink: /home/wjs/cart_ros2/install/share/sllidar_ros2/launch/sllidar_t1_launch.py\n'}
[7.877332] (sllidar_ros2) StdoutLine: {'line': b'-- Up-to-date symlink: /home/wjs/cart_ros2/install/share/sllidar_ros2/launch/view_sllidar_a3_launch.py\n'}
[7.878602] (sllidar_ros2) StdoutLine: {'line': b'-- Up-to-date symlink: /home/wjs/cart_ros2/install/share/sllidar_ros2/launch/view_sllidar_launch.py\n'}
[7.879889] (sllidar_ros2) StdoutLine: {'line': b'-- Up-to-date symlink: /home/wjs/cart_ros2/install/share/sllidar_ros2/launch/view_sllidar_s1_launch.py\n'}
[7.881193] (sllidar_ros2) StdoutLine: {'line': b'-- Up-to-date symlink: /home/wjs/cart_ros2/install/share/sllidar_ros2/launch/view_sllidar_s1_tcp_launch.py\n'}
[7.882271] (sllidar_ros2) StdoutLine: {'line': b'-- Up-to-date symlink: /home/wjs/cart_ros2/install/share/sllidar_ros2/launch/view_sllidar_s2_launch.py\n'}
[7.883397] (sllidar_ros2) StdoutLine: {'line': b'-- Up-to-date symlink: /home/wjs/cart_ros2/install/share/sllidar_ros2/launch/view_sllidar_s2e_launch.py\n'}
[7.884498] (sllidar_ros2) StdoutLine: {'line': b'-- Up-to-date symlink: /home/wjs/cart_ros2/install/share/sllidar_ros2/launch/view_sllidar_t1_launch.py\n'}
[7.886466] (sllidar_ros2) StdoutLine: {'line': b'-- Up-to-date symlink: /home/wjs/cart_ros2/install/share/sllidar_ros2/rviz/sllidar_ros2.rviz\n'}
[7.889899] (sllidar_ros2) StdoutLine: {'line': b'-- Up-to-date symlink: /home/wjs/cart_ros2/install/lib/sllidar_ros2/sllidar_node\n'}
[7.891428] (sllidar_ros2) StdoutLine: {'line': b'-- Up-to-date symlink: /home/wjs/cart_ros2/install/lib/sllidar_ros2/sllidar_client\n'}
[7.893355] (sllidar_ros2) StdoutLine: {'line': b'-- Up-to-date symlink: /home/wjs/cart_ros2/install/share/ament_index/resource_index/package_run_dependencies/sllidar_ros2\n'}
[7.895074] (sllidar_ros2) StdoutLine: {'line': b'-- Up-to-date symlink: /home/wjs/cart_ros2/install/share/ament_index/resource_index/parent_prefix_path/sllidar_ros2\n'}
[7.897188] (sllidar_ros2) StdoutLine: {'line': b'-- Up-to-date symlink: /home/wjs/cart_ros2/install/share/sllidar_ros2/environment/ament_prefix_path.sh\n'}
[7.898640] (sllidar_ros2) StdoutLine: {'line': b'-- Up-to-date symlink: /home/wjs/cart_ros2/install/share/sllidar_ros2/environment/ament_prefix_path.dsv\n'}
[7.899110] (-) TimerEvent: {}
[7.900646] (sllidar_ros2) StdoutLine: {'line': b'-- Up-to-date symlink: /home/wjs/cart_ros2/install/share/sllidar_ros2/environment/path.sh\n'}
[7.902121] (sllidar_ros2) StdoutLine: {'line': b'-- Up-to-date symlink: /home/wjs/cart_ros2/install/share/sllidar_ros2/environment/path.dsv\n'}
[7.903639] (sllidar_ros2) StdoutLine: {'line': b'-- Up-to-date symlink: /home/wjs/cart_ros2/install/share/sllidar_ros2/local_setup.bash\n'}
[7.905079] (sllidar_ros2) StdoutLine: {'line': b'-- Up-to-date symlink: /home/wjs/cart_ros2/install/share/sllidar_ros2/local_setup.sh\n'}
[7.906674] (sllidar_ros2) StdoutLine: {'line': b'-- Up-to-date symlink: /home/wjs/cart_ros2/install/share/sllidar_ros2/local_setup.zsh\n'}
[7.908181] (sllidar_ros2) StdoutLine: {'line': b'-- Up-to-date symlink: /home/wjs/cart_ros2/install/share/sllidar_ros2/local_setup.dsv\n'}
[7.910419] (sllidar_ros2) StdoutLine: {'line': b'-- Symlinking: /home/wjs/cart_ros2/install/share/sllidar_ros2/package.dsv\n'}
[7.970186] (sllidar_ros2) StdoutLine: {'line': b'-- Up-to-date symlink: /home/wjs/cart_ros2/install/share/ament_index/resource_index/packages/sllidar_ros2\n'}
[7.971411] (sllidar_ros2) StdoutLine: {'line': b'-- Up-to-date symlink: /home/wjs/cart_ros2/install/share/sllidar_ros2/cmake/ament_cmake_export_dependencies-extras.cmake\n'}
[7.972945] (sllidar_ros2) StdoutLine: {'line': b'-- Up-to-date symlink: /home/wjs/cart_ros2/install/share/sllidar_ros2/cmake/ament_cmake_export_include_directories-extras.cmake\n'}
[7.974197] (sllidar_ros2) StdoutLine: {'line': b'-- Up-to-date symlink: /home/wjs/cart_ros2/install/share/sllidar_ros2/cmake/sllidar_ros2Config.cmake\n'}
[7.975101] (sllidar_ros2) StdoutLine: {'line': b'-- Up-to-date symlink: /home/wjs/cart_ros2/install/share/sllidar_ros2/cmake/sllidar_ros2Config-version.cmake\n'}
[7.977585] (sllidar_ros2) StdoutLine: {'line': b'-- Up-to-date symlink: /home/wjs/cart_ros2/install/share/sllidar_ros2/package.xml\n'}
[7.991248] (sllidar_ros2) CommandEnded: {'returncode': 0}
[7.999393] (-) TimerEvent: {}
[8.102540] (-) TimerEvent: {}
[8.146266] (sllidar_ros2) JobEnded: {'identifier': 'sllidar_ros2', 'rc': 0}
[8.152404] (roboteq_controller) JobStarted: {'identifier': 'roboteq_controller'}
[8.180211] (stella_ahrs) StdoutLine: {'line': b'[100%] Built target stella_ahrs_node\n'}
[8.204166] (-) TimerEvent: {}
[8.243620] (stella_ahrs) CommandEnded: {'returncode': 0}
[8.249011] (stella_ahrs) JobProgress: {'identifier': 'stella_ahrs', 'progress': 'install'}
[8.257541] (stella_ahrs) Command: {'cmd': ['/usr/bin/cmake', '--install', '/home/wjs/cart_ros2/build/stella_ahrs'], 'cwd': '/home/wjs/cart_ros2/build/stella_ahrs', 'env': OrderedDict([('LESSOPEN', '| /usr/bin/lesspipe %s'), ('USER', 'wjs'), ('SSH_AGENT_PID', '4037'), ('XDG_SESSION_TYPE', 'x11'), ('PIP_CACHE_DIR', '/mnt/sdcard/.cache/pip'), ('XDG_CACHE_HOME', '/mnt/sdcard/.cache'), ('SHLVL', '1'), ('LD_LIBRARY_PATH', '/opt/opencv-4.5.5-cuda/lib:/home/wjs/cart_ros2/install/lib:/home/wjs/tb3_tpl_ws/install/lib:/opt/ros/galactic/opt/yaml_cpp_vendor/lib:/opt/ros/galactic/opt/rviz_ogre_vendor/lib:/opt/ros/galactic/lib/aarch64-linux-gnu:/opt/ros/galactic/lib:/usr/local/cuda-11.4/lib64:'), ('HOME', '/home/wjs'), ('CYCLONEDDS_URI', 'file:///home/wjs/cyclonedds_lo.xml'), ('OLDPWD', '/home/wjs'), ('DESKTOP_SESSION', 'ubuntu'), ('JETSON_L4T', '35.6.3'), ('ROS_PYTHON_VERSION', '3'), ('GNOME_SHELL_SESSION_MODE', 'ubuntu'), ('GTK_MODULES', 'gail:atk-bridge'), ('JETSON_MODEL', 'Jetson-AGX'), ('MANAGERPID', '3935'), ('DBUS_SESSION_BUS_ADDRESS', 'unix:path=/run/user/1000/bus'), ('COLORTERM', 'truecolor'), ('TERMINATOR_DBUS_NAME', 'net.tenshu.Terminator23558193cd9818af7fe4d2c2f5bd9d00f'), ('GIO_LAUNCHED_DESKTOP_FILE_PID', '7597'), ('IM_CONFIG_PHASE', '1'), ('TMPDIR', '/mnt/sdcard/tmp'), ('COLCON_PREFIX_PATH', '/home/wjs/cart_ros2/install:/home/wjs/tb3_tpl_ws/install'), ('TORCH_HOME', '/mnt/sdcard/.cache/torch'), ('ROS_DISTRO', 'galactic'), ('LOGNAME', 'wjs'), ('JETSON_MODULE', 'NVIDIA Jetson AGX Xavier (32 GB ram)'), ('JETSON_SERIAL_NUMBER', '1423420009543'), ('JOURNAL_STREAM', '8:75272'), ('_', '/usr/bin/colcon'), ('ROS_VERSION', '2'), ('JETSON_CODENAME', 'Galen'), ('XDG_SESSION_CLASS', 'user'), ('USERNAME', 'wjs'), ('TERM', 'xterm-256color'), ('GNOME_DESKTOP_SESSION_ID', 'this-is-deprecated'), ('ROS_LOCALHOST_ONLY', '1'), ('WINDOWPATH', '2'), ('PATH', '/opt/ros/galactic/bin:/usr/local/cuda-11.4/bin:/home/wjs/.local/bin:/usr/local/sbin:/usr/local/bin:/usr/sbin:/usr/bin:/sbin:/bin:/usr/games:/usr/local/games:/snap/bin'), ('SESSION_MANAGER', 'local/ubuntu:@/tmp/.ICE-unix/4072,unix/ubuntu:/tmp/.ICE-unix/4072'), ('INVOCATION_ID', '579b0bc7d2444c1facacc62736e29ce4'), ('XDG_MENU_PREFIX', 'gnome-'), ('XDG_RUNTIME_DIR', '/run/user/1000'), ('DISPLAY', ':1'), ('TERMINATOR_DBUS_PATH', '/net/tenshu/Terminator2'), ('LANG', 'en_US.UTF-8'), ('XDG_CURRENT_DESKTOP', 'ubuntu:GNOME'), ('RMW_IMPLEMENTATION', 'rmw_cyclonedds_cpp'), ('XMODIFIERS', '@im=ibus'), ('XDG_SESSION_DESKTOP', 'ubuntu'), ('XAUTHORITY', '/run/user/1000/gdm/Xauthority'), ('LS_COLORS', 'rs=0:di=01;34:ln=01;36:mh=00:pi=40;33:so=01;35:do=01;35:bd=40;33;01:cd=40;33;01:or=40;31;01:mi=00:su=37;41:sg=30;43:ca=30;41:tw=30;42:ow=34;42:st=37;44:ex=01;32:*.tar=01;31:*.tgz=01;31:*.arc=01;31:*.arj=01;31:*.taz=01;31:*.lha=01;31:*.lz4=01;31:*.lzh=01;31:*.lzma=01;31:*.tlz=01;31:*.txz=01;31:*.tzo=01;31:*.t7z=01;31:*.zip=01;31:*.z=01;31:*.dz=01;31:*.gz=01;31:*.lrz=01;31:*.lz=01;31:*.lzo=01;31:*.xz=01;31:*.zst=01;31:*.tzst=01;31:*.bz2=01;31:*.bz=01;31:*.tbz=01;31:*.tbz2=01;31:*.tz=01;31:*.deb=01;31:*.rpm=01;31:*.jar=01;31:*.war=01;31:*.ear=01;31:*.sar=01;31:*.rar=01;31:*.alz=01;31:*.ace=01;31:*.zoo=01;31:*.cpio=01;31:*.7z=01;31:*.rz=01;31:*.cab=01;31:*.wim=01;31:*.swm=01;31:*.dwm=01;31:*.esd=01;31:*.jpg=01;35:*.jpeg=01;35:*.mjpg=01;35:*.mjpeg=01;35:*.gif=01;35:*.bmp=01;35:*.pbm=01;35:*.pgm=01;35:*.ppm=01;35:*.tga=01;35:*.xbm=01;35:*.xpm=01;35:*.tif=01;35:*.tiff=01;35:*.png=01;35:*.svg=01;35:*.svgz=01;35:*.mng=01;35:*.pcx=01;35:*.mov=01;35:*.mpg=01;35:*.mpeg=01;35:*.m2v=01;35:*.mkv=01;35:*.webm=01;35:*.ogm=01;35:*.mp4=01;35:*.m4v=01;35:*.mp4v=01;35:*.vob=01;35:*.qt=01;35:*.nuv=01;35:*.wmv=01;35:*.asf=01;35:*.rm=01;35:*.rmvb=01;35:*.flc=01;35:*.avi=01;35:*.fli=01;35:*.flv=01;35:*.gl=01;35:*.dl=01;35:*.xcf=01;35:*.xwd=01;35:*.yuv=01;35:*.cgm=01;35:*.emf=01;35:*.ogv=01;35:*.ogx=01;35:*.aac=00;36:*.au=00;36:*.flac=00;36:*.m4a=00;36:*.mid=00;36:*.midi=00;36:*.mka=00;36:*.mp3=00;36:*.mpc=00;36:*.ogg=00;36:*.ra=00;36:*.wav=00;36:*.oga=00;36:*.opus=00;36:*.spx=00;36:*.xspf=00;36:'), ('JETSON_SOC', 'tegra194'), ('SSH_AUTH_SOCK', '/run/user/1000/keyring/ssh'), ('ROS_DOMAIN_ID', '35'), ('AMENT_PREFIX_PATH', '/home/wjs/cart_ros2/install:/home/wjs/tb3_tpl_ws/install:/opt/ros/galactic'), ('SHELL', '/bin/bash'), ('TERMINATOR_UUID', 'urn:uuid:479ed337-4a64-46eb-b813-77ac35b7f442'), ('QT_ACCESSIBILITY', '1'), ('GDMSESSION', 'ubuntu'), ('LESSCLOSE', '/usr/bin/lesspipe %s %s'), ('GPG_AGENT_INFO', '/run/user/1000/gnupg/S.gpg-agent:0:1'), ('QT_IM_MODULE', 'ibus'), ('JETSON_CUDA_ARCH_BIN', '7.2'), ('PWD', '/home/wjs/cart_ros2/build/stella_ahrs'), ('XDG_CONFIG_DIRS', '/etc/xdg/xdg-ubuntu:/etc/xdg'), ('XDG_DATA_DIRS', '/usr/share/ubuntu:/usr/local/share/:/usr/share/:/var/lib/snapd/desktop'), ('PYTHONPATH', '/opt/opencv-4.5.5-cuda/lib/python3.8/site-packages:/home/wjs/cart_ros2/build/differential_drive/src:/home/wjs/cart_ros2/build/arduino_ros2:/home/wjs/cart_ros2/build/agv_body:/home/wjs/cart_ros2/install/lib/python3.8/site-packages:/home/wjs/tb3_tpl_ws/build/turtlebot3_teleop:/home/wjs/tb3_tpl_ws/install/lib/python3.8/site-packages:/opt/ros/galactic/lib/python3.8/site-packages'), ('COLCON', '1'), ('VTE_VERSION', '6003'), ('JETSON_JETPACK', '5.1.7'), ('CMAKE_PREFIX_PATH', '/home/wjs/cart_ros2/install:/home/wjs/tb3_tpl_ws/install:/opt/ros/galactic'), ('JETSON_P_NUMBER', 'p2888-0004')]), 'shell': False}
[8.302550] (roboteq_controller) JobProgress: {'identifier': 'roboteq_controller', 'progress': 'cmake'}
[8.305454] (-) TimerEvent: {}
[8.309085] (stella_ahrs) StdoutLine: {'line': b'-- Install configuration: ""\n'}
[8.310518] (roboteq_controller) JobProgress: {'identifier': 'roboteq_controller', 'progress': 'build'}
[8.311307] (stella_ahrs) StdoutLine: {'line': b'-- Execute custom install script\n'}
[8.312760] (roboteq_controller) Command: {'cmd': ['/usr/bin/cmake', '--build', '/home/wjs/cart_ros2/build/roboteq_controller', '--', '-j4', '-l4'], 'cwd': '/home/wjs/cart_ros2/build/roboteq_controller', 'env': OrderedDict([('LESSOPEN', '| /usr/bin/lesspipe %s'), ('USER', 'wjs'), ('SSH_AGENT_PID', '4037'), ('XDG_SESSION_TYPE', 'x11'), ('PIP_CACHE_DIR', '/mnt/sdcard/.cache/pip'), ('XDG_CACHE_HOME', '/mnt/sdcard/.cache'), ('SHLVL', '1'), ('LD_LIBRARY_PATH', '/home/wjs/cart_ros2/install/lib:/opt/opencv-4.5.5-cuda/lib:/home/wjs/tb3_tpl_ws/install/lib:/opt/ros/galactic/opt/yaml_cpp_vendor/lib:/opt/ros/galactic/opt/rviz_ogre_vendor/lib:/opt/ros/galactic/lib/aarch64-linux-gnu:/opt/ros/galactic/lib:/usr/local/cuda-11.4/lib64'), ('HOME', '/home/wjs'), ('CYCLONEDDS_URI', 'file:///home/wjs/cyclonedds_lo.xml'), ('OLDPWD', '/home/wjs'), ('DESKTOP_SESSION', 'ubuntu'), ('JETSON_L4T', '35.6.3'), ('ROS_PYTHON_VERSION', '3'), ('GNOME_SHELL_SESSION_MODE', 'ubuntu'), ('GTK_MODULES', 'gail:atk-bridge'), ('JETSON_MODEL', 'Jetson-AGX'), ('MANAGERPID', '3935'), ('DBUS_SESSION_BUS_ADDRESS', 'unix:path=/run/user/1000/bus'), ('COLORTERM', 'truecolor'), ('TERMINATOR_DBUS_NAME', 'net.tenshu.Terminator23558193cd9818af7fe4d2c2f5bd9d00f'), ('GIO_LAUNCHED_DESKTOP_FILE_PID', '7597'), ('IM_CONFIG_PHASE', '1'), ('TMPDIR', '/mnt/sdcard/tmp'), ('COLCON_PREFIX_PATH', '/home/wjs/cart_ros2/install:/home/wjs/tb3_tpl_ws/install'), ('TORCH_HOME', '/mnt/sdcard/.cache/torch'), ('ROS_DISTRO', 'galactic'), ('LOGNAME', 'wjs'), ('JETSON_MODULE', 'NVIDIA Jetson AGX Xavier (32 GB ram)'), ('JETSON_SERIAL_NUMBER', '1423420009543'), ('JOURNAL_STREAM', '8:75272'), ('_', '/usr/bin/colcon'), ('ROS_VERSION', '2'), ('JETSON_CODENAME', 'Galen'), ('XDG_SESSION_CLASS', 'user'), ('USERNAME', 'wjs'), ('TERM', 'xterm-256color'), ('GNOME_DESKTOP_SESSION_ID', 'this-is-deprecated'), ('ROS_LOCALHOST_ONLY', '1'), ('WINDOWPATH', '2'), ('PATH', '/opt/ros/galactic/bin:/usr/local/cuda-11.4/bin:/home/wjs/.local/bin:/usr/local/sbin:/usr/local/bin:/usr/sbin:/usr/bin:/sbin:/bin:/usr/games:/usr/local/games:/snap/bin'), ('SESSION_MANAGER', 'local/ubuntu:@/tmp/.ICE-unix/4072,unix/ubuntu:/tmp/.ICE-unix/4072'), ('INVOCATION_ID', '579b0bc7d2444c1facacc62736e29ce4'), ('XDG_MENU_PREFIX', 'gnome-'), ('XDG_RUNTIME_DIR', '/run/user/1000'), ('DISPLAY', ':1'), ('TERMINATOR_DBUS_PATH', '/net/tenshu/Terminator2'), ('LANG', 'en_US.UTF-8'), ('XDG_CURRENT_DESKTOP', 'ubuntu:GNOME'), ('RMW_IMPLEMENTATION', 'rmw_cyclonedds_cpp'), ('XMODIFIERS', '@im=ibus'), ('XDG_SESSION_DESKTOP', 'ubuntu'), ('XAUTHORITY', '/run/user/1000/gdm/Xauthority'), ('LS_COLORS', 'rs=0:di=01;34:ln=01;36:mh=00:pi=40;33:so=01;35:do=01;35:bd=40;33;01:cd=40;33;01:or=40;31;01:mi=00:su=37;41:sg=30;43:ca=30;41:tw=30;42:ow=34;42:st=37;44:ex=01;32:*.tar=01;31:*.tgz=01;31:*.arc=01;31:*.arj=01;31:*.taz=01;31:*.lha=01;31:*.lz4=01;31:*.lzh=01;31:*.lzma=01;31:*.tlz=01;31:*.txz=01;31:*.tzo=01;31:*.t7z=01;31:*.zip=01;31:*.z=01;31:*.dz=01;31:*.gz=01;31:*.lrz=01;31:*.lz=01;31:*.lzo=01;31:*.xz=01;31:*.zst=01;31:*.tzst=01;31:*.bz2=01;31:*.bz=01;31:*.tbz=01;31:*.tbz2=01;31:*.tz=01;31:*.deb=01;31:*.rpm=01;31:*.jar=01;31:*.war=01;31:*.ear=01;31:*.sar=01;31:*.rar=01;31:*.alz=01;31:*.ace=01;31:*.zoo=01;31:*.cpio=01;31:*.7z=01;31:*.rz=01;31:*.cab=01;31:*.wim=01;31:*.swm=01;31:*.dwm=01;31:*.esd=01;31:*.jpg=01;35:*.jpeg=01;35:*.mjpg=01;35:*.mjpeg=01;35:*.gif=01;35:*.bmp=01;35:*.pbm=01;35:*.pgm=01;35:*.ppm=01;35:*.tga=01;35:*.xbm=01;35:*.xpm=01;35:*.tif=01;35:*.tiff=01;35:*.png=01;35:*.svg=01;35:*.svgz=01;35:*.mng=01;35:*.pcx=01;35:*.mov=01;35:*.mpg=01;35:*.mpeg=01;35:*.m2v=01;35:*.mkv=01;35:*.webm=01;35:*.ogm=01;35:*.mp4=01;35:*.m4v=01;35:*.mp4v=01;35:*.vob=01;35:*.qt=01;35:*.nuv=01;35:*.wmv=01;35:*.asf=01;35:*.rm=01;35:*.rmvb=01;35:*.flc=01;35:*.avi=01;35:*.fli=01;35:*.flv=01;35:*.gl=01;35:*.dl=01;35:*.xcf=01;35:*.xwd=01;35:*.yuv=01;35:*.cgm=01;35:*.emf=01;35:*.ogv=01;35:*.ogx=01;35:*.aac=00;36:*.au=00;36:*.flac=00;36:*.m4a=00;36:*.mid=00;36:*.midi=00;36:*.mka=00;36:*.mp3=00;36:*.mpc=00;36:*.ogg=00;36:*.ra=00;36:*.wav=00;36:*.oga=00;36:*.opus=00;36:*.spx=00;36:*.xspf=00;36:'), ('JETSON_SOC', 'tegra194'), ('SSH_AUTH_SOCK', '/run/user/1000/keyring/ssh'), ('ROS_DOMAIN_ID', '35'), ('AMENT_PREFIX_PATH', '/home/wjs/cart_ros2/install:/home/wjs/tb3_tpl_ws/install:/opt/ros/galactic'), ('SHELL', '/bin/bash'), ('TERMINATOR_UUID', 'urn:uuid:479ed337-4a64-46eb-b813-77ac35b7f442'), ('QT_ACCESSIBILITY', '1'), ('GDMSESSION', 'ubuntu'), ('LESSCLOSE', '/usr/bin/lesspipe %s %s'), ('GPG_AGENT_INFO', '/run/user/1000/gnupg/S.gpg-agent:0:1'), ('QT_IM_MODULE', 'ibus'), ('JETSON_CUDA_ARCH_BIN', '7.2'), ('PWD', '/home/wjs/cart_ros2/build/roboteq_controller'), ('XDG_CONFIG_DIRS', '/etc/xdg/xdg-ubuntu:/etc/xdg'), ('XDG_DATA_DIRS', '/usr/share/ubuntu:/usr/local/share/:/usr/share/:/var/lib/snapd/desktop'), ('PYTHONPATH', '/home/wjs/cart_ros2/install/lib/python3.8/site-packages:/opt/opencv-4.5.5-cuda/lib/python3.8/site-packages:/home/wjs/cart_ros2/build/differential_drive/src:/home/wjs/cart_ros2/build/arduino_ros2:/home/wjs/cart_ros2/build/agv_body:/home/wjs/tb3_tpl_ws/build/turtlebot3_teleop:/home/wjs/tb3_tpl_ws/install/lib/python3.8/site-packages:/opt/ros/galactic/lib/python3.8/site-packages'), ('COLCON', '1'), ('VTE_VERSION', '6003'), ('JETSON_JETPACK', '5.1.7'), ('CMAKE_PREFIX_PATH', '/home/wjs/cart_ros2/install:/home/wjs/tb3_tpl_ws/install:/opt/ros/galactic'), ('JETSON_P_NUMBER', 'p2888-0004')]), 'shell': False}
[8.331233] (stella_ahrs) StdoutLine: {'line': b'-- Up-to-date symlink: /home/wjs/cart_ros2/install/share/stella_ahrs//launch/stella_ahrs_launch.py\n'}
[8.332224] (stella_ahrs) StdoutLine: {'line': b'-- Up-to-date symlink: /home/wjs/cart_ros2/install/share/stella_ahrs/rviz/imu_test.rviz\n'}
[8.332687] (stella_ahrs) StdoutLine: {'line': b'-- Up-to-date symlink: /home/wjs/cart_ros2/install/lib/stella_ahrs/stella_ahrs_node\n'}
[8.333003] (stella_ahrs) StdoutLine: {'line': b'-- Up-to-date symlink: /home/wjs/cart_ros2/install/share/ament_index/resource_index/package_run_dependencies/stella_ahrs\n'}
[8.333304] (stella_ahrs) StdoutLine: {'line': b'-- Up-to-date symlink: /home/wjs/cart_ros2/install/share/ament_index/resource_index/parent_prefix_path/stella_ahrs\n'}
[8.333582] (stella_ahrs) StdoutLine: {'line': b'-- Up-to-date symlink: /home/wjs/cart_ros2/install/share/stella_ahrs/environment/ament_prefix_path.sh\n'}
[8.333869] (stella_ahrs) StdoutLine: {'line': b'-- Up-to-date symlink: /home/wjs/cart_ros2/install/share/stella_ahrs/environment/ament_prefix_path.dsv\n'}
[8.334136] (stella_ahrs) StdoutLine: {'line': b'-- Up-to-date symlink: /home/wjs/cart_ros2/install/share/stella_ahrs/environment/path.sh\n'}
[8.334406] (stella_ahrs) StdoutLine: {'line': b'-- Up-to-date symlink: /home/wjs/cart_ros2/install/share/stella_ahrs/environment/path.dsv\n'}
[8.336458] (stella_ahrs) StdoutLine: {'line': b'-- Up-to-date symlink: /home/wjs/cart_ros2/install/share/stella_ahrs/local_setup.bash\n'}
[8.336872] (stella_ahrs) StdoutLine: {'line': b'-- Up-to-date symlink: /home/wjs/cart_ros2/install/share/stella_ahrs/local_setup.sh\n'}
[8.341662] (stella_ahrs) StdoutLine: {'line': b'-- Up-to-date symlink: /home/wjs/cart_ros2/install/share/stella_ahrs/local_setup.zsh\n'}
[8.343027] (stella_ahrs) StdoutLine: {'line': b'-- Up-to-date symlink: /home/wjs/cart_ros2/install/share/stella_ahrs/local_setup.dsv\n'}
[8.343934] (stella_ahrs) StdoutLine: {'line': b'-- Symlinking: /home/wjs/cart_ros2/install/share/stella_ahrs/package.dsv\n'}
[8.397960] (stella_ahrs) StdoutLine: {'line': b'-- Up-to-date symlink: /home/wjs/cart_ros2/install/share/ament_index/resource_index/packages/stella_ahrs\n'}
[8.399308] (stella_ahrs) StdoutLine: {'line': b'-- Up-to-date symlink: /home/wjs/cart_ros2/install/share/stella_ahrs/cmake/ament_cmake_export_include_directories-extras.cmake\n'}
[8.400704] (stella_ahrs) StdoutLine: {'line': b'-- Up-to-date symlink: /home/wjs/cart_ros2/install/share/stella_ahrs/cmake/stella_ahrsConfig.cmake\n'}
[8.401622] (stella_ahrs) StdoutLine: {'line': b'-- Up-to-date symlink: /home/wjs/cart_ros2/install/share/stella_ahrs/cmake/stella_ahrsConfig-version.cmake\n'}
[8.404307] (stella_ahrs) StdoutLine: {'line': b'-- Up-to-date symlink: /home/wjs/cart_ros2/install/share/stella_ahrs/package.xml\n'}
[8.405650] (-) TimerEvent: {}
[8.412284] (stella_ahrs) CommandEnded: {'returncode': 0}
[8.505884] (-) TimerEvent: {}
[8.531619] (stella_ahrs) JobEnded: {'identifier': 'stella_ahrs', 'rc': 0}
[8.548897] (differential_drive) StdoutLine: {'line': b'running egg_info\n'}
[8.549879] (differential_drive) StdoutLine: {'line': b'writing src/differential_drive.egg-info/PKG-INFO\n'}
[8.552029] (differential_drive) StdoutLine: {'line': b'writing dependency_links to src/differential_drive.egg-info/dependency_links.txt\n'}
[8.553688] (differential_drive) StdoutLine: {'line': b'writing entry points to src/differential_drive.egg-info/entry_points.txt\n'}
[8.555132] (differential_drive) StdoutLine: {'line': b'writing requirements to src/differential_drive.egg-info/requires.txt\n'}
[8.558594] (differential_drive) StdoutLine: {'line': b'writing top-level names to src/differential_drive.egg-info/top_level.txt\n'}
[8.606247] (-) TimerEvent: {}
[8.641331] (roboteq_controller) StdoutLine: {'line': b'[100%] Built target roboteq_controller_node\n'}
[8.679475] (differential_drive) StdoutLine: {'line': b"reading manifest file 'src/differential_drive.egg-info/SOURCES.txt'\n"}
[8.685519] (arduino_ros2) StdoutLine: {'line': b'running egg_info\n'}
[8.686599] (arduino_ros2) StdoutLine: {'line': b'writing arduino_ros2.egg-info/PKG-INFO\n'}
[8.688585] (differential_drive) StdoutLine: {'line': b"writing manifest file 'src/differential_drive.egg-info/SOURCES.txt'\n"}
[8.690183] (arduino_ros2) StdoutLine: {'line': b'writing dependency_links to arduino_ros2.egg-info/dependency_links.txt\n'}
[8.691479] (arduino_ros2) StdoutLine: {'line': b'writing entry points to arduino_ros2.egg-info/entry_points.txt\n'}
[8.691965] (arduino_ros2) StdoutLine: {'line': b'writing requirements to arduino_ros2.egg-info/requires.txt\n'}
[8.692328] (arduino_ros2) StdoutLine: {'line': b'writing top-level names to arduino_ros2.egg-info/top_level.txt\n'}
[8.694978] (roboteq_controller) CommandEnded: {'returncode': 0}
[8.708820] (-) TimerEvent: {}
[8.713281] (roboteq_controller) JobProgress: {'identifier': 'roboteq_controller', 'progress': 'install'}
[8.713522] (roboteq_controller) Command: {'cmd': ['/usr/bin/cmake', '--install', '/home/wjs/cart_ros2/build/roboteq_controller'], 'cwd': '/home/wjs/cart_ros2/build/roboteq_controller', 'env': OrderedDict([('LESSOPEN', '| /usr/bin/lesspipe %s'), ('USER', 'wjs'), ('SSH_AGENT_PID', '4037'), ('XDG_SESSION_TYPE', 'x11'), ('PIP_CACHE_DIR', '/mnt/sdcard/.cache/pip'), ('XDG_CACHE_HOME', '/mnt/sdcard/.cache'), ('SHLVL', '1'), ('LD_LIBRARY_PATH', '/home/wjs/cart_ros2/install/lib:/opt/opencv-4.5.5-cuda/lib:/home/wjs/tb3_tpl_ws/install/lib:/opt/ros/galactic/opt/yaml_cpp_vendor/lib:/opt/ros/galactic/opt/rviz_ogre_vendor/lib:/opt/ros/galactic/lib/aarch64-linux-gnu:/opt/ros/galactic/lib:/usr/local/cuda-11.4/lib64'), ('HOME', '/home/wjs'), ('CYCLONEDDS_URI', 'file:///home/wjs/cyclonedds_lo.xml'), ('OLDPWD', '/home/wjs'), ('DESKTOP_SESSION', 'ubuntu'), ('JETSON_L4T', '35.6.3'), ('ROS_PYTHON_VERSION', '3'), ('GNOME_SHELL_SESSION_MODE', 'ubuntu'), ('GTK_MODULES', 'gail:atk-bridge'), ('JETSON_MODEL', 'Jetson-AGX'), ('MANAGERPID', '3935'), ('DBUS_SESSION_BUS_ADDRESS', 'unix:path=/run/user/1000/bus'), ('COLORTERM', 'truecolor'), ('TERMINATOR_DBUS_NAME', 'net.tenshu.Terminator23558193cd9818af7fe4d2c2f5bd9d00f'), ('GIO_LAUNCHED_DESKTOP_FILE_PID', '7597'), ('IM_CONFIG_PHASE', '1'), ('TMPDIR', '/mnt/sdcard/tmp'), ('COLCON_PREFIX_PATH', '/home/wjs/cart_ros2/install:/home/wjs/tb3_tpl_ws/install'), ('TORCH_HOME', '/mnt/sdcard/.cache/torch'), ('ROS_DISTRO', 'galactic'), ('LOGNAME', 'wjs'), ('JETSON_MODULE', 'NVIDIA Jetson AGX Xavier (32 GB ram)'), ('JETSON_SERIAL_NUMBER', '1423420009543'), ('JOURNAL_STREAM', '8:75272'), ('_', '/usr/bin/colcon'), ('ROS_VERSION', '2'), ('JETSON_CODENAME', 'Galen'), ('XDG_SESSION_CLASS', 'user'), ('USERNAME', 'wjs'), ('TERM', 'xterm-256color'), ('GNOME_DESKTOP_SESSION_ID', 'this-is-deprecated'), ('ROS_LOCALHOST_ONLY', '1'), ('WINDOWPATH', '2'), ('PATH', '/opt/ros/galactic/bin:/usr/local/cuda-11.4/bin:/home/wjs/.local/bin:/usr/local/sbin:/usr/local/bin:/usr/sbin:/usr/bin:/sbin:/bin:/usr/games:/usr/local/games:/snap/bin'), ('SESSION_MANAGER', 'local/ubuntu:@/tmp/.ICE-unix/4072,unix/ubuntu:/tmp/.ICE-unix/4072'), ('INVOCATION_ID', '579b0bc7d2444c1facacc62736e29ce4'), ('XDG_MENU_PREFIX', 'gnome-'), ('XDG_RUNTIME_DIR', '/run/user/1000'), ('DISPLAY', ':1'), ('TERMINATOR_DBUS_PATH', '/net/tenshu/Terminator2'), ('LANG', 'en_US.UTF-8'), ('XDG_CURRENT_DESKTOP', 'ubuntu:GNOME'), ('RMW_IMPLEMENTATION', 'rmw_cyclonedds_cpp'), ('XMODIFIERS', '@im=ibus'), ('XDG_SESSION_DESKTOP', 'ubuntu'), ('XAUTHORITY', '/run/user/1000/gdm/Xauthority'), ('LS_COLORS', 'rs=0:di=01;34:ln=01;36:mh=00:pi=40;33:so=01;35:do=01;35:bd=40;33;01:cd=40;33;01:or=40;31;01:mi=00:su=37;41:sg=30;43:ca=30;41:tw=30;42:ow=34;42:st=37;44:ex=01;32:*.tar=01;31:*.tgz=01;31:*.arc=01;31:*.arj=01;31:*.taz=01;31:*.lha=01;31:*.lz4=01;31:*.lzh=01;31:*.lzma=01;31:*.tlz=01;31:*.txz=01;31:*.tzo=01;31:*.t7z=01;31:*.zip=01;31:*.z=01;31:*.dz=01;31:*.gz=01;31:*.lrz=01;31:*.lz=01;31:*.lzo=01;31:*.xz=01;31:*.zst=01;31:*.tzst=01;31:*.bz2=01;31:*.bz=01;31:*.tbz=01;31:*.tbz2=01;31:*.tz=01;31:*.deb=01;31:*.rpm=01;31:*.jar=01;31:*.war=01;31:*.ear=01;31:*.sar=01;31:*.rar=01;31:*.alz=01;31:*.ace=01;31:*.zoo=01;31:*.cpio=01;31:*.7z=01;31:*.rz=01;31:*.cab=01;31:*.wim=01;31:*.swm=01;31:*.dwm=01;31:*.esd=01;31:*.jpg=01;35:*.jpeg=01;35:*.mjpg=01;35:*.mjpeg=01;35:*.gif=01;35:*.bmp=01;35:*.pbm=01;35:*.pgm=01;35:*.ppm=01;35:*.tga=01;35:*.xbm=01;35:*.xpm=01;35:*.tif=01;35:*.tiff=01;35:*.png=01;35:*.svg=01;35:*.svgz=01;35:*.mng=01;35:*.pcx=01;35:*.mov=01;35:*.mpg=01;35:*.mpeg=01;35:*.m2v=01;35:*.mkv=01;35:*.webm=01;35:*.ogm=01;35:*.mp4=01;35:*.m4v=01;35:*.mp4v=01;35:*.vob=01;35:*.qt=01;35:*.nuv=01;35:*.wmv=01;35:*.asf=01;35:*.rm=01;35:*.rmvb=01;35:*.flc=01;35:*.avi=01;35:*.fli=01;35:*.flv=01;35:*.gl=01;35:*.dl=01;35:*.xcf=01;35:*.xwd=01;35:*.yuv=01;35:*.cgm=01;35:*.emf=01;35:*.ogv=01;35:*.ogx=01;35:*.aac=00;36:*.au=00;36:*.flac=00;36:*.m4a=00;36:*.mid=00;36:*.midi=00;36:*.mka=00;36:*.mp3=00;36:*.mpc=00;36:*.ogg=00;36:*.ra=00;36:*.wav=00;36:*.oga=00;36:*.opus=00;36:*.spx=00;36:*.xspf=00;36:'), ('JETSON_SOC', 'tegra194'), ('SSH_AUTH_SOCK', '/run/user/1000/keyring/ssh'), ('ROS_DOMAIN_ID', '35'), ('AMENT_PREFIX_PATH', '/home/wjs/cart_ros2/install:/home/wjs/tb3_tpl_ws/install:/opt/ros/galactic'), ('SHELL', '/bin/bash'), ('TERMINATOR_UUID', 'urn:uuid:479ed337-4a64-46eb-b813-77ac35b7f442'), ('QT_ACCESSIBILITY', '1'), ('GDMSESSION', 'ubuntu'), ('LESSCLOSE', '/usr/bin/lesspipe %s %s'), ('GPG_AGENT_INFO', '/run/user/1000/gnupg/S.gpg-agent:0:1'), ('QT_IM_MODULE', 'ibus'), ('JETSON_CUDA_ARCH_BIN', '7.2'), ('PWD', '/home/wjs/cart_ros2/build/roboteq_controller'), ('XDG_CONFIG_DIRS', '/etc/xdg/xdg-ubuntu:/etc/xdg'), ('XDG_DATA_DIRS', '/usr/share/ubuntu:/usr/local/share/:/usr/share/:/var/lib/snapd/desktop'), ('PYTHONPATH', '/home/wjs/cart_ros2/install/lib/python3.8/site-packages:/opt/opencv-4.5.5-cuda/lib/python3.8/site-packages:/home/wjs/cart_ros2/build/differential_drive/src:/home/wjs/cart_ros2/build/arduino_ros2:/home/wjs/cart_ros2/build/agv_body:/home/wjs/tb3_tpl_ws/build/turtlebot3_teleop:/home/wjs/tb3_tpl_ws/install/lib/python3.8/site-packages:/opt/ros/galactic/lib/python3.8/site-packages'), ('COLCON', '1'), ('VTE_VERSION', '6003'), ('JETSON_JETPACK', '5.1.7'), ('CMAKE_PREFIX_PATH', '/home/wjs/cart_ros2/install:/home/wjs/tb3_tpl_ws/install:/opt/ros/galactic'), ('JETSON_P_NUMBER', 'p2888-0004')]), 'shell': False}
[8.747299] (roboteq_controller) StdoutLine: {'line': b'-- Install configuration: ""\n'}
[8.750667] (roboteq_controller) StdoutLine: {'line': b'-- Execute custom install script\n'}
[8.752479] (roboteq_controller) StdoutLine: {'line': b'-- Up-to-date symlink: /home/wjs/cart_ros2/install/share/ament_index/resource_index/package_run_dependencies/roboteq_controller\n'}
[8.753967] (roboteq_controller) StdoutLine: {'line': b'-- Up-to-date symlink: /home/wjs/cart_ros2/install/share/ament_index/resource_index/parent_prefix_path/roboteq_controller\n'}
[8.755426] (roboteq_controller) StdoutLine: {'line': b'-- Up-to-date symlink: /home/wjs/cart_ros2/install/share/roboteq_controller/environment/ament_prefix_path.sh\n'}
[8.756877] (roboteq_controller) StdoutLine: {'line': b'-- Up-to-date symlink: /home/wjs/cart_ros2/install/share/roboteq_controller/environment/ament_prefix_path.dsv\n'}
[8.758007] (roboteq_controller) StdoutLine: {'line': b'-- Up-to-date symlink: /home/wjs/cart_ros2/install/share/roboteq_controller/environment/path.sh\n'}
[8.759293] (roboteq_controller) StdoutLine: {'line': b'-- Up-to-date symlink: /home/wjs/cart_ros2/install/share/roboteq_controller/environment/path.dsv\n'}
[8.760620] (roboteq_controller) StdoutLine: {'line': b'-- Up-to-date symlink: /home/wjs/cart_ros2/install/share/roboteq_controller/local_setup.bash\n'}
[8.761807] (roboteq_controller) StdoutLine: {'line': b'-- Up-to-date symlink: /home/wjs/cart_ros2/install/share/roboteq_controller/local_setup.sh\n'}
[8.763142] (roboteq_controller) StdoutLine: {'line': b'-- Up-to-date symlink: /home/wjs/cart_ros2/install/share/roboteq_controller/local_setup.zsh\n'}
[8.764416] (roboteq_controller) StdoutLine: {'line': b'-- Up-to-date symlink: /home/wjs/cart_ros2/install/share/roboteq_controller/local_setup.dsv\n'}
[8.765286] (roboteq_controller) StdoutLine: {'line': b'-- Symlinking: /home/wjs/cart_ros2/install/share/roboteq_controller/package.dsv\n'}
[8.805968] (roboteq_controller) StdoutLine: {'line': b'-- Up-to-date symlink: /home/wjs/cart_ros2/install/share/ament_index/resource_index/packages/roboteq_controller\n'}
[8.807251] (roboteq_controller) StdoutLine: {'line': b'-- Up-to-date symlink: /home/wjs/cart_ros2/install/share/roboteq_controller/cmake/roboteq_controllerConfig.cmake\n'}
[8.808132] (roboteq_controller) StdoutLine: {'line': b'-- Up-to-date symlink: /home/wjs/cart_ros2/install/share/roboteq_controller/cmake/roboteq_controllerConfig-version.cmake\n'}
[8.808843] (-) TimerEvent: {}
[8.809688] (roboteq_controller) StdoutLine: {'line': b'-- Up-to-date symlink: /home/wjs/cart_ros2/install/share/roboteq_controller/package.xml\n'}
[8.811825] (roboteq_controller) StdoutLine: {'line': b'-- Up-to-date symlink: /home/wjs/cart_ros2/install/lib/roboteq_controller/roboteq_controller_node\n'}
[8.814461] (roboteq_controller) StdoutLine: {'line': b'-- Up-to-date symlink: /home/wjs/cart_ros2/install/share/roboteq_controller//launch/roboteq_launch.py\n'}
[8.816861] (roboteq_controller) StdoutLine: {'line': b'-- Up-to-date symlink: /home/wjs/cart_ros2/install/share/roboteq_controller/config/.query.yaml.swp\n'}
[8.817717] (roboteq_controller) StdoutLine: {'line': b'-- Up-to-date symlink: /home/wjs/cart_ros2/install/share/roboteq_controller/config/query.yaml\n'}
[8.821835] (arduino_ros2) StdoutLine: {'line': b"reading manifest file 'arduino_ros2.egg-info/SOURCES.txt'\n"}
[8.835046] (arduino_ros2) StdoutLine: {'line': b"writing manifest file 'arduino_ros2.egg-info/SOURCES.txt'\n"}
[8.835990] (roboteq_controller) CommandEnded: {'returncode': 0}
[8.909113] (-) TimerEvent: {}
[8.924217] (differential_drive) StdoutLine: {'line': b'running build_ext\n'}
[8.926673] (differential_drive) StdoutLine: {'line': b'Creating /home/wjs/cart_ros2/install/lib/python3.8/site-packages/differential-drive.egg-link (link to src)\n'}
[8.929200] (differential_drive) StdoutLine: {'line': b'Installing diff_tf script to /home/wjs/cart_ros2/install/lib/differential_drive\n'}
[8.931027] (differential_drive) StdoutLine: {'line': b'Installing pid_velocity script to /home/wjs/cart_ros2/install/lib/differential_drive\n'}
[8.933032] (differential_drive) StdoutLine: {'line': b'Installing twist_to_motors script to /home/wjs/cart_ros2/install/lib/differential_drive\n'}
[8.935788] (differential_drive) StdoutLine: {'line': b'Installing virtual_joystick script to /home/wjs/cart_ros2/install/lib/differential_drive\n'}
[8.938658] (differential_drive) StdoutLine: {'line': b'Installing wheel_loopback script to /home/wjs/cart_ros2/install/lib/differential_drive\n'}
[8.939343] (differential_drive) StdoutLine: {'line': b'Installing wheel_scaler script to /home/wjs/cart_ros2/install/lib/differential_drive\n'}
[8.939666] (differential_drive) StdoutLine: {'line': b'\n'}
[8.939975] (differential_drive) StdoutLine: {'line': b'Installed /home/wjs/cart_ros2/build/differential_drive/src\n'}
[8.940262] (differential_drive) StdoutLine: {'line': b'running symlink_data\n'}
[8.955441] (roboteq_controller) JobEnded: {'identifier': 'roboteq_controller', 'rc': 0}
[9.009490] (-) TimerEvent: {}
[9.055518] (arduino_ros2) StdoutLine: {'line': b'running build_ext\n'}
[9.056579] (arduino_ros2) StdoutLine: {'line': b'Creating /home/wjs/cart_ros2/install/lib/python3.8/site-packages/arduino-ros2.egg-link (link to .)\n'}
[9.061498] (arduino_ros2) StdoutLine: {'line': b'Installing pub_joycmd script to /home/wjs/cart_ros2/install/lib/arduino_ros2\n'}
[9.063178] (arduino_ros2) StdoutLine: {'line': b'\n'}
[9.064300] (arduino_ros2) StdoutLine: {'line': b'Installed /home/wjs/cart_ros2/build/arduino_ros2\n'}
[9.064948] (arduino_ros2) StdoutLine: {'line': b'running symlink_data\n'}
[9.066971] (differential_drive) CommandEnded: {'returncode': 0}
[9.110216] (-) TimerEvent: {}
[9.134707] (differential_drive) JobEnded: {'identifier': 'differential_drive', 'rc': 0}
[9.196714] (arduino_ros2) CommandEnded: {'returncode': 0}
[9.210532] (-) TimerEvent: {}
[9.253562] (arduino_ros2) JobEnded: {'identifier': 'arduino_ros2', 'rc': 0}
[9.258181] (-) EventReactorShutdown: {}
