[1.315s] DEBUG:colcon:Command line arguments: ['/usr/bin/colcon', 'build', '--symlink-install', '--merge-install']
[1.315s] DEBUG:colcon:Parsed command line arguments: Namespace(allow_overriding=[], ament_cmake_args=None, base_paths=['.'], build_base='build', catkin_cmake_args=None, catkin_skip_building_tests=False, cmake_args=None, cmake_clean_cache=False, cmake_clean_first=False, cmake_force_configure=False, cmake_target=None, cmake_target_skip_unavailable=False, continue_on_error=False, event_handlers=None, executor='parallel', ignore_user_meta=False, install_base='install', log_base=None, log_level=None, main=<bound method BuildVerb.main of <colcon_core.verb.build.BuildVerb object at 0xffffa8b685e0>>, merge_install=True, metas=['./colcon.meta'], mixin=None, mixin_files=None, mixin_verb=('build',), packages_above=None, packages_above_and_dependencies=None, packages_above_depth=None, packages_end=None, packages_ignore=None, packages_ignore_regex=None, packages_select=None, packages_select_build_failed=False, packages_select_by_dep=None, packages_select_regex=None, packages_select_test_failures=False, packages_skip=None, packages_skip_build_finished=False, packages_skip_by_dep=None, packages_skip_regex=None, packages_skip_test_passed=False, packages_skip_up_to=None, packages_start=None, packages_up_to=None, packages_up_to_regex=None, parallel_workers=4, paths=None, symlink_install=True, test_result_base=None, verb_extension=<colcon_core.verb.build.BuildVerb object at 0xffffa8b685e0>, verb_name='build', verb_parser=<colcon_mixin.mixin.mixin_argument.MixinArgumentDecorator object at 0xffffa8b68df0>)
[2.078s] Level 1:colcon.colcon_core.package_discovery:discover_packages(colcon_meta) check parameters
[2.079s] Level 1:colcon.colcon_core.package_discovery:discover_packages(recursive) check parameters
[2.079s] Level 1:colcon.colcon_core.package_discovery:discover_packages(ignore) check parameters
[2.079s] Level 1:colcon.colcon_core.package_discovery:discover_packages(path) check parameters
[2.079s] Level 1:colcon.colcon_core.package_discovery:discover_packages(colcon_meta) discover
[2.079s] Level 1:colcon.colcon_core.package_discovery:discover_packages(recursive) discover
[2.080s] INFO:colcon.colcon_core.package_discovery:Crawling recursively for packages in '/home/wjs/cart_ros2'
[2.080s] Level 1:colcon.colcon_core.package_identification:_identify(.) by extensions ['ignore', 'ignore_ament_install']
[2.081s] Level 1:colcon.colcon_core.package_identification:_identify(.) by extension 'ignore'
[2.081s] Level 1:colcon.colcon_core.package_identification:_identify(.) by extension 'ignore_ament_install'
[2.081s] Level 1:colcon.colcon_core.package_identification:_identify(.) by extensions ['colcon_pkg']
[2.081s] Level 1:colcon.colcon_core.package_identification:_identify(.) by extension 'colcon_pkg'
[2.082s] Level 1:colcon.colcon_core.package_identification:_identify(.) by extensions ['colcon_meta']
[2.082s] Level 1:colcon.colcon_core.package_identification:_identify(.) by extension 'colcon_meta'
[2.082s] Level 1:colcon.colcon_core.package_identification:_identify(.) by extensions ['ros']
[2.082s] Level 1:colcon.colcon_core.package_identification:_identify(.) by extension 'ros'
[2.121s] Level 1:colcon.colcon_core.package_identification:_identify(.) by extensions ['cmake', 'python']
[2.121s] Level 1:colcon.colcon_core.package_identification:_identify(.) by extension 'cmake'
[2.121s] Level 1:colcon.colcon_core.package_identification:_identify(.) by extension 'python'
[2.121s] Level 1:colcon.colcon_core.package_identification:_identify(.) by extensions ['python_setup_py']
[2.121s] Level 1:colcon.colcon_core.package_identification:_identify(.) by extension 'python_setup_py'
[2.122s] Level 1:colcon.colcon_core.package_identification:_identify(build) by extensions ['ignore', 'ignore_ament_install']
[2.122s] Level 1:colcon.colcon_core.package_identification:_identify(build) by extension 'ignore'
[2.122s] Level 1:colcon.colcon_core.package_identification:_identify(build) ignored
[2.123s] Level 1:colcon.colcon_core.package_identification:_identify(install) by extensions ['ignore', 'ignore_ament_install']
[2.123s] Level 1:colcon.colcon_core.package_identification:_identify(install) by extension 'ignore'
[2.123s] Level 1:colcon.colcon_core.package_identification:_identify(install) ignored
[2.124s] Level 1:colcon.colcon_core.package_identification:_identify(log) by extensions ['ignore', 'ignore_ament_install']
[2.124s] Level 1:colcon.colcon_core.package_identification:_identify(log) by extension 'ignore'
[2.124s] Level 1:colcon.colcon_core.package_identification:_identify(log) ignored
[2.124s] Level 1:colcon.colcon_core.package_identification:_identify(src) by extensions ['ignore', 'ignore_ament_install']
[2.125s] Level 1:colcon.colcon_core.package_identification:_identify(src) by extension 'ignore'
[2.125s] Level 1:colcon.colcon_core.package_identification:_identify(src) by extension 'ignore_ament_install'
[2.125s] Level 1:colcon.colcon_core.package_identification:_identify(src) by extensions ['colcon_pkg']
[2.125s] Level 1:colcon.colcon_core.package_identification:_identify(src) by extension 'colcon_pkg'
[2.125s] Level 1:colcon.colcon_core.package_identification:_identify(src) by extensions ['colcon_meta']
[2.125s] Level 1:colcon.colcon_core.package_identification:_identify(src) by extension 'colcon_meta'
[2.126s] Level 1:colcon.colcon_core.package_identification:_identify(src) by extensions ['ros']
[2.126s] Level 1:colcon.colcon_core.package_identification:_identify(src) by extension 'ros'
[2.126s] Level 1:colcon.colcon_core.package_identification:_identify(src) by extensions ['cmake', 'python']
[2.126s] Level 1:colcon.colcon_core.package_identification:_identify(src) by extension 'cmake'
[2.126s] Level 1:colcon.colcon_core.package_identification:_identify(src) by extension 'python'
[2.127s] Level 1:colcon.colcon_core.package_identification:_identify(src) by extensions ['python_setup_py']
[2.127s] Level 1:colcon.colcon_core.package_identification:_identify(src) by extension 'python_setup_py'
[2.127s] Level 1:colcon.colcon_core.package_identification:_identify(src/2th_NtrexAHRS_lib_ROS) by extensions ['ignore', 'ignore_ament_install']
[2.127s] Level 1:colcon.colcon_core.package_identification:_identify(src/2th_NtrexAHRS_lib_ROS) by extension 'ignore'
[2.127s] Level 1:colcon.colcon_core.package_identification:_identify(src/2th_NtrexAHRS_lib_ROS) by extension 'ignore_ament_install'
[2.128s] Level 1:colcon.colcon_core.package_identification:_identify(src/2th_NtrexAHRS_lib_ROS) by extensions ['colcon_pkg']
[2.128s] Level 1:colcon.colcon_core.package_identification:_identify(src/2th_NtrexAHRS_lib_ROS) by extension 'colcon_pkg'
[2.128s] Level 1:colcon.colcon_core.package_identification:_identify(src/2th_NtrexAHRS_lib_ROS) by extensions ['colcon_meta']
[2.128s] Level 1:colcon.colcon_core.package_identification:_identify(src/2th_NtrexAHRS_lib_ROS) by extension 'colcon_meta'
[2.128s] Level 1:colcon.colcon_core.package_identification:_identify(src/2th_NtrexAHRS_lib_ROS) by extensions ['ros']
[2.128s] Level 1:colcon.colcon_core.package_identification:_identify(src/2th_NtrexAHRS_lib_ROS) by extension 'ros'
[2.129s] Level 1:colcon.colcon_core.package_identification:_identify(src/2th_NtrexAHRS_lib_ROS) by extensions ['cmake', 'python']
[2.129s] Level 1:colcon.colcon_core.package_identification:_identify(src/2th_NtrexAHRS_lib_ROS) by extension 'cmake'
[2.129s] Level 1:colcon.colcon_core.package_identification:_identify(src/2th_NtrexAHRS_lib_ROS) by extension 'python'
[2.129s] Level 1:colcon.colcon_core.package_identification:_identify(src/2th_NtrexAHRS_lib_ROS) by extensions ['python_setup_py']
[2.129s] Level 1:colcon.colcon_core.package_identification:_identify(src/2th_NtrexAHRS_lib_ROS) by extension 'python_setup_py'
[2.130s] Level 1:colcon.colcon_core.package_identification:_identify(src/2th_NtrexAHRS_lib_ROS/lib_aarch64) by extensions ['ignore', 'ignore_ament_install']
[2.130s] Level 1:colcon.colcon_core.package_identification:_identify(src/2th_NtrexAHRS_lib_ROS/lib_aarch64) by extension 'ignore'
[2.130s] Level 1:colcon.colcon_core.package_identification:_identify(src/2th_NtrexAHRS_lib_ROS/lib_aarch64) by extension 'ignore_ament_install'
[2.130s] Level 1:colcon.colcon_core.package_identification:_identify(src/2th_NtrexAHRS_lib_ROS/lib_aarch64) by extensions ['colcon_pkg']
[2.130s] Level 1:colcon.colcon_core.package_identification:_identify(src/2th_NtrexAHRS_lib_ROS/lib_aarch64) by extension 'colcon_pkg'
[2.130s] Level 1:colcon.colcon_core.package_identification:_identify(src/2th_NtrexAHRS_lib_ROS/lib_aarch64) by extensions ['colcon_meta']
[2.131s] Level 1:colcon.colcon_core.package_identification:_identify(src/2th_NtrexAHRS_lib_ROS/lib_aarch64) by extension 'colcon_meta'
[2.131s] Level 1:colcon.colcon_core.package_identification:_identify(src/2th_NtrexAHRS_lib_ROS/lib_aarch64) by extensions ['ros']
[2.131s] Level 1:colcon.colcon_core.package_identification:_identify(src/2th_NtrexAHRS_lib_ROS/lib_aarch64) by extension 'ros'
[2.131s] Level 1:colcon.colcon_core.package_identification:_identify(src/2th_NtrexAHRS_lib_ROS/lib_aarch64) by extensions ['cmake', 'python']
[2.131s] Level 1:colcon.colcon_core.package_identification:_identify(src/2th_NtrexAHRS_lib_ROS/lib_aarch64) by extension 'cmake'
[2.131s] Level 1:colcon.colcon_core.package_identification:_identify(src/2th_NtrexAHRS_lib_ROS/lib_aarch64) by extension 'python'
[2.132s] Level 1:colcon.colcon_core.package_identification:_identify(src/2th_NtrexAHRS_lib_ROS/lib_aarch64) by extensions ['python_setup_py']
[2.132s] Level 1:colcon.colcon_core.package_identification:_identify(src/2th_NtrexAHRS_lib_ROS/lib_aarch64) by extension 'python_setup_py'
[2.132s] Level 1:colcon.colcon_core.package_identification:_identify(src/2th_NtrexAHRS_lib_ROS/lib_amd64) by extensions ['ignore', 'ignore_ament_install']
[2.132s] Level 1:colcon.colcon_core.package_identification:_identify(src/2th_NtrexAHRS_lib_ROS/lib_amd64) by extension 'ignore'
[2.132s] Level 1:colcon.colcon_core.package_identification:_identify(src/2th_NtrexAHRS_lib_ROS/lib_amd64) by extension 'ignore_ament_install'
[2.133s] Level 1:colcon.colcon_core.package_identification:_identify(src/2th_NtrexAHRS_lib_ROS/lib_amd64) by extensions ['colcon_pkg']
[2.133s] Level 1:colcon.colcon_core.package_identification:_identify(src/2th_NtrexAHRS_lib_ROS/lib_amd64) by extension 'colcon_pkg'
[2.133s] Level 1:colcon.colcon_core.package_identification:_identify(src/2th_NtrexAHRS_lib_ROS/lib_amd64) by extensions ['colcon_meta']
[2.133s] Level 1:colcon.colcon_core.package_identification:_identify(src/2th_NtrexAHRS_lib_ROS/lib_amd64) by extension 'colcon_meta'
[2.133s] Level 1:colcon.colcon_core.package_identification:_identify(src/2th_NtrexAHRS_lib_ROS/lib_amd64) by extensions ['ros']
[2.133s] Level 1:colcon.colcon_core.package_identification:_identify(src/2th_NtrexAHRS_lib_ROS/lib_amd64) by extension 'ros'
[2.134s] Level 1:colcon.colcon_core.package_identification:_identify(src/2th_NtrexAHRS_lib_ROS/lib_amd64) by extensions ['cmake', 'python']
[2.134s] Level 1:colcon.colcon_core.package_identification:_identify(src/2th_NtrexAHRS_lib_ROS/lib_amd64) by extension 'cmake'
[2.134s] Level 1:colcon.colcon_core.package_identification:_identify(src/2th_NtrexAHRS_lib_ROS/lib_amd64) by extension 'python'
[2.134s] Level 1:colcon.colcon_core.package_identification:_identify(src/2th_NtrexAHRS_lib_ROS/lib_amd64) by extensions ['python_setup_py']
[2.134s] Level 1:colcon.colcon_core.package_identification:_identify(src/2th_NtrexAHRS_lib_ROS/lib_amd64) by extension 'python_setup_py'
[2.134s] Level 1:colcon.colcon_core.package_identification:_identify(src/2th_NtrexAHRS_lib_ROS/lib_arm64) by extensions ['ignore', 'ignore_ament_install']
[2.135s] Level 1:colcon.colcon_core.package_identification:_identify(src/2th_NtrexAHRS_lib_ROS/lib_arm64) by extension 'ignore'
[2.135s] Level 1:colcon.colcon_core.package_identification:_identify(src/2th_NtrexAHRS_lib_ROS/lib_arm64) by extension 'ignore_ament_install'
[2.135s] Level 1:colcon.colcon_core.package_identification:_identify(src/2th_NtrexAHRS_lib_ROS/lib_arm64) by extensions ['colcon_pkg']
[2.135s] Level 1:colcon.colcon_core.package_identification:_identify(src/2th_NtrexAHRS_lib_ROS/lib_arm64) by extension 'colcon_pkg'
[2.135s] Level 1:colcon.colcon_core.package_identification:_identify(src/2th_NtrexAHRS_lib_ROS/lib_arm64) by extensions ['colcon_meta']
[2.135s] Level 1:colcon.colcon_core.package_identification:_identify(src/2th_NtrexAHRS_lib_ROS/lib_arm64) by extension 'colcon_meta'
[2.136s] Level 1:colcon.colcon_core.package_identification:_identify(src/2th_NtrexAHRS_lib_ROS/lib_arm64) by extensions ['ros']
[2.136s] Level 1:colcon.colcon_core.package_identification:_identify(src/2th_NtrexAHRS_lib_ROS/lib_arm64) by extension 'ros'
[2.136s] Level 1:colcon.colcon_core.package_identification:_identify(src/2th_NtrexAHRS_lib_ROS/lib_arm64) by extensions ['cmake', 'python']
[2.136s] Level 1:colcon.colcon_core.package_identification:_identify(src/2th_NtrexAHRS_lib_ROS/lib_arm64) by extension 'cmake'
[2.136s] Level 1:colcon.colcon_core.package_identification:_identify(src/2th_NtrexAHRS_lib_ROS/lib_arm64) by extension 'python'
[2.136s] Level 1:colcon.colcon_core.package_identification:_identify(src/2th_NtrexAHRS_lib_ROS/lib_arm64) by extensions ['python_setup_py']
[2.137s] Level 1:colcon.colcon_core.package_identification:_identify(src/2th_NtrexAHRS_lib_ROS/lib_arm64) by extension 'python_setup_py'
[2.137s] Level 1:colcon.colcon_core.package_identification:_identify(src/2th_NtrexAHRS_lib_ROS/lib_armv7l) by extensions ['ignore', 'ignore_ament_install']
[2.137s] Level 1:colcon.colcon_core.package_identification:_identify(src/2th_NtrexAHRS_lib_ROS/lib_armv7l) by extension 'ignore'
[2.137s] Level 1:colcon.colcon_core.package_identification:_identify(src/2th_NtrexAHRS_lib_ROS/lib_armv7l) by extension 'ignore_ament_install'
[2.138s] Level 1:colcon.colcon_core.package_identification:_identify(src/2th_NtrexAHRS_lib_ROS/lib_armv7l) by extensions ['colcon_pkg']
[2.138s] Level 1:colcon.colcon_core.package_identification:_identify(src/2th_NtrexAHRS_lib_ROS/lib_armv7l) by extension 'colcon_pkg'
[2.138s] Level 1:colcon.colcon_core.package_identification:_identify(src/2th_NtrexAHRS_lib_ROS/lib_armv7l) by extensions ['colcon_meta']
[2.138s] Level 1:colcon.colcon_core.package_identification:_identify(src/2th_NtrexAHRS_lib_ROS/lib_armv7l) by extension 'colcon_meta'
[2.138s] Level 1:colcon.colcon_core.package_identification:_identify(src/2th_NtrexAHRS_lib_ROS/lib_armv7l) by extensions ['ros']
[2.138s] Level 1:colcon.colcon_core.package_identification:_identify(src/2th_NtrexAHRS_lib_ROS/lib_armv7l) by extension 'ros'
[2.139s] Level 1:colcon.colcon_core.package_identification:_identify(src/2th_NtrexAHRS_lib_ROS/lib_armv7l) by extensions ['cmake', 'python']
[2.139s] Level 1:colcon.colcon_core.package_identification:_identify(src/2th_NtrexAHRS_lib_ROS/lib_armv7l) by extension 'cmake'
[2.139s] Level 1:colcon.colcon_core.package_identification:_identify(src/2th_NtrexAHRS_lib_ROS/lib_armv7l) by extension 'python'
[2.139s] Level 1:colcon.colcon_core.package_identification:_identify(src/2th_NtrexAHRS_lib_ROS/lib_armv7l) by extensions ['python_setup_py']
[2.139s] Level 1:colcon.colcon_core.package_identification:_identify(src/2th_NtrexAHRS_lib_ROS/lib_armv7l) by extension 'python_setup_py'
[2.139s] Level 1:colcon.colcon_core.package_identification:_identify(src/2th_NtrexAHRS_lib_ROS/ros2_example) by extensions ['ignore', 'ignore_ament_install']
[2.140s] Level 1:colcon.colcon_core.package_identification:_identify(src/2th_NtrexAHRS_lib_ROS/ros2_example) by extension 'ignore'
[2.140s] Level 1:colcon.colcon_core.package_identification:_identify(src/2th_NtrexAHRS_lib_ROS/ros2_example) by extension 'ignore_ament_install'
[2.140s] Level 1:colcon.colcon_core.package_identification:_identify(src/2th_NtrexAHRS_lib_ROS/ros2_example) by extensions ['colcon_pkg']
[2.140s] Level 1:colcon.colcon_core.package_identification:_identify(src/2th_NtrexAHRS_lib_ROS/ros2_example) by extension 'colcon_pkg'
[2.140s] Level 1:colcon.colcon_core.package_identification:_identify(src/2th_NtrexAHRS_lib_ROS/ros2_example) by extensions ['colcon_meta']
[2.140s] Level 1:colcon.colcon_core.package_identification:_identify(src/2th_NtrexAHRS_lib_ROS/ros2_example) by extension 'colcon_meta'
[2.141s] Level 1:colcon.colcon_core.package_identification:_identify(src/2th_NtrexAHRS_lib_ROS/ros2_example) by extensions ['ros']
[2.141s] Level 1:colcon.colcon_core.package_identification:_identify(src/2th_NtrexAHRS_lib_ROS/ros2_example) by extension 'ros'
[2.141s] Level 1:colcon.colcon_core.package_identification:_identify(src/2th_NtrexAHRS_lib_ROS/ros2_example) by extensions ['cmake', 'python']
[2.141s] Level 1:colcon.colcon_core.package_identification:_identify(src/2th_NtrexAHRS_lib_ROS/ros2_example) by extension 'cmake'
[2.141s] Level 1:colcon.colcon_core.package_identification:_identify(src/2th_NtrexAHRS_lib_ROS/ros2_example) by extension 'python'
[2.141s] Level 1:colcon.colcon_core.package_identification:_identify(src/2th_NtrexAHRS_lib_ROS/ros2_example) by extensions ['python_setup_py']
[2.141s] Level 1:colcon.colcon_core.package_identification:_identify(src/2th_NtrexAHRS_lib_ROS/ros2_example) by extension 'python_setup_py'
[2.142s] Level 1:colcon.colcon_core.package_identification:_identify(src/2th_NtrexAHRS_lib_ROS/ros2_example/stella_ahrs) by extensions ['ignore', 'ignore_ament_install']
[2.142s] Level 1:colcon.colcon_core.package_identification:_identify(src/2th_NtrexAHRS_lib_ROS/ros2_example/stella_ahrs) by extension 'ignore'
[2.143s] Level 1:colcon.colcon_core.package_identification:_identify(src/2th_NtrexAHRS_lib_ROS/ros2_example/stella_ahrs) by extension 'ignore_ament_install'
[2.143s] Level 1:colcon.colcon_core.package_identification:_identify(src/2th_NtrexAHRS_lib_ROS/ros2_example/stella_ahrs) by extensions ['colcon_pkg']
[2.143s] Level 1:colcon.colcon_core.package_identification:_identify(src/2th_NtrexAHRS_lib_ROS/ros2_example/stella_ahrs) by extension 'colcon_pkg'
[2.143s] Level 1:colcon.colcon_core.package_identification:_identify(src/2th_NtrexAHRS_lib_ROS/ros2_example/stella_ahrs) by extensions ['colcon_meta']
[2.143s] Level 1:colcon.colcon_core.package_identification:_identify(src/2th_NtrexAHRS_lib_ROS/ros2_example/stella_ahrs) by extension 'colcon_meta'
[2.144s] Level 1:colcon.colcon_core.package_identification:_identify(src/2th_NtrexAHRS_lib_ROS/ros2_example/stella_ahrs) by extensions ['ros']
[2.144s] Level 1:colcon.colcon_core.package_identification:_identify(src/2th_NtrexAHRS_lib_ROS/ros2_example/stella_ahrs) by extension 'ros'
[2.155s] DEBUG:colcon.colcon_core.package_identification:Package 'src/2th_NtrexAHRS_lib_ROS/ros2_example/stella_ahrs' with type 'ros.ament_cmake' and name 'stella_ahrs'
[2.155s] Level 1:colcon.colcon_core.package_identification:_identify(src/agv_body) by extensions ['ignore', 'ignore_ament_install']
[2.156s] Level 1:colcon.colcon_core.package_identification:_identify(src/agv_body) by extension 'ignore'
[2.156s] Level 1:colcon.colcon_core.package_identification:_identify(src/agv_body) by extension 'ignore_ament_install'
[2.156s] Level 1:colcon.colcon_core.package_identification:_identify(src/agv_body) by extensions ['colcon_pkg']
[2.156s] Level 1:colcon.colcon_core.package_identification:_identify(src/agv_body) by extension 'colcon_pkg'
[2.156s] Level 1:colcon.colcon_core.package_identification:_identify(src/agv_body) by extensions ['colcon_meta']
[2.156s] Level 1:colcon.colcon_core.package_identification:_identify(src/agv_body) by extension 'colcon_meta'
[2.157s] Level 1:colcon.colcon_core.package_identification:_identify(src/agv_body) by extensions ['ros']
[2.157s] Level 1:colcon.colcon_core.package_identification:_identify(src/agv_body) by extension 'ros'
[2.159s] DEBUG:colcon.colcon_core.package_identification:Package 'src/agv_body' with type 'ros.ament_python' and name 'agv_body'
[2.159s] Level 1:colcon.colcon_core.package_identification:_identify(src/agv_mapping) by extensions ['ignore', 'ignore_ament_install']
[2.160s] Level 1:colcon.colcon_core.package_identification:_identify(src/agv_mapping) by extension 'ignore'
[2.160s] Level 1:colcon.colcon_core.package_identification:_identify(src/agv_mapping) by extension 'ignore_ament_install'
[2.160s] Level 1:colcon.colcon_core.package_identification:_identify(src/agv_mapping) by extensions ['colcon_pkg']
[2.160s] Level 1:colcon.colcon_core.package_identification:_identify(src/agv_mapping) by extension 'colcon_pkg'
[2.160s] Level 1:colcon.colcon_core.package_identification:_identify(src/agv_mapping) by extensions ['colcon_meta']
[2.161s] Level 1:colcon.colcon_core.package_identification:_identify(src/agv_mapping) by extension 'colcon_meta'
[2.161s] Level 1:colcon.colcon_core.package_identification:_identify(src/agv_mapping) by extensions ['ros']
[2.161s] Level 1:colcon.colcon_core.package_identification:_identify(src/agv_mapping) by extension 'ros'
[2.163s] DEBUG:colcon.colcon_core.package_identification:Package 'src/agv_mapping' with type 'ros.ament_cmake' and name 'agv_mapping'
[2.163s] Level 1:colcon.colcon_core.package_identification:_identify(src/arduino_ros2) by extensions ['ignore', 'ignore_ament_install']
[2.164s] Level 1:colcon.colcon_core.package_identification:_identify(src/arduino_ros2) by extension 'ignore'
[2.164s] Level 1:colcon.colcon_core.package_identification:_identify(src/arduino_ros2) by extension 'ignore_ament_install'
[2.164s] Level 1:colcon.colcon_core.package_identification:_identify(src/arduino_ros2) by extensions ['colcon_pkg']
[2.164s] Level 1:colcon.colcon_core.package_identification:_identify(src/arduino_ros2) by extension 'colcon_pkg'
[2.164s] Level 1:colcon.colcon_core.package_identification:_identify(src/arduino_ros2) by extensions ['colcon_meta']
[2.164s] Level 1:colcon.colcon_core.package_identification:_identify(src/arduino_ros2) by extension 'colcon_meta'
[2.164s] Level 1:colcon.colcon_core.package_identification:_identify(src/arduino_ros2) by extensions ['ros']
[2.165s] Level 1:colcon.colcon_core.package_identification:_identify(src/arduino_ros2) by extension 'ros'
[2.166s] DEBUG:colcon.colcon_core.package_identification:Package 'src/arduino_ros2' with type 'ros.ament_python' and name 'arduino_ros2'
[2.167s] Level 1:colcon.colcon_core.package_identification:_identify(src/ira_laser_tools) by extensions ['ignore', 'ignore_ament_install']
[2.167s] Level 1:colcon.colcon_core.package_identification:_identify(src/ira_laser_tools) by extension 'ignore'
[2.167s] Level 1:colcon.colcon_core.package_identification:_identify(src/ira_laser_tools) by extension 'ignore_ament_install'
[2.167s] Level 1:colcon.colcon_core.package_identification:_identify(src/ira_laser_tools) by extensions ['colcon_pkg']
[2.167s] Level 1:colcon.colcon_core.package_identification:_identify(src/ira_laser_tools) by extension 'colcon_pkg'
[2.168s] Level 1:colcon.colcon_core.package_identification:_identify(src/ira_laser_tools) by extensions ['colcon_meta']
[2.168s] Level 1:colcon.colcon_core.package_identification:_identify(src/ira_laser_tools) by extension 'colcon_meta'
[2.168s] Level 1:colcon.colcon_core.package_identification:_identify(src/ira_laser_tools) by extensions ['ros']
[2.168s] Level 1:colcon.colcon_core.package_identification:_identify(src/ira_laser_tools) by extension 'ros'
[2.177s] DEBUG:colcon.colcon_core.package_identification:Package 'src/ira_laser_tools' with type 'ros.ament_cmake' and name 'ira_laser_tools'
[2.178s] Level 1:colcon.colcon_core.package_identification:_identify(src/laser_filters) by extensions ['ignore', 'ignore_ament_install']
[2.178s] Level 1:colcon.colcon_core.package_identification:_identify(src/laser_filters) by extension 'ignore'
[2.178s] Level 1:colcon.colcon_core.package_identification:_identify(src/laser_filters) by extension 'ignore_ament_install'
[2.179s] Level 1:colcon.colcon_core.package_identification:_identify(src/laser_filters) by extensions ['colcon_pkg']
[2.179s] Level 1:colcon.colcon_core.package_identification:_identify(src/laser_filters) by extension 'colcon_pkg'
[2.179s] Level 1:colcon.colcon_core.package_identification:_identify(src/laser_filters) by extensions ['colcon_meta']
[2.179s] Level 1:colcon.colcon_core.package_identification:_identify(src/laser_filters) by extension 'colcon_meta'
[2.179s] Level 1:colcon.colcon_core.package_identification:_identify(src/laser_filters) by extensions ['ros']
[2.179s] Level 1:colcon.colcon_core.package_identification:_identify(src/laser_filters) by extension 'ros'
[2.184s] DEBUG:colcon.colcon_core.package_identification:Package 'src/laser_filters' with type 'ros.ament_cmake' and name 'laser_filters'
[2.184s] Level 1:colcon.colcon_core.package_identification:_identify(src/roboteq_controller_ros-galactic-devel) by extensions ['ignore', 'ignore_ament_install']
[2.185s] Level 1:colcon.colcon_core.package_identification:_identify(src/roboteq_controller_ros-galactic-devel) by extension 'ignore'
[2.185s] Level 1:colcon.colcon_core.package_identification:_identify(src/roboteq_controller_ros-galactic-devel) by extension 'ignore_ament_install'
[2.185s] Level 1:colcon.colcon_core.package_identification:_identify(src/roboteq_controller_ros-galactic-devel) by extensions ['colcon_pkg']
[2.185s] Level 1:colcon.colcon_core.package_identification:_identify(src/roboteq_controller_ros-galactic-devel) by extension 'colcon_pkg'
[2.185s] Level 1:colcon.colcon_core.package_identification:_identify(src/roboteq_controller_ros-galactic-devel) by extensions ['colcon_meta']
[2.185s] Level 1:colcon.colcon_core.package_identification:_identify(src/roboteq_controller_ros-galactic-devel) by extension 'colcon_meta'
[2.186s] Level 1:colcon.colcon_core.package_identification:_identify(src/roboteq_controller_ros-galactic-devel) by extensions ['ros']
[2.186s] Level 1:colcon.colcon_core.package_identification:_identify(src/roboteq_controller_ros-galactic-devel) by extension 'ros'
[2.186s] Level 1:colcon.colcon_core.package_identification:_identify(src/roboteq_controller_ros-galactic-devel) by extensions ['cmake', 'python']
[2.186s] Level 1:colcon.colcon_core.package_identification:_identify(src/roboteq_controller_ros-galactic-devel) by extension 'cmake'
[2.186s] Level 1:colcon.colcon_core.package_identification:_identify(src/roboteq_controller_ros-galactic-devel) by extension 'python'
[2.186s] Level 1:colcon.colcon_core.package_identification:_identify(src/roboteq_controller_ros-galactic-devel) by extensions ['python_setup_py']
[2.187s] Level 1:colcon.colcon_core.package_identification:_identify(src/roboteq_controller_ros-galactic-devel) by extension 'python_setup_py'
[2.187s] Level 1:colcon.colcon_core.package_identification:_identify(src/roboteq_controller_ros-galactic-devel/roboteq_controller) by extensions ['ignore', 'ignore_ament_install']
[2.187s] Level 1:colcon.colcon_core.package_identification:_identify(src/roboteq_controller_ros-galactic-devel/roboteq_controller) by extension 'ignore'
[2.187s] Level 1:colcon.colcon_core.package_identification:_identify(src/roboteq_controller_ros-galactic-devel/roboteq_controller) by extension 'ignore_ament_install'
[2.188s] Level 1:colcon.colcon_core.package_identification:_identify(src/roboteq_controller_ros-galactic-devel/roboteq_controller) by extensions ['colcon_pkg']
[2.188s] Level 1:colcon.colcon_core.package_identification:_identify(src/roboteq_controller_ros-galactic-devel/roboteq_controller) by extension 'colcon_pkg'
[2.188s] Level 1:colcon.colcon_core.package_identification:_identify(src/roboteq_controller_ros-galactic-devel/roboteq_controller) by extensions ['colcon_meta']
[2.188s] Level 1:colcon.colcon_core.package_identification:_identify(src/roboteq_controller_ros-galactic-devel/roboteq_controller) by extension 'colcon_meta'
[2.188s] Level 1:colcon.colcon_core.package_identification:_identify(src/roboteq_controller_ros-galactic-devel/roboteq_controller) by extensions ['ros']
[2.188s] Level 1:colcon.colcon_core.package_identification:_identify(src/roboteq_controller_ros-galactic-devel/roboteq_controller) by extension 'ros'
[2.191s] DEBUG:colcon.colcon_core.package_identification:Package 'src/roboteq_controller_ros-galactic-devel/roboteq_controller' with type 'ros.ament_cmake' and name 'roboteq_controller'
[2.192s] Level 1:colcon.colcon_core.package_identification:_identify(src/roboteq_controller_ros-galactic-devel/roboteq_interfaces) by extensions ['ignore', 'ignore_ament_install']
[2.192s] Level 1:colcon.colcon_core.package_identification:_identify(src/roboteq_controller_ros-galactic-devel/roboteq_interfaces) by extension 'ignore'
[2.192s] Level 1:colcon.colcon_core.package_identification:_identify(src/roboteq_controller_ros-galactic-devel/roboteq_interfaces) by extension 'ignore_ament_install'
[2.192s] Level 1:colcon.colcon_core.package_identification:_identify(src/roboteq_controller_ros-galactic-devel/roboteq_interfaces) by extensions ['colcon_pkg']
[2.192s] Level 1:colcon.colcon_core.package_identification:_identify(src/roboteq_controller_ros-galactic-devel/roboteq_interfaces) by extension 'colcon_pkg'
[2.193s] Level 1:colcon.colcon_core.package_identification:_identify(src/roboteq_controller_ros-galactic-devel/roboteq_interfaces) by extensions ['colcon_meta']
[2.193s] Level 1:colcon.colcon_core.package_identification:_identify(src/roboteq_controller_ros-galactic-devel/roboteq_interfaces) by extension 'colcon_meta'
[2.193s] Level 1:colcon.colcon_core.package_identification:_identify(src/roboteq_controller_ros-galactic-devel/roboteq_interfaces) by extensions ['ros']
[2.193s] Level 1:colcon.colcon_core.package_identification:_identify(src/roboteq_controller_ros-galactic-devel/roboteq_interfaces) by extension 'ros'
[2.195s] DEBUG:colcon.colcon_core.package_identification:Package 'src/roboteq_controller_ros-galactic-devel/roboteq_interfaces' with type 'ros.ament_cmake' and name 'roboteq_interfaces'
[2.196s] Level 1:colcon.colcon_core.package_identification:_identify(src/roboteq_controller_ros-galactic-devel/serial-ros2-master) by extensions ['ignore', 'ignore_ament_install']
[2.196s] Level 1:colcon.colcon_core.package_identification:_identify(src/roboteq_controller_ros-galactic-devel/serial-ros2-master) by extension 'ignore'
[2.196s] Level 1:colcon.colcon_core.package_identification:_identify(src/roboteq_controller_ros-galactic-devel/serial-ros2-master) by extension 'ignore_ament_install'
[2.196s] Level 1:colcon.colcon_core.package_identification:_identify(src/roboteq_controller_ros-galactic-devel/serial-ros2-master) by extensions ['colcon_pkg']
[2.196s] Level 1:colcon.colcon_core.package_identification:_identify(src/roboteq_controller_ros-galactic-devel/serial-ros2-master) by extension 'colcon_pkg'
[2.196s] Level 1:colcon.colcon_core.package_identification:_identify(src/roboteq_controller_ros-galactic-devel/serial-ros2-master) by extensions ['colcon_meta']
[2.197s] Level 1:colcon.colcon_core.package_identification:_identify(src/roboteq_controller_ros-galactic-devel/serial-ros2-master) by extension 'colcon_meta'
[2.197s] Level 1:colcon.colcon_core.package_identification:_identify(src/roboteq_controller_ros-galactic-devel/serial-ros2-master) by extensions ['ros']
[2.197s] Level 1:colcon.colcon_core.package_identification:_identify(src/roboteq_controller_ros-galactic-devel/serial-ros2-master) by extension 'ros'
[2.233s] DEBUG:colcon.colcon_core.package_identification:Package 'src/roboteq_controller_ros-galactic-devel/serial-ros2-master' with type 'ros.ament_cmake' and name 'serial'
[2.234s] Level 1:colcon.colcon_core.package_identification:_identify(src/ros2_differential_drive-ros2) by extensions ['ignore', 'ignore_ament_install']
[2.234s] Level 1:colcon.colcon_core.package_identification:_identify(src/ros2_differential_drive-ros2) by extension 'ignore'
[2.234s] Level 1:colcon.colcon_core.package_identification:_identify(src/ros2_differential_drive-ros2) by extension 'ignore_ament_install'
[2.235s] Level 1:colcon.colcon_core.package_identification:_identify(src/ros2_differential_drive-ros2) by extensions ['colcon_pkg']
[2.235s] Level 1:colcon.colcon_core.package_identification:_identify(src/ros2_differential_drive-ros2) by extension 'colcon_pkg'
[2.235s] Level 1:colcon.colcon_core.package_identification:_identify(src/ros2_differential_drive-ros2) by extensions ['colcon_meta']
[2.235s] Level 1:colcon.colcon_core.package_identification:_identify(src/ros2_differential_drive-ros2) by extension 'colcon_meta'
[2.235s] Level 1:colcon.colcon_core.package_identification:_identify(src/ros2_differential_drive-ros2) by extensions ['ros']
[2.235s] Level 1:colcon.colcon_core.package_identification:_identify(src/ros2_differential_drive-ros2) by extension 'ros'
[2.238s] DEBUG:colcon.colcon_core.package_identification:Package 'src/ros2_differential_drive-ros2' with type 'ros.ament_python' and name 'differential_drive'
[2.239s] Level 1:colcon.colcon_core.package_identification:_identify(src/sllidar_ros2) by extensions ['ignore', 'ignore_ament_install']
[2.239s] Level 1:colcon.colcon_core.package_identification:_identify(src/sllidar_ros2) by extension 'ignore'
[2.239s] Level 1:colcon.colcon_core.package_identification:_identify(src/sllidar_ros2) by extension 'ignore_ament_install'
[2.240s] Level 1:colcon.colcon_core.package_identification:_identify(src/sllidar_ros2) by extensions ['colcon_pkg']
[2.240s] Level 1:colcon.colcon_core.package_identification:_identify(src/sllidar_ros2) by extension 'colcon_pkg'
[2.240s] Level 1:colcon.colcon_core.package_identification:_identify(src/sllidar_ros2) by extensions ['colcon_meta']
[2.240s] Level 1:colcon.colcon_core.package_identification:_identify(src/sllidar_ros2) by extension 'colcon_meta'
[2.240s] Level 1:colcon.colcon_core.package_identification:_identify(src/sllidar_ros2) by extensions ['ros']
[2.240s] Level 1:colcon.colcon_core.package_identification:_identify(src/sllidar_ros2) by extension 'ros'
[2.243s] DEBUG:colcon.colcon_core.package_identification:Package 'src/sllidar_ros2' with type 'ros.ament_cmake' and name 'sllidar_ros2'
[2.243s] Level 1:colcon.colcon_core.package_discovery:discover_packages(recursive) using defaults
[2.243s] Level 1:colcon.colcon_core.package_discovery:discover_packages(ignore) discover
[2.243s] Level 1:colcon.colcon_core.package_discovery:discover_packages(ignore) using defaults
[2.244s] Level 1:colcon.colcon_core.package_discovery:discover_packages(path) discover
[2.244s] Level 1:colcon.colcon_core.package_discovery:discover_packages(path) using defaults
[2.332s] Level 1:colcon.colcon_core.package_discovery:discover_packages(prefix_path) check parameters
[2.332s] Level 1:colcon.colcon_core.package_discovery:discover_packages(prefix_path) discover
[2.344s] DEBUG:colcon.colcon_installed_package_information.package_discovery:Found 5 installed packages in /home/wjs/tb3_tpl_ws/install
[2.347s] DEBUG:colcon.colcon_installed_package_information.package_discovery:Found 11 installed packages in /home/wjs/cart_ros2/install
[2.355s] DEBUG:colcon.colcon_installed_package_information.package_discovery:Found 311 installed packages in /opt/ros/galactic
[2.362s] Level 1:colcon.colcon_core.package_discovery:discover_packages(prefix_path) using defaults
[2.685s] Level 5:colcon.colcon_core.verb:set package 'agv_body' build argument 'cmake_args' from command line to 'None'
[2.685s] Level 5:colcon.colcon_core.verb:set package 'agv_body' build argument 'cmake_target' from command line to 'None'
[2.685s] Level 5:colcon.colcon_core.verb:set package 'agv_body' build argument 'cmake_target_skip_unavailable' from command line to 'False'
[2.685s] Level 5:colcon.colcon_core.verb:set package 'agv_body' build argument 'cmake_clean_cache' from command line to 'False'
[2.685s] Level 5:colcon.colcon_core.verb:set package 'agv_body' build argument 'cmake_clean_first' from command line to 'False'
[2.685s] Level 5:colcon.colcon_core.verb:set package 'agv_body' build argument 'cmake_force_configure' from command line to 'False'
[2.685s] Level 5:colcon.colcon_core.verb:set package 'agv_body' build argument 'ament_cmake_args' from command line to 'None'
[2.686s] Level 5:colcon.colcon_core.verb:set package 'agv_body' build argument 'catkin_cmake_args' from command line to 'None'
[2.686s] Level 5:colcon.colcon_core.verb:set package 'agv_body' build argument 'catkin_skip_building_tests' from command line to 'False'
[2.686s] DEBUG:colcon.colcon_core.verb:Building package 'agv_body' with the following arguments: {'ament_cmake_args': None, 'build_base': '/home/wjs/cart_ros2/build/agv_body', 'catkin_cmake_args': None, 'catkin_skip_building_tests': False, 'cmake_args': None, 'cmake_clean_cache': False, 'cmake_clean_first': False, 'cmake_force_configure': False, 'cmake_target': None, 'cmake_target_skip_unavailable': False, 'install_base': '/home/wjs/cart_ros2/install', 'merge_install': True, 'path': '/home/wjs/cart_ros2/src/agv_body', 'symlink_install': True, 'test_result_base': None}
[2.687s] Level 5:colcon.colcon_core.verb:set package 'agv_mapping' build argument 'cmake_args' from command line to 'None'
[2.687s] Level 5:colcon.colcon_core.verb:set package 'agv_mapping' build argument 'cmake_target' from command line to 'None'
[2.687s] Level 5:colcon.colcon_core.verb:set package 'agv_mapping' build argument 'cmake_target_skip_unavailable' from command line to 'False'
[2.687s] Level 5:colcon.colcon_core.verb:set package 'agv_mapping' build argument 'cmake_clean_cache' from command line to 'False'
[2.687s] Level 5:colcon.colcon_core.verb:set package 'agv_mapping' build argument 'cmake_clean_first' from command line to 'False'
[2.688s] Level 5:colcon.colcon_core.verb:set package 'agv_mapping' build argument 'cmake_force_configure' from command line to 'False'
[2.688s] Level 5:colcon.colcon_core.verb:set package 'agv_mapping' build argument 'ament_cmake_args' from command line to 'None'
[2.688s] Level 5:colcon.colcon_core.verb:set package 'agv_mapping' build argument 'catkin_cmake_args' from command line to 'None'
[2.688s] Level 5:colcon.colcon_core.verb:set package 'agv_mapping' build argument 'catkin_skip_building_tests' from command line to 'False'
[2.688s] DEBUG:colcon.colcon_core.verb:Building package 'agv_mapping' with the following arguments: {'ament_cmake_args': None, 'build_base': '/home/wjs/cart_ros2/build/agv_mapping', 'catkin_cmake_args': None, 'catkin_skip_building_tests': False, 'cmake_args': None, 'cmake_clean_cache': False, 'cmake_clean_first': False, 'cmake_force_configure': False, 'cmake_target': None, 'cmake_target_skip_unavailable': False, 'install_base': '/home/wjs/cart_ros2/install', 'merge_install': True, 'path': '/home/wjs/cart_ros2/src/agv_mapping', 'symlink_install': True, 'test_result_base': None}
[2.689s] Level 5:colcon.colcon_core.verb:set package 'arduino_ros2' build argument 'cmake_args' from command line to 'None'
[2.689s] Level 5:colcon.colcon_core.verb:set package 'arduino_ros2' build argument 'cmake_target' from command line to 'None'
[2.689s] Level 5:colcon.colcon_core.verb:set package 'arduino_ros2' build argument 'cmake_target_skip_unavailable' from command line to 'False'
[2.689s] Level 5:colcon.colcon_core.verb:set package 'arduino_ros2' build argument 'cmake_clean_cache' from command line to 'False'
[2.689s] Level 5:colcon.colcon_core.verb:set package 'arduino_ros2' build argument 'cmake_clean_first' from command line to 'False'
[2.689s] Level 5:colcon.colcon_core.verb:set package 'arduino_ros2' build argument 'cmake_force_configure' from command line to 'False'
[2.690s] Level 5:colcon.colcon_core.verb:set package 'arduino_ros2' build argument 'ament_cmake_args' from command line to 'None'
[2.690s] Level 5:colcon.colcon_core.verb:set package 'arduino_ros2' build argument 'catkin_cmake_args' from command line to 'None'
[2.690s] Level 5:colcon.colcon_core.verb:set package 'arduino_ros2' build argument 'catkin_skip_building_tests' from command line to 'False'
[2.690s] DEBUG:colcon.colcon_core.verb:Building package 'arduino_ros2' with the following arguments: {'ament_cmake_args': None, 'build_base': '/home/wjs/cart_ros2/build/arduino_ros2', 'catkin_cmake_args': None, 'catkin_skip_building_tests': False, 'cmake_args': None, 'cmake_clean_cache': False, 'cmake_clean_first': False, 'cmake_force_configure': False, 'cmake_target': None, 'cmake_target_skip_unavailable': False, 'install_base': '/home/wjs/cart_ros2/install', 'merge_install': True, 'path': '/home/wjs/cart_ros2/src/arduino_ros2', 'symlink_install': True, 'test_result_base': None}
[2.691s] Level 5:colcon.colcon_core.verb:set package 'differential_drive' build argument 'cmake_args' from command line to 'None'
[2.691s] Level 5:colcon.colcon_core.verb:set package 'differential_drive' build argument 'cmake_target' from command line to 'None'
[2.691s] Level 5:colcon.colcon_core.verb:set package 'differential_drive' build argument 'cmake_target_skip_unavailable' from command line to 'False'
[2.691s] Level 5:colcon.colcon_core.verb:set package 'differential_drive' build argument 'cmake_clean_cache' from command line to 'False'
[2.691s] Level 5:colcon.colcon_core.verb:set package 'differential_drive' build argument 'cmake_clean_first' from command line to 'False'
[2.691s] Level 5:colcon.colcon_core.verb:set package 'differential_drive' build argument 'cmake_force_configure' from command line to 'False'
[2.692s] Level 5:colcon.colcon_core.verb:set package 'differential_drive' build argument 'ament_cmake_args' from command line to 'None'
[2.692s] Level 5:colcon.colcon_core.verb:set package 'differential_drive' build argument 'catkin_cmake_args' from command line to 'None'
[2.692s] Level 5:colcon.colcon_core.verb:set package 'differential_drive' build argument 'catkin_skip_building_tests' from command line to 'False'
[2.692s] DEBUG:colcon.colcon_core.verb:Building package 'differential_drive' with the following arguments: {'ament_cmake_args': None, 'build_base': '/home/wjs/cart_ros2/build/differential_drive', 'catkin_cmake_args': None, 'catkin_skip_building_tests': False, 'cmake_args': None, 'cmake_clean_cache': False, 'cmake_clean_first': False, 'cmake_force_configure': False, 'cmake_target': None, 'cmake_target_skip_unavailable': False, 'install_base': '/home/wjs/cart_ros2/install', 'merge_install': True, 'path': '/home/wjs/cart_ros2/src/ros2_differential_drive-ros2', 'symlink_install': True, 'test_result_base': None}
[2.693s] Level 5:colcon.colcon_core.verb:set package 'ira_laser_tools' build argument 'cmake_args' from command line to 'None'
[2.693s] Level 5:colcon.colcon_core.verb:set package 'ira_laser_tools' build argument 'cmake_target' from command line to 'None'
[2.693s] Level 5:colcon.colcon_core.verb:set package 'ira_laser_tools' build argument 'cmake_target_skip_unavailable' from command line to 'False'
[2.693s] Level 5:colcon.colcon_core.verb:set package 'ira_laser_tools' build argument 'cmake_clean_cache' from command line to 'False'
[2.693s] Level 5:colcon.colcon_core.verb:set package 'ira_laser_tools' build argument 'cmake_clean_first' from command line to 'False'
[2.693s] Level 5:colcon.colcon_core.verb:set package 'ira_laser_tools' build argument 'cmake_force_configure' from command line to 'False'
[2.693s] Level 5:colcon.colcon_core.verb:set package 'ira_laser_tools' build argument 'ament_cmake_args' from command line to 'None'
[2.693s] Level 5:colcon.colcon_core.verb:set package 'ira_laser_tools' build argument 'catkin_cmake_args' from command line to 'None'
[2.694s] Level 5:colcon.colcon_core.verb:set package 'ira_laser_tools' build argument 'catkin_skip_building_tests' from command line to 'False'
[2.694s] DEBUG:colcon.colcon_core.verb:Building package 'ira_laser_tools' with the following arguments: {'ament_cmake_args': None, 'build_base': '/home/wjs/cart_ros2/build/ira_laser_tools', 'catkin_cmake_args': None, 'catkin_skip_building_tests': False, 'cmake_args': None, 'cmake_clean_cache': False, 'cmake_clean_first': False, 'cmake_force_configure': False, 'cmake_target': None, 'cmake_target_skip_unavailable': False, 'install_base': '/home/wjs/cart_ros2/install', 'merge_install': True, 'path': '/home/wjs/cart_ros2/src/ira_laser_tools', 'symlink_install': True, 'test_result_base': None}
[2.695s] Level 5:colcon.colcon_core.verb:set package 'laser_filters' build argument 'cmake_args' from command line to 'None'
[2.695s] Level 5:colcon.colcon_core.verb:set package 'laser_filters' build argument 'cmake_target' from command line to 'None'
[2.695s] Level 5:colcon.colcon_core.verb:set package 'laser_filters' build argument 'cmake_target_skip_unavailable' from command line to 'False'
[2.695s] Level 5:colcon.colcon_core.verb:set package 'laser_filters' build argument 'cmake_clean_cache' from command line to 'False'
[2.695s] Level 5:colcon.colcon_core.verb:set package 'laser_filters' build argument 'cmake_clean_first' from command line to 'False'
[2.695s] Level 5:colcon.colcon_core.verb:set package 'laser_filters' build argument 'cmake_force_configure' from command line to 'False'
[2.695s] Level 5:colcon.colcon_core.verb:set package 'laser_filters' build argument 'ament_cmake_args' from command line to 'None'
[2.696s] Level 5:colcon.colcon_core.verb:set package 'laser_filters' build argument 'catkin_cmake_args' from command line to 'None'
[2.696s] Level 5:colcon.colcon_core.verb:set package 'laser_filters' build argument 'catkin_skip_building_tests' from command line to 'False'
[2.696s] DEBUG:colcon.colcon_core.verb:Building package 'laser_filters' with the following arguments: {'ament_cmake_args': None, 'build_base': '/home/wjs/cart_ros2/build/laser_filters', 'catkin_cmake_args': None, 'catkin_skip_building_tests': False, 'cmake_args': None, 'cmake_clean_cache': False, 'cmake_clean_first': False, 'cmake_force_configure': False, 'cmake_target': None, 'cmake_target_skip_unavailable': False, 'install_base': '/home/wjs/cart_ros2/install', 'merge_install': True, 'path': '/home/wjs/cart_ros2/src/laser_filters', 'symlink_install': True, 'test_result_base': None}
[2.697s] Level 5:colcon.colcon_core.verb:set package 'roboteq_interfaces' build argument 'cmake_args' from command line to 'None'
[2.697s] Level 5:colcon.colcon_core.verb:set package 'roboteq_interfaces' build argument 'cmake_target' from command line to 'None'
[2.697s] Level 5:colcon.colcon_core.verb:set package 'roboteq_interfaces' build argument 'cmake_target_skip_unavailable' from command line to 'False'
[2.697s] Level 5:colcon.colcon_core.verb:set package 'roboteq_interfaces' build argument 'cmake_clean_cache' from command line to 'False'
[2.697s] Level 5:colcon.colcon_core.verb:set package 'roboteq_interfaces' build argument 'cmake_clean_first' from command line to 'False'
[2.697s] Level 5:colcon.colcon_core.verb:set package 'roboteq_interfaces' build argument 'cmake_force_configure' from command line to 'False'
[2.697s] Level 5:colcon.colcon_core.verb:set package 'roboteq_interfaces' build argument 'ament_cmake_args' from command line to 'None'
[2.698s] Level 5:colcon.colcon_core.verb:set package 'roboteq_interfaces' build argument 'catkin_cmake_args' from command line to 'None'
[2.698s] Level 5:colcon.colcon_core.verb:set package 'roboteq_interfaces' build argument 'catkin_skip_building_tests' from command line to 'False'
[2.698s] DEBUG:colcon.colcon_core.verb:Building package 'roboteq_interfaces' with the following arguments: {'ament_cmake_args': None, 'build_base': '/home/wjs/cart_ros2/build/roboteq_interfaces', 'catkin_cmake_args': None, 'catkin_skip_building_tests': False, 'cmake_args': None, 'cmake_clean_cache': False, 'cmake_clean_first': False, 'cmake_force_configure': False, 'cmake_target': None, 'cmake_target_skip_unavailable': False, 'install_base': '/home/wjs/cart_ros2/install', 'merge_install': True, 'path': '/home/wjs/cart_ros2/src/roboteq_controller_ros-galactic-devel/roboteq_interfaces', 'symlink_install': True, 'test_result_base': None}
[2.699s] Level 5:colcon.colcon_core.verb:set package 'serial' build argument 'cmake_args' from command line to 'None'
[2.699s] Level 5:colcon.colcon_core.verb:set package 'serial' build argument 'cmake_target' from command line to 'None'
[2.699s] Level 5:colcon.colcon_core.verb:set package 'serial' build argument 'cmake_target_skip_unavailable' from command line to 'False'
[2.699s] Level 5:colcon.colcon_core.verb:set package 'serial' build argument 'cmake_clean_cache' from command line to 'False'
[2.699s] Level 5:colcon.colcon_core.verb:set package 'serial' build argument 'cmake_clean_first' from command line to 'False'
[2.699s] Level 5:colcon.colcon_core.verb:set package 'serial' build argument 'cmake_force_configure' from command line to 'False'
[2.699s] Level 5:colcon.colcon_core.verb:set package 'serial' build argument 'ament_cmake_args' from command line to 'None'
[2.699s] Level 5:colcon.colcon_core.verb:set package 'serial' build argument 'catkin_cmake_args' from command line to 'None'
[2.700s] Level 5:colcon.colcon_core.verb:set package 'serial' build argument 'catkin_skip_building_tests' from command line to 'False'
[2.700s] DEBUG:colcon.colcon_core.verb:Building package 'serial' with the following arguments: {'ament_cmake_args': None, 'build_base': '/home/wjs/cart_ros2/build/serial', 'catkin_cmake_args': None, 'catkin_skip_building_tests': False, 'cmake_args': None, 'cmake_clean_cache': False, 'cmake_clean_first': False, 'cmake_force_configure': False, 'cmake_target': None, 'cmake_target_skip_unavailable': False, 'install_base': '/home/wjs/cart_ros2/install', 'merge_install': True, 'path': '/home/wjs/cart_ros2/src/roboteq_controller_ros-galactic-devel/serial-ros2-master', 'symlink_install': True, 'test_result_base': None}
[2.701s] Level 5:colcon.colcon_core.verb:set package 'sllidar_ros2' build argument 'cmake_args' from command line to 'None'
[2.701s] Level 5:colcon.colcon_core.verb:set package 'sllidar_ros2' build argument 'cmake_target' from command line to 'None'
[2.701s] Level 5:colcon.colcon_core.verb:set package 'sllidar_ros2' build argument 'cmake_target_skip_unavailable' from command line to 'False'
[2.701s] Level 5:colcon.colcon_core.verb:set package 'sllidar_ros2' build argument 'cmake_clean_cache' from command line to 'False'
[2.701s] Level 5:colcon.colcon_core.verb:set package 'sllidar_ros2' build argument 'cmake_clean_first' from command line to 'False'
[2.701s] Level 5:colcon.colcon_core.verb:set package 'sllidar_ros2' build argument 'cmake_force_configure' from command line to 'False'
[2.701s] Level 5:colcon.colcon_core.verb:set package 'sllidar_ros2' build argument 'ament_cmake_args' from command line to 'None'
[2.701s] Level 5:colcon.colcon_core.verb:set package 'sllidar_ros2' build argument 'catkin_cmake_args' from command line to 'None'
[2.701s] Level 5:colcon.colcon_core.verb:set package 'sllidar_ros2' build argument 'catkin_skip_building_tests' from command line to 'False'
[2.702s] DEBUG:colcon.colcon_core.verb:Building package 'sllidar_ros2' with the following arguments: {'ament_cmake_args': None, 'build_base': '/home/wjs/cart_ros2/build/sllidar_ros2', 'catkin_cmake_args': None, 'catkin_skip_building_tests': False, 'cmake_args': None, 'cmake_clean_cache': False, 'cmake_clean_first': False, 'cmake_force_configure': False, 'cmake_target': None, 'cmake_target_skip_unavailable': False, 'install_base': '/home/wjs/cart_ros2/install', 'merge_install': True, 'path': '/home/wjs/cart_ros2/src/sllidar_ros2', 'symlink_install': True, 'test_result_base': None}
[2.703s] Level 5:colcon.colcon_core.verb:set package 'stella_ahrs' build argument 'cmake_args' from command line to 'None'
[2.703s] Level 5:colcon.colcon_core.verb:set package 'stella_ahrs' build argument 'cmake_target' from command line to 'None'
[2.703s] Level 5:colcon.colcon_core.verb:set package 'stella_ahrs' build argument 'cmake_target_skip_unavailable' from command line to 'False'
[2.703s] Level 5:colcon.colcon_core.verb:set package 'stella_ahrs' build argument 'cmake_clean_cache' from command line to 'False'
[2.703s] Level 5:colcon.colcon_core.verb:set package 'stella_ahrs' build argument 'cmake_clean_first' from command line to 'False'
[2.703s] Level 5:colcon.colcon_core.verb:set package 'stella_ahrs' build argument 'cmake_force_configure' from command line to 'False'
[2.703s] Level 5:colcon.colcon_core.verb:set package 'stella_ahrs' build argument 'ament_cmake_args' from command line to 'None'
[2.703s] Level 5:colcon.colcon_core.verb:set package 'stella_ahrs' build argument 'catkin_cmake_args' from command line to 'None'
[2.703s] Level 5:colcon.colcon_core.verb:set package 'stella_ahrs' build argument 'catkin_skip_building_tests' from command line to 'False'
[2.703s] DEBUG:colcon.colcon_core.verb:Building package 'stella_ahrs' with the following arguments: {'ament_cmake_args': None, 'build_base': '/home/wjs/cart_ros2/build/stella_ahrs', 'catkin_cmake_args': None, 'catkin_skip_building_tests': False, 'cmake_args': None, 'cmake_clean_cache': False, 'cmake_clean_first': False, 'cmake_force_configure': False, 'cmake_target': None, 'cmake_target_skip_unavailable': False, 'install_base': '/home/wjs/cart_ros2/install', 'merge_install': True, 'path': '/home/wjs/cart_ros2/src/2th_NtrexAHRS_lib_ROS/ros2_example/stella_ahrs', 'symlink_install': True, 'test_result_base': None}
[2.704s] Level 5:colcon.colcon_core.verb:set package 'roboteq_controller' build argument 'cmake_args' from command line to 'None'
[2.704s] Level 5:colcon.colcon_core.verb:set package 'roboteq_controller' build argument 'cmake_target' from command line to 'None'
[2.705s] Level 5:colcon.colcon_core.verb:set package 'roboteq_controller' build argument 'cmake_target_skip_unavailable' from command line to 'False'
[2.705s] Level 5:colcon.colcon_core.verb:set package 'roboteq_controller' build argument 'cmake_clean_cache' from command line to 'False'
[2.705s] Level 5:colcon.colcon_core.verb:set package 'roboteq_controller' build argument 'cmake_clean_first' from command line to 'False'
[2.705s] Level 5:colcon.colcon_core.verb:set package 'roboteq_controller' build argument 'cmake_force_configure' from command line to 'False'
[2.705s] Level 5:colcon.colcon_core.verb:set package 'roboteq_controller' build argument 'ament_cmake_args' from command line to 'None'
[2.705s] Level 5:colcon.colcon_core.verb:set package 'roboteq_controller' build argument 'catkin_cmake_args' from command line to 'None'
[2.705s] Level 5:colcon.colcon_core.verb:set package 'roboteq_controller' build argument 'catkin_skip_building_tests' from command line to 'False'
[2.705s] DEBUG:colcon.colcon_core.verb:Building package 'roboteq_controller' with the following arguments: {'ament_cmake_args': None, 'build_base': '/home/wjs/cart_ros2/build/roboteq_controller', 'catkin_cmake_args': None, 'catkin_skip_building_tests': False, 'cmake_args': None, 'cmake_clean_cache': False, 'cmake_clean_first': False, 'cmake_force_configure': False, 'cmake_target': None, 'cmake_target_skip_unavailable': False, 'install_base': '/home/wjs/cart_ros2/install', 'merge_install': True, 'path': '/home/wjs/cart_ros2/src/roboteq_controller_ros-galactic-devel/roboteq_controller', 'symlink_install': True, 'test_result_base': None}
[2.706s] INFO:colcon.colcon_core.executor:Executing jobs using 'parallel' executor
[2.710s] DEBUG:colcon.colcon_parallel_executor.executor.parallel:run_until_complete
[2.711s] INFO:colcon.colcon_ros.task.ament_cmake.build:Building ROS package in '/home/wjs/cart_ros2/src/roboteq_controller_ros-galactic-devel/roboteq_interfaces' with build type 'ament_cmake'
[2.712s] INFO:colcon.colcon_cmake.task.cmake.build:Building CMake package in '/home/wjs/cart_ros2/src/roboteq_controller_ros-galactic-devel/roboteq_interfaces'
[2.737s] INFO:colcon.colcon_core.plugin_system:Skipping extension 'colcon_core.shell.bat': Not used on non-Windows systems
[2.738s] INFO:colcon.colcon_core.shell:Skip shell extension 'powershell' for command environment: Not usable outside of PowerShell
[2.738s] DEBUG:colcon.colcon_core.shell:Skip shell extension 'dsv' for command environment
[2.769s] INFO:colcon.colcon_ros.task.ament_cmake.build:Building ROS package in '/home/wjs/cart_ros2/src/roboteq_controller_ros-galactic-devel/serial-ros2-master' with build type 'ament_cmake'
[2.771s] INFO:colcon.colcon_cmake.task.cmake.build:Building CMake package in '/home/wjs/cart_ros2/src/roboteq_controller_ros-galactic-devel/serial-ros2-master'
[2.775s] INFO:colcon.colcon_core.shell:Skip shell extension 'powershell' for command environment: Not usable outside of PowerShell
[2.775s] DEBUG:colcon.colcon_core.shell:Skip shell extension 'dsv' for command environment
[2.813s] INFO:colcon.colcon_ros.task.ament_python.build:Building ROS package in '/home/wjs/cart_ros2/src/agv_body' with build type 'ament_python'
[2.817s] Level 1:colcon.colcon_core.shell:create_environment_hook('agv_body', 'ament_prefix_path')
[2.819s] INFO:colcon.colcon_core.shell:Creating environment hook '/home/wjs/cart_ros2/install/share/agv_body/hook/ament_prefix_path.ps1'
[2.833s] INFO:colcon.colcon_core.shell:Creating environment descriptor '/home/wjs/cart_ros2/install/share/agv_body/hook/ament_prefix_path.dsv'
[2.836s] INFO:colcon.colcon_core.shell:Creating environment hook '/home/wjs/cart_ros2/install/share/agv_body/hook/ament_prefix_path.sh'
[2.842s] INFO:colcon.colcon_core.shell:Skip shell extension 'powershell' for command environment: Not usable outside of PowerShell
[2.842s] DEBUG:colcon.colcon_core.shell:Skip shell extension 'dsv' for command environment
[2.870s] INFO:colcon.colcon_ros.task.ament_cmake.build:Building ROS package in '/home/wjs/cart_ros2/src/agv_mapping' with build type 'ament_cmake'
[2.873s] INFO:colcon.colcon_cmake.task.cmake.build:Building CMake package in '/home/wjs/cart_ros2/src/agv_mapping'
[2.876s] INFO:colcon.colcon_core.shell:Skip shell extension 'powershell' for command environment: Not usable outside of PowerShell
[2.877s] DEBUG:colcon.colcon_core.shell:Skip shell extension 'dsv' for command environment
[2.948s] DEBUG:colcon.colcon_core.event_handler.log_command:Invoking command in '/home/wjs/cart_ros2/build/roboteq_interfaces': CMAKE_PREFIX_PATH=${CMAKE_PREFIX_PATH}:/opt/ros/galactic /usr/bin/cmake --build /home/wjs/cart_ros2/build/roboteq_interfaces -- -j4 -l4
[3.000s] DEBUG:colcon.colcon_core.event_handler.log_command:Invoking command in '/home/wjs/cart_ros2/build/serial': CMAKE_PREFIX_PATH=${CMAKE_PREFIX_PATH}:/opt/ros/galactic /usr/bin/cmake --build /home/wjs/cart_ros2/build/serial -- -j4 -l4
[4.309s] INFO:colcon.colcon_core.task.python.build:Building Python package in '/home/wjs/cart_ros2/src/agv_body'
[4.313s] INFO:colcon.colcon_core.shell:Skip shell extension 'powershell' for command environment: Not usable outside of PowerShell
[4.313s] DEBUG:colcon.colcon_core.shell:Skip shell extension 'dsv' for command environment
[4.360s] DEBUG:colcon.colcon_core.event_handler.log_command:Invoking command in '/home/wjs/cart_ros2/build/agv_mapping': CMAKE_PREFIX_PATH=${CMAKE_PREFIX_PATH}:/opt/ros/galactic /usr/bin/cmake --build /home/wjs/cart_ros2/build/agv_mapping -- -j4 -l4
[4.404s] DEBUG:colcon.colcon_core.event_handler.log_command:Invoked command in '/home/wjs/cart_ros2/build/serial' returned '0': CMAKE_PREFIX_PATH=${CMAKE_PREFIX_PATH}:/opt/ros/galactic /usr/bin/cmake --build /home/wjs/cart_ros2/build/serial -- -j4 -l4
[4.471s] DEBUG:colcon.colcon_core.event_handler.log_command:Invoking command in '/home/wjs/cart_ros2/build/serial': CMAKE_PREFIX_PATH=${CMAKE_PREFIX_PATH}:/opt/ros/galactic /usr/bin/cmake --install /home/wjs/cart_ros2/build/serial
[4.588s] DEBUG:colcon.colcon_core.event_handler.log_command:Invoked command in '/home/wjs/cart_ros2/build/agv_mapping' returned '0': CMAKE_PREFIX_PATH=${CMAKE_PREFIX_PATH}:/opt/ros/galactic /usr/bin/cmake --build /home/wjs/cart_ros2/build/agv_mapping -- -j4 -l4
[4.606s] DEBUG:colcon.colcon_core.event_handler.log_command:Invoking command in '/home/wjs/cart_ros2/build/agv_mapping': CMAKE_PREFIX_PATH=${CMAKE_PREFIX_PATH}:/opt/ros/galactic /usr/bin/cmake --install /home/wjs/cart_ros2/build/agv_mapping
[4.670s] Level 1:colcon.colcon_core.environment:create_environment_scripts_only(serial)
[4.675s] DEBUG:colcon.colcon_core.event_handler.log_command:Invoked command in '/home/wjs/cart_ros2/build/serial' returned '0': CMAKE_PREFIX_PATH=${CMAKE_PREFIX_PATH}:/opt/ros/galactic /usr/bin/cmake --install /home/wjs/cart_ros2/build/serial
[4.718s] Level 1:colcon.colcon_core.environment:checking '/home/wjs/cart_ros2/install' for CMake module files
[4.727s] Level 1:colcon.colcon_core.environment:checking '/home/wjs/cart_ros2/install' for CMake config files
[4.797s] Level 1:colcon.colcon_core.shell:create_environment_hook('serial', 'cmake_prefix_path')
[4.798s] INFO:colcon.colcon_core.shell:Creating environment hook '/home/wjs/cart_ros2/install/share/serial/hook/cmake_prefix_path.ps1'
[4.801s] INFO:colcon.colcon_core.shell:Creating environment descriptor '/home/wjs/cart_ros2/install/share/serial/hook/cmake_prefix_path.dsv'
[4.804s] INFO:colcon.colcon_core.shell:Creating environment hook '/home/wjs/cart_ros2/install/share/serial/hook/cmake_prefix_path.sh'
[4.808s] Level 1:colcon.colcon_core.environment:checking '/home/wjs/cart_ros2/install/lib'
[4.809s] Level 1:colcon.colcon_core.shell:create_environment_hook('serial', 'ld_library_path_lib')
[4.811s] INFO:colcon.colcon_core.shell:Creating environment hook '/home/wjs/cart_ros2/install/share/serial/hook/ld_library_path_lib.ps1'
[4.815s] INFO:colcon.colcon_core.shell:Creating environment descriptor '/home/wjs/cart_ros2/install/share/serial/hook/ld_library_path_lib.dsv'
[4.817s] INFO:colcon.colcon_core.shell:Creating environment hook '/home/wjs/cart_ros2/install/share/serial/hook/ld_library_path_lib.sh'
[4.819s] Level 1:colcon.colcon_core.environment:checking '/home/wjs/cart_ros2/install/bin'
[4.819s] Level 1:colcon.colcon_core.environment:checking '/home/wjs/cart_ros2/install/lib/pkgconfig/serial.pc'
[4.821s] Level 1:colcon.colcon_core.environment:checking '/home/wjs/cart_ros2/install/lib/python3.8/site-packages'
[4.821s] Level 1:colcon.colcon_core.shell:create_environment_hook('serial', 'pythonpath')
[4.822s] INFO:colcon.colcon_core.shell:Creating environment hook '/home/wjs/cart_ros2/install/share/serial/hook/pythonpath.ps1'
[4.825s] INFO:colcon.colcon_core.shell:Creating environment descriptor '/home/wjs/cart_ros2/install/share/serial/hook/pythonpath.dsv'
[4.827s] INFO:colcon.colcon_core.shell:Creating environment hook '/home/wjs/cart_ros2/install/share/serial/hook/pythonpath.sh'
[4.830s] Level 1:colcon.colcon_core.environment:checking '/home/wjs/cart_ros2/install/bin'
[4.833s] INFO:colcon.colcon_core.shell:Creating package script '/home/wjs/cart_ros2/install/share/serial/package.ps1'
[4.840s] INFO:colcon.colcon_core.shell:Creating package descriptor '/home/wjs/cart_ros2/install/share/serial/package.dsv'
[4.847s] INFO:colcon.colcon_core.shell:Creating package script '/home/wjs/cart_ros2/install/share/serial/package.sh'
[4.851s] INFO:colcon.colcon_core.shell:Creating package script '/home/wjs/cart_ros2/install/share/serial/package.bash'
[4.856s] INFO:colcon.colcon_core.shell:Creating package script '/home/wjs/cart_ros2/install/share/serial/package.zsh'
[4.861s] Level 1:colcon.colcon_core.environment:create_file_with_runtime_dependencies(/home/wjs/cart_ros2/install/share/colcon-core/packages/serial)
[4.866s] Level 1:colcon.colcon_core.environment:create_environment_scripts_only(serial)
[4.867s] Level 1:colcon.colcon_core.environment:checking '/home/wjs/cart_ros2/install' for CMake module files
[4.869s] Level 1:colcon.colcon_core.environment:checking '/home/wjs/cart_ros2/install' for CMake config files
[4.876s] Level 1:colcon.colcon_core.shell:create_environment_hook('serial', 'cmake_prefix_path')
[4.877s] INFO:colcon.colcon_core.shell:Creating environment hook '/home/wjs/cart_ros2/install/share/serial/hook/cmake_prefix_path.ps1'
[4.880s] INFO:colcon.colcon_core.shell:Creating environment descriptor '/home/wjs/cart_ros2/install/share/serial/hook/cmake_prefix_path.dsv'
[4.883s] INFO:colcon.colcon_core.shell:Creating environment hook '/home/wjs/cart_ros2/install/share/serial/hook/cmake_prefix_path.sh'
[4.886s] Level 1:colcon.colcon_core.environment:checking '/home/wjs/cart_ros2/install/lib'
[4.886s] Level 1:colcon.colcon_core.shell:create_environment_hook('serial', 'ld_library_path_lib')
[4.887s] INFO:colcon.colcon_core.shell:Creating environment hook '/home/wjs/cart_ros2/install/share/serial/hook/ld_library_path_lib.ps1'
[4.889s] INFO:colcon.colcon_core.shell:Creating environment descriptor '/home/wjs/cart_ros2/install/share/serial/hook/ld_library_path_lib.dsv'
[4.893s] INFO:colcon.colcon_core.shell:Creating environment hook '/home/wjs/cart_ros2/install/share/serial/hook/ld_library_path_lib.sh'
[4.896s] Level 1:colcon.colcon_core.environment:checking '/home/wjs/cart_ros2/install/bin'
[4.896s] Level 1:colcon.colcon_core.environment:checking '/home/wjs/cart_ros2/install/lib/pkgconfig/serial.pc'
[4.897s] Level 1:colcon.colcon_core.environment:checking '/home/wjs/cart_ros2/install/lib/python3.8/site-packages'
[4.897s] Level 1:colcon.colcon_core.shell:create_environment_hook('serial', 'pythonpath')
[4.898s] INFO:colcon.colcon_core.shell:Creating environment hook '/home/wjs/cart_ros2/install/share/serial/hook/pythonpath.ps1'
[4.900s] INFO:colcon.colcon_core.shell:Creating environment descriptor '/home/wjs/cart_ros2/install/share/serial/hook/pythonpath.dsv'
[4.902s] INFO:colcon.colcon_core.shell:Creating environment hook '/home/wjs/cart_ros2/install/share/serial/hook/pythonpath.sh'
[4.904s] Level 1:colcon.colcon_core.environment:checking '/home/wjs/cart_ros2/install/bin'
[4.906s] INFO:colcon.colcon_core.shell:Creating package script '/home/wjs/cart_ros2/install/share/serial/package.ps1'
[4.909s] INFO:colcon.colcon_core.shell:Creating package descriptor '/home/wjs/cart_ros2/install/share/serial/package.dsv'
[4.912s] INFO:colcon.colcon_core.shell:Creating package script '/home/wjs/cart_ros2/install/share/serial/package.sh'
[4.914s] INFO:colcon.colcon_core.shell:Creating package script '/home/wjs/cart_ros2/install/share/serial/package.bash'
[4.916s] INFO:colcon.colcon_core.shell:Creating package script '/home/wjs/cart_ros2/install/share/serial/package.zsh'
[4.919s] Level 1:colcon.colcon_core.environment:create_file_with_runtime_dependencies(/home/wjs/cart_ros2/install/share/colcon-core/packages/serial)
[4.924s] INFO:colcon.colcon_ros.task.ament_python.build:Building ROS package in '/home/wjs/cart_ros2/src/arduino_ros2' with build type 'ament_python'
[4.927s] Level 1:colcon.colcon_core.shell:create_environment_hook('arduino_ros2', 'ament_prefix_path')
[4.929s] INFO:colcon.colcon_core.shell:Creating environment hook '/home/wjs/cart_ros2/install/share/arduino_ros2/hook/ament_prefix_path.ps1'
[4.936s] INFO:colcon.colcon_core.shell:Creating environment descriptor '/home/wjs/cart_ros2/install/share/arduino_ros2/hook/ament_prefix_path.dsv'
[4.944s] INFO:colcon.colcon_core.shell:Creating environment hook '/home/wjs/cart_ros2/install/share/arduino_ros2/hook/ament_prefix_path.sh'
[4.947s] INFO:colcon.colcon_core.shell:Skip shell extension 'powershell' for command environment: Not usable outside of PowerShell
[4.948s] DEBUG:colcon.colcon_core.shell:Skip shell extension 'dsv' for command environment
[4.991s] Level 1:colcon.colcon_core.environment:create_environment_scripts_only(agv_mapping)
[4.996s] Level 1:colcon.colcon_core.environment:checking '/home/wjs/cart_ros2/install' for CMake module files
[4.998s] DEBUG:colcon.colcon_core.event_handler.log_command:Invoked command in '/home/wjs/cart_ros2/build/agv_mapping' returned '0': CMAKE_PREFIX_PATH=${CMAKE_PREFIX_PATH}:/opt/ros/galactic /usr/bin/cmake --install /home/wjs/cart_ros2/build/agv_mapping
[5.001s] Level 1:colcon.colcon_core.environment:checking '/home/wjs/cart_ros2/install' for CMake config files
[5.008s] Level 1:colcon.colcon_core.shell:create_environment_hook('agv_mapping', 'cmake_prefix_path')
[5.009s] INFO:colcon.colcon_core.shell:Creating environment hook '/home/wjs/cart_ros2/install/share/agv_mapping/hook/cmake_prefix_path.ps1'
[5.015s] INFO:colcon.colcon_core.shell:Creating environment descriptor '/home/wjs/cart_ros2/install/share/agv_mapping/hook/cmake_prefix_path.dsv'
[5.022s] INFO:colcon.colcon_core.shell:Creating environment hook '/home/wjs/cart_ros2/install/share/agv_mapping/hook/cmake_prefix_path.sh'
[5.026s] Level 1:colcon.colcon_core.environment:checking '/home/wjs/cart_ros2/install/lib'
[5.026s] Level 1:colcon.colcon_core.shell:create_environment_hook('agv_mapping', 'ld_library_path_lib')
[5.029s] INFO:colcon.colcon_core.shell:Creating environment hook '/home/wjs/cart_ros2/install/share/agv_mapping/hook/ld_library_path_lib.ps1'
[5.035s] INFO:colcon.colcon_core.shell:Creating environment descriptor '/home/wjs/cart_ros2/install/share/agv_mapping/hook/ld_library_path_lib.dsv'
[5.036s] INFO:colcon.colcon_core.shell:Creating environment hook '/home/wjs/cart_ros2/install/share/agv_mapping/hook/ld_library_path_lib.sh'
[5.038s] Level 1:colcon.colcon_core.environment:checking '/home/wjs/cart_ros2/install/bin'
[5.038s] Level 1:colcon.colcon_core.environment:checking '/home/wjs/cart_ros2/install/lib/pkgconfig/agv_mapping.pc'
[5.041s] Level 1:colcon.colcon_core.environment:checking '/home/wjs/cart_ros2/install/lib/python3.8/site-packages'
[5.041s] Level 1:colcon.colcon_core.shell:create_environment_hook('agv_mapping', 'pythonpath')
[5.042s] INFO:colcon.colcon_core.shell:Creating environment hook '/home/wjs/cart_ros2/install/share/agv_mapping/hook/pythonpath.ps1'
[5.045s] INFO:colcon.colcon_core.shell:Creating environment descriptor '/home/wjs/cart_ros2/install/share/agv_mapping/hook/pythonpath.dsv'
[5.047s] INFO:colcon.colcon_core.shell:Creating environment hook '/home/wjs/cart_ros2/install/share/agv_mapping/hook/pythonpath.sh'
[5.050s] Level 1:colcon.colcon_core.environment:checking '/home/wjs/cart_ros2/install/bin'
[5.051s] INFO:colcon.colcon_core.shell:Creating package script '/home/wjs/cart_ros2/install/share/agv_mapping/package.ps1'
[5.054s] INFO:colcon.colcon_core.shell:Creating package descriptor '/home/wjs/cart_ros2/install/share/agv_mapping/package.dsv'
[5.056s] INFO:colcon.colcon_core.shell:Creating package script '/home/wjs/cart_ros2/install/share/agv_mapping/package.sh'
[5.058s] INFO:colcon.colcon_core.shell:Creating package script '/home/wjs/cart_ros2/install/share/agv_mapping/package.bash'
[5.060s] INFO:colcon.colcon_core.shell:Creating package script '/home/wjs/cart_ros2/install/share/agv_mapping/package.zsh'
[5.062s] Level 1:colcon.colcon_core.environment:create_file_with_runtime_dependencies(/home/wjs/cart_ros2/install/share/colcon-core/packages/agv_mapping)
[5.064s] Level 1:colcon.colcon_core.environment:create_environment_scripts_only(agv_mapping)
[5.065s] Level 1:colcon.colcon_core.environment:checking '/home/wjs/cart_ros2/install' for CMake module files
[5.067s] Level 1:colcon.colcon_core.environment:checking '/home/wjs/cart_ros2/install' for CMake config files
[5.074s] Level 1:colcon.colcon_core.shell:create_environment_hook('agv_mapping', 'cmake_prefix_path')
[5.075s] INFO:colcon.colcon_core.shell:Creating environment hook '/home/wjs/cart_ros2/install/share/agv_mapping/hook/cmake_prefix_path.ps1'
[5.077s] INFO:colcon.colcon_core.shell:Creating environment descriptor '/home/wjs/cart_ros2/install/share/agv_mapping/hook/cmake_prefix_path.dsv'
[5.079s] INFO:colcon.colcon_core.shell:Creating environment hook '/home/wjs/cart_ros2/install/share/agv_mapping/hook/cmake_prefix_path.sh'
[5.082s] Level 1:colcon.colcon_core.environment:checking '/home/wjs/cart_ros2/install/lib'
[5.082s] Level 1:colcon.colcon_core.shell:create_environment_hook('agv_mapping', 'ld_library_path_lib')
[5.083s] INFO:colcon.colcon_core.shell:Creating environment hook '/home/wjs/cart_ros2/install/share/agv_mapping/hook/ld_library_path_lib.ps1'
[5.085s] INFO:colcon.colcon_core.shell:Creating environment descriptor '/home/wjs/cart_ros2/install/share/agv_mapping/hook/ld_library_path_lib.dsv'
[5.086s] INFO:colcon.colcon_core.shell:Creating environment hook '/home/wjs/cart_ros2/install/share/agv_mapping/hook/ld_library_path_lib.sh'
[5.088s] Level 1:colcon.colcon_core.environment:checking '/home/wjs/cart_ros2/install/bin'
[5.088s] Level 1:colcon.colcon_core.environment:checking '/home/wjs/cart_ros2/install/lib/pkgconfig/agv_mapping.pc'
[5.089s] Level 1:colcon.colcon_core.environment:checking '/home/wjs/cart_ros2/install/lib/python3.8/site-packages'
[5.089s] Level 1:colcon.colcon_core.shell:create_environment_hook('agv_mapping', 'pythonpath')
[5.090s] INFO:colcon.colcon_core.shell:Creating environment hook '/home/wjs/cart_ros2/install/share/agv_mapping/hook/pythonpath.ps1'
[5.093s] INFO:colcon.colcon_core.shell:Creating environment descriptor '/home/wjs/cart_ros2/install/share/agv_mapping/hook/pythonpath.dsv'
[5.095s] INFO:colcon.colcon_core.shell:Creating environment hook '/home/wjs/cart_ros2/install/share/agv_mapping/hook/pythonpath.sh'
[5.097s] Level 1:colcon.colcon_core.environment:checking '/home/wjs/cart_ros2/install/bin'
[5.099s] INFO:colcon.colcon_core.shell:Creating package script '/home/wjs/cart_ros2/install/share/agv_mapping/package.ps1'
[5.101s] INFO:colcon.colcon_core.shell:Creating package descriptor '/home/wjs/cart_ros2/install/share/agv_mapping/package.dsv'
[5.104s] INFO:colcon.colcon_core.shell:Creating package script '/home/wjs/cart_ros2/install/share/agv_mapping/package.sh'
[5.106s] INFO:colcon.colcon_core.shell:Creating package script '/home/wjs/cart_ros2/install/share/agv_mapping/package.bash'
[5.108s] INFO:colcon.colcon_core.shell:Creating package script '/home/wjs/cart_ros2/install/share/agv_mapping/package.zsh'
[5.110s] Level 1:colcon.colcon_core.environment:create_file_with_runtime_dependencies(/home/wjs/cart_ros2/install/share/colcon-core/packages/agv_mapping)
[5.116s] INFO:colcon.colcon_ros.task.ament_python.build:Building ROS package in '/home/wjs/cart_ros2/src/ros2_differential_drive-ros2' with build type 'ament_python'
[5.117s] Level 1:colcon.colcon_core.shell:create_environment_hook('differential_drive', 'ament_prefix_path')
[5.118s] INFO:colcon.colcon_core.shell:Creating environment hook '/home/wjs/cart_ros2/install/share/differential_drive/hook/ament_prefix_path.ps1'
[5.120s] INFO:colcon.colcon_core.shell:Creating environment descriptor '/home/wjs/cart_ros2/install/share/differential_drive/hook/ament_prefix_path.dsv'
[5.122s] INFO:colcon.colcon_core.shell:Creating environment hook '/home/wjs/cart_ros2/install/share/differential_drive/hook/ament_prefix_path.sh'
[5.125s] INFO:colcon.colcon_core.shell:Skip shell extension 'powershell' for command environment: Not usable outside of PowerShell
[5.125s] DEBUG:colcon.colcon_core.shell:Skip shell extension 'dsv' for command environment
[7.005s] INFO:colcon.colcon_core.task.python.build:Building Python package in '/home/wjs/cart_ros2/src/arduino_ros2'
[7.010s] INFO:colcon.colcon_core.shell:Skip shell extension 'powershell' for command environment: Not usable outside of PowerShell
[7.011s] DEBUG:colcon.colcon_core.shell:Skip shell extension 'dsv' for command environment
[7.059s] DEBUG:colcon.colcon_core.event_handler.log_command:Invoked command in '/home/wjs/cart_ros2/build/roboteq_interfaces' returned '0': CMAKE_PREFIX_PATH=${CMAKE_PREFIX_PATH}:/opt/ros/galactic /usr/bin/cmake --build /home/wjs/cart_ros2/build/roboteq_interfaces -- -j4 -l4
[7.084s] DEBUG:colcon.colcon_core.event_handler.log_command:Invoking command in '/home/wjs/cart_ros2/build/roboteq_interfaces': CMAKE_PREFIX_PATH=${CMAKE_PREFIX_PATH}:/opt/ros/galactic /usr/bin/cmake --install /home/wjs/cart_ros2/build/roboteq_interfaces
[8.275s] INFO:colcon.colcon_core.task.python.build:Building Python package in '/home/wjs/cart_ros2/src/ros2_differential_drive-ros2'
[8.279s] INFO:colcon.colcon_core.shell:Skip shell extension 'powershell' for command environment: Not usable outside of PowerShell
[8.279s] DEBUG:colcon.colcon_core.shell:Skip shell extension 'dsv' for command environment
[8.367s] Level 1:colcon.colcon_core.environment:create_environment_scripts_only(roboteq_interfaces)
[8.370s] Level 1:colcon.colcon_core.environment:checking '/home/wjs/cart_ros2/install' for CMake module files
[8.381s] Level 1:colcon.colcon_core.environment:checking '/home/wjs/cart_ros2/install' for CMake config files
[8.406s] Level 1:colcon.colcon_core.shell:create_environment_hook('roboteq_interfaces', 'cmake_prefix_path')
[8.407s] INFO:colcon.colcon_core.shell:Creating environment hook '/home/wjs/cart_ros2/install/share/roboteq_interfaces/hook/cmake_prefix_path.ps1'
[8.412s] DEBUG:colcon.colcon_core.event_handler.log_command:Invoked command in '/home/wjs/cart_ros2/build/roboteq_interfaces' returned '0': CMAKE_PREFIX_PATH=${CMAKE_PREFIX_PATH}:/opt/ros/galactic /usr/bin/cmake --install /home/wjs/cart_ros2/build/roboteq_interfaces
[8.413s] INFO:colcon.colcon_core.shell:Creating environment descriptor '/home/wjs/cart_ros2/install/share/roboteq_interfaces/hook/cmake_prefix_path.dsv'
[8.416s] INFO:colcon.colcon_core.shell:Creating environment hook '/home/wjs/cart_ros2/install/share/roboteq_interfaces/hook/cmake_prefix_path.sh'
[8.419s] Level 1:colcon.colcon_core.environment:checking '/home/wjs/cart_ros2/install/lib'
[8.420s] Level 1:colcon.colcon_core.shell:create_environment_hook('roboteq_interfaces', 'ld_library_path_lib')
[8.421s] INFO:colcon.colcon_core.shell:Creating environment hook '/home/wjs/cart_ros2/install/share/roboteq_interfaces/hook/ld_library_path_lib.ps1'
[8.423s] INFO:colcon.colcon_core.shell:Creating environment descriptor '/home/wjs/cart_ros2/install/share/roboteq_interfaces/hook/ld_library_path_lib.dsv'
[8.425s] INFO:colcon.colcon_core.shell:Creating environment hook '/home/wjs/cart_ros2/install/share/roboteq_interfaces/hook/ld_library_path_lib.sh'
[8.427s] Level 1:colcon.colcon_core.environment:checking '/home/wjs/cart_ros2/install/bin'
[8.427s] Level 1:colcon.colcon_core.environment:checking '/home/wjs/cart_ros2/install/lib/pkgconfig/roboteq_interfaces.pc'
[8.428s] Level 1:colcon.colcon_core.environment:checking '/home/wjs/cart_ros2/install/lib/python3.8/site-packages'
[8.429s] Level 1:colcon.colcon_core.shell:create_environment_hook('roboteq_interfaces', 'pythonpath')
[8.430s] INFO:colcon.colcon_core.shell:Creating environment hook '/home/wjs/cart_ros2/install/share/roboteq_interfaces/hook/pythonpath.ps1'
[8.432s] INFO:colcon.colcon_core.shell:Creating environment descriptor '/home/wjs/cart_ros2/install/share/roboteq_interfaces/hook/pythonpath.dsv'
[8.433s] INFO:colcon.colcon_core.shell:Creating environment hook '/home/wjs/cart_ros2/install/share/roboteq_interfaces/hook/pythonpath.sh'
[8.436s] Level 1:colcon.colcon_core.environment:checking '/home/wjs/cart_ros2/install/bin'
[8.437s] INFO:colcon.colcon_core.shell:Creating package script '/home/wjs/cart_ros2/install/share/roboteq_interfaces/package.ps1'
[8.440s] INFO:colcon.colcon_core.shell:Creating package descriptor '/home/wjs/cart_ros2/install/share/roboteq_interfaces/package.dsv'
[8.442s] INFO:colcon.colcon_core.shell:Creating package script '/home/wjs/cart_ros2/install/share/roboteq_interfaces/package.sh'
[8.444s] INFO:colcon.colcon_core.shell:Creating package script '/home/wjs/cart_ros2/install/share/roboteq_interfaces/package.bash'
[8.446s] INFO:colcon.colcon_core.shell:Creating package script '/home/wjs/cart_ros2/install/share/roboteq_interfaces/package.zsh'
[8.447s] Level 1:colcon.colcon_core.environment:create_file_with_runtime_dependencies(/home/wjs/cart_ros2/install/share/colcon-core/packages/roboteq_interfaces)
[8.450s] Level 1:colcon.colcon_core.environment:create_environment_scripts_only(roboteq_interfaces)
[8.451s] Level 1:colcon.colcon_core.environment:checking '/home/wjs/cart_ros2/install' for CMake module files
[8.454s] Level 1:colcon.colcon_core.environment:checking '/home/wjs/cart_ros2/install' for CMake config files
[8.460s] Level 1:colcon.colcon_core.shell:create_environment_hook('roboteq_interfaces', 'cmake_prefix_path')
[8.461s] INFO:colcon.colcon_core.shell:Creating environment hook '/home/wjs/cart_ros2/install/share/roboteq_interfaces/hook/cmake_prefix_path.ps1'
[8.464s] INFO:colcon.colcon_core.shell:Creating environment descriptor '/home/wjs/cart_ros2/install/share/roboteq_interfaces/hook/cmake_prefix_path.dsv'
[8.465s] INFO:colcon.colcon_core.shell:Creating environment hook '/home/wjs/cart_ros2/install/share/roboteq_interfaces/hook/cmake_prefix_path.sh'
[8.468s] Level 1:colcon.colcon_core.environment:checking '/home/wjs/cart_ros2/install/lib'
[8.468s] Level 1:colcon.colcon_core.shell:create_environment_hook('roboteq_interfaces', 'ld_library_path_lib')
[8.469s] INFO:colcon.colcon_core.shell:Creating environment hook '/home/wjs/cart_ros2/install/share/roboteq_interfaces/hook/ld_library_path_lib.ps1'
[8.471s] INFO:colcon.colcon_core.shell:Creating environment descriptor '/home/wjs/cart_ros2/install/share/roboteq_interfaces/hook/ld_library_path_lib.dsv'
[8.472s] INFO:colcon.colcon_core.shell:Creating environment hook '/home/wjs/cart_ros2/install/share/roboteq_interfaces/hook/ld_library_path_lib.sh'
[8.474s] Level 1:colcon.colcon_core.environment:checking '/home/wjs/cart_ros2/install/bin'
[8.474s] Level 1:colcon.colcon_core.environment:checking '/home/wjs/cart_ros2/install/lib/pkgconfig/roboteq_interfaces.pc'
[8.475s] Level 1:colcon.colcon_core.environment:checking '/home/wjs/cart_ros2/install/lib/python3.8/site-packages'
[8.475s] Level 1:colcon.colcon_core.shell:create_environment_hook('roboteq_interfaces', 'pythonpath')
[8.476s] INFO:colcon.colcon_core.shell:Creating environment hook '/home/wjs/cart_ros2/install/share/roboteq_interfaces/hook/pythonpath.ps1'
[8.478s] INFO:colcon.colcon_core.shell:Creating environment descriptor '/home/wjs/cart_ros2/install/share/roboteq_interfaces/hook/pythonpath.dsv'
[8.480s] INFO:colcon.colcon_core.shell:Creating environment hook '/home/wjs/cart_ros2/install/share/roboteq_interfaces/hook/pythonpath.sh'
[8.483s] Level 1:colcon.colcon_core.environment:checking '/home/wjs/cart_ros2/install/bin'
[8.484s] INFO:colcon.colcon_core.shell:Creating package script '/home/wjs/cart_ros2/install/share/roboteq_interfaces/package.ps1'
[8.487s] INFO:colcon.colcon_core.shell:Creating package descriptor '/home/wjs/cart_ros2/install/share/roboteq_interfaces/package.dsv'
[8.489s] INFO:colcon.colcon_core.shell:Creating package script '/home/wjs/cart_ros2/install/share/roboteq_interfaces/package.sh'
[8.492s] INFO:colcon.colcon_core.shell:Creating package script '/home/wjs/cart_ros2/install/share/roboteq_interfaces/package.bash'
[8.494s] INFO:colcon.colcon_core.shell:Creating package script '/home/wjs/cart_ros2/install/share/roboteq_interfaces/package.zsh'
[8.497s] Level 1:colcon.colcon_core.environment:create_file_with_runtime_dependencies(/home/wjs/cart_ros2/install/share/colcon-core/packages/roboteq_interfaces)
[8.515s] DEBUG:colcon.colcon_core.event_handler.log_command:Invoking command in '/home/wjs/cart_ros2/build/agv_body': PYTHONPATH=/home/wjs/cart_ros2/build/agv_body/prefix_override:/usr/lib/python3/dist-packages/colcon_core/task/python/colcon_distutils_commands:/home/wjs/cart_ros2/install/lib/python3.8/site-packages:${PYTHONPATH} /usr/bin/python3 -W ignore:setup.py install is deprecated -W ignore:easy_install command is deprecated setup.py develop --editable --build-directory /home/wjs/cart_ros2/build/agv_body/build --no-deps symlink_data
[8.522s] INFO:colcon.colcon_ros.task.ament_cmake.build:Building ROS package in '/home/wjs/cart_ros2/src/ira_laser_tools' with build type 'ament_cmake'
[8.523s] INFO:colcon.colcon_cmake.task.cmake.build:Building CMake package in '/home/wjs/cart_ros2/src/ira_laser_tools'
[8.527s] INFO:colcon.colcon_core.shell:Skip shell extension 'powershell' for command environment: Not usable outside of PowerShell
[8.527s] DEBUG:colcon.colcon_core.shell:Skip shell extension 'dsv' for command environment
[8.647s] DEBUG:colcon.colcon_core.event_handler.log_command:Invoking command in '/home/wjs/cart_ros2/build/ira_laser_tools': CMAKE_PREFIX_PATH=${CMAKE_PREFIX_PATH}:/opt/ros/galactic /usr/bin/cmake --build /home/wjs/cart_ros2/build/ira_laser_tools -- -j4 -l4
[9.548s] DEBUG:colcon.colcon_core.event_handler.log_command:Invoked command in '/home/wjs/cart_ros2/build/ira_laser_tools' returned '0': CMAKE_PREFIX_PATH=${CMAKE_PREFIX_PATH}:/opt/ros/galactic /usr/bin/cmake --build /home/wjs/cart_ros2/build/ira_laser_tools -- -j4 -l4
[9.567s] DEBUG:colcon.colcon_core.event_handler.log_command:Invoking command in '/home/wjs/cart_ros2/build/ira_laser_tools': CMAKE_PREFIX_PATH=${CMAKE_PREFIX_PATH}:/opt/ros/galactic /usr/bin/cmake --install /home/wjs/cart_ros2/build/ira_laser_tools
[9.809s] Level 1:colcon.colcon_core.environment:create_environment_scripts_only(ira_laser_tools)
[9.814s] Level 1:colcon.colcon_core.environment:checking '/home/wjs/cart_ros2/install' for CMake module files
[9.817s] Level 1:colcon.colcon_core.environment:checking '/home/wjs/cart_ros2/install' for CMake config files
[9.824s] DEBUG:colcon.colcon_core.event_handler.log_command:Invoked command in '/home/wjs/cart_ros2/build/ira_laser_tools' returned '0': CMAKE_PREFIX_PATH=${CMAKE_PREFIX_PATH}:/opt/ros/galactic /usr/bin/cmake --install /home/wjs/cart_ros2/build/ira_laser_tools
[9.825s] Level 1:colcon.colcon_core.shell:create_environment_hook('ira_laser_tools', 'cmake_prefix_path')
[9.828s] INFO:colcon.colcon_core.shell:Creating environment hook '/home/wjs/cart_ros2/install/share/ira_laser_tools/hook/cmake_prefix_path.ps1'
[9.833s] INFO:colcon.colcon_core.shell:Creating environment descriptor '/home/wjs/cart_ros2/install/share/ira_laser_tools/hook/cmake_prefix_path.dsv'
[9.845s] INFO:colcon.colcon_core.shell:Creating environment hook '/home/wjs/cart_ros2/install/share/ira_laser_tools/hook/cmake_prefix_path.sh'
[9.852s] Level 1:colcon.colcon_core.environment:checking '/home/wjs/cart_ros2/install/lib'
[9.852s] Level 1:colcon.colcon_core.shell:create_environment_hook('ira_laser_tools', 'ld_library_path_lib')
[9.854s] INFO:colcon.colcon_core.shell:Creating environment hook '/home/wjs/cart_ros2/install/share/ira_laser_tools/hook/ld_library_path_lib.ps1'
[9.856s] INFO:colcon.colcon_core.shell:Creating environment descriptor '/home/wjs/cart_ros2/install/share/ira_laser_tools/hook/ld_library_path_lib.dsv'
[9.858s] INFO:colcon.colcon_core.shell:Creating environment hook '/home/wjs/cart_ros2/install/share/ira_laser_tools/hook/ld_library_path_lib.sh'
[9.863s] Level 1:colcon.colcon_core.environment:checking '/home/wjs/cart_ros2/install/bin'
[9.867s] Level 1:colcon.colcon_core.environment:checking '/home/wjs/cart_ros2/install/lib/pkgconfig/ira_laser_tools.pc'
[9.868s] Level 1:colcon.colcon_core.environment:checking '/home/wjs/cart_ros2/install/lib/python3.8/site-packages'
[9.869s] Level 1:colcon.colcon_core.shell:create_environment_hook('ira_laser_tools', 'pythonpath')
[9.870s] INFO:colcon.colcon_core.shell:Creating environment hook '/home/wjs/cart_ros2/install/share/ira_laser_tools/hook/pythonpath.ps1'
[9.872s] INFO:colcon.colcon_core.shell:Creating environment descriptor '/home/wjs/cart_ros2/install/share/ira_laser_tools/hook/pythonpath.dsv'
[9.881s] INFO:colcon.colcon_core.shell:Creating environment hook '/home/wjs/cart_ros2/install/share/ira_laser_tools/hook/pythonpath.sh'
[9.885s] Level 1:colcon.colcon_core.environment:checking '/home/wjs/cart_ros2/install/bin'
[9.887s] INFO:colcon.colcon_core.shell:Creating package script '/home/wjs/cart_ros2/install/share/ira_laser_tools/package.ps1'
[9.891s] INFO:colcon.colcon_core.shell:Creating package descriptor '/home/wjs/cart_ros2/install/share/ira_laser_tools/package.dsv'
[9.893s] INFO:colcon.colcon_core.shell:Creating package script '/home/wjs/cart_ros2/install/share/ira_laser_tools/package.sh'
[9.896s] INFO:colcon.colcon_core.shell:Creating package script '/home/wjs/cart_ros2/install/share/ira_laser_tools/package.bash'
[9.899s] INFO:colcon.colcon_core.shell:Creating package script '/home/wjs/cart_ros2/install/share/ira_laser_tools/package.zsh'
[9.901s] Level 1:colcon.colcon_core.environment:create_file_with_runtime_dependencies(/home/wjs/cart_ros2/install/share/colcon-core/packages/ira_laser_tools)
[9.905s] Level 1:colcon.colcon_core.environment:create_environment_scripts_only(ira_laser_tools)
[9.906s] Level 1:colcon.colcon_core.environment:checking '/home/wjs/cart_ros2/install' for CMake module files
[9.909s] Level 1:colcon.colcon_core.environment:checking '/home/wjs/cart_ros2/install' for CMake config files
[9.915s] Level 1:colcon.colcon_core.shell:create_environment_hook('ira_laser_tools', 'cmake_prefix_path')
[9.916s] INFO:colcon.colcon_core.shell:Creating environment hook '/home/wjs/cart_ros2/install/share/ira_laser_tools/hook/cmake_prefix_path.ps1'
[9.918s] INFO:colcon.colcon_core.shell:Creating environment descriptor '/home/wjs/cart_ros2/install/share/ira_laser_tools/hook/cmake_prefix_path.dsv'
[9.921s] INFO:colcon.colcon_core.shell:Creating environment hook '/home/wjs/cart_ros2/install/share/ira_laser_tools/hook/cmake_prefix_path.sh'
[9.924s] Level 1:colcon.colcon_core.environment:checking '/home/wjs/cart_ros2/install/lib'
[9.924s] Level 1:colcon.colcon_core.shell:create_environment_hook('ira_laser_tools', 'ld_library_path_lib')
[9.925s] INFO:colcon.colcon_core.shell:Creating environment hook '/home/wjs/cart_ros2/install/share/ira_laser_tools/hook/ld_library_path_lib.ps1'
[9.927s] INFO:colcon.colcon_core.shell:Creating environment descriptor '/home/wjs/cart_ros2/install/share/ira_laser_tools/hook/ld_library_path_lib.dsv'
[9.931s] INFO:colcon.colcon_core.shell:Creating environment hook '/home/wjs/cart_ros2/install/share/ira_laser_tools/hook/ld_library_path_lib.sh'
[9.932s] Level 1:colcon.colcon_core.environment:checking '/home/wjs/cart_ros2/install/bin'
[9.933s] Level 1:colcon.colcon_core.environment:checking '/home/wjs/cart_ros2/install/lib/pkgconfig/ira_laser_tools.pc'
[9.933s] Level 1:colcon.colcon_core.environment:checking '/home/wjs/cart_ros2/install/lib/python3.8/site-packages'
[9.934s] Level 1:colcon.colcon_core.shell:create_environment_hook('ira_laser_tools', 'pythonpath')
[9.935s] INFO:colcon.colcon_core.shell:Creating environment hook '/home/wjs/cart_ros2/install/share/ira_laser_tools/hook/pythonpath.ps1'
[9.936s] INFO:colcon.colcon_core.shell:Creating environment descriptor '/home/wjs/cart_ros2/install/share/ira_laser_tools/hook/pythonpath.dsv'
[9.938s] INFO:colcon.colcon_core.shell:Creating environment hook '/home/wjs/cart_ros2/install/share/ira_laser_tools/hook/pythonpath.sh'
[9.947s] Level 1:colcon.colcon_core.environment:checking '/home/wjs/cart_ros2/install/bin'
[9.949s] INFO:colcon.colcon_core.shell:Creating package script '/home/wjs/cart_ros2/install/share/ira_laser_tools/package.ps1'
[9.953s] INFO:colcon.colcon_core.shell:Creating package descriptor '/home/wjs/cart_ros2/install/share/ira_laser_tools/package.dsv'
[9.955s] INFO:colcon.colcon_core.shell:Creating package script '/home/wjs/cart_ros2/install/share/ira_laser_tools/package.sh'
[9.957s] INFO:colcon.colcon_core.shell:Creating package script '/home/wjs/cart_ros2/install/share/ira_laser_tools/package.bash'
[9.959s] INFO:colcon.colcon_core.shell:Creating package script '/home/wjs/cart_ros2/install/share/ira_laser_tools/package.zsh'
[9.961s] Level 1:colcon.colcon_core.environment:create_file_with_runtime_dependencies(/home/wjs/cart_ros2/install/share/colcon-core/packages/ira_laser_tools)
[9.968s] INFO:colcon.colcon_ros.task.ament_cmake.build:Building ROS package in '/home/wjs/cart_ros2/src/laser_filters' with build type 'ament_cmake'
[9.969s] INFO:colcon.colcon_cmake.task.cmake.build:Building CMake package in '/home/wjs/cart_ros2/src/laser_filters'
[9.971s] INFO:colcon.colcon_core.shell:Skip shell extension 'powershell' for command environment: Not usable outside of PowerShell
[9.971s] DEBUG:colcon.colcon_core.shell:Skip shell extension 'dsv' for command environment
[10.060s] DEBUG:colcon.colcon_core.event_handler.log_command:Invoking command in '/home/wjs/cart_ros2/build/laser_filters': CMAKE_PREFIX_PATH=${CMAKE_PREFIX_PATH}:/opt/ros/galactic /usr/bin/cmake --build /home/wjs/cart_ros2/build/laser_filters -- -j4 -l4
[10.507s] DEBUG:colcon.colcon_core.event_handler.log_command:Invoking command in '/home/wjs/cart_ros2/build/arduino_ros2': PYTHONPATH=/home/wjs/cart_ros2/build/arduino_ros2/prefix_override:/usr/lib/python3/dist-packages/colcon_core/task/python/colcon_distutils_commands:/home/wjs/cart_ros2/install/lib/python3.8/site-packages:${PYTHONPATH} /usr/bin/python3 -W ignore:setup.py install is deprecated -W ignore:easy_install command is deprecated setup.py develop --editable --build-directory /home/wjs/cart_ros2/build/arduino_ros2/build --no-deps symlink_data
[10.728s] DEBUG:colcon.colcon_core.event_handler.log_command:Invoking command in '/home/wjs/cart_ros2/build/differential_drive': PYTHONPATH=/home/wjs/cart_ros2/build/differential_drive/prefix_override:/usr/lib/python3/dist-packages/colcon_core/task/python/colcon_distutils_commands:/home/wjs/cart_ros2/install/lib/python3.8/site-packages:${PYTHONPATH} /usr/bin/python3 -W ignore:setup.py install is deprecated -W ignore:easy_install command is deprecated setup.py develop --editable --build-directory /home/wjs/cart_ros2/build/differential_drive/build --no-deps symlink_data
[11.619s] Level 1:colcon.colcon_core.shell:create_environment_hook('agv_body', 'pythonpath_develop')
[11.622s] INFO:colcon.colcon_core.shell:Creating environment hook '/home/wjs/cart_ros2/build/agv_body/share/agv_body/hook/pythonpath_develop.ps1'
[11.625s] DEBUG:colcon.colcon_core.event_handler.log_command:Invoked command in '/home/wjs/cart_ros2/build/agv_body' returned '0': PYTHONPATH=/home/wjs/cart_ros2/build/agv_body/prefix_override:/usr/lib/python3/dist-packages/colcon_core/task/python/colcon_distutils_commands:/home/wjs/cart_ros2/install/lib/python3.8/site-packages:${PYTHONPATH} /usr/bin/python3 -W ignore:setup.py install is deprecated -W ignore:easy_install command is deprecated setup.py develop --editable --build-directory /home/wjs/cart_ros2/build/agv_body/build --no-deps symlink_data
[11.629s] INFO:colcon.colcon_core.shell:Creating environment descriptor '/home/wjs/cart_ros2/build/agv_body/share/agv_body/hook/pythonpath_develop.dsv'
[11.637s] INFO:colcon.colcon_core.shell:Creating environment hook '/home/wjs/cart_ros2/build/agv_body/share/agv_body/hook/pythonpath_develop.sh'
[11.653s] Level 1:colcon.colcon_core.environment:checking '/home/wjs/cart_ros2/install' for CMake module files
[11.655s] Level 1:colcon.colcon_core.environment:checking '/home/wjs/cart_ros2/install' for CMake config files
[11.664s] Level 1:colcon.colcon_core.shell:create_environment_hook('agv_body', 'cmake_prefix_path')
[11.665s] INFO:colcon.colcon_core.shell:Creating environment hook '/home/wjs/cart_ros2/install/share/agv_body/hook/cmake_prefix_path.ps1'
[11.667s] INFO:colcon.colcon_core.shell:Creating environment descriptor '/home/wjs/cart_ros2/install/share/agv_body/hook/cmake_prefix_path.dsv'
[11.675s] INFO:colcon.colcon_core.shell:Creating environment hook '/home/wjs/cart_ros2/install/share/agv_body/hook/cmake_prefix_path.sh'
[11.682s] Level 1:colcon.colcon_core.environment:checking '/home/wjs/cart_ros2/install/lib'
[11.682s] Level 1:colcon.colcon_core.shell:create_environment_hook('agv_body', 'ld_library_path_lib')
[11.683s] INFO:colcon.colcon_core.shell:Creating environment hook '/home/wjs/cart_ros2/install/share/agv_body/hook/ld_library_path_lib.ps1'
[11.686s] INFO:colcon.colcon_core.shell:Creating environment descriptor '/home/wjs/cart_ros2/install/share/agv_body/hook/ld_library_path_lib.dsv'
[11.687s] INFO:colcon.colcon_core.shell:Creating environment hook '/home/wjs/cart_ros2/install/share/agv_body/hook/ld_library_path_lib.sh'
[11.689s] Level 1:colcon.colcon_core.environment:checking '/home/wjs/cart_ros2/install/bin'
[11.690s] Level 1:colcon.colcon_core.environment:checking '/home/wjs/cart_ros2/install/lib/pkgconfig/agv_body.pc'
[11.691s] Level 1:colcon.colcon_core.environment:checking '/home/wjs/cart_ros2/install/lib/python3.8/site-packages'
[11.691s] Level 1:colcon.colcon_core.shell:create_environment_hook('agv_body', 'pythonpath')
[11.692s] INFO:colcon.colcon_core.shell:Creating environment hook '/home/wjs/cart_ros2/install/share/agv_body/hook/pythonpath.ps1'
[11.697s] INFO:colcon.colcon_core.shell:Creating environment descriptor '/home/wjs/cart_ros2/install/share/agv_body/hook/pythonpath.dsv'
[11.699s] INFO:colcon.colcon_core.shell:Creating environment hook '/home/wjs/cart_ros2/install/share/agv_body/hook/pythonpath.sh'
[11.717s] Level 1:colcon.colcon_core.environment:checking '/home/wjs/cart_ros2/install/bin'
[11.721s] Level 1:colcon.colcon_core.environment:create_environment_scripts_only(agv_body)
[11.722s] INFO:colcon.colcon_core.shell:Creating package script '/home/wjs/cart_ros2/install/share/agv_body/package.ps1'
[11.726s] INFO:colcon.colcon_core.shell:Creating package descriptor '/home/wjs/cart_ros2/install/share/agv_body/package.dsv'
[11.731s] INFO:colcon.colcon_core.shell:Creating package script '/home/wjs/cart_ros2/install/share/agv_body/package.sh'
[11.735s] INFO:colcon.colcon_core.shell:Creating package script '/home/wjs/cart_ros2/install/share/agv_body/package.bash'
[11.737s] INFO:colcon.colcon_core.shell:Creating package script '/home/wjs/cart_ros2/install/share/agv_body/package.zsh'
[11.740s] Level 1:colcon.colcon_core.environment:create_file_with_runtime_dependencies(/home/wjs/cart_ros2/install/share/colcon-core/packages/agv_body)
[11.744s] INFO:colcon.colcon_ros.task.ament_cmake.build:Building ROS package in '/home/wjs/cart_ros2/src/sllidar_ros2' with build type 'ament_cmake'
[11.747s] INFO:colcon.colcon_cmake.task.cmake.build:Building CMake package in '/home/wjs/cart_ros2/src/sllidar_ros2'
[11.748s] INFO:colcon.colcon_core.shell:Skip shell extension 'powershell' for command environment: Not usable outside of PowerShell
[11.748s] DEBUG:colcon.colcon_core.shell:Skip shell extension 'dsv' for command environment
[11.797s] DEBUG:colcon.colcon_core.event_handler.log_command:Invoked command in '/home/wjs/cart_ros2/build/laser_filters' returned '0': CMAKE_PREFIX_PATH=${CMAKE_PREFIX_PATH}:/opt/ros/galactic /usr/bin/cmake --build /home/wjs/cart_ros2/build/laser_filters -- -j4 -l4
[11.814s] DEBUG:colcon.colcon_core.event_handler.log_command:Invoking command in '/home/wjs/cart_ros2/build/laser_filters': CMAKE_PREFIX_PATH=${CMAKE_PREFIX_PATH}:/opt/ros/galactic /usr/bin/cmake --install /home/wjs/cart_ros2/build/laser_filters
[11.866s] DEBUG:colcon.colcon_core.event_handler.log_command:Invoking command in '/home/wjs/cart_ros2/build/sllidar_ros2': CMAKE_PREFIX_PATH=${CMAKE_PREFIX_PATH}:/opt/ros/galactic /usr/bin/cmake --build /home/wjs/cart_ros2/build/sllidar_ros2 -- -j4 -l4
[12.094s] Level 1:colcon.colcon_core.environment:create_environment_scripts_only(laser_filters)
[12.097s] Level 1:colcon.colcon_core.environment:checking '/home/wjs/cart_ros2/install' for CMake module files
[12.100s] DEBUG:colcon.colcon_core.event_handler.log_command:Invoked command in '/home/wjs/cart_ros2/build/laser_filters' returned '0': CMAKE_PREFIX_PATH=${CMAKE_PREFIX_PATH}:/opt/ros/galactic /usr/bin/cmake --install /home/wjs/cart_ros2/build/laser_filters
[12.102s] Level 1:colcon.colcon_core.environment:checking '/home/wjs/cart_ros2/install' for CMake config files
[12.109s] Level 1:colcon.colcon_core.shell:create_environment_hook('laser_filters', 'cmake_prefix_path')
[12.111s] INFO:colcon.colcon_core.shell:Creating environment hook '/home/wjs/cart_ros2/install/share/laser_filters/hook/cmake_prefix_path.ps1'
[12.115s] INFO:colcon.colcon_core.shell:Creating environment descriptor '/home/wjs/cart_ros2/install/share/laser_filters/hook/cmake_prefix_path.dsv'
[12.118s] INFO:colcon.colcon_core.shell:Creating environment hook '/home/wjs/cart_ros2/install/share/laser_filters/hook/cmake_prefix_path.sh'
[12.127s] Level 1:colcon.colcon_core.environment:checking '/home/wjs/cart_ros2/install/lib'
[12.127s] Level 1:colcon.colcon_core.shell:create_environment_hook('laser_filters', 'ld_library_path_lib')
[12.128s] INFO:colcon.colcon_core.shell:Creating environment hook '/home/wjs/cart_ros2/install/share/laser_filters/hook/ld_library_path_lib.ps1'
[12.131s] INFO:colcon.colcon_core.shell:Creating environment descriptor '/home/wjs/cart_ros2/install/share/laser_filters/hook/ld_library_path_lib.dsv'
[12.133s] INFO:colcon.colcon_core.shell:Creating environment hook '/home/wjs/cart_ros2/install/share/laser_filters/hook/ld_library_path_lib.sh'
[12.135s] Level 1:colcon.colcon_core.environment:checking '/home/wjs/cart_ros2/install/bin'
[12.136s] Level 1:colcon.colcon_core.environment:checking '/home/wjs/cart_ros2/install/lib/pkgconfig/laser_filters.pc'
[12.137s] Level 1:colcon.colcon_core.environment:checking '/home/wjs/cart_ros2/install/lib/python3.8/site-packages'
[12.137s] Level 1:colcon.colcon_core.shell:create_environment_hook('laser_filters', 'pythonpath')
[12.138s] INFO:colcon.colcon_core.shell:Creating environment hook '/home/wjs/cart_ros2/install/share/laser_filters/hook/pythonpath.ps1'
[12.140s] INFO:colcon.colcon_core.shell:Creating environment descriptor '/home/wjs/cart_ros2/install/share/laser_filters/hook/pythonpath.dsv'
[12.144s] INFO:colcon.colcon_core.shell:Creating environment hook '/home/wjs/cart_ros2/install/share/laser_filters/hook/pythonpath.sh'
[12.147s] Level 1:colcon.colcon_core.environment:checking '/home/wjs/cart_ros2/install/bin'
[12.149s] INFO:colcon.colcon_core.shell:Creating package script '/home/wjs/cart_ros2/install/share/laser_filters/package.ps1'
[12.153s] INFO:colcon.colcon_core.shell:Creating package descriptor '/home/wjs/cart_ros2/install/share/laser_filters/package.dsv'
[12.155s] INFO:colcon.colcon_core.shell:Creating package script '/home/wjs/cart_ros2/install/share/laser_filters/package.sh'
[12.157s] INFO:colcon.colcon_core.shell:Creating package script '/home/wjs/cart_ros2/install/share/laser_filters/package.bash'
[12.159s] INFO:colcon.colcon_core.shell:Creating package script '/home/wjs/cart_ros2/install/share/laser_filters/package.zsh'
[12.162s] Level 1:colcon.colcon_core.environment:create_file_with_runtime_dependencies(/home/wjs/cart_ros2/install/share/colcon-core/packages/laser_filters)
[12.166s] Level 1:colcon.colcon_core.environment:create_environment_scripts_only(laser_filters)
[12.167s] Level 1:colcon.colcon_core.environment:checking '/home/wjs/cart_ros2/install' for CMake module files
[12.169s] Level 1:colcon.colcon_core.environment:checking '/home/wjs/cart_ros2/install' for CMake config files
[12.175s] Level 1:colcon.colcon_core.shell:create_environment_hook('laser_filters', 'cmake_prefix_path')
[12.176s] INFO:colcon.colcon_core.shell:Creating environment hook '/home/wjs/cart_ros2/install/share/laser_filters/hook/cmake_prefix_path.ps1'
[12.178s] INFO:colcon.colcon_core.shell:Creating environment descriptor '/home/wjs/cart_ros2/install/share/laser_filters/hook/cmake_prefix_path.dsv'
[12.185s] INFO:colcon.colcon_core.shell:Creating environment hook '/home/wjs/cart_ros2/install/share/laser_filters/hook/cmake_prefix_path.sh'
[12.189s] Level 1:colcon.colcon_core.environment:checking '/home/wjs/cart_ros2/install/lib'
[12.189s] Level 1:colcon.colcon_core.shell:create_environment_hook('laser_filters', 'ld_library_path_lib')
[12.190s] INFO:colcon.colcon_core.shell:Creating environment hook '/home/wjs/cart_ros2/install/share/laser_filters/hook/ld_library_path_lib.ps1'
[12.192s] INFO:colcon.colcon_core.shell:Creating environment descriptor '/home/wjs/cart_ros2/install/share/laser_filters/hook/ld_library_path_lib.dsv'
[12.194s] INFO:colcon.colcon_core.shell:Creating environment hook '/home/wjs/cart_ros2/install/share/laser_filters/hook/ld_library_path_lib.sh'
[12.196s] Level 1:colcon.colcon_core.environment:checking '/home/wjs/cart_ros2/install/bin'
[12.197s] Level 1:colcon.colcon_core.environment:checking '/home/wjs/cart_ros2/install/lib/pkgconfig/laser_filters.pc'
[12.197s] Level 1:colcon.colcon_core.environment:checking '/home/wjs/cart_ros2/install/lib/python3.8/site-packages'
[12.198s] Level 1:colcon.colcon_core.shell:create_environment_hook('laser_filters', 'pythonpath')
[12.199s] INFO:colcon.colcon_core.shell:Creating environment hook '/home/wjs/cart_ros2/install/share/laser_filters/hook/pythonpath.ps1'
[12.202s] INFO:colcon.colcon_core.shell:Creating environment descriptor '/home/wjs/cart_ros2/install/share/laser_filters/hook/pythonpath.dsv'
[12.204s] INFO:colcon.colcon_core.shell:Creating environment hook '/home/wjs/cart_ros2/install/share/laser_filters/hook/pythonpath.sh'
[12.206s] Level 1:colcon.colcon_core.environment:checking '/home/wjs/cart_ros2/install/bin'
[12.208s] INFO:colcon.colcon_core.shell:Creating package script '/home/wjs/cart_ros2/install/share/laser_filters/package.ps1'
[12.211s] INFO:colcon.colcon_core.shell:Creating package descriptor '/home/wjs/cart_ros2/install/share/laser_filters/package.dsv'
[12.214s] INFO:colcon.colcon_core.shell:Creating package script '/home/wjs/cart_ros2/install/share/laser_filters/package.sh'
[12.216s] INFO:colcon.colcon_core.shell:Creating package script '/home/wjs/cart_ros2/install/share/laser_filters/package.bash'
[12.218s] INFO:colcon.colcon_core.shell:Creating package script '/home/wjs/cart_ros2/install/share/laser_filters/package.zsh'
[12.221s] Level 1:colcon.colcon_core.environment:create_file_with_runtime_dependencies(/home/wjs/cart_ros2/install/share/colcon-core/packages/laser_filters)
[12.226s] INFO:colcon.colcon_ros.task.ament_cmake.build:Building ROS package in '/home/wjs/cart_ros2/src/2th_NtrexAHRS_lib_ROS/ros2_example/stella_ahrs' with build type 'ament_cmake'
[12.228s] INFO:colcon.colcon_cmake.task.cmake.build:Building CMake package in '/home/wjs/cart_ros2/src/2th_NtrexAHRS_lib_ROS/ros2_example/stella_ahrs'
[12.229s] INFO:colcon.colcon_core.shell:Skip shell extension 'powershell' for command environment: Not usable outside of PowerShell
[12.229s] DEBUG:colcon.colcon_core.shell:Skip shell extension 'dsv' for command environment
[12.321s] DEBUG:colcon.colcon_core.event_handler.log_command:Invoking command in '/home/wjs/cart_ros2/build/stella_ahrs': CMAKE_PREFIX_PATH=${CMAKE_PREFIX_PATH}:/opt/ros/galactic /usr/bin/cmake --build /home/wjs/cart_ros2/build/stella_ahrs -- -j4 -l4
[12.609s] DEBUG:colcon.colcon_core.event_handler.log_command:Invoked command in '/home/wjs/cart_ros2/build/sllidar_ros2' returned '0': CMAKE_PREFIX_PATH=${CMAKE_PREFIX_PATH}:/opt/ros/galactic /usr/bin/cmake --build /home/wjs/cart_ros2/build/sllidar_ros2 -- -j4 -l4
[12.632s] DEBUG:colcon.colcon_core.event_handler.log_command:Invoking command in '/home/wjs/cart_ros2/build/sllidar_ros2': CMAKE_PREFIX_PATH=${CMAKE_PREFIX_PATH}:/opt/ros/galactic /usr/bin/cmake --install /home/wjs/cart_ros2/build/sllidar_ros2
[12.808s] Level 1:colcon.colcon_core.environment:create_environment_scripts_only(sllidar_ros2)
[12.811s] Level 1:colcon.colcon_core.environment:checking '/home/wjs/cart_ros2/install' for CMake module files
[12.812s] DEBUG:colcon.colcon_core.event_handler.log_command:Invoked command in '/home/wjs/cart_ros2/build/sllidar_ros2' returned '0': CMAKE_PREFIX_PATH=${CMAKE_PREFIX_PATH}:/opt/ros/galactic /usr/bin/cmake --install /home/wjs/cart_ros2/build/sllidar_ros2
[12.822s] Level 1:colcon.colcon_core.environment:checking '/home/wjs/cart_ros2/install' for CMake config files
[12.828s] Level 1:colcon.colcon_core.shell:create_environment_hook('sllidar_ros2', 'cmake_prefix_path')
[12.830s] INFO:colcon.colcon_core.shell:Creating environment hook '/home/wjs/cart_ros2/install/share/sllidar_ros2/hook/cmake_prefix_path.ps1'
[12.834s] INFO:colcon.colcon_core.shell:Creating environment descriptor '/home/wjs/cart_ros2/install/share/sllidar_ros2/hook/cmake_prefix_path.dsv'
[12.839s] INFO:colcon.colcon_core.shell:Creating environment hook '/home/wjs/cart_ros2/install/share/sllidar_ros2/hook/cmake_prefix_path.sh'
[12.845s] Level 1:colcon.colcon_core.environment:checking '/home/wjs/cart_ros2/install/lib'
[12.845s] Level 1:colcon.colcon_core.shell:create_environment_hook('sllidar_ros2', 'ld_library_path_lib')
[12.846s] INFO:colcon.colcon_core.shell:Creating environment hook '/home/wjs/cart_ros2/install/share/sllidar_ros2/hook/ld_library_path_lib.ps1'
[12.853s] INFO:colcon.colcon_core.shell:Creating environment descriptor '/home/wjs/cart_ros2/install/share/sllidar_ros2/hook/ld_library_path_lib.dsv'
[12.855s] INFO:colcon.colcon_core.shell:Creating environment hook '/home/wjs/cart_ros2/install/share/sllidar_ros2/hook/ld_library_path_lib.sh'
[12.857s] Level 1:colcon.colcon_core.environment:checking '/home/wjs/cart_ros2/install/bin'
[12.857s] Level 1:colcon.colcon_core.environment:checking '/home/wjs/cart_ros2/install/lib/pkgconfig/sllidar_ros2.pc'
[12.859s] Level 1:colcon.colcon_core.environment:checking '/home/wjs/cart_ros2/install/lib/python3.8/site-packages'
[12.859s] Level 1:colcon.colcon_core.shell:create_environment_hook('sllidar_ros2', 'pythonpath')
[12.860s] INFO:colcon.colcon_core.shell:Creating environment hook '/home/wjs/cart_ros2/install/share/sllidar_ros2/hook/pythonpath.ps1'
[12.863s] INFO:colcon.colcon_core.shell:Creating environment descriptor '/home/wjs/cart_ros2/install/share/sllidar_ros2/hook/pythonpath.dsv'
[12.865s] INFO:colcon.colcon_core.shell:Creating environment hook '/home/wjs/cart_ros2/install/share/sllidar_ros2/hook/pythonpath.sh'
[12.867s] Level 1:colcon.colcon_core.environment:checking '/home/wjs/cart_ros2/install/bin'
[12.871s] INFO:colcon.colcon_core.shell:Creating package script '/home/wjs/cart_ros2/install/share/sllidar_ros2/package.ps1'
[12.874s] INFO:colcon.colcon_core.shell:Creating package descriptor '/home/wjs/cart_ros2/install/share/sllidar_ros2/package.dsv'
[12.878s] INFO:colcon.colcon_core.shell:Creating package script '/home/wjs/cart_ros2/install/share/sllidar_ros2/package.sh'
[12.882s] INFO:colcon.colcon_core.shell:Creating package script '/home/wjs/cart_ros2/install/share/sllidar_ros2/package.bash'
[12.884s] INFO:colcon.colcon_core.shell:Creating package script '/home/wjs/cart_ros2/install/share/sllidar_ros2/package.zsh'
[12.886s] Level 1:colcon.colcon_core.environment:create_file_with_runtime_dependencies(/home/wjs/cart_ros2/install/share/colcon-core/packages/sllidar_ros2)
[12.888s] Level 1:colcon.colcon_core.environment:create_environment_scripts_only(sllidar_ros2)
[12.889s] Level 1:colcon.colcon_core.environment:checking '/home/wjs/cart_ros2/install' for CMake module files
[12.891s] Level 1:colcon.colcon_core.environment:checking '/home/wjs/cart_ros2/install' for CMake config files
[12.897s] Level 1:colcon.colcon_core.shell:create_environment_hook('sllidar_ros2', 'cmake_prefix_path')
[12.898s] INFO:colcon.colcon_core.shell:Creating environment hook '/home/wjs/cart_ros2/install/share/sllidar_ros2/hook/cmake_prefix_path.ps1'
[12.901s] INFO:colcon.colcon_core.shell:Creating environment descriptor '/home/wjs/cart_ros2/install/share/sllidar_ros2/hook/cmake_prefix_path.dsv'
[12.905s] INFO:colcon.colcon_core.shell:Creating environment hook '/home/wjs/cart_ros2/install/share/sllidar_ros2/hook/cmake_prefix_path.sh'
[12.909s] Level 1:colcon.colcon_core.environment:checking '/home/wjs/cart_ros2/install/lib'
[12.909s] Level 1:colcon.colcon_core.shell:create_environment_hook('sllidar_ros2', 'ld_library_path_lib')
[12.910s] INFO:colcon.colcon_core.shell:Creating environment hook '/home/wjs/cart_ros2/install/share/sllidar_ros2/hook/ld_library_path_lib.ps1'
[12.914s] INFO:colcon.colcon_core.shell:Creating environment descriptor '/home/wjs/cart_ros2/install/share/sllidar_ros2/hook/ld_library_path_lib.dsv'
[12.916s] INFO:colcon.colcon_core.shell:Creating environment hook '/home/wjs/cart_ros2/install/share/sllidar_ros2/hook/ld_library_path_lib.sh'
[12.919s] Level 1:colcon.colcon_core.environment:checking '/home/wjs/cart_ros2/install/bin'
[12.919s] Level 1:colcon.colcon_core.environment:checking '/home/wjs/cart_ros2/install/lib/pkgconfig/sllidar_ros2.pc'
[12.920s] Level 1:colcon.colcon_core.environment:checking '/home/wjs/cart_ros2/install/lib/python3.8/site-packages'
[12.920s] Level 1:colcon.colcon_core.shell:create_environment_hook('sllidar_ros2', 'pythonpath')
[12.922s] INFO:colcon.colcon_core.shell:Creating environment hook '/home/wjs/cart_ros2/install/share/sllidar_ros2/hook/pythonpath.ps1'
[12.924s] INFO:colcon.colcon_core.shell:Creating environment descriptor '/home/wjs/cart_ros2/install/share/sllidar_ros2/hook/pythonpath.dsv'
[12.927s] INFO:colcon.colcon_core.shell:Creating environment hook '/home/wjs/cart_ros2/install/share/sllidar_ros2/hook/pythonpath.sh'
[12.931s] Level 1:colcon.colcon_core.environment:checking '/home/wjs/cart_ros2/install/bin'
[12.933s] INFO:colcon.colcon_core.shell:Creating package script '/home/wjs/cart_ros2/install/share/sllidar_ros2/package.ps1'
[12.936s] INFO:colcon.colcon_core.shell:Creating package descriptor '/home/wjs/cart_ros2/install/share/sllidar_ros2/package.dsv'
[12.941s] INFO:colcon.colcon_core.shell:Creating package script '/home/wjs/cart_ros2/install/share/sllidar_ros2/package.sh'
[12.946s] INFO:colcon.colcon_core.shell:Creating package script '/home/wjs/cart_ros2/install/share/sllidar_ros2/package.bash'
[12.949s] INFO:colcon.colcon_core.shell:Creating package script '/home/wjs/cart_ros2/install/share/sllidar_ros2/package.zsh'
[12.951s] Level 1:colcon.colcon_core.environment:create_file_with_runtime_dependencies(/home/wjs/cart_ros2/install/share/colcon-core/packages/sllidar_ros2)
[12.957s] INFO:colcon.colcon_ros.task.ament_cmake.build:Building ROS package in '/home/wjs/cart_ros2/src/roboteq_controller_ros-galactic-devel/roboteq_controller' with build type 'ament_cmake'
[12.959s] INFO:colcon.colcon_cmake.task.cmake.build:Building CMake package in '/home/wjs/cart_ros2/src/roboteq_controller_ros-galactic-devel/roboteq_controller'
[12.960s] INFO:colcon.colcon_core.shell:Skip shell extension 'powershell' for command environment: Not usable outside of PowerShell
[12.961s] DEBUG:colcon.colcon_core.shell:Skip shell extension 'dsv' for command environment
[13.009s] DEBUG:colcon.colcon_core.event_handler.log_command:Invoked command in '/home/wjs/cart_ros2/build/stella_ahrs' returned '0': CMAKE_PREFIX_PATH=${CMAKE_PREFIX_PATH}:/opt/ros/galactic /usr/bin/cmake --build /home/wjs/cart_ros2/build/stella_ahrs -- -j4 -l4
[13.031s] DEBUG:colcon.colcon_core.event_handler.log_command:Invoking command in '/home/wjs/cart_ros2/build/stella_ahrs': CMAKE_PREFIX_PATH=${CMAKE_PREFIX_PATH}:/opt/ros/galactic /usr/bin/cmake --install /home/wjs/cart_ros2/build/stella_ahrs
[13.090s] DEBUG:colcon.colcon_core.event_handler.log_command:Invoking command in '/home/wjs/cart_ros2/build/roboteq_controller': CMAKE_PREFIX_PATH=${CMAKE_PREFIX_PATH}:/opt/ros/galactic LD_LIBRARY_PATH=/home/wjs/cart_ros2/install/lib:/opt/opencv-4.5.5-cuda/lib:/home/wjs/tb3_tpl_ws/install/lib:/opt/ros/galactic/opt/yaml_cpp_vendor/lib:/opt/ros/galactic/opt/rviz_ogre_vendor/lib:/opt/ros/galactic/lib/aarch64-linux-gnu:/opt/ros/galactic/lib:/usr/local/cuda-11.4/lib64 PYTHONPATH=/home/wjs/cart_ros2/install/lib/python3.8/site-packages:/opt/opencv-4.5.5-cuda/lib/python3.8/site-packages:/home/wjs/cart_ros2/build/differential_drive/src:/home/wjs/cart_ros2/build/arduino_ros2:/home/wjs/cart_ros2/build/agv_body:/home/wjs/tb3_tpl_ws/build/turtlebot3_teleop:/home/wjs/tb3_tpl_ws/install/lib/python3.8/site-packages:/opt/ros/galactic/lib/python3.8/site-packages /usr/bin/cmake --build /home/wjs/cart_ros2/build/roboteq_controller -- -j4 -l4
[13.105s] Level 1:colcon.colcon_core.shell:create_environment_hook('arduino_ros2', 'pythonpath_develop')
[13.107s] DEBUG:colcon.colcon_core.event_handler.log_command:Invoked command in '/home/wjs/cart_ros2/build/arduino_ros2' returned '0': PYTHONPATH=/home/wjs/cart_ros2/build/arduino_ros2/prefix_override:/usr/lib/python3/dist-packages/colcon_core/task/python/colcon_distutils_commands:/home/wjs/cart_ros2/install/lib/python3.8/site-packages:${PYTHONPATH} /usr/bin/python3 -W ignore:setup.py install is deprecated -W ignore:easy_install command is deprecated setup.py develop --editable --build-directory /home/wjs/cart_ros2/build/arduino_ros2/build --no-deps symlink_data
[13.112s] INFO:colcon.colcon_core.shell:Creating environment hook '/home/wjs/cart_ros2/build/arduino_ros2/share/arduino_ros2/hook/pythonpath_develop.ps1'
[13.121s] INFO:colcon.colcon_core.shell:Creating environment descriptor '/home/wjs/cart_ros2/build/arduino_ros2/share/arduino_ros2/hook/pythonpath_develop.dsv'
[13.129s] INFO:colcon.colcon_core.shell:Creating environment hook '/home/wjs/cart_ros2/build/arduino_ros2/share/arduino_ros2/hook/pythonpath_develop.sh'
[13.134s] Level 1:colcon.colcon_core.environment:checking '/home/wjs/cart_ros2/install' for CMake module files
[13.137s] Level 1:colcon.colcon_core.environment:checking '/home/wjs/cart_ros2/install' for CMake config files
[13.142s] Level 1:colcon.colcon_core.shell:create_environment_hook('arduino_ros2', 'cmake_prefix_path')
[13.143s] INFO:colcon.colcon_core.shell:Creating environment hook '/home/wjs/cart_ros2/install/share/arduino_ros2/hook/cmake_prefix_path.ps1'
[13.147s] INFO:colcon.colcon_core.shell:Creating environment descriptor '/home/wjs/cart_ros2/install/share/arduino_ros2/hook/cmake_prefix_path.dsv'
[13.156s] INFO:colcon.colcon_core.shell:Creating environment hook '/home/wjs/cart_ros2/install/share/arduino_ros2/hook/cmake_prefix_path.sh'
[13.162s] Level 1:colcon.colcon_core.environment:checking '/home/wjs/cart_ros2/install/lib'
[13.162s] Level 1:colcon.colcon_core.shell:create_environment_hook('arduino_ros2', 'ld_library_path_lib')
[13.164s] INFO:colcon.colcon_core.shell:Creating environment hook '/home/wjs/cart_ros2/install/share/arduino_ros2/hook/ld_library_path_lib.ps1'
[13.166s] INFO:colcon.colcon_core.shell:Creating environment descriptor '/home/wjs/cart_ros2/install/share/arduino_ros2/hook/ld_library_path_lib.dsv'
[13.169s] INFO:colcon.colcon_core.shell:Creating environment hook '/home/wjs/cart_ros2/install/share/arduino_ros2/hook/ld_library_path_lib.sh'
[13.173s] Level 1:colcon.colcon_core.environment:checking '/home/wjs/cart_ros2/install/bin'
[13.183s] Level 1:colcon.colcon_core.environment:checking '/home/wjs/cart_ros2/install/lib/pkgconfig/arduino_ros2.pc'
[13.185s] Level 1:colcon.colcon_core.environment:checking '/home/wjs/cart_ros2/install/lib/python3.8/site-packages'
[13.186s] Level 1:colcon.colcon_core.shell:create_environment_hook('arduino_ros2', 'pythonpath')
[13.187s] INFO:colcon.colcon_core.shell:Creating environment hook '/home/wjs/cart_ros2/install/share/arduino_ros2/hook/pythonpath.ps1'
[13.190s] INFO:colcon.colcon_core.shell:Creating environment descriptor '/home/wjs/cart_ros2/install/share/arduino_ros2/hook/pythonpath.dsv'
[13.196s] INFO:colcon.colcon_core.shell:Creating environment hook '/home/wjs/cart_ros2/install/share/arduino_ros2/hook/pythonpath.sh'
[13.201s] Level 1:colcon.colcon_core.environment:checking '/home/wjs/cart_ros2/install/bin'
[13.202s] Level 1:colcon.colcon_core.environment:create_environment_scripts_only(arduino_ros2)
[13.204s] INFO:colcon.colcon_core.shell:Creating package script '/home/wjs/cart_ros2/install/share/arduino_ros2/package.ps1'
[13.207s] INFO:colcon.colcon_core.shell:Creating package descriptor '/home/wjs/cart_ros2/install/share/arduino_ros2/package.dsv'
[13.210s] INFO:colcon.colcon_core.shell:Creating package script '/home/wjs/cart_ros2/install/share/arduino_ros2/package.sh'
[13.214s] INFO:colcon.colcon_core.shell:Creating package script '/home/wjs/cart_ros2/install/share/arduino_ros2/package.bash'
[13.216s] INFO:colcon.colcon_core.shell:Creating package script '/home/wjs/cart_ros2/install/share/arduino_ros2/package.zsh'
[13.218s] Level 1:colcon.colcon_core.environment:create_file_with_runtime_dependencies(/home/wjs/cart_ros2/install/share/colcon-core/packages/arduino_ros2)
[13.224s] Level 1:colcon.colcon_core.environment:create_environment_scripts_only(stella_ahrs)
[13.226s] Level 1:colcon.colcon_core.environment:checking '/home/wjs/cart_ros2/install' for CMake module files
[13.229s] DEBUG:colcon.colcon_core.event_handler.log_command:Invoked command in '/home/wjs/cart_ros2/build/stella_ahrs' returned '0': CMAKE_PREFIX_PATH=${CMAKE_PREFIX_PATH}:/opt/ros/galactic /usr/bin/cmake --install /home/wjs/cart_ros2/build/stella_ahrs
[13.233s] Level 1:colcon.colcon_core.environment:checking '/home/wjs/cart_ros2/install' for CMake config files
[13.240s] Level 1:colcon.colcon_core.shell:create_environment_hook('stella_ahrs', 'cmake_prefix_path')
[13.241s] INFO:colcon.colcon_core.shell:Creating environment hook '/home/wjs/cart_ros2/install/share/stella_ahrs/hook/cmake_prefix_path.ps1'
[13.244s] INFO:colcon.colcon_core.shell:Creating environment descriptor '/home/wjs/cart_ros2/install/share/stella_ahrs/hook/cmake_prefix_path.dsv'
[13.250s] INFO:colcon.colcon_core.shell:Creating environment hook '/home/wjs/cart_ros2/install/share/stella_ahrs/hook/cmake_prefix_path.sh'
[13.261s] Level 1:colcon.colcon_core.environment:checking '/home/wjs/cart_ros2/install/lib'
[13.262s] Level 1:colcon.colcon_core.shell:create_environment_hook('stella_ahrs', 'ld_library_path_lib')
[13.263s] INFO:colcon.colcon_core.shell:Creating environment hook '/home/wjs/cart_ros2/install/share/stella_ahrs/hook/ld_library_path_lib.ps1'
[13.266s] INFO:colcon.colcon_core.shell:Creating environment descriptor '/home/wjs/cart_ros2/install/share/stella_ahrs/hook/ld_library_path_lib.dsv'
[13.271s] INFO:colcon.colcon_core.shell:Creating environment hook '/home/wjs/cart_ros2/install/share/stella_ahrs/hook/ld_library_path_lib.sh'
[13.275s] Level 1:colcon.colcon_core.environment:checking '/home/wjs/cart_ros2/install/bin'
[13.275s] Level 1:colcon.colcon_core.environment:checking '/home/wjs/cart_ros2/install/lib/pkgconfig/stella_ahrs.pc'
[13.276s] Level 1:colcon.colcon_core.environment:checking '/home/wjs/cart_ros2/install/lib/python3.8/site-packages'
[13.276s] Level 1:colcon.colcon_core.shell:create_environment_hook('stella_ahrs', 'pythonpath')
[13.284s] INFO:colcon.colcon_core.shell:Creating environment hook '/home/wjs/cart_ros2/install/share/stella_ahrs/hook/pythonpath.ps1'
[13.287s] INFO:colcon.colcon_core.shell:Creating environment descriptor '/home/wjs/cart_ros2/install/share/stella_ahrs/hook/pythonpath.dsv'
[13.296s] INFO:colcon.colcon_core.shell:Creating environment hook '/home/wjs/cart_ros2/install/share/stella_ahrs/hook/pythonpath.sh'
[13.300s] Level 1:colcon.colcon_core.environment:checking '/home/wjs/cart_ros2/install/bin'
[13.302s] INFO:colcon.colcon_core.shell:Creating package script '/home/wjs/cart_ros2/install/share/stella_ahrs/package.ps1'
[13.305s] INFO:colcon.colcon_core.shell:Creating package descriptor '/home/wjs/cart_ros2/install/share/stella_ahrs/package.dsv'
[13.308s] INFO:colcon.colcon_core.shell:Creating package script '/home/wjs/cart_ros2/install/share/stella_ahrs/package.sh'
[13.312s] INFO:colcon.colcon_core.shell:Creating package script '/home/wjs/cart_ros2/install/share/stella_ahrs/package.bash'
[13.315s] INFO:colcon.colcon_core.shell:Creating package script '/home/wjs/cart_ros2/install/share/stella_ahrs/package.zsh'
[13.317s] Level 1:colcon.colcon_core.environment:create_file_with_runtime_dependencies(/home/wjs/cart_ros2/install/share/colcon-core/packages/stella_ahrs)
[13.322s] Level 1:colcon.colcon_core.environment:create_environment_scripts_only(stella_ahrs)
[13.323s] Level 1:colcon.colcon_core.environment:checking '/home/wjs/cart_ros2/install' for CMake module files
[13.327s] Level 1:colcon.colcon_core.environment:checking '/home/wjs/cart_ros2/install' for CMake config files
[13.332s] Level 1:colcon.colcon_core.shell:create_environment_hook('stella_ahrs', 'cmake_prefix_path')
[13.334s] INFO:colcon.colcon_core.shell:Creating environment hook '/home/wjs/cart_ros2/install/share/stella_ahrs/hook/cmake_prefix_path.ps1'
[13.336s] INFO:colcon.colcon_core.shell:Creating environment descriptor '/home/wjs/cart_ros2/install/share/stella_ahrs/hook/cmake_prefix_path.dsv'
[13.338s] INFO:colcon.colcon_core.shell:Creating environment hook '/home/wjs/cart_ros2/install/share/stella_ahrs/hook/cmake_prefix_path.sh'
[13.342s] Level 1:colcon.colcon_core.environment:checking '/home/wjs/cart_ros2/install/lib'
[13.342s] Level 1:colcon.colcon_core.shell:create_environment_hook('stella_ahrs', 'ld_library_path_lib')
[13.343s] INFO:colcon.colcon_core.shell:Creating environment hook '/home/wjs/cart_ros2/install/share/stella_ahrs/hook/ld_library_path_lib.ps1'
[13.347s] INFO:colcon.colcon_core.shell:Creating environment descriptor '/home/wjs/cart_ros2/install/share/stella_ahrs/hook/ld_library_path_lib.dsv'
[13.350s] INFO:colcon.colcon_core.shell:Creating environment hook '/home/wjs/cart_ros2/install/share/stella_ahrs/hook/ld_library_path_lib.sh'
[13.352s] Level 1:colcon.colcon_core.environment:checking '/home/wjs/cart_ros2/install/bin'
[13.353s] Level 1:colcon.colcon_core.environment:checking '/home/wjs/cart_ros2/install/lib/pkgconfig/stella_ahrs.pc'
[13.353s] Level 1:colcon.colcon_core.environment:checking '/home/wjs/cart_ros2/install/lib/python3.8/site-packages'
[13.354s] Level 1:colcon.colcon_core.shell:create_environment_hook('stella_ahrs', 'pythonpath')
[13.355s] INFO:colcon.colcon_core.shell:Creating environment hook '/home/wjs/cart_ros2/install/share/stella_ahrs/hook/pythonpath.ps1'
[13.357s] INFO:colcon.colcon_core.shell:Creating environment descriptor '/home/wjs/cart_ros2/install/share/stella_ahrs/hook/pythonpath.dsv'
[13.358s] INFO:colcon.colcon_core.shell:Creating environment hook '/home/wjs/cart_ros2/install/share/stella_ahrs/hook/pythonpath.sh'
[13.361s] Level 1:colcon.colcon_core.environment:checking '/home/wjs/cart_ros2/install/bin'
[13.363s] INFO:colcon.colcon_core.shell:Creating package script '/home/wjs/cart_ros2/install/share/stella_ahrs/package.ps1'
[13.366s] INFO:colcon.colcon_core.shell:Creating package descriptor '/home/wjs/cart_ros2/install/share/stella_ahrs/package.dsv'
[13.369s] INFO:colcon.colcon_core.shell:Creating package script '/home/wjs/cart_ros2/install/share/stella_ahrs/package.sh'
[13.371s] INFO:colcon.colcon_core.shell:Creating package script '/home/wjs/cart_ros2/install/share/stella_ahrs/package.bash'
[13.373s] INFO:colcon.colcon_core.shell:Creating package script '/home/wjs/cart_ros2/install/share/stella_ahrs/package.zsh'
[13.377s] Level 1:colcon.colcon_core.environment:create_file_with_runtime_dependencies(/home/wjs/cart_ros2/install/share/colcon-core/packages/stella_ahrs)
[13.397s] Level 1:colcon.colcon_core.shell:create_environment_hook('differential_drive', 'pythonpath_develop')
[13.399s] INFO:colcon.colcon_core.shell:Creating environment hook '/home/wjs/cart_ros2/build/differential_drive/src/share/differential_drive/hook/pythonpath_develop.ps1'
[13.400s] DEBUG:colcon.colcon_core.event_handler.log_command:Invoked command in '/home/wjs/cart_ros2/build/differential_drive' returned '0': PYTHONPATH=/home/wjs/cart_ros2/build/differential_drive/prefix_override:/usr/lib/python3/dist-packages/colcon_core/task/python/colcon_distutils_commands:/home/wjs/cart_ros2/install/lib/python3.8/site-packages:${PYTHONPATH} /usr/bin/python3 -W ignore:setup.py install is deprecated -W ignore:easy_install command is deprecated setup.py develop --editable --build-directory /home/wjs/cart_ros2/build/differential_drive/build --no-deps symlink_data
[13.403s] INFO:colcon.colcon_core.shell:Creating environment descriptor '/home/wjs/cart_ros2/build/differential_drive/src/share/differential_drive/hook/pythonpath_develop.dsv'
[13.410s] INFO:colcon.colcon_core.shell:Creating environment hook '/home/wjs/cart_ros2/build/differential_drive/src/share/differential_drive/hook/pythonpath_develop.sh'
[13.414s] Level 1:colcon.colcon_core.environment:checking '/home/wjs/cart_ros2/install' for CMake module files
[13.417s] Level 1:colcon.colcon_core.environment:checking '/home/wjs/cart_ros2/install' for CMake config files
[13.422s] Level 1:colcon.colcon_core.shell:create_environment_hook('differential_drive', 'cmake_prefix_path')
[13.423s] INFO:colcon.colcon_core.shell:Creating environment hook '/home/wjs/cart_ros2/install/share/differential_drive/hook/cmake_prefix_path.ps1'
[13.425s] INFO:colcon.colcon_core.shell:Creating environment descriptor '/home/wjs/cart_ros2/install/share/differential_drive/hook/cmake_prefix_path.dsv'
[13.427s] INFO:colcon.colcon_core.shell:Creating environment hook '/home/wjs/cart_ros2/install/share/differential_drive/hook/cmake_prefix_path.sh'
[13.429s] Level 1:colcon.colcon_core.environment:checking '/home/wjs/cart_ros2/install/lib'
[13.429s] Level 1:colcon.colcon_core.shell:create_environment_hook('differential_drive', 'ld_library_path_lib')
[13.430s] INFO:colcon.colcon_core.shell:Creating environment hook '/home/wjs/cart_ros2/install/share/differential_drive/hook/ld_library_path_lib.ps1'
[13.432s] INFO:colcon.colcon_core.shell:Creating environment descriptor '/home/wjs/cart_ros2/install/share/differential_drive/hook/ld_library_path_lib.dsv'
[13.433s] INFO:colcon.colcon_core.shell:Creating environment hook '/home/wjs/cart_ros2/install/share/differential_drive/hook/ld_library_path_lib.sh'
[13.434s] Level 1:colcon.colcon_core.environment:checking '/home/wjs/cart_ros2/install/bin'
[13.435s] Level 1:colcon.colcon_core.environment:checking '/home/wjs/cart_ros2/install/lib/pkgconfig/differential_drive.pc'
[13.435s] Level 1:colcon.colcon_core.environment:checking '/home/wjs/cart_ros2/install/lib/python3.8/site-packages'
[13.435s] Level 1:colcon.colcon_core.shell:create_environment_hook('differential_drive', 'pythonpath')
[13.436s] INFO:colcon.colcon_core.shell:Creating environment hook '/home/wjs/cart_ros2/install/share/differential_drive/hook/pythonpath.ps1'
[13.438s] INFO:colcon.colcon_core.shell:Creating environment descriptor '/home/wjs/cart_ros2/install/share/differential_drive/hook/pythonpath.dsv'
[13.439s] INFO:colcon.colcon_core.shell:Creating environment hook '/home/wjs/cart_ros2/install/share/differential_drive/hook/pythonpath.sh'
[13.441s] Level 1:colcon.colcon_core.environment:checking '/home/wjs/cart_ros2/install/bin'
[13.441s] Level 1:colcon.colcon_core.environment:create_environment_scripts_only(differential_drive)
[13.443s] INFO:colcon.colcon_core.shell:Creating package script '/home/wjs/cart_ros2/install/share/differential_drive/package.ps1'
[13.446s] INFO:colcon.colcon_core.shell:Creating package descriptor '/home/wjs/cart_ros2/install/share/differential_drive/package.dsv'
[13.451s] INFO:colcon.colcon_core.shell:Creating package script '/home/wjs/cart_ros2/install/share/differential_drive/package.sh'
[13.453s] INFO:colcon.colcon_core.shell:Creating package script '/home/wjs/cart_ros2/install/share/differential_drive/package.bash'
[13.455s] INFO:colcon.colcon_core.shell:Creating package script '/home/wjs/cart_ros2/install/share/differential_drive/package.zsh'
[13.456s] Level 1:colcon.colcon_core.environment:create_file_with_runtime_dependencies(/home/wjs/cart_ros2/install/share/colcon-core/packages/differential_drive)
[48.341s] DEBUG:colcon.colcon_core.event_handler.log_command:Invoked command in '/home/wjs/cart_ros2/build/roboteq_controller' returned '0': CMAKE_PREFIX_PATH=${CMAKE_PREFIX_PATH}:/opt/ros/galactic LD_LIBRARY_PATH=/home/wjs/cart_ros2/install/lib:/opt/opencv-4.5.5-cuda/lib:/home/wjs/tb3_tpl_ws/install/lib:/opt/ros/galactic/opt/yaml_cpp_vendor/lib:/opt/ros/galactic/opt/rviz_ogre_vendor/lib:/opt/ros/galactic/lib/aarch64-linux-gnu:/opt/ros/galactic/lib:/usr/local/cuda-11.4/lib64 PYTHONPATH=/home/wjs/cart_ros2/install/lib/python3.8/site-packages:/opt/opencv-4.5.5-cuda/lib/python3.8/site-packages:/home/wjs/cart_ros2/build/differential_drive/src:/home/wjs/cart_ros2/build/arduino_ros2:/home/wjs/cart_ros2/build/agv_body:/home/wjs/tb3_tpl_ws/build/turtlebot3_teleop:/home/wjs/tb3_tpl_ws/install/lib/python3.8/site-packages:/opt/ros/galactic/lib/python3.8/site-packages /usr/bin/cmake --build /home/wjs/cart_ros2/build/roboteq_controller -- -j4 -l4
[48.363s] DEBUG:colcon.colcon_core.event_handler.log_command:Invoking command in '/home/wjs/cart_ros2/build/roboteq_controller': CMAKE_PREFIX_PATH=${CMAKE_PREFIX_PATH}:/opt/ros/galactic LD_LIBRARY_PATH=/home/wjs/cart_ros2/install/lib:/opt/opencv-4.5.5-cuda/lib:/home/wjs/tb3_tpl_ws/install/lib:/opt/ros/galactic/opt/yaml_cpp_vendor/lib:/opt/ros/galactic/opt/rviz_ogre_vendor/lib:/opt/ros/galactic/lib/aarch64-linux-gnu:/opt/ros/galactic/lib:/usr/local/cuda-11.4/lib64 PYTHONPATH=/home/wjs/cart_ros2/install/lib/python3.8/site-packages:/opt/opencv-4.5.5-cuda/lib/python3.8/site-packages:/home/wjs/cart_ros2/build/differential_drive/src:/home/wjs/cart_ros2/build/arduino_ros2:/home/wjs/cart_ros2/build/agv_body:/home/wjs/tb3_tpl_ws/build/turtlebot3_teleop:/home/wjs/tb3_tpl_ws/install/lib/python3.8/site-packages:/opt/ros/galactic/lib/python3.8/site-packages /usr/bin/cmake --install /home/wjs/cart_ros2/build/roboteq_controller
[48.486s] Level 1:colcon.colcon_core.environment:create_environment_scripts_only(roboteq_controller)
[48.489s] Level 1:colcon.colcon_core.environment:checking '/home/wjs/cart_ros2/install' for CMake module files
[48.491s] DEBUG:colcon.colcon_core.event_handler.log_command:Invoked command in '/home/wjs/cart_ros2/build/roboteq_controller' returned '0': CMAKE_PREFIX_PATH=${CMAKE_PREFIX_PATH}:/opt/ros/galactic LD_LIBRARY_PATH=/home/wjs/cart_ros2/install/lib:/opt/opencv-4.5.5-cuda/lib:/home/wjs/tb3_tpl_ws/install/lib:/opt/ros/galactic/opt/yaml_cpp_vendor/lib:/opt/ros/galactic/opt/rviz_ogre_vendor/lib:/opt/ros/galactic/lib/aarch64-linux-gnu:/opt/ros/galactic/lib:/usr/local/cuda-11.4/lib64 PYTHONPATH=/home/wjs/cart_ros2/install/lib/python3.8/site-packages:/opt/opencv-4.5.5-cuda/lib/python3.8/site-packages:/home/wjs/cart_ros2/build/differential_drive/src:/home/wjs/cart_ros2/build/arduino_ros2:/home/wjs/cart_ros2/build/agv_body:/home/wjs/tb3_tpl_ws/build/turtlebot3_teleop:/home/wjs/tb3_tpl_ws/install/lib/python3.8/site-packages:/opt/ros/galactic/lib/python3.8/site-packages /usr/bin/cmake --install /home/wjs/cart_ros2/build/roboteq_controller
[48.493s] Level 1:colcon.colcon_core.environment:checking '/home/wjs/cart_ros2/install' for CMake config files
[48.500s] Level 1:colcon.colcon_core.shell:create_environment_hook('roboteq_controller', 'cmake_prefix_path')
[48.502s] INFO:colcon.colcon_core.shell:Creating environment hook '/home/wjs/cart_ros2/install/share/roboteq_controller/hook/cmake_prefix_path.ps1'
[48.505s] INFO:colcon.colcon_core.shell:Creating environment descriptor '/home/wjs/cart_ros2/install/share/roboteq_controller/hook/cmake_prefix_path.dsv'
[48.508s] INFO:colcon.colcon_core.shell:Creating environment hook '/home/wjs/cart_ros2/install/share/roboteq_controller/hook/cmake_prefix_path.sh'
[48.512s] Level 1:colcon.colcon_core.environment:checking '/home/wjs/cart_ros2/install/lib'
[48.513s] Level 1:colcon.colcon_core.shell:create_environment_hook('roboteq_controller', 'ld_library_path_lib')
[48.514s] INFO:colcon.colcon_core.shell:Creating environment hook '/home/wjs/cart_ros2/install/share/roboteq_controller/hook/ld_library_path_lib.ps1'
[48.516s] INFO:colcon.colcon_core.shell:Creating environment descriptor '/home/wjs/cart_ros2/install/share/roboteq_controller/hook/ld_library_path_lib.dsv'
[48.518s] INFO:colcon.colcon_core.shell:Creating environment hook '/home/wjs/cart_ros2/install/share/roboteq_controller/hook/ld_library_path_lib.sh'
[48.520s] Level 1:colcon.colcon_core.environment:checking '/home/wjs/cart_ros2/install/bin'
[48.520s] Level 1:colcon.colcon_core.environment:checking '/home/wjs/cart_ros2/install/lib/pkgconfig/roboteq_controller.pc'
[48.521s] Level 1:colcon.colcon_core.environment:checking '/home/wjs/cart_ros2/install/lib/python3.8/site-packages'
[48.521s] Level 1:colcon.colcon_core.shell:create_environment_hook('roboteq_controller', 'pythonpath')
[48.522s] INFO:colcon.colcon_core.shell:Creating environment hook '/home/wjs/cart_ros2/install/share/roboteq_controller/hook/pythonpath.ps1'
[48.524s] INFO:colcon.colcon_core.shell:Creating environment descriptor '/home/wjs/cart_ros2/install/share/roboteq_controller/hook/pythonpath.dsv'
[48.525s] INFO:colcon.colcon_core.shell:Creating environment hook '/home/wjs/cart_ros2/install/share/roboteq_controller/hook/pythonpath.sh'
[48.528s] Level 1:colcon.colcon_core.environment:checking '/home/wjs/cart_ros2/install/bin'
[48.529s] INFO:colcon.colcon_core.shell:Creating package script '/home/wjs/cart_ros2/install/share/roboteq_controller/package.ps1'
[48.532s] INFO:colcon.colcon_core.shell:Creating package descriptor '/home/wjs/cart_ros2/install/share/roboteq_controller/package.dsv'
[48.534s] INFO:colcon.colcon_core.shell:Creating package script '/home/wjs/cart_ros2/install/share/roboteq_controller/package.sh'
[48.536s] INFO:colcon.colcon_core.shell:Creating package script '/home/wjs/cart_ros2/install/share/roboteq_controller/package.bash'
[48.537s] INFO:colcon.colcon_core.shell:Creating package script '/home/wjs/cart_ros2/install/share/roboteq_controller/package.zsh'
[48.539s] Level 1:colcon.colcon_core.environment:create_file_with_runtime_dependencies(/home/wjs/cart_ros2/install/share/colcon-core/packages/roboteq_controller)
[48.541s] Level 1:colcon.colcon_core.environment:create_environment_scripts_only(roboteq_controller)
[48.542s] Level 1:colcon.colcon_core.environment:checking '/home/wjs/cart_ros2/install' for CMake module files
[48.544s] Level 1:colcon.colcon_core.environment:checking '/home/wjs/cart_ros2/install' for CMake config files
[48.550s] Level 1:colcon.colcon_core.shell:create_environment_hook('roboteq_controller', 'cmake_prefix_path')
[48.551s] INFO:colcon.colcon_core.shell:Creating environment hook '/home/wjs/cart_ros2/install/share/roboteq_controller/hook/cmake_prefix_path.ps1'
[48.553s] INFO:colcon.colcon_core.shell:Creating environment descriptor '/home/wjs/cart_ros2/install/share/roboteq_controller/hook/cmake_prefix_path.dsv'
[48.556s] INFO:colcon.colcon_core.shell:Creating environment hook '/home/wjs/cart_ros2/install/share/roboteq_controller/hook/cmake_prefix_path.sh'
[48.558s] Level 1:colcon.colcon_core.environment:checking '/home/wjs/cart_ros2/install/lib'
[48.559s] Level 1:colcon.colcon_core.shell:create_environment_hook('roboteq_controller', 'ld_library_path_lib')
[48.559s] INFO:colcon.colcon_core.shell:Creating environment hook '/home/wjs/cart_ros2/install/share/roboteq_controller/hook/ld_library_path_lib.ps1'
[48.561s] INFO:colcon.colcon_core.shell:Creating environment descriptor '/home/wjs/cart_ros2/install/share/roboteq_controller/hook/ld_library_path_lib.dsv'
[48.563s] INFO:colcon.colcon_core.shell:Creating environment hook '/home/wjs/cart_ros2/install/share/roboteq_controller/hook/ld_library_path_lib.sh'
[48.564s] Level 1:colcon.colcon_core.environment:checking '/home/wjs/cart_ros2/install/bin'
[48.564s] Level 1:colcon.colcon_core.environment:checking '/home/wjs/cart_ros2/install/lib/pkgconfig/roboteq_controller.pc'
[48.565s] Level 1:colcon.colcon_core.environment:checking '/home/wjs/cart_ros2/install/lib/python3.8/site-packages'
[48.565s] Level 1:colcon.colcon_core.shell:create_environment_hook('roboteq_controller', 'pythonpath')
[48.566s] INFO:colcon.colcon_core.shell:Creating environment hook '/home/wjs/cart_ros2/install/share/roboteq_controller/hook/pythonpath.ps1'
[48.567s] INFO:colcon.colcon_core.shell:Creating environment descriptor '/home/wjs/cart_ros2/install/share/roboteq_controller/hook/pythonpath.dsv'
[48.569s] INFO:colcon.colcon_core.shell:Creating environment hook '/home/wjs/cart_ros2/install/share/roboteq_controller/hook/pythonpath.sh'
[48.571s] Level 1:colcon.colcon_core.environment:checking '/home/wjs/cart_ros2/install/bin'
[48.573s] INFO:colcon.colcon_core.shell:Creating package script '/home/wjs/cart_ros2/install/share/roboteq_controller/package.ps1'
[48.576s] INFO:colcon.colcon_core.shell:Creating package descriptor '/home/wjs/cart_ros2/install/share/roboteq_controller/package.dsv'
[48.579s] INFO:colcon.colcon_core.shell:Creating package script '/home/wjs/cart_ros2/install/share/roboteq_controller/package.sh'
[48.581s] INFO:colcon.colcon_core.shell:Creating package script '/home/wjs/cart_ros2/install/share/roboteq_controller/package.bash'
[48.583s] INFO:colcon.colcon_core.shell:Creating package script '/home/wjs/cart_ros2/install/share/roboteq_controller/package.zsh'
[48.585s] Level 1:colcon.colcon_core.environment:create_file_with_runtime_dependencies(/home/wjs/cart_ros2/install/share/colcon-core/packages/roboteq_controller)
[48.586s] DEBUG:colcon.colcon_parallel_executor.executor.parallel:closing loop
[48.588s] DEBUG:colcon.colcon_parallel_executor.executor.parallel:loop closed
[48.589s] DEBUG:colcon.colcon_parallel_executor.executor.parallel:run_until_complete finished with '0'
[48.589s] DEBUG:colcon.colcon_core.event_reactor:joining thread
[48.623s] INFO:colcon.colcon_core.plugin_system:Skipping extension 'colcon_notification.desktop_notification.terminal_notifier': Not used on non-Darwin systems
[48.623s] INFO:colcon.colcon_core.plugin_system:Skipping extension 'colcon_notification.desktop_notification.win32': Not used on non-Windows systems
[48.623s] INFO:colcon.colcon_notification.desktop_notification:Sending desktop notification using 'notify2'
[48.700s] DEBUG:colcon.colcon_core.event_reactor:joined thread
[48.702s] INFO:colcon.colcon_core.shell:Creating prefix script '/home/wjs/cart_ros2/install/local_setup.ps1'
[48.707s] INFO:colcon.colcon_core.shell:Creating prefix util module '/home/wjs/cart_ros2/install/_local_setup_util_ps1.py'
[48.713s] INFO:colcon.colcon_core.shell:Creating prefix chain script '/home/wjs/cart_ros2/install/setup.ps1'
[48.719s] INFO:colcon.colcon_core.shell:Creating prefix script '/home/wjs/cart_ros2/install/local_setup.sh'
[48.723s] INFO:colcon.colcon_core.shell:Creating prefix util module '/home/wjs/cart_ros2/install/_local_setup_util_sh.py'
[48.726s] INFO:colcon.colcon_core.shell:Creating prefix chain script '/home/wjs/cart_ros2/install/setup.sh'
[48.732s] INFO:colcon.colcon_core.shell:Creating prefix script '/home/wjs/cart_ros2/install/local_setup.bash'
[48.735s] INFO:colcon.colcon_core.shell:Creating prefix chain script '/home/wjs/cart_ros2/install/setup.bash'
[48.741s] INFO:colcon.colcon_core.shell:Creating prefix script '/home/wjs/cart_ros2/install/local_setup.zsh'
[48.746s] INFO:colcon.colcon_core.shell:Creating prefix chain script '/home/wjs/cart_ros2/install/setup.zsh'
