[0.859s] DEBUG:colcon:Command line arguments: ['/usr/bin/colcon', 'build', '--symlink-install', '--merge-install']
[0.860s] DEBUG:colcon:Parsed command line arguments: Namespace(allow_overriding=[], ament_cmake_args=None, base_paths=['.'], build_base='build', catkin_cmake_args=None, catkin_skip_building_tests=False, cmake_args=None, cmake_clean_cache=False, cmake_clean_first=False, cmake_force_configure=False, cmake_target=None, cmake_target_skip_unavailable=False, continue_on_error=False, event_handlers=None, executor='parallel', ignore_user_meta=False, install_base='install', log_base=None, log_level=None, main=<bound method BuildVerb.main of <colcon_core.verb.build.BuildVerb object at 0xffffbc6415e0>>, merge_install=True, metas=['./colcon.meta'], mixin=None, mixin_files=None, mixin_verb=('build',), packages_above=None, packages_above_and_dependencies=None, packages_above_depth=None, packages_end=None, packages_ignore=None, packages_ignore_regex=None, packages_select=None, packages_select_build_failed=False, packages_select_by_dep=None, packages_select_regex=None, packages_select_test_failures=False, packages_skip=None, packages_skip_build_finished=False, packages_skip_by_dep=None, packages_skip_regex=None, packages_skip_test_passed=False, packages_skip_up_to=None, packages_start=None, packages_up_to=None, packages_up_to_regex=None, parallel_workers=4, paths=None, symlink_install=True, test_result_base=None, verb_extension=<colcon_core.verb.build.BuildVerb object at 0xffffbc6415e0>, verb_name='build', verb_parser=<colcon_mixin.mixin.mixin_argument.MixinArgumentDecorator object at 0xffffbc641df0>)
[1.524s] Level 1:colcon.colcon_core.package_discovery:discover_packages(colcon_meta) check parameters
[1.524s] Level 1:colcon.colcon_core.package_discovery:discover_packages(recursive) check parameters
[1.524s] Level 1:colcon.colcon_core.package_discovery:discover_packages(ignore) check parameters
[1.524s] Level 1:colcon.colcon_core.package_discovery:discover_packages(path) check parameters
[1.525s] Level 1:colcon.colcon_core.package_discovery:discover_packages(colcon_meta) discover
[1.525s] Level 1:colcon.colcon_core.package_discovery:discover_packages(recursive) discover
[1.525s] INFO:colcon.colcon_core.package_discovery:Crawling recursively for packages in '/home/wjs/cart_ros2'
[1.526s] Level 1:colcon.colcon_core.package_identification:_identify(.) by extensions ['ignore', 'ignore_ament_install']
[1.527s] Level 1:colcon.colcon_core.package_identification:_identify(.) by extension 'ignore'
[1.527s] Level 1:colcon.colcon_core.package_identification:_identify(.) by extension 'ignore_ament_install'
[1.527s] Level 1:colcon.colcon_core.package_identification:_identify(.) by extensions ['colcon_pkg']
[1.527s] Level 1:colcon.colcon_core.package_identification:_identify(.) by extension 'colcon_pkg'
[1.528s] Level 1:colcon.colcon_core.package_identification:_identify(.) by extensions ['colcon_meta']
[1.528s] Level 1:colcon.colcon_core.package_identification:_identify(.) by extension 'colcon_meta'
[1.528s] Level 1:colcon.colcon_core.package_identification:_identify(.) by extensions ['ros']
[1.528s] Level 1:colcon.colcon_core.package_identification:_identify(.) by extension 'ros'
[1.567s] Level 1:colcon.colcon_core.package_identification:_identify(.) by extensions ['cmake', 'python']
[1.567s] Level 1:colcon.colcon_core.package_identification:_identify(.) by extension 'cmake'
[1.567s] Level 1:colcon.colcon_core.package_identification:_identify(.) by extension 'python'
[1.568s] Level 1:colcon.colcon_core.package_identification:_identify(.) by extensions ['python_setup_py']
[1.568s] Level 1:colcon.colcon_core.package_identification:_identify(.) by extension 'python_setup_py'
[1.568s] Level 1:colcon.colcon_core.package_identification:_identify(build) by extensions ['ignore', 'ignore_ament_install']
[1.569s] Level 1:colcon.colcon_core.package_identification:_identify(build) by extension 'ignore'
[1.569s] Level 1:colcon.colcon_core.package_identification:_identify(build) ignored
[1.569s] Level 1:colcon.colcon_core.package_identification:_identify(install) by extensions ['ignore', 'ignore_ament_install']
[1.570s] Level 1:colcon.colcon_core.package_identification:_identify(install) by extension 'ignore'
[1.570s] Level 1:colcon.colcon_core.package_identification:_identify(install) ignored
[1.570s] Level 1:colcon.colcon_core.package_identification:_identify(log) by extensions ['ignore', 'ignore_ament_install']
[1.571s] Level 1:colcon.colcon_core.package_identification:_identify(log) by extension 'ignore'
[1.571s] Level 1:colcon.colcon_core.package_identification:_identify(log) ignored
[1.571s] Level 1:colcon.colcon_core.package_identification:_identify(src) by extensions ['ignore', 'ignore_ament_install']
[1.571s] Level 1:colcon.colcon_core.package_identification:_identify(src) by extension 'ignore'
[1.571s] Level 1:colcon.colcon_core.package_identification:_identify(src) by extension 'ignore_ament_install'
[1.572s] Level 1:colcon.colcon_core.package_identification:_identify(src) by extensions ['colcon_pkg']
[1.572s] Level 1:colcon.colcon_core.package_identification:_identify(src) by extension 'colcon_pkg'
[1.572s] Level 1:colcon.colcon_core.package_identification:_identify(src) by extensions ['colcon_meta']
[1.572s] Level 1:colcon.colcon_core.package_identification:_identify(src) by extension 'colcon_meta'
[1.572s] Level 1:colcon.colcon_core.package_identification:_identify(src) by extensions ['ros']
[1.572s] Level 1:colcon.colcon_core.package_identification:_identify(src) by extension 'ros'
[1.573s] Level 1:colcon.colcon_core.package_identification:_identify(src) by extensions ['cmake', 'python']
[1.573s] Level 1:colcon.colcon_core.package_identification:_identify(src) by extension 'cmake'
[1.573s] Level 1:colcon.colcon_core.package_identification:_identify(src) by extension 'python'
[1.573s] Level 1:colcon.colcon_core.package_identification:_identify(src) by extensions ['python_setup_py']
[1.573s] Level 1:colcon.colcon_core.package_identification:_identify(src) by extension 'python_setup_py'
[1.574s] Level 1:colcon.colcon_core.package_identification:_identify(src/2th_NtrexAHRS_lib_ROS) by extensions ['ignore', 'ignore_ament_install']
[1.574s] Level 1:colcon.colcon_core.package_identification:_identify(src/2th_NtrexAHRS_lib_ROS) by extension 'ignore'
[1.574s] Level 1:colcon.colcon_core.package_identification:_identify(src/2th_NtrexAHRS_lib_ROS) by extension 'ignore_ament_install'
[1.574s] Level 1:colcon.colcon_core.package_identification:_identify(src/2th_NtrexAHRS_lib_ROS) by extensions ['colcon_pkg']
[1.574s] Level 1:colcon.colcon_core.package_identification:_identify(src/2th_NtrexAHRS_lib_ROS) by extension 'colcon_pkg'
[1.574s] Level 1:colcon.colcon_core.package_identification:_identify(src/2th_NtrexAHRS_lib_ROS) by extensions ['colcon_meta']
[1.575s] Level 1:colcon.colcon_core.package_identification:_identify(src/2th_NtrexAHRS_lib_ROS) by extension 'colcon_meta'
[1.575s] Level 1:colcon.colcon_core.package_identification:_identify(src/2th_NtrexAHRS_lib_ROS) by extensions ['ros']
[1.575s] Level 1:colcon.colcon_core.package_identification:_identify(src/2th_NtrexAHRS_lib_ROS) by extension 'ros'
[1.575s] Level 1:colcon.colcon_core.package_identification:_identify(src/2th_NtrexAHRS_lib_ROS) by extensions ['cmake', 'python']
[1.575s] Level 1:colcon.colcon_core.package_identification:_identify(src/2th_NtrexAHRS_lib_ROS) by extension 'cmake'
[1.575s] Level 1:colcon.colcon_core.package_identification:_identify(src/2th_NtrexAHRS_lib_ROS) by extension 'python'
[1.576s] Level 1:colcon.colcon_core.package_identification:_identify(src/2th_NtrexAHRS_lib_ROS) by extensions ['python_setup_py']
[1.576s] Level 1:colcon.colcon_core.package_identification:_identify(src/2th_NtrexAHRS_lib_ROS) by extension 'python_setup_py'
[1.576s] Level 1:colcon.colcon_core.package_identification:_identify(src/2th_NtrexAHRS_lib_ROS/lib_aarch64) by extensions ['ignore', 'ignore_ament_install']
[1.576s] Level 1:colcon.colcon_core.package_identification:_identify(src/2th_NtrexAHRS_lib_ROS/lib_aarch64) by extension 'ignore'
[1.576s] Level 1:colcon.colcon_core.package_identification:_identify(src/2th_NtrexAHRS_lib_ROS/lib_aarch64) by extension 'ignore_ament_install'
[1.577s] Level 1:colcon.colcon_core.package_identification:_identify(src/2th_NtrexAHRS_lib_ROS/lib_aarch64) by extensions ['colcon_pkg']
[1.577s] Level 1:colcon.colcon_core.package_identification:_identify(src/2th_NtrexAHRS_lib_ROS/lib_aarch64) by extension 'colcon_pkg'
[1.577s] Level 1:colcon.colcon_core.package_identification:_identify(src/2th_NtrexAHRS_lib_ROS/lib_aarch64) by extensions ['colcon_meta']
[1.577s] Level 1:colcon.colcon_core.package_identification:_identify(src/2th_NtrexAHRS_lib_ROS/lib_aarch64) by extension 'colcon_meta'
[1.577s] Level 1:colcon.colcon_core.package_identification:_identify(src/2th_NtrexAHRS_lib_ROS/lib_aarch64) by extensions ['ros']
[1.577s] Level 1:colcon.colcon_core.package_identification:_identify(src/2th_NtrexAHRS_lib_ROS/lib_aarch64) by extension 'ros'
[1.578s] Level 1:colcon.colcon_core.package_identification:_identify(src/2th_NtrexAHRS_lib_ROS/lib_aarch64) by extensions ['cmake', 'python']
[1.578s] Level 1:colcon.colcon_core.package_identification:_identify(src/2th_NtrexAHRS_lib_ROS/lib_aarch64) by extension 'cmake'
[1.578s] Level 1:colcon.colcon_core.package_identification:_identify(src/2th_NtrexAHRS_lib_ROS/lib_aarch64) by extension 'python'
[1.578s] Level 1:colcon.colcon_core.package_identification:_identify(src/2th_NtrexAHRS_lib_ROS/lib_aarch64) by extensions ['python_setup_py']
[1.578s] Level 1:colcon.colcon_core.package_identification:_identify(src/2th_NtrexAHRS_lib_ROS/lib_aarch64) by extension 'python_setup_py'
[1.579s] Level 1:colcon.colcon_core.package_identification:_identify(src/2th_NtrexAHRS_lib_ROS/lib_amd64) by extensions ['ignore', 'ignore_ament_install']
[1.579s] Level 1:colcon.colcon_core.package_identification:_identify(src/2th_NtrexAHRS_lib_ROS/lib_amd64) by extension 'ignore'
[1.579s] Level 1:colcon.colcon_core.package_identification:_identify(src/2th_NtrexAHRS_lib_ROS/lib_amd64) by extension 'ignore_ament_install'
[1.579s] Level 1:colcon.colcon_core.package_identification:_identify(src/2th_NtrexAHRS_lib_ROS/lib_amd64) by extensions ['colcon_pkg']
[1.579s] Level 1:colcon.colcon_core.package_identification:_identify(src/2th_NtrexAHRS_lib_ROS/lib_amd64) by extension 'colcon_pkg'
[1.579s] Level 1:colcon.colcon_core.package_identification:_identify(src/2th_NtrexAHRS_lib_ROS/lib_amd64) by extensions ['colcon_meta']
[1.580s] Level 1:colcon.colcon_core.package_identification:_identify(src/2th_NtrexAHRS_lib_ROS/lib_amd64) by extension 'colcon_meta'
[1.580s] Level 1:colcon.colcon_core.package_identification:_identify(src/2th_NtrexAHRS_lib_ROS/lib_amd64) by extensions ['ros']
[1.580s] Level 1:colcon.colcon_core.package_identification:_identify(src/2th_NtrexAHRS_lib_ROS/lib_amd64) by extension 'ros'
[1.580s] Level 1:colcon.colcon_core.package_identification:_identify(src/2th_NtrexAHRS_lib_ROS/lib_amd64) by extensions ['cmake', 'python']
[1.580s] Level 1:colcon.colcon_core.package_identification:_identify(src/2th_NtrexAHRS_lib_ROS/lib_amd64) by extension 'cmake'
[1.580s] Level 1:colcon.colcon_core.package_identification:_identify(src/2th_NtrexAHRS_lib_ROS/lib_amd64) by extension 'python'
[1.580s] Level 1:colcon.colcon_core.package_identification:_identify(src/2th_NtrexAHRS_lib_ROS/lib_amd64) by extensions ['python_setup_py']
[1.581s] Level 1:colcon.colcon_core.package_identification:_identify(src/2th_NtrexAHRS_lib_ROS/lib_amd64) by extension 'python_setup_py'
[1.581s] Level 1:colcon.colcon_core.package_identification:_identify(src/2th_NtrexAHRS_lib_ROS/lib_arm64) by extensions ['ignore', 'ignore_ament_install']
[1.581s] Level 1:colcon.colcon_core.package_identification:_identify(src/2th_NtrexAHRS_lib_ROS/lib_arm64) by extension 'ignore'
[1.581s] Level 1:colcon.colcon_core.package_identification:_identify(src/2th_NtrexAHRS_lib_ROS/lib_arm64) by extension 'ignore_ament_install'
[1.582s] Level 1:colcon.colcon_core.package_identification:_identify(src/2th_NtrexAHRS_lib_ROS/lib_arm64) by extensions ['colcon_pkg']
[1.582s] Level 1:colcon.colcon_core.package_identification:_identify(src/2th_NtrexAHRS_lib_ROS/lib_arm64) by extension 'colcon_pkg'
[1.582s] Level 1:colcon.colcon_core.package_identification:_identify(src/2th_NtrexAHRS_lib_ROS/lib_arm64) by extensions ['colcon_meta']
[1.582s] Level 1:colcon.colcon_core.package_identification:_identify(src/2th_NtrexAHRS_lib_ROS/lib_arm64) by extension 'colcon_meta'
[1.582s] Level 1:colcon.colcon_core.package_identification:_identify(src/2th_NtrexAHRS_lib_ROS/lib_arm64) by extensions ['ros']
[1.582s] Level 1:colcon.colcon_core.package_identification:_identify(src/2th_NtrexAHRS_lib_ROS/lib_arm64) by extension 'ros'
[1.583s] Level 1:colcon.colcon_core.package_identification:_identify(src/2th_NtrexAHRS_lib_ROS/lib_arm64) by extensions ['cmake', 'python']
[1.583s] Level 1:colcon.colcon_core.package_identification:_identify(src/2th_NtrexAHRS_lib_ROS/lib_arm64) by extension 'cmake'
[1.583s] Level 1:colcon.colcon_core.package_identification:_identify(src/2th_NtrexAHRS_lib_ROS/lib_arm64) by extension 'python'
[1.583s] Level 1:colcon.colcon_core.package_identification:_identify(src/2th_NtrexAHRS_lib_ROS/lib_arm64) by extensions ['python_setup_py']
[1.583s] Level 1:colcon.colcon_core.package_identification:_identify(src/2th_NtrexAHRS_lib_ROS/lib_arm64) by extension 'python_setup_py'
[1.583s] Level 1:colcon.colcon_core.package_identification:_identify(src/2th_NtrexAHRS_lib_ROS/lib_armv7l) by extensions ['ignore', 'ignore_ament_install']
[1.584s] Level 1:colcon.colcon_core.package_identification:_identify(src/2th_NtrexAHRS_lib_ROS/lib_armv7l) by extension 'ignore'
[1.584s] Level 1:colcon.colcon_core.package_identification:_identify(src/2th_NtrexAHRS_lib_ROS/lib_armv7l) by extension 'ignore_ament_install'
[1.584s] Level 1:colcon.colcon_core.package_identification:_identify(src/2th_NtrexAHRS_lib_ROS/lib_armv7l) by extensions ['colcon_pkg']
[1.584s] Level 1:colcon.colcon_core.package_identification:_identify(src/2th_NtrexAHRS_lib_ROS/lib_armv7l) by extension 'colcon_pkg'
[1.584s] Level 1:colcon.colcon_core.package_identification:_identify(src/2th_NtrexAHRS_lib_ROS/lib_armv7l) by extensions ['colcon_meta']
[1.584s] Level 1:colcon.colcon_core.package_identification:_identify(src/2th_NtrexAHRS_lib_ROS/lib_armv7l) by extension 'colcon_meta'
[1.585s] Level 1:colcon.colcon_core.package_identification:_identify(src/2th_NtrexAHRS_lib_ROS/lib_armv7l) by extensions ['ros']
[1.585s] Level 1:colcon.colcon_core.package_identification:_identify(src/2th_NtrexAHRS_lib_ROS/lib_armv7l) by extension 'ros'
[1.585s] Level 1:colcon.colcon_core.package_identification:_identify(src/2th_NtrexAHRS_lib_ROS/lib_armv7l) by extensions ['cmake', 'python']
[1.585s] Level 1:colcon.colcon_core.package_identification:_identify(src/2th_NtrexAHRS_lib_ROS/lib_armv7l) by extension 'cmake'
[1.585s] Level 1:colcon.colcon_core.package_identification:_identify(src/2th_NtrexAHRS_lib_ROS/lib_armv7l) by extension 'python'
[1.585s] Level 1:colcon.colcon_core.package_identification:_identify(src/2th_NtrexAHRS_lib_ROS/lib_armv7l) by extensions ['python_setup_py']
[1.586s] Level 1:colcon.colcon_core.package_identification:_identify(src/2th_NtrexAHRS_lib_ROS/lib_armv7l) by extension 'python_setup_py'
[1.586s] Level 1:colcon.colcon_core.package_identification:_identify(src/2th_NtrexAHRS_lib_ROS/ros2_example) by extensions ['ignore', 'ignore_ament_install']
[1.586s] Level 1:colcon.colcon_core.package_identification:_identify(src/2th_NtrexAHRS_lib_ROS/ros2_example) by extension 'ignore'
[1.586s] Level 1:colcon.colcon_core.package_identification:_identify(src/2th_NtrexAHRS_lib_ROS/ros2_example) by extension 'ignore_ament_install'
[1.587s] Level 1:colcon.colcon_core.package_identification:_identify(src/2th_NtrexAHRS_lib_ROS/ros2_example) by extensions ['colcon_pkg']
[1.587s] Level 1:colcon.colcon_core.package_identification:_identify(src/2th_NtrexAHRS_lib_ROS/ros2_example) by extension 'colcon_pkg'
[1.587s] Level 1:colcon.colcon_core.package_identification:_identify(src/2th_NtrexAHRS_lib_ROS/ros2_example) by extensions ['colcon_meta']
[1.587s] Level 1:colcon.colcon_core.package_identification:_identify(src/2th_NtrexAHRS_lib_ROS/ros2_example) by extension 'colcon_meta'
[1.587s] Level 1:colcon.colcon_core.package_identification:_identify(src/2th_NtrexAHRS_lib_ROS/ros2_example) by extensions ['ros']
[1.587s] Level 1:colcon.colcon_core.package_identification:_identify(src/2th_NtrexAHRS_lib_ROS/ros2_example) by extension 'ros'
[1.588s] Level 1:colcon.colcon_core.package_identification:_identify(src/2th_NtrexAHRS_lib_ROS/ros2_example) by extensions ['cmake', 'python']
[1.588s] Level 1:colcon.colcon_core.package_identification:_identify(src/2th_NtrexAHRS_lib_ROS/ros2_example) by extension 'cmake'
[1.588s] Level 1:colcon.colcon_core.package_identification:_identify(src/2th_NtrexAHRS_lib_ROS/ros2_example) by extension 'python'
[1.588s] Level 1:colcon.colcon_core.package_identification:_identify(src/2th_NtrexAHRS_lib_ROS/ros2_example) by extensions ['python_setup_py']
[1.588s] Level 1:colcon.colcon_core.package_identification:_identify(src/2th_NtrexAHRS_lib_ROS/ros2_example) by extension 'python_setup_py'
[1.588s] Level 1:colcon.colcon_core.package_identification:_identify(src/2th_NtrexAHRS_lib_ROS/ros2_example/stella_ahrs) by extensions ['ignore', 'ignore_ament_install']
[1.589s] Level 1:colcon.colcon_core.package_identification:_identify(src/2th_NtrexAHRS_lib_ROS/ros2_example/stella_ahrs) by extension 'ignore'
[1.589s] Level 1:colcon.colcon_core.package_identification:_identify(src/2th_NtrexAHRS_lib_ROS/ros2_example/stella_ahrs) by extension 'ignore_ament_install'
[1.589s] Level 1:colcon.colcon_core.package_identification:_identify(src/2th_NtrexAHRS_lib_ROS/ros2_example/stella_ahrs) by extensions ['colcon_pkg']
[1.589s] Level 1:colcon.colcon_core.package_identification:_identify(src/2th_NtrexAHRS_lib_ROS/ros2_example/stella_ahrs) by extension 'colcon_pkg'
[1.589s] Level 1:colcon.colcon_core.package_identification:_identify(src/2th_NtrexAHRS_lib_ROS/ros2_example/stella_ahrs) by extensions ['colcon_meta']
[1.589s] Level 1:colcon.colcon_core.package_identification:_identify(src/2th_NtrexAHRS_lib_ROS/ros2_example/stella_ahrs) by extension 'colcon_meta'
[1.590s] Level 1:colcon.colcon_core.package_identification:_identify(src/2th_NtrexAHRS_lib_ROS/ros2_example/stella_ahrs) by extensions ['ros']
[1.590s] Level 1:colcon.colcon_core.package_identification:_identify(src/2th_NtrexAHRS_lib_ROS/ros2_example/stella_ahrs) by extension 'ros'
[1.600s] DEBUG:colcon.colcon_core.package_identification:Package 'src/2th_NtrexAHRS_lib_ROS/ros2_example/stella_ahrs' with type 'ros.ament_cmake' and name 'stella_ahrs'
[1.600s] Level 1:colcon.colcon_core.package_identification:_identify(src/agv_body) by extensions ['ignore', 'ignore_ament_install']
[1.601s] Level 1:colcon.colcon_core.package_identification:_identify(src/agv_body) by extension 'ignore'
[1.601s] Level 1:colcon.colcon_core.package_identification:_identify(src/agv_body) by extension 'ignore_ament_install'
[1.601s] Level 1:colcon.colcon_core.package_identification:_identify(src/agv_body) by extensions ['colcon_pkg']
[1.601s] Level 1:colcon.colcon_core.package_identification:_identify(src/agv_body) by extension 'colcon_pkg'
[1.601s] Level 1:colcon.colcon_core.package_identification:_identify(src/agv_body) by extensions ['colcon_meta']
[1.602s] Level 1:colcon.colcon_core.package_identification:_identify(src/agv_body) by extension 'colcon_meta'
[1.602s] Level 1:colcon.colcon_core.package_identification:_identify(src/agv_body) by extensions ['ros']
[1.602s] Level 1:colcon.colcon_core.package_identification:_identify(src/agv_body) by extension 'ros'
[1.604s] DEBUG:colcon.colcon_core.package_identification:Package 'src/agv_body' with type 'ros.ament_python' and name 'agv_body'
[1.604s] Level 1:colcon.colcon_core.package_identification:_identify(src/agv_mapping) by extensions ['ignore', 'ignore_ament_install']
[1.605s] Level 1:colcon.colcon_core.package_identification:_identify(src/agv_mapping) by extension 'ignore'
[1.605s] Level 1:colcon.colcon_core.package_identification:_identify(src/agv_mapping) by extension 'ignore_ament_install'
[1.605s] Level 1:colcon.colcon_core.package_identification:_identify(src/agv_mapping) by extensions ['colcon_pkg']
[1.605s] Level 1:colcon.colcon_core.package_identification:_identify(src/agv_mapping) by extension 'colcon_pkg'
[1.606s] Level 1:colcon.colcon_core.package_identification:_identify(src/agv_mapping) by extensions ['colcon_meta']
[1.606s] Level 1:colcon.colcon_core.package_identification:_identify(src/agv_mapping) by extension 'colcon_meta'
[1.606s] Level 1:colcon.colcon_core.package_identification:_identify(src/agv_mapping) by extensions ['ros']
[1.606s] Level 1:colcon.colcon_core.package_identification:_identify(src/agv_mapping) by extension 'ros'
[1.608s] DEBUG:colcon.colcon_core.package_identification:Package 'src/agv_mapping' with type 'ros.ament_cmake' and name 'agv_mapping'
[1.609s] Level 1:colcon.colcon_core.package_identification:_identify(src/arduino_ros2) by extensions ['ignore', 'ignore_ament_install']
[1.609s] Level 1:colcon.colcon_core.package_identification:_identify(src/arduino_ros2) by extension 'ignore'
[1.609s] Level 1:colcon.colcon_core.package_identification:_identify(src/arduino_ros2) by extension 'ignore_ament_install'
[1.610s] Level 1:colcon.colcon_core.package_identification:_identify(src/arduino_ros2) by extensions ['colcon_pkg']
[1.610s] Level 1:colcon.colcon_core.package_identification:_identify(src/arduino_ros2) by extension 'colcon_pkg'
[1.610s] Level 1:colcon.colcon_core.package_identification:_identify(src/arduino_ros2) by extensions ['colcon_meta']
[1.610s] Level 1:colcon.colcon_core.package_identification:_identify(src/arduino_ros2) by extension 'colcon_meta'
[1.610s] Level 1:colcon.colcon_core.package_identification:_identify(src/arduino_ros2) by extensions ['ros']
[1.610s] Level 1:colcon.colcon_core.package_identification:_identify(src/arduino_ros2) by extension 'ros'
[1.612s] DEBUG:colcon.colcon_core.package_identification:Package 'src/arduino_ros2' with type 'ros.ament_python' and name 'arduino_ros2'
[1.613s] Level 1:colcon.colcon_core.package_identification:_identify(src/ira_laser_tools) by extensions ['ignore', 'ignore_ament_install']
[1.613s] Level 1:colcon.colcon_core.package_identification:_identify(src/ira_laser_tools) by extension 'ignore'
[1.613s] Level 1:colcon.colcon_core.package_identification:_identify(src/ira_laser_tools) by extension 'ignore_ament_install'
[1.614s] Level 1:colcon.colcon_core.package_identification:_identify(src/ira_laser_tools) by extensions ['colcon_pkg']
[1.614s] Level 1:colcon.colcon_core.package_identification:_identify(src/ira_laser_tools) by extension 'colcon_pkg'
[1.614s] Level 1:colcon.colcon_core.package_identification:_identify(src/ira_laser_tools) by extensions ['colcon_meta']
[1.614s] Level 1:colcon.colcon_core.package_identification:_identify(src/ira_laser_tools) by extension 'colcon_meta'
[1.614s] Level 1:colcon.colcon_core.package_identification:_identify(src/ira_laser_tools) by extensions ['ros']
[1.614s] Level 1:colcon.colcon_core.package_identification:_identify(src/ira_laser_tools) by extension 'ros'
[1.625s] DEBUG:colcon.colcon_core.package_identification:Package 'src/ira_laser_tools' with type 'ros.ament_cmake' and name 'ira_laser_tools'
[1.626s] Level 1:colcon.colcon_core.package_identification:_identify(src/laser_filters) by extensions ['ignore', 'ignore_ament_install']
[1.627s] Level 1:colcon.colcon_core.package_identification:_identify(src/laser_filters) by extension 'ignore'
[1.628s] Level 1:colcon.colcon_core.package_identification:_identify(src/laser_filters) by extension 'ignore_ament_install'
[1.628s] Level 1:colcon.colcon_core.package_identification:_identify(src/laser_filters) by extensions ['colcon_pkg']
[1.628s] Level 1:colcon.colcon_core.package_identification:_identify(src/laser_filters) by extension 'colcon_pkg'
[1.628s] Level 1:colcon.colcon_core.package_identification:_identify(src/laser_filters) by extensions ['colcon_meta']
[1.628s] Level 1:colcon.colcon_core.package_identification:_identify(src/laser_filters) by extension 'colcon_meta'
[1.629s] Level 1:colcon.colcon_core.package_identification:_identify(src/laser_filters) by extensions ['ros']
[1.629s] Level 1:colcon.colcon_core.package_identification:_identify(src/laser_filters) by extension 'ros'
[1.634s] DEBUG:colcon.colcon_core.package_identification:Package 'src/laser_filters' with type 'ros.ament_cmake' and name 'laser_filters'
[1.635s] Level 1:colcon.colcon_core.package_identification:_identify(src/roboteq_controller_ros-galactic-devel) by extensions ['ignore', 'ignore_ament_install']
[1.635s] Level 1:colcon.colcon_core.package_identification:_identify(src/roboteq_controller_ros-galactic-devel) by extension 'ignore'
[1.635s] Level 1:colcon.colcon_core.package_identification:_identify(src/roboteq_controller_ros-galactic-devel) by extension 'ignore_ament_install'
[1.635s] Level 1:colcon.colcon_core.package_identification:_identify(src/roboteq_controller_ros-galactic-devel) by extensions ['colcon_pkg']
[1.635s] Level 1:colcon.colcon_core.package_identification:_identify(src/roboteq_controller_ros-galactic-devel) by extension 'colcon_pkg'
[1.636s] Level 1:colcon.colcon_core.package_identification:_identify(src/roboteq_controller_ros-galactic-devel) by extensions ['colcon_meta']
[1.636s] Level 1:colcon.colcon_core.package_identification:_identify(src/roboteq_controller_ros-galactic-devel) by extension 'colcon_meta'
[1.636s] Level 1:colcon.colcon_core.package_identification:_identify(src/roboteq_controller_ros-galactic-devel) by extensions ['ros']
[1.636s] Level 1:colcon.colcon_core.package_identification:_identify(src/roboteq_controller_ros-galactic-devel) by extension 'ros'
[1.636s] Level 1:colcon.colcon_core.package_identification:_identify(src/roboteq_controller_ros-galactic-devel) by extensions ['cmake', 'python']
[1.637s] Level 1:colcon.colcon_core.package_identification:_identify(src/roboteq_controller_ros-galactic-devel) by extension 'cmake'
[1.637s] Level 1:colcon.colcon_core.package_identification:_identify(src/roboteq_controller_ros-galactic-devel) by extension 'python'
[1.637s] Level 1:colcon.colcon_core.package_identification:_identify(src/roboteq_controller_ros-galactic-devel) by extensions ['python_setup_py']
[1.637s] Level 1:colcon.colcon_core.package_identification:_identify(src/roboteq_controller_ros-galactic-devel) by extension 'python_setup_py'
[1.637s] Level 1:colcon.colcon_core.package_identification:_identify(src/roboteq_controller_ros-galactic-devel/roboteq_controller) by extensions ['ignore', 'ignore_ament_install']
[1.638s] Level 1:colcon.colcon_core.package_identification:_identify(src/roboteq_controller_ros-galactic-devel/roboteq_controller) by extension 'ignore'
[1.638s] Level 1:colcon.colcon_core.package_identification:_identify(src/roboteq_controller_ros-galactic-devel/roboteq_controller) by extension 'ignore_ament_install'
[1.638s] Level 1:colcon.colcon_core.package_identification:_identify(src/roboteq_controller_ros-galactic-devel/roboteq_controller) by extensions ['colcon_pkg']
[1.638s] Level 1:colcon.colcon_core.package_identification:_identify(src/roboteq_controller_ros-galactic-devel/roboteq_controller) by extension 'colcon_pkg'
[1.639s] Level 1:colcon.colcon_core.package_identification:_identify(src/roboteq_controller_ros-galactic-devel/roboteq_controller) by extensions ['colcon_meta']
[1.639s] Level 1:colcon.colcon_core.package_identification:_identify(src/roboteq_controller_ros-galactic-devel/roboteq_controller) by extension 'colcon_meta'
[1.639s] Level 1:colcon.colcon_core.package_identification:_identify(src/roboteq_controller_ros-galactic-devel/roboteq_controller) by extensions ['ros']
[1.639s] Level 1:colcon.colcon_core.package_identification:_identify(src/roboteq_controller_ros-galactic-devel/roboteq_controller) by extension 'ros'
[1.642s] DEBUG:colcon.colcon_core.package_identification:Package 'src/roboteq_controller_ros-galactic-devel/roboteq_controller' with type 'ros.ament_cmake' and name 'roboteq_controller'
[1.643s] Level 1:colcon.colcon_core.package_identification:_identify(src/roboteq_controller_ros-galactic-devel/roboteq_interfaces) by extensions ['ignore', 'ignore_ament_install']
[1.643s] Level 1:colcon.colcon_core.package_identification:_identify(src/roboteq_controller_ros-galactic-devel/roboteq_interfaces) by extension 'ignore'
[1.643s] Level 1:colcon.colcon_core.package_identification:_identify(src/roboteq_controller_ros-galactic-devel/roboteq_interfaces) by extension 'ignore_ament_install'
[1.643s] Level 1:colcon.colcon_core.package_identification:_identify(src/roboteq_controller_ros-galactic-devel/roboteq_interfaces) by extensions ['colcon_pkg']
[1.644s] Level 1:colcon.colcon_core.package_identification:_identify(src/roboteq_controller_ros-galactic-devel/roboteq_interfaces) by extension 'colcon_pkg'
[1.644s] Level 1:colcon.colcon_core.package_identification:_identify(src/roboteq_controller_ros-galactic-devel/roboteq_interfaces) by extensions ['colcon_meta']
[1.644s] Level 1:colcon.colcon_core.package_identification:_identify(src/roboteq_controller_ros-galactic-devel/roboteq_interfaces) by extension 'colcon_meta'
[1.644s] Level 1:colcon.colcon_core.package_identification:_identify(src/roboteq_controller_ros-galactic-devel/roboteq_interfaces) by extensions ['ros']
[1.644s] Level 1:colcon.colcon_core.package_identification:_identify(src/roboteq_controller_ros-galactic-devel/roboteq_interfaces) by extension 'ros'
[1.646s] DEBUG:colcon.colcon_core.package_identification:Package 'src/roboteq_controller_ros-galactic-devel/roboteq_interfaces' with type 'ros.ament_cmake' and name 'roboteq_interfaces'
[1.647s] Level 1:colcon.colcon_core.package_identification:_identify(src/roboteq_controller_ros-galactic-devel/serial-ros2-master) by extensions ['ignore', 'ignore_ament_install']
[1.647s] Level 1:colcon.colcon_core.package_identification:_identify(src/roboteq_controller_ros-galactic-devel/serial-ros2-master) by extension 'ignore'
[1.647s] Level 1:colcon.colcon_core.package_identification:_identify(src/roboteq_controller_ros-galactic-devel/serial-ros2-master) by extension 'ignore_ament_install'
[1.647s] Level 1:colcon.colcon_core.package_identification:_identify(src/roboteq_controller_ros-galactic-devel/serial-ros2-master) by extensions ['colcon_pkg']
[1.648s] Level 1:colcon.colcon_core.package_identification:_identify(src/roboteq_controller_ros-galactic-devel/serial-ros2-master) by extension 'colcon_pkg'
[1.648s] Level 1:colcon.colcon_core.package_identification:_identify(src/roboteq_controller_ros-galactic-devel/serial-ros2-master) by extensions ['colcon_meta']
[1.648s] Level 1:colcon.colcon_core.package_identification:_identify(src/roboteq_controller_ros-galactic-devel/serial-ros2-master) by extension 'colcon_meta'
[1.648s] Level 1:colcon.colcon_core.package_identification:_identify(src/roboteq_controller_ros-galactic-devel/serial-ros2-master) by extensions ['ros']
[1.648s] Level 1:colcon.colcon_core.package_identification:_identify(src/roboteq_controller_ros-galactic-devel/serial-ros2-master) by extension 'ros'
[1.686s] DEBUG:colcon.colcon_core.package_identification:Package 'src/roboteq_controller_ros-galactic-devel/serial-ros2-master' with type 'ros.ament_cmake' and name 'serial'
[1.687s] Level 1:colcon.colcon_core.package_identification:_identify(src/ros2_differential_drive-ros2) by extensions ['ignore', 'ignore_ament_install']
[1.687s] Level 1:colcon.colcon_core.package_identification:_identify(src/ros2_differential_drive-ros2) by extension 'ignore'
[1.687s] Level 1:colcon.colcon_core.package_identification:_identify(src/ros2_differential_drive-ros2) by extension 'ignore_ament_install'
[1.688s] Level 1:colcon.colcon_core.package_identification:_identify(src/ros2_differential_drive-ros2) by extensions ['colcon_pkg']
[1.688s] Level 1:colcon.colcon_core.package_identification:_identify(src/ros2_differential_drive-ros2) by extension 'colcon_pkg'
[1.688s] Level 1:colcon.colcon_core.package_identification:_identify(src/ros2_differential_drive-ros2) by extensions ['colcon_meta']
[1.688s] Level 1:colcon.colcon_core.package_identification:_identify(src/ros2_differential_drive-ros2) by extension 'colcon_meta'
[1.688s] Level 1:colcon.colcon_core.package_identification:_identify(src/ros2_differential_drive-ros2) by extensions ['ros']
[1.688s] Level 1:colcon.colcon_core.package_identification:_identify(src/ros2_differential_drive-ros2) by extension 'ros'
[1.692s] DEBUG:colcon.colcon_core.package_identification:Package 'src/ros2_differential_drive-ros2' with type 'ros.ament_python' and name 'differential_drive'
[1.692s] Level 1:colcon.colcon_core.package_identification:_identify(src/sllidar_ros2) by extensions ['ignore', 'ignore_ament_install']
[1.693s] Level 1:colcon.colcon_core.package_identification:_identify(src/sllidar_ros2) by extension 'ignore'
[1.693s] Level 1:colcon.colcon_core.package_identification:_identify(src/sllidar_ros2) by extension 'ignore_ament_install'
[1.693s] Level 1:colcon.colcon_core.package_identification:_identify(src/sllidar_ros2) by extensions ['colcon_pkg']
[1.693s] Level 1:colcon.colcon_core.package_identification:_identify(src/sllidar_ros2) by extension 'colcon_pkg'
[1.693s] Level 1:colcon.colcon_core.package_identification:_identify(src/sllidar_ros2) by extensions ['colcon_meta']
[1.693s] Level 1:colcon.colcon_core.package_identification:_identify(src/sllidar_ros2) by extension 'colcon_meta'
[1.694s] Level 1:colcon.colcon_core.package_identification:_identify(src/sllidar_ros2) by extensions ['ros']
[1.694s] Level 1:colcon.colcon_core.package_identification:_identify(src/sllidar_ros2) by extension 'ros'
[1.696s] DEBUG:colcon.colcon_core.package_identification:Package 'src/sllidar_ros2' with type 'ros.ament_cmake' and name 'sllidar_ros2'
[1.696s] Level 1:colcon.colcon_core.package_discovery:discover_packages(recursive) using defaults
[1.696s] Level 1:colcon.colcon_core.package_discovery:discover_packages(ignore) discover
[1.696s] Level 1:colcon.colcon_core.package_discovery:discover_packages(ignore) using defaults
[1.697s] Level 1:colcon.colcon_core.package_discovery:discover_packages(path) discover
[1.697s] Level 1:colcon.colcon_core.package_discovery:discover_packages(path) using defaults
[1.755s] Level 1:colcon.colcon_core.package_discovery:discover_packages(prefix_path) check parameters
[1.756s] Level 1:colcon.colcon_core.package_discovery:discover_packages(prefix_path) discover
[1.762s] DEBUG:colcon.colcon_installed_package_information.package_discovery:Found 5 installed packages in /home/wjs/tb3_tpl_ws/install
[1.764s] DEBUG:colcon.colcon_installed_package_information.package_discovery:Found 11 installed packages in /home/wjs/cart_ros2/install
[1.771s] DEBUG:colcon.colcon_installed_package_information.package_discovery:Found 311 installed packages in /opt/ros/galactic
[1.778s] Level 1:colcon.colcon_core.package_discovery:discover_packages(prefix_path) using defaults
[2.030s] Level 5:colcon.colcon_core.verb:set package 'agv_body' build argument 'cmake_args' from command line to 'None'
[2.031s] Level 5:colcon.colcon_core.verb:set package 'agv_body' build argument 'cmake_target' from command line to 'None'
[2.031s] Level 5:colcon.colcon_core.verb:set package 'agv_body' build argument 'cmake_target_skip_unavailable' from command line to 'False'
[2.031s] Level 5:colcon.colcon_core.verb:set package 'agv_body' build argument 'cmake_clean_cache' from command line to 'False'
[2.031s] Level 5:colcon.colcon_core.verb:set package 'agv_body' build argument 'cmake_clean_first' from command line to 'False'
[2.031s] Level 5:colcon.colcon_core.verb:set package 'agv_body' build argument 'cmake_force_configure' from command line to 'False'
[2.031s] Level 5:colcon.colcon_core.verb:set package 'agv_body' build argument 'ament_cmake_args' from command line to 'None'
[2.031s] Level 5:colcon.colcon_core.verb:set package 'agv_body' build argument 'catkin_cmake_args' from command line to 'None'
[2.031s] Level 5:colcon.colcon_core.verb:set package 'agv_body' build argument 'catkin_skip_building_tests' from command line to 'False'
[2.032s] DEBUG:colcon.colcon_core.verb:Building package 'agv_body' with the following arguments: {'ament_cmake_args': None, 'build_base': '/home/wjs/cart_ros2/build/agv_body', 'catkin_cmake_args': None, 'catkin_skip_building_tests': False, 'cmake_args': None, 'cmake_clean_cache': False, 'cmake_clean_first': False, 'cmake_force_configure': False, 'cmake_target': None, 'cmake_target_skip_unavailable': False, 'install_base': '/home/wjs/cart_ros2/install', 'merge_install': True, 'path': '/home/wjs/cart_ros2/src/agv_body', 'symlink_install': True, 'test_result_base': None}
[2.033s] Level 5:colcon.colcon_core.verb:set package 'agv_mapping' build argument 'cmake_args' from command line to 'None'
[2.033s] Level 5:colcon.colcon_core.verb:set package 'agv_mapping' build argument 'cmake_target' from command line to 'None'
[2.033s] Level 5:colcon.colcon_core.verb:set package 'agv_mapping' build argument 'cmake_target_skip_unavailable' from command line to 'False'
[2.033s] Level 5:colcon.colcon_core.verb:set package 'agv_mapping' build argument 'cmake_clean_cache' from command line to 'False'
[2.033s] Level 5:colcon.colcon_core.verb:set package 'agv_mapping' build argument 'cmake_clean_first' from command line to 'False'
[2.033s] Level 5:colcon.colcon_core.verb:set package 'agv_mapping' build argument 'cmake_force_configure' from command line to 'False'
[2.033s] Level 5:colcon.colcon_core.verb:set package 'agv_mapping' build argument 'ament_cmake_args' from command line to 'None'
[2.033s] Level 5:colcon.colcon_core.verb:set package 'agv_mapping' build argument 'catkin_cmake_args' from command line to 'None'
[2.034s] Level 5:colcon.colcon_core.verb:set package 'agv_mapping' build argument 'catkin_skip_building_tests' from command line to 'False'
[2.034s] DEBUG:colcon.colcon_core.verb:Building package 'agv_mapping' with the following arguments: {'ament_cmake_args': None, 'build_base': '/home/wjs/cart_ros2/build/agv_mapping', 'catkin_cmake_args': None, 'catkin_skip_building_tests': False, 'cmake_args': None, 'cmake_clean_cache': False, 'cmake_clean_first': False, 'cmake_force_configure': False, 'cmake_target': None, 'cmake_target_skip_unavailable': False, 'install_base': '/home/wjs/cart_ros2/install', 'merge_install': True, 'path': '/home/wjs/cart_ros2/src/agv_mapping', 'symlink_install': True, 'test_result_base': None}
[2.035s] Level 5:colcon.colcon_core.verb:set package 'arduino_ros2' build argument 'cmake_args' from command line to 'None'
[2.035s] Level 5:colcon.colcon_core.verb:set package 'arduino_ros2' build argument 'cmake_target' from command line to 'None'
[2.035s] Level 5:colcon.colcon_core.verb:set package 'arduino_ros2' build argument 'cmake_target_skip_unavailable' from command line to 'False'
[2.035s] Level 5:colcon.colcon_core.verb:set package 'arduino_ros2' build argument 'cmake_clean_cache' from command line to 'False'
[2.035s] Level 5:colcon.colcon_core.verb:set package 'arduino_ros2' build argument 'cmake_clean_first' from command line to 'False'
[2.035s] Level 5:colcon.colcon_core.verb:set package 'arduino_ros2' build argument 'cmake_force_configure' from command line to 'False'
[2.035s] Level 5:colcon.colcon_core.verb:set package 'arduino_ros2' build argument 'ament_cmake_args' from command line to 'None'
[2.035s] Level 5:colcon.colcon_core.verb:set package 'arduino_ros2' build argument 'catkin_cmake_args' from command line to 'None'
[2.036s] Level 5:colcon.colcon_core.verb:set package 'arduino_ros2' build argument 'catkin_skip_building_tests' from command line to 'False'
[2.036s] DEBUG:colcon.colcon_core.verb:Building package 'arduino_ros2' with the following arguments: {'ament_cmake_args': None, 'build_base': '/home/wjs/cart_ros2/build/arduino_ros2', 'catkin_cmake_args': None, 'catkin_skip_building_tests': False, 'cmake_args': None, 'cmake_clean_cache': False, 'cmake_clean_first': False, 'cmake_force_configure': False, 'cmake_target': None, 'cmake_target_skip_unavailable': False, 'install_base': '/home/wjs/cart_ros2/install', 'merge_install': True, 'path': '/home/wjs/cart_ros2/src/arduino_ros2', 'symlink_install': True, 'test_result_base': None}
[2.037s] Level 5:colcon.colcon_core.verb:set package 'differential_drive' build argument 'cmake_args' from command line to 'None'
[2.037s] Level 5:colcon.colcon_core.verb:set package 'differential_drive' build argument 'cmake_target' from command line to 'None'
[2.037s] Level 5:colcon.colcon_core.verb:set package 'differential_drive' build argument 'cmake_target_skip_unavailable' from command line to 'False'
[2.037s] Level 5:colcon.colcon_core.verb:set package 'differential_drive' build argument 'cmake_clean_cache' from command line to 'False'
[2.037s] Level 5:colcon.colcon_core.verb:set package 'differential_drive' build argument 'cmake_clean_first' from command line to 'False'
[2.037s] Level 5:colcon.colcon_core.verb:set package 'differential_drive' build argument 'cmake_force_configure' from command line to 'False'
[2.038s] Level 5:colcon.colcon_core.verb:set package 'differential_drive' build argument 'ament_cmake_args' from command line to 'None'
[2.038s] Level 5:colcon.colcon_core.verb:set package 'differential_drive' build argument 'catkin_cmake_args' from command line to 'None'
[2.038s] Level 5:colcon.colcon_core.verb:set package 'differential_drive' build argument 'catkin_skip_building_tests' from command line to 'False'
[2.038s] DEBUG:colcon.colcon_core.verb:Building package 'differential_drive' with the following arguments: {'ament_cmake_args': None, 'build_base': '/home/wjs/cart_ros2/build/differential_drive', 'catkin_cmake_args': None, 'catkin_skip_building_tests': False, 'cmake_args': None, 'cmake_clean_cache': False, 'cmake_clean_first': False, 'cmake_force_configure': False, 'cmake_target': None, 'cmake_target_skip_unavailable': False, 'install_base': '/home/wjs/cart_ros2/install', 'merge_install': True, 'path': '/home/wjs/cart_ros2/src/ros2_differential_drive-ros2', 'symlink_install': True, 'test_result_base': None}
[2.039s] Level 5:colcon.colcon_core.verb:set package 'ira_laser_tools' build argument 'cmake_args' from command line to 'None'
[2.039s] Level 5:colcon.colcon_core.verb:set package 'ira_laser_tools' build argument 'cmake_target' from command line to 'None'
[2.039s] Level 5:colcon.colcon_core.verb:set package 'ira_laser_tools' build argument 'cmake_target_skip_unavailable' from command line to 'False'
[2.039s] Level 5:colcon.colcon_core.verb:set package 'ira_laser_tools' build argument 'cmake_clean_cache' from command line to 'False'
[2.039s] Level 5:colcon.colcon_core.verb:set package 'ira_laser_tools' build argument 'cmake_clean_first' from command line to 'False'
[2.040s] Level 5:colcon.colcon_core.verb:set package 'ira_laser_tools' build argument 'cmake_force_configure' from command line to 'False'
[2.040s] Level 5:colcon.colcon_core.verb:set package 'ira_laser_tools' build argument 'ament_cmake_args' from command line to 'None'
[2.040s] Level 5:colcon.colcon_core.verb:set package 'ira_laser_tools' build argument 'catkin_cmake_args' from command line to 'None'
[2.040s] Level 5:colcon.colcon_core.verb:set package 'ira_laser_tools' build argument 'catkin_skip_building_tests' from command line to 'False'
[2.040s] DEBUG:colcon.colcon_core.verb:Building package 'ira_laser_tools' with the following arguments: {'ament_cmake_args': None, 'build_base': '/home/wjs/cart_ros2/build/ira_laser_tools', 'catkin_cmake_args': None, 'catkin_skip_building_tests': False, 'cmake_args': None, 'cmake_clean_cache': False, 'cmake_clean_first': False, 'cmake_force_configure': False, 'cmake_target': None, 'cmake_target_skip_unavailable': False, 'install_base': '/home/wjs/cart_ros2/install', 'merge_install': True, 'path': '/home/wjs/cart_ros2/src/ira_laser_tools', 'symlink_install': True, 'test_result_base': None}
[2.041s] Level 5:colcon.colcon_core.verb:set package 'laser_filters' build argument 'cmake_args' from command line to 'None'
[2.041s] Level 5:colcon.colcon_core.verb:set package 'laser_filters' build argument 'cmake_target' from command line to 'None'
[2.041s] Level 5:colcon.colcon_core.verb:set package 'laser_filters' build argument 'cmake_target_skip_unavailable' from command line to 'False'
[2.041s] Level 5:colcon.colcon_core.verb:set package 'laser_filters' build argument 'cmake_clean_cache' from command line to 'False'
[2.041s] Level 5:colcon.colcon_core.verb:set package 'laser_filters' build argument 'cmake_clean_first' from command line to 'False'
[2.042s] Level 5:colcon.colcon_core.verb:set package 'laser_filters' build argument 'cmake_force_configure' from command line to 'False'
[2.042s] Level 5:colcon.colcon_core.verb:set package 'laser_filters' build argument 'ament_cmake_args' from command line to 'None'
[2.042s] Level 5:colcon.colcon_core.verb:set package 'laser_filters' build argument 'catkin_cmake_args' from command line to 'None'
[2.042s] Level 5:colcon.colcon_core.verb:set package 'laser_filters' build argument 'catkin_skip_building_tests' from command line to 'False'
[2.042s] DEBUG:colcon.colcon_core.verb:Building package 'laser_filters' with the following arguments: {'ament_cmake_args': None, 'build_base': '/home/wjs/cart_ros2/build/laser_filters', 'catkin_cmake_args': None, 'catkin_skip_building_tests': False, 'cmake_args': None, 'cmake_clean_cache': False, 'cmake_clean_first': False, 'cmake_force_configure': False, 'cmake_target': None, 'cmake_target_skip_unavailable': False, 'install_base': '/home/wjs/cart_ros2/install', 'merge_install': True, 'path': '/home/wjs/cart_ros2/src/laser_filters', 'symlink_install': True, 'test_result_base': None}
[2.043s] Level 5:colcon.colcon_core.verb:set package 'roboteq_interfaces' build argument 'cmake_args' from command line to 'None'
[2.043s] Level 5:colcon.colcon_core.verb:set package 'roboteq_interfaces' build argument 'cmake_target' from command line to 'None'
[2.043s] Level 5:colcon.colcon_core.verb:set package 'roboteq_interfaces' build argument 'cmake_target_skip_unavailable' from command line to 'False'
[2.043s] Level 5:colcon.colcon_core.verb:set package 'roboteq_interfaces' build argument 'cmake_clean_cache' from command line to 'False'
[2.043s] Level 5:colcon.colcon_core.verb:set package 'roboteq_interfaces' build argument 'cmake_clean_first' from command line to 'False'
[2.043s] Level 5:colcon.colcon_core.verb:set package 'roboteq_interfaces' build argument 'cmake_force_configure' from command line to 'False'
[2.044s] Level 5:colcon.colcon_core.verb:set package 'roboteq_interfaces' build argument 'ament_cmake_args' from command line to 'None'
[2.044s] Level 5:colcon.colcon_core.verb:set package 'roboteq_interfaces' build argument 'catkin_cmake_args' from command line to 'None'
[2.044s] Level 5:colcon.colcon_core.verb:set package 'roboteq_interfaces' build argument 'catkin_skip_building_tests' from command line to 'False'
[2.044s] DEBUG:colcon.colcon_core.verb:Building package 'roboteq_interfaces' with the following arguments: {'ament_cmake_args': None, 'build_base': '/home/wjs/cart_ros2/build/roboteq_interfaces', 'catkin_cmake_args': None, 'catkin_skip_building_tests': False, 'cmake_args': None, 'cmake_clean_cache': False, 'cmake_clean_first': False, 'cmake_force_configure': False, 'cmake_target': None, 'cmake_target_skip_unavailable': False, 'install_base': '/home/wjs/cart_ros2/install', 'merge_install': True, 'path': '/home/wjs/cart_ros2/src/roboteq_controller_ros-galactic-devel/roboteq_interfaces', 'symlink_install': True, 'test_result_base': None}
[2.045s] Level 5:colcon.colcon_core.verb:set package 'serial' build argument 'cmake_args' from command line to 'None'
[2.045s] Level 5:colcon.colcon_core.verb:set package 'serial' build argument 'cmake_target' from command line to 'None'
[2.045s] Level 5:colcon.colcon_core.verb:set package 'serial' build argument 'cmake_target_skip_unavailable' from command line to 'False'
[2.045s] Level 5:colcon.colcon_core.verb:set package 'serial' build argument 'cmake_clean_cache' from command line to 'False'
[2.045s] Level 5:colcon.colcon_core.verb:set package 'serial' build argument 'cmake_clean_first' from command line to 'False'
[2.046s] Level 5:colcon.colcon_core.verb:set package 'serial' build argument 'cmake_force_configure' from command line to 'False'
[2.046s] Level 5:colcon.colcon_core.verb:set package 'serial' build argument 'ament_cmake_args' from command line to 'None'
[2.046s] Level 5:colcon.colcon_core.verb:set package 'serial' build argument 'catkin_cmake_args' from command line to 'None'
[2.046s] Level 5:colcon.colcon_core.verb:set package 'serial' build argument 'catkin_skip_building_tests' from command line to 'False'
[2.046s] DEBUG:colcon.colcon_core.verb:Building package 'serial' with the following arguments: {'ament_cmake_args': None, 'build_base': '/home/wjs/cart_ros2/build/serial', 'catkin_cmake_args': None, 'catkin_skip_building_tests': False, 'cmake_args': None, 'cmake_clean_cache': False, 'cmake_clean_first': False, 'cmake_force_configure': False, 'cmake_target': None, 'cmake_target_skip_unavailable': False, 'install_base': '/home/wjs/cart_ros2/install', 'merge_install': True, 'path': '/home/wjs/cart_ros2/src/roboteq_controller_ros-galactic-devel/serial-ros2-master', 'symlink_install': True, 'test_result_base': None}
[2.047s] Level 5:colcon.colcon_core.verb:set package 'sllidar_ros2' build argument 'cmake_args' from command line to 'None'
[2.047s] Level 5:colcon.colcon_core.verb:set package 'sllidar_ros2' build argument 'cmake_target' from command line to 'None'
[2.047s] Level 5:colcon.colcon_core.verb:set package 'sllidar_ros2' build argument 'cmake_target_skip_unavailable' from command line to 'False'
[2.047s] Level 5:colcon.colcon_core.verb:set package 'sllidar_ros2' build argument 'cmake_clean_cache' from command line to 'False'
[2.047s] Level 5:colcon.colcon_core.verb:set package 'sllidar_ros2' build argument 'cmake_clean_first' from command line to 'False'
[2.047s] Level 5:colcon.colcon_core.verb:set package 'sllidar_ros2' build argument 'cmake_force_configure' from command line to 'False'
[2.048s] Level 5:colcon.colcon_core.verb:set package 'sllidar_ros2' build argument 'ament_cmake_args' from command line to 'None'
[2.048s] Level 5:colcon.colcon_core.verb:set package 'sllidar_ros2' build argument 'catkin_cmake_args' from command line to 'None'
[2.048s] Level 5:colcon.colcon_core.verb:set package 'sllidar_ros2' build argument 'catkin_skip_building_tests' from command line to 'False'
[2.048s] DEBUG:colcon.colcon_core.verb:Building package 'sllidar_ros2' with the following arguments: {'ament_cmake_args': None, 'build_base': '/home/wjs/cart_ros2/build/sllidar_ros2', 'catkin_cmake_args': None, 'catkin_skip_building_tests': False, 'cmake_args': None, 'cmake_clean_cache': False, 'cmake_clean_first': False, 'cmake_force_configure': False, 'cmake_target': None, 'cmake_target_skip_unavailable': False, 'install_base': '/home/wjs/cart_ros2/install', 'merge_install': True, 'path': '/home/wjs/cart_ros2/src/sllidar_ros2', 'symlink_install': True, 'test_result_base': None}
[2.049s] Level 5:colcon.colcon_core.verb:set package 'stella_ahrs' build argument 'cmake_args' from command line to 'None'
[2.049s] Level 5:colcon.colcon_core.verb:set package 'stella_ahrs' build argument 'cmake_target' from command line to 'None'
[2.049s] Level 5:colcon.colcon_core.verb:set package 'stella_ahrs' build argument 'cmake_target_skip_unavailable' from command line to 'False'
[2.049s] Level 5:colcon.colcon_core.verb:set package 'stella_ahrs' build argument 'cmake_clean_cache' from command line to 'False'
[2.049s] Level 5:colcon.colcon_core.verb:set package 'stella_ahrs' build argument 'cmake_clean_first' from command line to 'False'
[2.049s] Level 5:colcon.colcon_core.verb:set package 'stella_ahrs' build argument 'cmake_force_configure' from command line to 'False'
[2.050s] Level 5:colcon.colcon_core.verb:set package 'stella_ahrs' build argument 'ament_cmake_args' from command line to 'None'
[2.050s] Level 5:colcon.colcon_core.verb:set package 'stella_ahrs' build argument 'catkin_cmake_args' from command line to 'None'
[2.050s] Level 5:colcon.colcon_core.verb:set package 'stella_ahrs' build argument 'catkin_skip_building_tests' from command line to 'False'
[2.050s] DEBUG:colcon.colcon_core.verb:Building package 'stella_ahrs' with the following arguments: {'ament_cmake_args': None, 'build_base': '/home/wjs/cart_ros2/build/stella_ahrs', 'catkin_cmake_args': None, 'catkin_skip_building_tests': False, 'cmake_args': None, 'cmake_clean_cache': False, 'cmake_clean_first': False, 'cmake_force_configure': False, 'cmake_target': None, 'cmake_target_skip_unavailable': False, 'install_base': '/home/wjs/cart_ros2/install', 'merge_install': True, 'path': '/home/wjs/cart_ros2/src/2th_NtrexAHRS_lib_ROS/ros2_example/stella_ahrs', 'symlink_install': True, 'test_result_base': None}
[2.051s] Level 5:colcon.colcon_core.verb:set package 'roboteq_controller' build argument 'cmake_args' from command line to 'None'
[2.051s] Level 5:colcon.colcon_core.verb:set package 'roboteq_controller' build argument 'cmake_target' from command line to 'None'
[2.051s] Level 5:colcon.colcon_core.verb:set package 'roboteq_controller' build argument 'cmake_target_skip_unavailable' from command line to 'False'
[2.051s] Level 5:colcon.colcon_core.verb:set package 'roboteq_controller' build argument 'cmake_clean_cache' from command line to 'False'
[2.051s] Level 5:colcon.colcon_core.verb:set package 'roboteq_controller' build argument 'cmake_clean_first' from command line to 'False'
[2.051s] Level 5:colcon.colcon_core.verb:set package 'roboteq_controller' build argument 'cmake_force_configure' from command line to 'False'
[2.051s] Level 5:colcon.colcon_core.verb:set package 'roboteq_controller' build argument 'ament_cmake_args' from command line to 'None'
[2.052s] Level 5:colcon.colcon_core.verb:set package 'roboteq_controller' build argument 'catkin_cmake_args' from command line to 'None'
[2.052s] Level 5:colcon.colcon_core.verb:set package 'roboteq_controller' build argument 'catkin_skip_building_tests' from command line to 'False'
[2.052s] DEBUG:colcon.colcon_core.verb:Building package 'roboteq_controller' with the following arguments: {'ament_cmake_args': None, 'build_base': '/home/wjs/cart_ros2/build/roboteq_controller', 'catkin_cmake_args': None, 'catkin_skip_building_tests': False, 'cmake_args': None, 'cmake_clean_cache': False, 'cmake_clean_first': False, 'cmake_force_configure': False, 'cmake_target': None, 'cmake_target_skip_unavailable': False, 'install_base': '/home/wjs/cart_ros2/install', 'merge_install': True, 'path': '/home/wjs/cart_ros2/src/roboteq_controller_ros-galactic-devel/roboteq_controller', 'symlink_install': True, 'test_result_base': None}
[2.052s] INFO:colcon.colcon_core.executor:Executing jobs using 'parallel' executor
[2.056s] DEBUG:colcon.colcon_parallel_executor.executor.parallel:run_until_complete
[2.057s] INFO:colcon.colcon_ros.task.ament_cmake.build:Building ROS package in '/home/wjs/cart_ros2/src/roboteq_controller_ros-galactic-devel/roboteq_interfaces' with build type 'ament_cmake'
[2.058s] INFO:colcon.colcon_cmake.task.cmake.build:Building CMake package in '/home/wjs/cart_ros2/src/roboteq_controller_ros-galactic-devel/roboteq_interfaces'
[2.067s] INFO:colcon.colcon_core.plugin_system:Skipping extension 'colcon_core.shell.bat': Not used on non-Windows systems
[2.067s] INFO:colcon.colcon_core.shell:Skip shell extension 'powershell' for command environment: Not usable outside of PowerShell
[2.068s] DEBUG:colcon.colcon_core.shell:Skip shell extension 'dsv' for command environment
[2.097s] INFO:colcon.colcon_ros.task.ament_cmake.build:Building ROS package in '/home/wjs/cart_ros2/src/roboteq_controller_ros-galactic-devel/serial-ros2-master' with build type 'ament_cmake'
[2.099s] INFO:colcon.colcon_cmake.task.cmake.build:Building CMake package in '/home/wjs/cart_ros2/src/roboteq_controller_ros-galactic-devel/serial-ros2-master'
[2.103s] INFO:colcon.colcon_core.shell:Skip shell extension 'powershell' for command environment: Not usable outside of PowerShell
[2.105s] DEBUG:colcon.colcon_core.shell:Skip shell extension 'dsv' for command environment
[2.140s] INFO:colcon.colcon_ros.task.ament_python.build:Building ROS package in '/home/wjs/cart_ros2/src/agv_body' with build type 'ament_python'
[2.142s] Level 1:colcon.colcon_core.shell:create_environment_hook('agv_body', 'ament_prefix_path')
[2.147s] INFO:colcon.colcon_core.shell:Creating environment hook '/home/wjs/cart_ros2/install/share/agv_body/hook/ament_prefix_path.ps1'
[2.154s] INFO:colcon.colcon_core.shell:Creating environment descriptor '/home/wjs/cart_ros2/install/share/agv_body/hook/ament_prefix_path.dsv'
[2.159s] INFO:colcon.colcon_core.shell:Creating environment hook '/home/wjs/cart_ros2/install/share/agv_body/hook/ament_prefix_path.sh'
[2.164s] INFO:colcon.colcon_core.shell:Skip shell extension 'powershell' for command environment: Not usable outside of PowerShell
[2.165s] DEBUG:colcon.colcon_core.shell:Skip shell extension 'dsv' for command environment
[2.198s] INFO:colcon.colcon_ros.task.ament_cmake.build:Building ROS package in '/home/wjs/cart_ros2/src/agv_mapping' with build type 'ament_cmake'
[2.200s] INFO:colcon.colcon_cmake.task.cmake.build:Building CMake package in '/home/wjs/cart_ros2/src/agv_mapping'
[2.205s] INFO:colcon.colcon_core.shell:Skip shell extension 'powershell' for command environment: Not usable outside of PowerShell
[2.206s] DEBUG:colcon.colcon_core.shell:Skip shell extension 'dsv' for command environment
[2.269s] DEBUG:colcon.colcon_core.event_handler.log_command:Invoking command in '/home/wjs/cart_ros2/build/roboteq_interfaces': CMAKE_PREFIX_PATH=${CMAKE_PREFIX_PATH}:/opt/ros/galactic /usr/bin/cmake --build /home/wjs/cart_ros2/build/roboteq_interfaces -- -j4 -l4
[2.313s] DEBUG:colcon.colcon_core.event_handler.log_command:Invoking command in '/home/wjs/cart_ros2/build/serial': CMAKE_PREFIX_PATH=${CMAKE_PREFIX_PATH}:/opt/ros/galactic /usr/bin/cmake --build /home/wjs/cart_ros2/build/serial -- -j4 -l4
[3.521s] INFO:colcon.colcon_core.task.python.build:Building Python package in '/home/wjs/cart_ros2/src/agv_body'
[3.526s] INFO:colcon.colcon_core.shell:Skip shell extension 'powershell' for command environment: Not usable outside of PowerShell
[3.527s] DEBUG:colcon.colcon_core.shell:Skip shell extension 'dsv' for command environment
[3.585s] DEBUG:colcon.colcon_core.event_handler.log_command:Invoking command in '/home/wjs/cart_ros2/build/agv_mapping': CMAKE_PREFIX_PATH=${CMAKE_PREFIX_PATH}:/opt/ros/galactic /usr/bin/cmake --build /home/wjs/cart_ros2/build/agv_mapping -- -j4 -l4
[3.621s] DEBUG:colcon.colcon_core.event_handler.log_command:Invoked command in '/home/wjs/cart_ros2/build/roboteq_interfaces' returned '0': CMAKE_PREFIX_PATH=${CMAKE_PREFIX_PATH}:/opt/ros/galactic /usr/bin/cmake --build /home/wjs/cart_ros2/build/roboteq_interfaces -- -j4 -l4
[3.685s] DEBUG:colcon.colcon_core.event_handler.log_command:Invoking command in '/home/wjs/cart_ros2/build/roboteq_interfaces': CMAKE_PREFIX_PATH=${CMAKE_PREFIX_PATH}:/opt/ros/galactic /usr/bin/cmake --install /home/wjs/cart_ros2/build/roboteq_interfaces
[3.725s] DEBUG:colcon.colcon_core.event_handler.log_command:Invoked command in '/home/wjs/cart_ros2/build/serial' returned '0': CMAKE_PREFIX_PATH=${CMAKE_PREFIX_PATH}:/opt/ros/galactic /usr/bin/cmake --build /home/wjs/cart_ros2/build/serial -- -j4 -l4
[3.750s] DEBUG:colcon.colcon_core.event_handler.log_command:Invoking command in '/home/wjs/cart_ros2/build/serial': CMAKE_PREFIX_PATH=${CMAKE_PREFIX_PATH}:/opt/ros/galactic /usr/bin/cmake --install /home/wjs/cart_ros2/build/serial
[3.867s] DEBUG:colcon.colcon_core.event_handler.log_command:Invoked command in '/home/wjs/cart_ros2/build/agv_mapping' returned '0': CMAKE_PREFIX_PATH=${CMAKE_PREFIX_PATH}:/opt/ros/galactic /usr/bin/cmake --build /home/wjs/cart_ros2/build/agv_mapping -- -j4 -l4
[3.881s] DEBUG:colcon.colcon_core.event_handler.log_command:Invoking command in '/home/wjs/cart_ros2/build/agv_mapping': CMAKE_PREFIX_PATH=${CMAKE_PREFIX_PATH}:/opt/ros/galactic /usr/bin/cmake --install /home/wjs/cart_ros2/build/agv_mapping
[3.976s] Level 1:colcon.colcon_core.environment:create_environment_scripts_only(serial)
[3.987s] DEBUG:colcon.colcon_core.event_handler.log_command:Invoked command in '/home/wjs/cart_ros2/build/serial' returned '0': CMAKE_PREFIX_PATH=${CMAKE_PREFIX_PATH}:/opt/ros/galactic /usr/bin/cmake --install /home/wjs/cart_ros2/build/serial
[4.013s] Level 1:colcon.colcon_core.environment:checking '/home/wjs/cart_ros2/install' for CMake module files
[4.025s] Level 1:colcon.colcon_core.environment:checking '/home/wjs/cart_ros2/install' for CMake config files
[4.033s] Level 1:colcon.colcon_core.shell:create_environment_hook('serial', 'cmake_prefix_path')
[4.035s] INFO:colcon.colcon_core.shell:Creating environment hook '/home/wjs/cart_ros2/install/share/serial/hook/cmake_prefix_path.ps1'
[4.039s] INFO:colcon.colcon_core.shell:Creating environment descriptor '/home/wjs/cart_ros2/install/share/serial/hook/cmake_prefix_path.dsv'
[4.046s] INFO:colcon.colcon_core.shell:Creating environment hook '/home/wjs/cart_ros2/install/share/serial/hook/cmake_prefix_path.sh'
[4.052s] Level 1:colcon.colcon_core.environment:checking '/home/wjs/cart_ros2/install/lib'
[4.053s] Level 1:colcon.colcon_core.shell:create_environment_hook('serial', 'ld_library_path_lib')
[4.054s] INFO:colcon.colcon_core.shell:Creating environment hook '/home/wjs/cart_ros2/install/share/serial/hook/ld_library_path_lib.ps1'
[4.057s] INFO:colcon.colcon_core.shell:Creating environment descriptor '/home/wjs/cart_ros2/install/share/serial/hook/ld_library_path_lib.dsv'
[4.060s] INFO:colcon.colcon_core.shell:Creating environment hook '/home/wjs/cart_ros2/install/share/serial/hook/ld_library_path_lib.sh'
[4.063s] Level 1:colcon.colcon_core.environment:checking '/home/wjs/cart_ros2/install/bin'
[4.064s] Level 1:colcon.colcon_core.environment:checking '/home/wjs/cart_ros2/install/lib/pkgconfig/serial.pc'
[4.065s] Level 1:colcon.colcon_core.environment:checking '/home/wjs/cart_ros2/install/lib/python3.8/site-packages'
[4.065s] Level 1:colcon.colcon_core.shell:create_environment_hook('serial', 'pythonpath')
[4.066s] INFO:colcon.colcon_core.shell:Creating environment hook '/home/wjs/cart_ros2/install/share/serial/hook/pythonpath.ps1'
[4.068s] INFO:colcon.colcon_core.shell:Creating environment descriptor '/home/wjs/cart_ros2/install/share/serial/hook/pythonpath.dsv'
[4.070s] INFO:colcon.colcon_core.shell:Creating environment hook '/home/wjs/cart_ros2/install/share/serial/hook/pythonpath.sh'
[4.073s] Level 1:colcon.colcon_core.environment:checking '/home/wjs/cart_ros2/install/bin'
[4.074s] INFO:colcon.colcon_core.shell:Creating package script '/home/wjs/cart_ros2/install/share/serial/package.ps1'
[4.079s] INFO:colcon.colcon_core.shell:Creating package descriptor '/home/wjs/cart_ros2/install/share/serial/package.dsv'
[4.081s] INFO:colcon.colcon_core.shell:Creating package script '/home/wjs/cart_ros2/install/share/serial/package.sh'
[4.085s] INFO:colcon.colcon_core.shell:Creating package script '/home/wjs/cart_ros2/install/share/serial/package.bash'
[4.088s] INFO:colcon.colcon_core.shell:Creating package script '/home/wjs/cart_ros2/install/share/serial/package.zsh'
[4.092s] Level 1:colcon.colcon_core.environment:create_file_with_runtime_dependencies(/home/wjs/cart_ros2/install/share/colcon-core/packages/serial)
[4.095s] Level 1:colcon.colcon_core.environment:create_environment_scripts_only(serial)
[4.096s] Level 1:colcon.colcon_core.environment:checking '/home/wjs/cart_ros2/install' for CMake module files
[4.098s] Level 1:colcon.colcon_core.environment:checking '/home/wjs/cart_ros2/install' for CMake config files
[4.109s] Level 1:colcon.colcon_core.shell:create_environment_hook('serial', 'cmake_prefix_path')
[4.110s] INFO:colcon.colcon_core.shell:Creating environment hook '/home/wjs/cart_ros2/install/share/serial/hook/cmake_prefix_path.ps1'
[4.113s] INFO:colcon.colcon_core.shell:Creating environment descriptor '/home/wjs/cart_ros2/install/share/serial/hook/cmake_prefix_path.dsv'
[4.121s] INFO:colcon.colcon_core.shell:Creating environment hook '/home/wjs/cart_ros2/install/share/serial/hook/cmake_prefix_path.sh'
[4.126s] Level 1:colcon.colcon_core.environment:checking '/home/wjs/cart_ros2/install/lib'
[4.127s] Level 1:colcon.colcon_core.shell:create_environment_hook('serial', 'ld_library_path_lib')
[4.128s] INFO:colcon.colcon_core.shell:Creating environment hook '/home/wjs/cart_ros2/install/share/serial/hook/ld_library_path_lib.ps1'
[4.130s] INFO:colcon.colcon_core.shell:Creating environment descriptor '/home/wjs/cart_ros2/install/share/serial/hook/ld_library_path_lib.dsv'
[4.132s] INFO:colcon.colcon_core.shell:Creating environment hook '/home/wjs/cart_ros2/install/share/serial/hook/ld_library_path_lib.sh'
[4.134s] Level 1:colcon.colcon_core.environment:checking '/home/wjs/cart_ros2/install/bin'
[4.134s] Level 1:colcon.colcon_core.environment:checking '/home/wjs/cart_ros2/install/lib/pkgconfig/serial.pc'
[4.135s] Level 1:colcon.colcon_core.environment:checking '/home/wjs/cart_ros2/install/lib/python3.8/site-packages'
[4.135s] Level 1:colcon.colcon_core.shell:create_environment_hook('serial', 'pythonpath')
[4.136s] INFO:colcon.colcon_core.shell:Creating environment hook '/home/wjs/cart_ros2/install/share/serial/hook/pythonpath.ps1'
[4.138s] INFO:colcon.colcon_core.shell:Creating environment descriptor '/home/wjs/cart_ros2/install/share/serial/hook/pythonpath.dsv'
[4.140s] INFO:colcon.colcon_core.shell:Creating environment hook '/home/wjs/cart_ros2/install/share/serial/hook/pythonpath.sh'
[4.143s] Level 1:colcon.colcon_core.environment:checking '/home/wjs/cart_ros2/install/bin'
[4.145s] INFO:colcon.colcon_core.shell:Creating package script '/home/wjs/cart_ros2/install/share/serial/package.ps1'
[4.148s] INFO:colcon.colcon_core.shell:Creating package descriptor '/home/wjs/cart_ros2/install/share/serial/package.dsv'
[4.151s] INFO:colcon.colcon_core.shell:Creating package script '/home/wjs/cart_ros2/install/share/serial/package.sh'
[4.154s] INFO:colcon.colcon_core.shell:Creating package script '/home/wjs/cart_ros2/install/share/serial/package.bash'
[4.156s] INFO:colcon.colcon_core.shell:Creating package script '/home/wjs/cart_ros2/install/share/serial/package.zsh'
[4.158s] Level 1:colcon.colcon_core.environment:create_file_with_runtime_dependencies(/home/wjs/cart_ros2/install/share/colcon-core/packages/serial)
[4.162s] INFO:colcon.colcon_ros.task.ament_python.build:Building ROS package in '/home/wjs/cart_ros2/src/arduino_ros2' with build type 'ament_python'
[4.163s] Level 1:colcon.colcon_core.shell:create_environment_hook('arduino_ros2', 'ament_prefix_path')
[4.164s] INFO:colcon.colcon_core.shell:Creating environment hook '/home/wjs/cart_ros2/install/share/arduino_ros2/hook/ament_prefix_path.ps1'
[4.168s] INFO:colcon.colcon_core.shell:Creating environment descriptor '/home/wjs/cart_ros2/install/share/arduino_ros2/hook/ament_prefix_path.dsv'
[4.171s] INFO:colcon.colcon_core.shell:Creating environment hook '/home/wjs/cart_ros2/install/share/arduino_ros2/hook/ament_prefix_path.sh'
[4.202s] INFO:colcon.colcon_core.shell:Skip shell extension 'powershell' for command environment: Not usable outside of PowerShell
[4.203s] DEBUG:colcon.colcon_core.shell:Skip shell extension 'dsv' for command environment
[4.244s] Level 1:colcon.colcon_core.environment:create_environment_scripts_only(agv_mapping)
[4.250s] Level 1:colcon.colcon_core.environment:checking '/home/wjs/cart_ros2/install' for CMake module files
[4.256s] DEBUG:colcon.colcon_core.event_handler.log_command:Invoked command in '/home/wjs/cart_ros2/build/agv_mapping' returned '0': CMAKE_PREFIX_PATH=${CMAKE_PREFIX_PATH}:/opt/ros/galactic /usr/bin/cmake --install /home/wjs/cart_ros2/build/agv_mapping
[4.258s] Level 1:colcon.colcon_core.environment:checking '/home/wjs/cart_ros2/install' for CMake config files
[4.264s] Level 1:colcon.colcon_core.shell:create_environment_hook('agv_mapping', 'cmake_prefix_path')
[4.265s] INFO:colcon.colcon_core.shell:Creating environment hook '/home/wjs/cart_ros2/install/share/agv_mapping/hook/cmake_prefix_path.ps1'
[4.268s] INFO:colcon.colcon_core.shell:Creating environment descriptor '/home/wjs/cart_ros2/install/share/agv_mapping/hook/cmake_prefix_path.dsv'
[4.272s] INFO:colcon.colcon_core.shell:Creating environment hook '/home/wjs/cart_ros2/install/share/agv_mapping/hook/cmake_prefix_path.sh'
[4.277s] Level 1:colcon.colcon_core.environment:checking '/home/wjs/cart_ros2/install/lib'
[4.277s] Level 1:colcon.colcon_core.shell:create_environment_hook('agv_mapping', 'ld_library_path_lib')
[4.278s] INFO:colcon.colcon_core.shell:Creating environment hook '/home/wjs/cart_ros2/install/share/agv_mapping/hook/ld_library_path_lib.ps1'
[4.281s] INFO:colcon.colcon_core.shell:Creating environment descriptor '/home/wjs/cart_ros2/install/share/agv_mapping/hook/ld_library_path_lib.dsv'
[4.283s] INFO:colcon.colcon_core.shell:Creating environment hook '/home/wjs/cart_ros2/install/share/agv_mapping/hook/ld_library_path_lib.sh'
[4.285s] Level 1:colcon.colcon_core.environment:checking '/home/wjs/cart_ros2/install/bin'
[4.285s] Level 1:colcon.colcon_core.environment:checking '/home/wjs/cart_ros2/install/lib/pkgconfig/agv_mapping.pc'
[4.286s] Level 1:colcon.colcon_core.environment:checking '/home/wjs/cart_ros2/install/lib/python3.8/site-packages'
[4.287s] Level 1:colcon.colcon_core.shell:create_environment_hook('agv_mapping', 'pythonpath')
[4.288s] INFO:colcon.colcon_core.shell:Creating environment hook '/home/wjs/cart_ros2/install/share/agv_mapping/hook/pythonpath.ps1'
[4.289s] INFO:colcon.colcon_core.shell:Creating environment descriptor '/home/wjs/cart_ros2/install/share/agv_mapping/hook/pythonpath.dsv'
[4.292s] INFO:colcon.colcon_core.shell:Creating environment hook '/home/wjs/cart_ros2/install/share/agv_mapping/hook/pythonpath.sh'
[4.294s] Level 1:colcon.colcon_core.environment:checking '/home/wjs/cart_ros2/install/bin'
[4.296s] INFO:colcon.colcon_core.shell:Creating package script '/home/wjs/cart_ros2/install/share/agv_mapping/package.ps1'
[4.300s] INFO:colcon.colcon_core.shell:Creating package descriptor '/home/wjs/cart_ros2/install/share/agv_mapping/package.dsv'
[4.302s] INFO:colcon.colcon_core.shell:Creating package script '/home/wjs/cart_ros2/install/share/agv_mapping/package.sh'
[4.304s] INFO:colcon.colcon_core.shell:Creating package script '/home/wjs/cart_ros2/install/share/agv_mapping/package.bash'
[4.306s] INFO:colcon.colcon_core.shell:Creating package script '/home/wjs/cart_ros2/install/share/agv_mapping/package.zsh'
[4.307s] Level 1:colcon.colcon_core.environment:create_file_with_runtime_dependencies(/home/wjs/cart_ros2/install/share/colcon-core/packages/agv_mapping)
[4.310s] Level 1:colcon.colcon_core.environment:create_environment_scripts_only(agv_mapping)
[4.311s] Level 1:colcon.colcon_core.environment:checking '/home/wjs/cart_ros2/install' for CMake module files
[4.313s] Level 1:colcon.colcon_core.environment:checking '/home/wjs/cart_ros2/install' for CMake config files
[4.319s] Level 1:colcon.colcon_core.shell:create_environment_hook('agv_mapping', 'cmake_prefix_path')
[4.319s] INFO:colcon.colcon_core.shell:Creating environment hook '/home/wjs/cart_ros2/install/share/agv_mapping/hook/cmake_prefix_path.ps1'
[4.322s] INFO:colcon.colcon_core.shell:Creating environment descriptor '/home/wjs/cart_ros2/install/share/agv_mapping/hook/cmake_prefix_path.dsv'
[4.324s] INFO:colcon.colcon_core.shell:Creating environment hook '/home/wjs/cart_ros2/install/share/agv_mapping/hook/cmake_prefix_path.sh'
[4.327s] Level 1:colcon.colcon_core.environment:checking '/home/wjs/cart_ros2/install/lib'
[4.328s] Level 1:colcon.colcon_core.shell:create_environment_hook('agv_mapping', 'ld_library_path_lib')
[4.328s] INFO:colcon.colcon_core.shell:Creating environment hook '/home/wjs/cart_ros2/install/share/agv_mapping/hook/ld_library_path_lib.ps1'
[4.331s] INFO:colcon.colcon_core.shell:Creating environment descriptor '/home/wjs/cart_ros2/install/share/agv_mapping/hook/ld_library_path_lib.dsv'
[4.332s] INFO:colcon.colcon_core.shell:Creating environment hook '/home/wjs/cart_ros2/install/share/agv_mapping/hook/ld_library_path_lib.sh'
[4.334s] Level 1:colcon.colcon_core.environment:checking '/home/wjs/cart_ros2/install/bin'
[4.335s] Level 1:colcon.colcon_core.environment:checking '/home/wjs/cart_ros2/install/lib/pkgconfig/agv_mapping.pc'
[4.335s] Level 1:colcon.colcon_core.environment:checking '/home/wjs/cart_ros2/install/lib/python3.8/site-packages'
[4.335s] Level 1:colcon.colcon_core.shell:create_environment_hook('agv_mapping', 'pythonpath')
[4.336s] INFO:colcon.colcon_core.shell:Creating environment hook '/home/wjs/cart_ros2/install/share/agv_mapping/hook/pythonpath.ps1'
[4.338s] INFO:colcon.colcon_core.shell:Creating environment descriptor '/home/wjs/cart_ros2/install/share/agv_mapping/hook/pythonpath.dsv'
[4.339s] INFO:colcon.colcon_core.shell:Creating environment hook '/home/wjs/cart_ros2/install/share/agv_mapping/hook/pythonpath.sh'
[4.342s] Level 1:colcon.colcon_core.environment:checking '/home/wjs/cart_ros2/install/bin'
[4.343s] INFO:colcon.colcon_core.shell:Creating package script '/home/wjs/cart_ros2/install/share/agv_mapping/package.ps1'
[4.346s] INFO:colcon.colcon_core.shell:Creating package descriptor '/home/wjs/cart_ros2/install/share/agv_mapping/package.dsv'
[4.349s] INFO:colcon.colcon_core.shell:Creating package script '/home/wjs/cart_ros2/install/share/agv_mapping/package.sh'
[4.351s] INFO:colcon.colcon_core.shell:Creating package script '/home/wjs/cart_ros2/install/share/agv_mapping/package.bash'
[4.354s] INFO:colcon.colcon_core.shell:Creating package script '/home/wjs/cart_ros2/install/share/agv_mapping/package.zsh'
[4.357s] Level 1:colcon.colcon_core.environment:create_file_with_runtime_dependencies(/home/wjs/cart_ros2/install/share/colcon-core/packages/agv_mapping)
[4.361s] INFO:colcon.colcon_ros.task.ament_python.build:Building ROS package in '/home/wjs/cart_ros2/src/ros2_differential_drive-ros2' with build type 'ament_python'
[4.362s] Level 1:colcon.colcon_core.shell:create_environment_hook('differential_drive', 'ament_prefix_path')
[4.363s] INFO:colcon.colcon_core.shell:Creating environment hook '/home/wjs/cart_ros2/install/share/differential_drive/hook/ament_prefix_path.ps1'
[4.366s] INFO:colcon.colcon_core.shell:Creating environment descriptor '/home/wjs/cart_ros2/install/share/differential_drive/hook/ament_prefix_path.dsv'
[4.370s] INFO:colcon.colcon_core.shell:Creating environment hook '/home/wjs/cart_ros2/install/share/differential_drive/hook/ament_prefix_path.sh'
[4.373s] INFO:colcon.colcon_core.shell:Skip shell extension 'powershell' for command environment: Not usable outside of PowerShell
[4.373s] DEBUG:colcon.colcon_core.shell:Skip shell extension 'dsv' for command environment
[4.408s] Level 1:colcon.colcon_core.environment:create_environment_scripts_only(roboteq_interfaces)
[4.413s] Level 1:colcon.colcon_core.environment:checking '/home/wjs/cart_ros2/install' for CMake module files
[4.417s] DEBUG:colcon.colcon_core.event_handler.log_command:Invoked command in '/home/wjs/cart_ros2/build/roboteq_interfaces' returned '0': CMAKE_PREFIX_PATH=${CMAKE_PREFIX_PATH}:/opt/ros/galactic /usr/bin/cmake --install /home/wjs/cart_ros2/build/roboteq_interfaces
[4.422s] Level 1:colcon.colcon_core.environment:checking '/home/wjs/cart_ros2/install' for CMake config files
[4.431s] Level 1:colcon.colcon_core.shell:create_environment_hook('roboteq_interfaces', 'cmake_prefix_path')
[4.432s] INFO:colcon.colcon_core.shell:Creating environment hook '/home/wjs/cart_ros2/install/share/roboteq_interfaces/hook/cmake_prefix_path.ps1'
[4.436s] INFO:colcon.colcon_core.shell:Creating environment descriptor '/home/wjs/cart_ros2/install/share/roboteq_interfaces/hook/cmake_prefix_path.dsv'
[4.439s] INFO:colcon.colcon_core.shell:Creating environment hook '/home/wjs/cart_ros2/install/share/roboteq_interfaces/hook/cmake_prefix_path.sh'
[4.443s] Level 1:colcon.colcon_core.environment:checking '/home/wjs/cart_ros2/install/lib'
[4.443s] Level 1:colcon.colcon_core.shell:create_environment_hook('roboteq_interfaces', 'ld_library_path_lib')
[4.444s] INFO:colcon.colcon_core.shell:Creating environment hook '/home/wjs/cart_ros2/install/share/roboteq_interfaces/hook/ld_library_path_lib.ps1'
[4.446s] INFO:colcon.colcon_core.shell:Creating environment descriptor '/home/wjs/cart_ros2/install/share/roboteq_interfaces/hook/ld_library_path_lib.dsv'
[4.448s] INFO:colcon.colcon_core.shell:Creating environment hook '/home/wjs/cart_ros2/install/share/roboteq_interfaces/hook/ld_library_path_lib.sh'
[4.450s] Level 1:colcon.colcon_core.environment:checking '/home/wjs/cart_ros2/install/bin'
[4.451s] Level 1:colcon.colcon_core.environment:checking '/home/wjs/cart_ros2/install/lib/pkgconfig/roboteq_interfaces.pc'
[4.453s] Level 1:colcon.colcon_core.environment:checking '/home/wjs/cart_ros2/install/lib/python3.8/site-packages'
[4.453s] Level 1:colcon.colcon_core.shell:create_environment_hook('roboteq_interfaces', 'pythonpath')
[4.454s] INFO:colcon.colcon_core.shell:Creating environment hook '/home/wjs/cart_ros2/install/share/roboteq_interfaces/hook/pythonpath.ps1'
[4.456s] INFO:colcon.colcon_core.shell:Creating environment descriptor '/home/wjs/cart_ros2/install/share/roboteq_interfaces/hook/pythonpath.dsv'
[4.458s] INFO:colcon.colcon_core.shell:Creating environment hook '/home/wjs/cart_ros2/install/share/roboteq_interfaces/hook/pythonpath.sh'
[4.461s] Level 1:colcon.colcon_core.environment:checking '/home/wjs/cart_ros2/install/bin'
[4.462s] INFO:colcon.colcon_core.shell:Creating package script '/home/wjs/cart_ros2/install/share/roboteq_interfaces/package.ps1'
[4.465s] INFO:colcon.colcon_core.shell:Creating package descriptor '/home/wjs/cart_ros2/install/share/roboteq_interfaces/package.dsv'
[4.467s] INFO:colcon.colcon_core.shell:Creating package script '/home/wjs/cart_ros2/install/share/roboteq_interfaces/package.sh'
[4.469s] INFO:colcon.colcon_core.shell:Creating package script '/home/wjs/cart_ros2/install/share/roboteq_interfaces/package.bash'
[4.471s] INFO:colcon.colcon_core.shell:Creating package script '/home/wjs/cart_ros2/install/share/roboteq_interfaces/package.zsh'
[4.472s] Level 1:colcon.colcon_core.environment:create_file_with_runtime_dependencies(/home/wjs/cart_ros2/install/share/colcon-core/packages/roboteq_interfaces)
[4.475s] Level 1:colcon.colcon_core.environment:create_environment_scripts_only(roboteq_interfaces)
[4.476s] Level 1:colcon.colcon_core.environment:checking '/home/wjs/cart_ros2/install' for CMake module files
[4.478s] Level 1:colcon.colcon_core.environment:checking '/home/wjs/cart_ros2/install' for CMake config files
[4.484s] Level 1:colcon.colcon_core.shell:create_environment_hook('roboteq_interfaces', 'cmake_prefix_path')
[4.485s] INFO:colcon.colcon_core.shell:Creating environment hook '/home/wjs/cart_ros2/install/share/roboteq_interfaces/hook/cmake_prefix_path.ps1'
[4.487s] INFO:colcon.colcon_core.shell:Creating environment descriptor '/home/wjs/cart_ros2/install/share/roboteq_interfaces/hook/cmake_prefix_path.dsv'
[4.491s] INFO:colcon.colcon_core.shell:Creating environment hook '/home/wjs/cart_ros2/install/share/roboteq_interfaces/hook/cmake_prefix_path.sh'
[4.493s] Level 1:colcon.colcon_core.environment:checking '/home/wjs/cart_ros2/install/lib'
[4.493s] Level 1:colcon.colcon_core.shell:create_environment_hook('roboteq_interfaces', 'ld_library_path_lib')
[4.494s] INFO:colcon.colcon_core.shell:Creating environment hook '/home/wjs/cart_ros2/install/share/roboteq_interfaces/hook/ld_library_path_lib.ps1'
[4.496s] INFO:colcon.colcon_core.shell:Creating environment descriptor '/home/wjs/cart_ros2/install/share/roboteq_interfaces/hook/ld_library_path_lib.dsv'
[4.497s] INFO:colcon.colcon_core.shell:Creating environment hook '/home/wjs/cart_ros2/install/share/roboteq_interfaces/hook/ld_library_path_lib.sh'
[4.500s] Level 1:colcon.colcon_core.environment:checking '/home/wjs/cart_ros2/install/bin'
[4.500s] Level 1:colcon.colcon_core.environment:checking '/home/wjs/cart_ros2/install/lib/pkgconfig/roboteq_interfaces.pc'
[4.501s] Level 1:colcon.colcon_core.environment:checking '/home/wjs/cart_ros2/install/lib/python3.8/site-packages'
[4.501s] Level 1:colcon.colcon_core.shell:create_environment_hook('roboteq_interfaces', 'pythonpath')
[4.502s] INFO:colcon.colcon_core.shell:Creating environment hook '/home/wjs/cart_ros2/install/share/roboteq_interfaces/hook/pythonpath.ps1'
[4.504s] INFO:colcon.colcon_core.shell:Creating environment descriptor '/home/wjs/cart_ros2/install/share/roboteq_interfaces/hook/pythonpath.dsv'
[4.505s] INFO:colcon.colcon_core.shell:Creating environment hook '/home/wjs/cart_ros2/install/share/roboteq_interfaces/hook/pythonpath.sh'
[4.508s] Level 1:colcon.colcon_core.environment:checking '/home/wjs/cart_ros2/install/bin'
[4.509s] INFO:colcon.colcon_core.shell:Creating package script '/home/wjs/cart_ros2/install/share/roboteq_interfaces/package.ps1'
[4.512s] INFO:colcon.colcon_core.shell:Creating package descriptor '/home/wjs/cart_ros2/install/share/roboteq_interfaces/package.dsv'
[4.515s] INFO:colcon.colcon_core.shell:Creating package script '/home/wjs/cart_ros2/install/share/roboteq_interfaces/package.sh'
[4.517s] INFO:colcon.colcon_core.shell:Creating package script '/home/wjs/cart_ros2/install/share/roboteq_interfaces/package.bash'
[4.519s] INFO:colcon.colcon_core.shell:Creating package script '/home/wjs/cart_ros2/install/share/roboteq_interfaces/package.zsh'
[4.521s] Level 1:colcon.colcon_core.environment:create_file_with_runtime_dependencies(/home/wjs/cart_ros2/install/share/colcon-core/packages/roboteq_interfaces)
[4.526s] INFO:colcon.colcon_ros.task.ament_cmake.build:Building ROS package in '/home/wjs/cart_ros2/src/ira_laser_tools' with build type 'ament_cmake'
[4.527s] INFO:colcon.colcon_cmake.task.cmake.build:Building CMake package in '/home/wjs/cart_ros2/src/ira_laser_tools'
[4.528s] INFO:colcon.colcon_core.shell:Skip shell extension 'powershell' for command environment: Not usable outside of PowerShell
[4.528s] DEBUG:colcon.colcon_core.shell:Skip shell extension 'dsv' for command environment
[5.698s] INFO:colcon.colcon_core.task.python.build:Building Python package in '/home/wjs/cart_ros2/src/arduino_ros2'
[5.701s] INFO:colcon.colcon_core.shell:Skip shell extension 'powershell' for command environment: Not usable outside of PowerShell
[5.701s] DEBUG:colcon.colcon_core.shell:Skip shell extension 'dsv' for command environment
[6.764s] INFO:colcon.colcon_core.task.python.build:Building Python package in '/home/wjs/cart_ros2/src/ros2_differential_drive-ros2'
[6.768s] INFO:colcon.colcon_core.shell:Skip shell extension 'powershell' for command environment: Not usable outside of PowerShell
[6.768s] DEBUG:colcon.colcon_core.shell:Skip shell extension 'dsv' for command environment
[6.820s] DEBUG:colcon.colcon_core.event_handler.log_command:Invoking command in '/home/wjs/cart_ros2/build/agv_body': PYTHONPATH=/home/wjs/cart_ros2/build/agv_body/prefix_override:/usr/lib/python3/dist-packages/colcon_core/task/python/colcon_distutils_commands:/home/wjs/cart_ros2/install/lib/python3.8/site-packages:${PYTHONPATH} /usr/bin/python3 -W ignore:setup.py install is deprecated -W ignore:easy_install command is deprecated setup.py develop --editable --build-directory /home/wjs/cart_ros2/build/agv_body/build --no-deps symlink_data
[6.849s] DEBUG:colcon.colcon_core.event_handler.log_command:Invoking command in '/home/wjs/cart_ros2/build/ira_laser_tools': CMAKE_PREFIX_PATH=${CMAKE_PREFIX_PATH}:/opt/ros/galactic /usr/bin/cmake --build /home/wjs/cart_ros2/build/ira_laser_tools -- -j4 -l4
[7.497s] DEBUG:colcon.colcon_core.event_handler.log_command:Invoked command in '/home/wjs/cart_ros2/build/ira_laser_tools' returned '0': CMAKE_PREFIX_PATH=${CMAKE_PREFIX_PATH}:/opt/ros/galactic /usr/bin/cmake --build /home/wjs/cart_ros2/build/ira_laser_tools -- -j4 -l4
[7.501s] DEBUG:colcon.colcon_core.event_handler.log_command:Invoking command in '/home/wjs/cart_ros2/build/ira_laser_tools': CMAKE_PREFIX_PATH=${CMAKE_PREFIX_PATH}:/opt/ros/galactic /usr/bin/cmake --install /home/wjs/cart_ros2/build/ira_laser_tools
[7.682s] Level 1:colcon.colcon_core.environment:create_environment_scripts_only(ira_laser_tools)
[7.687s] Level 1:colcon.colcon_core.environment:checking '/home/wjs/cart_ros2/install' for CMake module files
[7.688s] DEBUG:colcon.colcon_core.event_handler.log_command:Invoked command in '/home/wjs/cart_ros2/build/ira_laser_tools' returned '0': CMAKE_PREFIX_PATH=${CMAKE_PREFIX_PATH}:/opt/ros/galactic /usr/bin/cmake --install /home/wjs/cart_ros2/build/ira_laser_tools
[7.695s] Level 1:colcon.colcon_core.environment:checking '/home/wjs/cart_ros2/install' for CMake config files
[7.707s] Level 1:colcon.colcon_core.shell:create_environment_hook('ira_laser_tools', 'cmake_prefix_path')
[7.708s] INFO:colcon.colcon_core.shell:Creating environment hook '/home/wjs/cart_ros2/install/share/ira_laser_tools/hook/cmake_prefix_path.ps1'
[7.711s] INFO:colcon.colcon_core.shell:Creating environment descriptor '/home/wjs/cart_ros2/install/share/ira_laser_tools/hook/cmake_prefix_path.dsv'
[7.720s] INFO:colcon.colcon_core.shell:Creating environment hook '/home/wjs/cart_ros2/install/share/ira_laser_tools/hook/cmake_prefix_path.sh'
[7.724s] Level 1:colcon.colcon_core.environment:checking '/home/wjs/cart_ros2/install/lib'
[7.724s] Level 1:colcon.colcon_core.shell:create_environment_hook('ira_laser_tools', 'ld_library_path_lib')
[7.725s] INFO:colcon.colcon_core.shell:Creating environment hook '/home/wjs/cart_ros2/install/share/ira_laser_tools/hook/ld_library_path_lib.ps1'
[7.727s] INFO:colcon.colcon_core.shell:Creating environment descriptor '/home/wjs/cart_ros2/install/share/ira_laser_tools/hook/ld_library_path_lib.dsv'
[7.728s] INFO:colcon.colcon_core.shell:Creating environment hook '/home/wjs/cart_ros2/install/share/ira_laser_tools/hook/ld_library_path_lib.sh'
[7.730s] Level 1:colcon.colcon_core.environment:checking '/home/wjs/cart_ros2/install/bin'
[7.731s] Level 1:colcon.colcon_core.environment:checking '/home/wjs/cart_ros2/install/lib/pkgconfig/ira_laser_tools.pc'
[7.732s] Level 1:colcon.colcon_core.environment:checking '/home/wjs/cart_ros2/install/lib/python3.8/site-packages'
[7.732s] Level 1:colcon.colcon_core.shell:create_environment_hook('ira_laser_tools', 'pythonpath')
[7.733s] INFO:colcon.colcon_core.shell:Creating environment hook '/home/wjs/cart_ros2/install/share/ira_laser_tools/hook/pythonpath.ps1'
[7.736s] INFO:colcon.colcon_core.shell:Creating environment descriptor '/home/wjs/cart_ros2/install/share/ira_laser_tools/hook/pythonpath.dsv'
[7.737s] INFO:colcon.colcon_core.shell:Creating environment hook '/home/wjs/cart_ros2/install/share/ira_laser_tools/hook/pythonpath.sh'
[7.740s] Level 1:colcon.colcon_core.environment:checking '/home/wjs/cart_ros2/install/bin'
[7.742s] INFO:colcon.colcon_core.shell:Creating package script '/home/wjs/cart_ros2/install/share/ira_laser_tools/package.ps1'
[7.746s] INFO:colcon.colcon_core.shell:Creating package descriptor '/home/wjs/cart_ros2/install/share/ira_laser_tools/package.dsv'
[7.748s] INFO:colcon.colcon_core.shell:Creating package script '/home/wjs/cart_ros2/install/share/ira_laser_tools/package.sh'
[7.750s] INFO:colcon.colcon_core.shell:Creating package script '/home/wjs/cart_ros2/install/share/ira_laser_tools/package.bash'
[7.752s] INFO:colcon.colcon_core.shell:Creating package script '/home/wjs/cart_ros2/install/share/ira_laser_tools/package.zsh'
[7.753s] Level 1:colcon.colcon_core.environment:create_file_with_runtime_dependencies(/home/wjs/cart_ros2/install/share/colcon-core/packages/ira_laser_tools)
[7.757s] Level 1:colcon.colcon_core.environment:create_environment_scripts_only(ira_laser_tools)
[7.758s] Level 1:colcon.colcon_core.environment:checking '/home/wjs/cart_ros2/install' for CMake module files
[7.760s] Level 1:colcon.colcon_core.environment:checking '/home/wjs/cart_ros2/install' for CMake config files
[7.767s] Level 1:colcon.colcon_core.shell:create_environment_hook('ira_laser_tools', 'cmake_prefix_path')
[7.768s] INFO:colcon.colcon_core.shell:Creating environment hook '/home/wjs/cart_ros2/install/share/ira_laser_tools/hook/cmake_prefix_path.ps1'
[7.772s] INFO:colcon.colcon_core.shell:Creating environment descriptor '/home/wjs/cart_ros2/install/share/ira_laser_tools/hook/cmake_prefix_path.dsv'
[7.783s] INFO:colcon.colcon_core.shell:Creating environment hook '/home/wjs/cart_ros2/install/share/ira_laser_tools/hook/cmake_prefix_path.sh'
[7.789s] Level 1:colcon.colcon_core.environment:checking '/home/wjs/cart_ros2/install/lib'
[7.790s] Level 1:colcon.colcon_core.shell:create_environment_hook('ira_laser_tools', 'ld_library_path_lib')
[7.792s] INFO:colcon.colcon_core.shell:Creating environment hook '/home/wjs/cart_ros2/install/share/ira_laser_tools/hook/ld_library_path_lib.ps1'
[7.799s] INFO:colcon.colcon_core.shell:Creating environment descriptor '/home/wjs/cart_ros2/install/share/ira_laser_tools/hook/ld_library_path_lib.dsv'
[7.807s] INFO:colcon.colcon_core.shell:Creating environment hook '/home/wjs/cart_ros2/install/share/ira_laser_tools/hook/ld_library_path_lib.sh'
[7.809s] Level 1:colcon.colcon_core.environment:checking '/home/wjs/cart_ros2/install/bin'
[7.810s] Level 1:colcon.colcon_core.environment:checking '/home/wjs/cart_ros2/install/lib/pkgconfig/ira_laser_tools.pc'
[7.811s] Level 1:colcon.colcon_core.environment:checking '/home/wjs/cart_ros2/install/lib/python3.8/site-packages'
[7.812s] Level 1:colcon.colcon_core.shell:create_environment_hook('ira_laser_tools', 'pythonpath')
[7.813s] INFO:colcon.colcon_core.shell:Creating environment hook '/home/wjs/cart_ros2/install/share/ira_laser_tools/hook/pythonpath.ps1'
[7.814s] INFO:colcon.colcon_core.shell:Creating environment descriptor '/home/wjs/cart_ros2/install/share/ira_laser_tools/hook/pythonpath.dsv'
[7.816s] INFO:colcon.colcon_core.shell:Creating environment hook '/home/wjs/cart_ros2/install/share/ira_laser_tools/hook/pythonpath.sh'
[7.819s] Level 1:colcon.colcon_core.environment:checking '/home/wjs/cart_ros2/install/bin'
[7.820s] INFO:colcon.colcon_core.shell:Creating package script '/home/wjs/cart_ros2/install/share/ira_laser_tools/package.ps1'
[7.823s] INFO:colcon.colcon_core.shell:Creating package descriptor '/home/wjs/cart_ros2/install/share/ira_laser_tools/package.dsv'
[7.827s] INFO:colcon.colcon_core.shell:Creating package script '/home/wjs/cart_ros2/install/share/ira_laser_tools/package.sh'
[7.830s] INFO:colcon.colcon_core.shell:Creating package script '/home/wjs/cart_ros2/install/share/ira_laser_tools/package.bash'
[7.832s] INFO:colcon.colcon_core.shell:Creating package script '/home/wjs/cart_ros2/install/share/ira_laser_tools/package.zsh'
[7.834s] Level 1:colcon.colcon_core.environment:create_file_with_runtime_dependencies(/home/wjs/cart_ros2/install/share/colcon-core/packages/ira_laser_tools)
[7.839s] INFO:colcon.colcon_ros.task.ament_cmake.build:Building ROS package in '/home/wjs/cart_ros2/src/laser_filters' with build type 'ament_cmake'
[7.841s] INFO:colcon.colcon_cmake.task.cmake.build:Building CMake package in '/home/wjs/cart_ros2/src/laser_filters'
[7.842s] INFO:colcon.colcon_core.shell:Skip shell extension 'powershell' for command environment: Not usable outside of PowerShell
[7.842s] DEBUG:colcon.colcon_core.shell:Skip shell extension 'dsv' for command environment
[7.967s] DEBUG:colcon.colcon_core.event_handler.log_command:Invoking command in '/home/wjs/cart_ros2/build/laser_filters': CMAKE_PREFIX_PATH=${CMAKE_PREFIX_PATH}:/opt/ros/galactic /usr/bin/cmake --build /home/wjs/cart_ros2/build/laser_filters -- -j4 -l4
[9.069s] DEBUG:colcon.colcon_core.event_handler.log_command:Invoked command in '/home/wjs/cart_ros2/build/laser_filters' returned '0': CMAKE_PREFIX_PATH=${CMAKE_PREFIX_PATH}:/opt/ros/galactic /usr/bin/cmake --build /home/wjs/cart_ros2/build/laser_filters -- -j4 -l4
[9.093s] DEBUG:colcon.colcon_core.event_handler.log_command:Invoking command in '/home/wjs/cart_ros2/build/laser_filters': CMAKE_PREFIX_PATH=${CMAKE_PREFIX_PATH}:/opt/ros/galactic /usr/bin/cmake --install /home/wjs/cart_ros2/build/laser_filters
[9.229s] DEBUG:colcon.colcon_core.event_handler.log_command:Invoking command in '/home/wjs/cart_ros2/build/differential_drive': PYTHONPATH=/home/wjs/cart_ros2/build/differential_drive/prefix_override:/usr/lib/python3/dist-packages/colcon_core/task/python/colcon_distutils_commands:/home/wjs/cart_ros2/install/lib/python3.8/site-packages:${PYTHONPATH} /usr/bin/python3 -W ignore:setup.py install is deprecated -W ignore:easy_install command is deprecated setup.py develop --editable --build-directory /home/wjs/cart_ros2/build/differential_drive/build --no-deps symlink_data
[9.349s] Level 1:colcon.colcon_core.environment:create_environment_scripts_only(laser_filters)
[9.353s] Level 1:colcon.colcon_core.environment:checking '/home/wjs/cart_ros2/install' for CMake module files
[9.354s] DEBUG:colcon.colcon_core.event_handler.log_command:Invoked command in '/home/wjs/cart_ros2/build/laser_filters' returned '0': CMAKE_PREFIX_PATH=${CMAKE_PREFIX_PATH}:/opt/ros/galactic /usr/bin/cmake --install /home/wjs/cart_ros2/build/laser_filters
[9.359s] Level 1:colcon.colcon_core.environment:checking '/home/wjs/cart_ros2/install' for CMake config files
[9.366s] Level 1:colcon.colcon_core.shell:create_environment_hook('laser_filters', 'cmake_prefix_path')
[9.369s] INFO:colcon.colcon_core.shell:Creating environment hook '/home/wjs/cart_ros2/install/share/laser_filters/hook/cmake_prefix_path.ps1'
[9.375s] INFO:colcon.colcon_core.shell:Creating environment descriptor '/home/wjs/cart_ros2/install/share/laser_filters/hook/cmake_prefix_path.dsv'
[9.384s] INFO:colcon.colcon_core.shell:Creating environment hook '/home/wjs/cart_ros2/install/share/laser_filters/hook/cmake_prefix_path.sh'
[9.388s] Level 1:colcon.colcon_core.environment:checking '/home/wjs/cart_ros2/install/lib'
[9.388s] Level 1:colcon.colcon_core.shell:create_environment_hook('laser_filters', 'ld_library_path_lib')
[9.390s] INFO:colcon.colcon_core.shell:Creating environment hook '/home/wjs/cart_ros2/install/share/laser_filters/hook/ld_library_path_lib.ps1'
[9.391s] INFO:colcon.colcon_core.shell:Creating environment descriptor '/home/wjs/cart_ros2/install/share/laser_filters/hook/ld_library_path_lib.dsv'
[9.394s] INFO:colcon.colcon_core.shell:Creating environment hook '/home/wjs/cart_ros2/install/share/laser_filters/hook/ld_library_path_lib.sh'
[9.397s] Level 1:colcon.colcon_core.environment:checking '/home/wjs/cart_ros2/install/bin'
[9.398s] Level 1:colcon.colcon_core.environment:checking '/home/wjs/cart_ros2/install/lib/pkgconfig/laser_filters.pc'
[9.399s] Level 1:colcon.colcon_core.environment:checking '/home/wjs/cart_ros2/install/lib/python3.8/site-packages'
[9.399s] Level 1:colcon.colcon_core.shell:create_environment_hook('laser_filters', 'pythonpath')
[9.400s] INFO:colcon.colcon_core.shell:Creating environment hook '/home/wjs/cart_ros2/install/share/laser_filters/hook/pythonpath.ps1'
[9.402s] INFO:colcon.colcon_core.shell:Creating environment descriptor '/home/wjs/cart_ros2/install/share/laser_filters/hook/pythonpath.dsv'
[9.404s] INFO:colcon.colcon_core.shell:Creating environment hook '/home/wjs/cart_ros2/install/share/laser_filters/hook/pythonpath.sh'
[9.407s] Level 1:colcon.colcon_core.environment:checking '/home/wjs/cart_ros2/install/bin'
[9.409s] INFO:colcon.colcon_core.shell:Creating package script '/home/wjs/cart_ros2/install/share/laser_filters/package.ps1'
[9.411s] INFO:colcon.colcon_core.shell:Creating package descriptor '/home/wjs/cart_ros2/install/share/laser_filters/package.dsv'
[9.414s] INFO:colcon.colcon_core.shell:Creating package script '/home/wjs/cart_ros2/install/share/laser_filters/package.sh'
[9.417s] INFO:colcon.colcon_core.shell:Creating package script '/home/wjs/cart_ros2/install/share/laser_filters/package.bash'
[9.419s] INFO:colcon.colcon_core.shell:Creating package script '/home/wjs/cart_ros2/install/share/laser_filters/package.zsh'
[9.421s] Level 1:colcon.colcon_core.environment:create_file_with_runtime_dependencies(/home/wjs/cart_ros2/install/share/colcon-core/packages/laser_filters)
[9.424s] Level 1:colcon.colcon_core.environment:create_environment_scripts_only(laser_filters)
[9.425s] Level 1:colcon.colcon_core.environment:checking '/home/wjs/cart_ros2/install' for CMake module files
[9.428s] Level 1:colcon.colcon_core.environment:checking '/home/wjs/cart_ros2/install' for CMake config files
[9.440s] Level 1:colcon.colcon_core.shell:create_environment_hook('laser_filters', 'cmake_prefix_path')
[9.441s] INFO:colcon.colcon_core.shell:Creating environment hook '/home/wjs/cart_ros2/install/share/laser_filters/hook/cmake_prefix_path.ps1'
[9.444s] INFO:colcon.colcon_core.shell:Creating environment descriptor '/home/wjs/cart_ros2/install/share/laser_filters/hook/cmake_prefix_path.dsv'
[9.448s] INFO:colcon.colcon_core.shell:Creating environment hook '/home/wjs/cart_ros2/install/share/laser_filters/hook/cmake_prefix_path.sh'
[9.453s] Level 1:colcon.colcon_core.environment:checking '/home/wjs/cart_ros2/install/lib'
[9.454s] Level 1:colcon.colcon_core.shell:create_environment_hook('laser_filters', 'ld_library_path_lib')
[9.455s] INFO:colcon.colcon_core.shell:Creating environment hook '/home/wjs/cart_ros2/install/share/laser_filters/hook/ld_library_path_lib.ps1'
[9.465s] INFO:colcon.colcon_core.shell:Creating environment descriptor '/home/wjs/cart_ros2/install/share/laser_filters/hook/ld_library_path_lib.dsv'
[9.472s] INFO:colcon.colcon_core.shell:Creating environment hook '/home/wjs/cart_ros2/install/share/laser_filters/hook/ld_library_path_lib.sh'
[9.476s] Level 1:colcon.colcon_core.environment:checking '/home/wjs/cart_ros2/install/bin'
[9.476s] Level 1:colcon.colcon_core.environment:checking '/home/wjs/cart_ros2/install/lib/pkgconfig/laser_filters.pc'
[9.477s] Level 1:colcon.colcon_core.environment:checking '/home/wjs/cart_ros2/install/lib/python3.8/site-packages'
[9.477s] Level 1:colcon.colcon_core.shell:create_environment_hook('laser_filters', 'pythonpath')
[9.478s] INFO:colcon.colcon_core.shell:Creating environment hook '/home/wjs/cart_ros2/install/share/laser_filters/hook/pythonpath.ps1'
[9.480s] INFO:colcon.colcon_core.shell:Creating environment descriptor '/home/wjs/cart_ros2/install/share/laser_filters/hook/pythonpath.dsv'
[9.482s] INFO:colcon.colcon_core.shell:Creating environment hook '/home/wjs/cart_ros2/install/share/laser_filters/hook/pythonpath.sh'
[9.486s] Level 1:colcon.colcon_core.environment:checking '/home/wjs/cart_ros2/install/bin'
[9.488s] INFO:colcon.colcon_core.shell:Creating package script '/home/wjs/cart_ros2/install/share/laser_filters/package.ps1'
[9.494s] INFO:colcon.colcon_core.shell:Creating package descriptor '/home/wjs/cart_ros2/install/share/laser_filters/package.dsv'
[9.498s] INFO:colcon.colcon_core.shell:Creating package script '/home/wjs/cart_ros2/install/share/laser_filters/package.sh'
[9.500s] INFO:colcon.colcon_core.shell:Creating package script '/home/wjs/cart_ros2/install/share/laser_filters/package.bash'
[9.502s] INFO:colcon.colcon_core.shell:Creating package script '/home/wjs/cart_ros2/install/share/laser_filters/package.zsh'
[9.504s] Level 1:colcon.colcon_core.environment:create_file_with_runtime_dependencies(/home/wjs/cart_ros2/install/share/colcon-core/packages/laser_filters)
[9.508s] INFO:colcon.colcon_ros.task.ament_cmake.build:Building ROS package in '/home/wjs/cart_ros2/src/sllidar_ros2' with build type 'ament_cmake'
[9.510s] INFO:colcon.colcon_cmake.task.cmake.build:Building CMake package in '/home/wjs/cart_ros2/src/sllidar_ros2'
[9.511s] INFO:colcon.colcon_core.shell:Skip shell extension 'powershell' for command environment: Not usable outside of PowerShell
[9.511s] DEBUG:colcon.colcon_core.shell:Skip shell extension 'dsv' for command environment
[9.581s] DEBUG:colcon.colcon_core.event_handler.log_command:Invoking command in '/home/wjs/cart_ros2/build/arduino_ros2': PYTHONPATH=/home/wjs/cart_ros2/build/arduino_ros2/prefix_override:/usr/lib/python3/dist-packages/colcon_core/task/python/colcon_distutils_commands:/home/wjs/cart_ros2/install/lib/python3.8/site-packages:${PYTHONPATH} /usr/bin/python3 -W ignore:setup.py install is deprecated -W ignore:easy_install command is deprecated setup.py develop --editable --build-directory /home/wjs/cart_ros2/build/arduino_ros2/build --no-deps symlink_data
[9.648s] DEBUG:colcon.colcon_core.event_handler.log_command:Invoking command in '/home/wjs/cart_ros2/build/sllidar_ros2': CMAKE_PREFIX_PATH=${CMAKE_PREFIX_PATH}:/opt/ros/galactic /usr/bin/cmake --build /home/wjs/cart_ros2/build/sllidar_ros2 -- -j4 -l4
[9.690s] Level 1:colcon.colcon_core.shell:create_environment_hook('agv_body', 'pythonpath_develop')
[9.693s] INFO:colcon.colcon_core.shell:Creating environment hook '/home/wjs/cart_ros2/build/agv_body/share/agv_body/hook/pythonpath_develop.ps1'
[9.699s] INFO:colcon.colcon_core.shell:Creating environment descriptor '/home/wjs/cart_ros2/build/agv_body/share/agv_body/hook/pythonpath_develop.dsv'
[9.704s] DEBUG:colcon.colcon_core.event_handler.log_command:Invoked command in '/home/wjs/cart_ros2/build/agv_body' returned '0': PYTHONPATH=/home/wjs/cart_ros2/build/agv_body/prefix_override:/usr/lib/python3/dist-packages/colcon_core/task/python/colcon_distutils_commands:/home/wjs/cart_ros2/install/lib/python3.8/site-packages:${PYTHONPATH} /usr/bin/python3 -W ignore:setup.py install is deprecated -W ignore:easy_install command is deprecated setup.py develop --editable --build-directory /home/wjs/cart_ros2/build/agv_body/build --no-deps symlink_data
[9.712s] INFO:colcon.colcon_core.shell:Creating environment hook '/home/wjs/cart_ros2/build/agv_body/share/agv_body/hook/pythonpath_develop.sh'
[9.719s] Level 1:colcon.colcon_core.environment:checking '/home/wjs/cart_ros2/install' for CMake module files
[9.722s] Level 1:colcon.colcon_core.environment:checking '/home/wjs/cart_ros2/install' for CMake config files
[9.729s] Level 1:colcon.colcon_core.shell:create_environment_hook('agv_body', 'cmake_prefix_path')
[9.731s] INFO:colcon.colcon_core.shell:Creating environment hook '/home/wjs/cart_ros2/install/share/agv_body/hook/cmake_prefix_path.ps1'
[9.733s] INFO:colcon.colcon_core.shell:Creating environment descriptor '/home/wjs/cart_ros2/install/share/agv_body/hook/cmake_prefix_path.dsv'
[9.741s] INFO:colcon.colcon_core.shell:Creating environment hook '/home/wjs/cart_ros2/install/share/agv_body/hook/cmake_prefix_path.sh'
[9.745s] Level 1:colcon.colcon_core.environment:checking '/home/wjs/cart_ros2/install/lib'
[9.745s] Level 1:colcon.colcon_core.shell:create_environment_hook('agv_body', 'ld_library_path_lib')
[9.746s] INFO:colcon.colcon_core.shell:Creating environment hook '/home/wjs/cart_ros2/install/share/agv_body/hook/ld_library_path_lib.ps1'
[9.748s] INFO:colcon.colcon_core.shell:Creating environment descriptor '/home/wjs/cart_ros2/install/share/agv_body/hook/ld_library_path_lib.dsv'
[9.750s] INFO:colcon.colcon_core.shell:Creating environment hook '/home/wjs/cart_ros2/install/share/agv_body/hook/ld_library_path_lib.sh'
[9.752s] Level 1:colcon.colcon_core.environment:checking '/home/wjs/cart_ros2/install/bin'
[9.752s] Level 1:colcon.colcon_core.environment:checking '/home/wjs/cart_ros2/install/lib/pkgconfig/agv_body.pc'
[9.754s] Level 1:colcon.colcon_core.environment:checking '/home/wjs/cart_ros2/install/lib/python3.8/site-packages'
[9.754s] Level 1:colcon.colcon_core.shell:create_environment_hook('agv_body', 'pythonpath')
[9.755s] INFO:colcon.colcon_core.shell:Creating environment hook '/home/wjs/cart_ros2/install/share/agv_body/hook/pythonpath.ps1'
[9.758s] INFO:colcon.colcon_core.shell:Creating environment descriptor '/home/wjs/cart_ros2/install/share/agv_body/hook/pythonpath.dsv'
[9.760s] INFO:colcon.colcon_core.shell:Creating environment hook '/home/wjs/cart_ros2/install/share/agv_body/hook/pythonpath.sh'
[9.766s] Level 1:colcon.colcon_core.environment:checking '/home/wjs/cart_ros2/install/bin'
[9.766s] Level 1:colcon.colcon_core.environment:create_environment_scripts_only(agv_body)
[9.770s] INFO:colcon.colcon_core.shell:Creating package script '/home/wjs/cart_ros2/install/share/agv_body/package.ps1'
[9.782s] INFO:colcon.colcon_core.shell:Creating package descriptor '/home/wjs/cart_ros2/install/share/agv_body/package.dsv'
[9.794s] INFO:colcon.colcon_core.shell:Creating package script '/home/wjs/cart_ros2/install/share/agv_body/package.sh'
[9.798s] INFO:colcon.colcon_core.shell:Creating package script '/home/wjs/cart_ros2/install/share/agv_body/package.bash'
[9.800s] INFO:colcon.colcon_core.shell:Creating package script '/home/wjs/cart_ros2/install/share/agv_body/package.zsh'
[9.802s] Level 1:colcon.colcon_core.environment:create_file_with_runtime_dependencies(/home/wjs/cart_ros2/install/share/colcon-core/packages/agv_body)
[9.804s] INFO:colcon.colcon_ros.task.ament_cmake.build:Building ROS package in '/home/wjs/cart_ros2/src/2th_NtrexAHRS_lib_ROS/ros2_example/stella_ahrs' with build type 'ament_cmake'
[9.805s] INFO:colcon.colcon_cmake.task.cmake.build:Building CMake package in '/home/wjs/cart_ros2/src/2th_NtrexAHRS_lib_ROS/ros2_example/stella_ahrs'
[9.806s] INFO:colcon.colcon_core.shell:Skip shell extension 'powershell' for command environment: Not usable outside of PowerShell
[9.807s] DEBUG:colcon.colcon_core.shell:Skip shell extension 'dsv' for command environment
[9.900s] DEBUG:colcon.colcon_core.event_handler.log_command:Invoking command in '/home/wjs/cart_ros2/build/stella_ahrs': CMAKE_PREFIX_PATH=${CMAKE_PREFIX_PATH}:/opt/ros/galactic /usr/bin/cmake --build /home/wjs/cart_ros2/build/stella_ahrs -- -j4 -l4
[10.219s] DEBUG:colcon.colcon_core.event_handler.log_command:Invoked command in '/home/wjs/cart_ros2/build/sllidar_ros2' returned '0': CMAKE_PREFIX_PATH=${CMAKE_PREFIX_PATH}:/opt/ros/galactic /usr/bin/cmake --build /home/wjs/cart_ros2/build/sllidar_ros2 -- -j4 -l4
[10.250s] DEBUG:colcon.colcon_core.event_handler.log_command:Invoking command in '/home/wjs/cart_ros2/build/sllidar_ros2': CMAKE_PREFIX_PATH=${CMAKE_PREFIX_PATH}:/opt/ros/galactic /usr/bin/cmake --install /home/wjs/cart_ros2/build/sllidar_ros2
[10.410s] Level 1:colcon.colcon_core.environment:create_environment_scripts_only(sllidar_ros2)
[10.413s] Level 1:colcon.colcon_core.environment:checking '/home/wjs/cart_ros2/install' for CMake module files
[10.415s] DEBUG:colcon.colcon_core.event_handler.log_command:Invoked command in '/home/wjs/cart_ros2/build/sllidar_ros2' returned '0': CMAKE_PREFIX_PATH=${CMAKE_PREFIX_PATH}:/opt/ros/galactic /usr/bin/cmake --install /home/wjs/cart_ros2/build/sllidar_ros2
[10.418s] Level 1:colcon.colcon_core.environment:checking '/home/wjs/cart_ros2/install' for CMake config files
[10.426s] Level 1:colcon.colcon_core.shell:create_environment_hook('sllidar_ros2', 'cmake_prefix_path')
[10.428s] INFO:colcon.colcon_core.shell:Creating environment hook '/home/wjs/cart_ros2/install/share/sllidar_ros2/hook/cmake_prefix_path.ps1'
[10.432s] INFO:colcon.colcon_core.shell:Creating environment descriptor '/home/wjs/cart_ros2/install/share/sllidar_ros2/hook/cmake_prefix_path.dsv'
[10.444s] INFO:colcon.colcon_core.shell:Creating environment hook '/home/wjs/cart_ros2/install/share/sllidar_ros2/hook/cmake_prefix_path.sh'
[10.450s] Level 1:colcon.colcon_core.environment:checking '/home/wjs/cart_ros2/install/lib'
[10.451s] Level 1:colcon.colcon_core.shell:create_environment_hook('sllidar_ros2', 'ld_library_path_lib')
[10.453s] INFO:colcon.colcon_core.shell:Creating environment hook '/home/wjs/cart_ros2/install/share/sllidar_ros2/hook/ld_library_path_lib.ps1'
[10.455s] INFO:colcon.colcon_core.shell:Creating environment descriptor '/home/wjs/cart_ros2/install/share/sllidar_ros2/hook/ld_library_path_lib.dsv'
[10.457s] INFO:colcon.colcon_core.shell:Creating environment hook '/home/wjs/cart_ros2/install/share/sllidar_ros2/hook/ld_library_path_lib.sh'
[10.459s] Level 1:colcon.colcon_core.environment:checking '/home/wjs/cart_ros2/install/bin'
[10.459s] Level 1:colcon.colcon_core.environment:checking '/home/wjs/cart_ros2/install/lib/pkgconfig/sllidar_ros2.pc'
[10.461s] Level 1:colcon.colcon_core.environment:checking '/home/wjs/cart_ros2/install/lib/python3.8/site-packages'
[10.461s] Level 1:colcon.colcon_core.shell:create_environment_hook('sllidar_ros2', 'pythonpath')
[10.462s] INFO:colcon.colcon_core.shell:Creating environment hook '/home/wjs/cart_ros2/install/share/sllidar_ros2/hook/pythonpath.ps1'
[10.464s] INFO:colcon.colcon_core.shell:Creating environment descriptor '/home/wjs/cart_ros2/install/share/sllidar_ros2/hook/pythonpath.dsv'
[10.466s] INFO:colcon.colcon_core.shell:Creating environment hook '/home/wjs/cart_ros2/install/share/sllidar_ros2/hook/pythonpath.sh'
[10.471s] Level 1:colcon.colcon_core.environment:checking '/home/wjs/cart_ros2/install/bin'
[10.474s] INFO:colcon.colcon_core.shell:Creating package script '/home/wjs/cart_ros2/install/share/sllidar_ros2/package.ps1'
[10.479s] INFO:colcon.colcon_core.shell:Creating package descriptor '/home/wjs/cart_ros2/install/share/sllidar_ros2/package.dsv'
[10.482s] INFO:colcon.colcon_core.shell:Creating package script '/home/wjs/cart_ros2/install/share/sllidar_ros2/package.sh'
[10.485s] INFO:colcon.colcon_core.shell:Creating package script '/home/wjs/cart_ros2/install/share/sllidar_ros2/package.bash'
[10.488s] INFO:colcon.colcon_core.shell:Creating package script '/home/wjs/cart_ros2/install/share/sllidar_ros2/package.zsh'
[10.490s] Level 1:colcon.colcon_core.environment:create_file_with_runtime_dependencies(/home/wjs/cart_ros2/install/share/colcon-core/packages/sllidar_ros2)
[10.494s] Level 1:colcon.colcon_core.environment:create_environment_scripts_only(sllidar_ros2)
[10.495s] Level 1:colcon.colcon_core.environment:checking '/home/wjs/cart_ros2/install' for CMake module files
[10.497s] Level 1:colcon.colcon_core.environment:checking '/home/wjs/cart_ros2/install' for CMake config files
[10.503s] Level 1:colcon.colcon_core.shell:create_environment_hook('sllidar_ros2', 'cmake_prefix_path')
[10.505s] INFO:colcon.colcon_core.shell:Creating environment hook '/home/wjs/cart_ros2/install/share/sllidar_ros2/hook/cmake_prefix_path.ps1'
[10.507s] INFO:colcon.colcon_core.shell:Creating environment descriptor '/home/wjs/cart_ros2/install/share/sllidar_ros2/hook/cmake_prefix_path.dsv'
[10.515s] INFO:colcon.colcon_core.shell:Creating environment hook '/home/wjs/cart_ros2/install/share/sllidar_ros2/hook/cmake_prefix_path.sh'
[10.518s] Level 1:colcon.colcon_core.environment:checking '/home/wjs/cart_ros2/install/lib'
[10.520s] Level 1:colcon.colcon_core.shell:create_environment_hook('sllidar_ros2', 'ld_library_path_lib')
[10.522s] INFO:colcon.colcon_core.shell:Creating environment hook '/home/wjs/cart_ros2/install/share/sllidar_ros2/hook/ld_library_path_lib.ps1'
[10.524s] INFO:colcon.colcon_core.shell:Creating environment descriptor '/home/wjs/cart_ros2/install/share/sllidar_ros2/hook/ld_library_path_lib.dsv'
[10.527s] INFO:colcon.colcon_core.shell:Creating environment hook '/home/wjs/cart_ros2/install/share/sllidar_ros2/hook/ld_library_path_lib.sh'
[10.529s] Level 1:colcon.colcon_core.environment:checking '/home/wjs/cart_ros2/install/bin'
[10.529s] Level 1:colcon.colcon_core.environment:checking '/home/wjs/cart_ros2/install/lib/pkgconfig/sllidar_ros2.pc'
[10.530s] Level 1:colcon.colcon_core.environment:checking '/home/wjs/cart_ros2/install/lib/python3.8/site-packages'
[10.530s] Level 1:colcon.colcon_core.shell:create_environment_hook('sllidar_ros2', 'pythonpath')
[10.531s] INFO:colcon.colcon_core.shell:Creating environment hook '/home/wjs/cart_ros2/install/share/sllidar_ros2/hook/pythonpath.ps1'
[10.534s] INFO:colcon.colcon_core.shell:Creating environment descriptor '/home/wjs/cart_ros2/install/share/sllidar_ros2/hook/pythonpath.dsv'
[10.537s] INFO:colcon.colcon_core.shell:Creating environment hook '/home/wjs/cart_ros2/install/share/sllidar_ros2/hook/pythonpath.sh'
[10.540s] Level 1:colcon.colcon_core.environment:checking '/home/wjs/cart_ros2/install/bin'
[10.541s] INFO:colcon.colcon_core.shell:Creating package script '/home/wjs/cart_ros2/install/share/sllidar_ros2/package.ps1'
[10.544s] INFO:colcon.colcon_core.shell:Creating package descriptor '/home/wjs/cart_ros2/install/share/sllidar_ros2/package.dsv'
[10.547s] INFO:colcon.colcon_core.shell:Creating package script '/home/wjs/cart_ros2/install/share/sllidar_ros2/package.sh'
[10.549s] INFO:colcon.colcon_core.shell:Creating package script '/home/wjs/cart_ros2/install/share/sllidar_ros2/package.bash'
[10.552s] INFO:colcon.colcon_core.shell:Creating package script '/home/wjs/cart_ros2/install/share/sllidar_ros2/package.zsh'
[10.554s] Level 1:colcon.colcon_core.environment:create_file_with_runtime_dependencies(/home/wjs/cart_ros2/install/share/colcon-core/packages/sllidar_ros2)
[10.558s] INFO:colcon.colcon_ros.task.ament_cmake.build:Building ROS package in '/home/wjs/cart_ros2/src/roboteq_controller_ros-galactic-devel/roboteq_controller' with build type 'ament_cmake'
[10.560s] INFO:colcon.colcon_cmake.task.cmake.build:Building CMake package in '/home/wjs/cart_ros2/src/roboteq_controller_ros-galactic-devel/roboteq_controller'
[10.561s] INFO:colcon.colcon_core.shell:Skip shell extension 'powershell' for command environment: Not usable outside of PowerShell
[10.562s] DEBUG:colcon.colcon_core.shell:Skip shell extension 'dsv' for command environment
[10.627s] DEBUG:colcon.colcon_core.event_handler.log_command:Invoked command in '/home/wjs/cart_ros2/build/stella_ahrs' returned '0': CMAKE_PREFIX_PATH=${CMAKE_PREFIX_PATH}:/opt/ros/galactic /usr/bin/cmake --build /home/wjs/cart_ros2/build/stella_ahrs -- -j4 -l4
[10.641s] DEBUG:colcon.colcon_core.event_handler.log_command:Invoking command in '/home/wjs/cart_ros2/build/stella_ahrs': CMAKE_PREFIX_PATH=${CMAKE_PREFIX_PATH}:/opt/ros/galactic /usr/bin/cmake --install /home/wjs/cart_ros2/build/stella_ahrs
[10.727s] DEBUG:colcon.colcon_core.event_handler.log_command:Invoking command in '/home/wjs/cart_ros2/build/roboteq_controller': CMAKE_PREFIX_PATH=${CMAKE_PREFIX_PATH}:/opt/ros/galactic LD_LIBRARY_PATH=/home/wjs/cart_ros2/install/lib:/opt/opencv-4.5.5-cuda/lib:/home/wjs/tb3_tpl_ws/install/lib:/opt/ros/galactic/opt/yaml_cpp_vendor/lib:/opt/ros/galactic/opt/rviz_ogre_vendor/lib:/opt/ros/galactic/lib/aarch64-linux-gnu:/opt/ros/galactic/lib:/usr/local/cuda-11.4/lib64 PYTHONPATH=/home/wjs/cart_ros2/install/lib/python3.8/site-packages:/opt/opencv-4.5.5-cuda/lib/python3.8/site-packages:/home/wjs/cart_ros2/build/differential_drive/src:/home/wjs/cart_ros2/build/arduino_ros2:/home/wjs/cart_ros2/build/agv_body:/home/wjs/tb3_tpl_ws/build/turtlebot3_teleop:/home/wjs/tb3_tpl_ws/install/lib/python3.8/site-packages:/opt/ros/galactic/lib/python3.8/site-packages /usr/bin/cmake --build /home/wjs/cart_ros2/build/roboteq_controller -- -j4 -l4
[10.810s] Level 1:colcon.colcon_core.environment:create_environment_scripts_only(stella_ahrs)
[10.816s] Level 1:colcon.colcon_core.environment:checking '/home/wjs/cart_ros2/install' for CMake module files
[10.814s] DEBUG:colcon.colcon_core.event_handler.log_command:Invoked command in '/home/wjs/cart_ros2/build/stella_ahrs' returned '0': CMAKE_PREFIX_PATH=${CMAKE_PREFIX_PATH}:/opt/ros/galactic /usr/bin/cmake --install /home/wjs/cart_ros2/build/stella_ahrs
[10.820s] Level 1:colcon.colcon_core.environment:checking '/home/wjs/cart_ros2/install' for CMake config files
[10.826s] Level 1:colcon.colcon_core.shell:create_environment_hook('stella_ahrs', 'cmake_prefix_path')
[10.828s] INFO:colcon.colcon_core.shell:Creating environment hook '/home/wjs/cart_ros2/install/share/stella_ahrs/hook/cmake_prefix_path.ps1'
[10.831s] INFO:colcon.colcon_core.shell:Creating environment descriptor '/home/wjs/cart_ros2/install/share/stella_ahrs/hook/cmake_prefix_path.dsv'
[10.840s] INFO:colcon.colcon_core.shell:Creating environment hook '/home/wjs/cart_ros2/install/share/stella_ahrs/hook/cmake_prefix_path.sh'
[10.844s] Level 1:colcon.colcon_core.environment:checking '/home/wjs/cart_ros2/install/lib'
[10.845s] Level 1:colcon.colcon_core.shell:create_environment_hook('stella_ahrs', 'ld_library_path_lib')
[10.846s] INFO:colcon.colcon_core.shell:Creating environment hook '/home/wjs/cart_ros2/install/share/stella_ahrs/hook/ld_library_path_lib.ps1'
[10.848s] INFO:colcon.colcon_core.shell:Creating environment descriptor '/home/wjs/cart_ros2/install/share/stella_ahrs/hook/ld_library_path_lib.dsv'
[10.850s] INFO:colcon.colcon_core.shell:Creating environment hook '/home/wjs/cart_ros2/install/share/stella_ahrs/hook/ld_library_path_lib.sh'
[10.852s] Level 1:colcon.colcon_core.environment:checking '/home/wjs/cart_ros2/install/bin'
[10.853s] Level 1:colcon.colcon_core.environment:checking '/home/wjs/cart_ros2/install/lib/pkgconfig/stella_ahrs.pc'
[10.854s] Level 1:colcon.colcon_core.environment:checking '/home/wjs/cart_ros2/install/lib/python3.8/site-packages'
[10.854s] Level 1:colcon.colcon_core.shell:create_environment_hook('stella_ahrs', 'pythonpath')
[10.855s] INFO:colcon.colcon_core.shell:Creating environment hook '/home/wjs/cart_ros2/install/share/stella_ahrs/hook/pythonpath.ps1'
[10.857s] INFO:colcon.colcon_core.shell:Creating environment descriptor '/home/wjs/cart_ros2/install/share/stella_ahrs/hook/pythonpath.dsv'
[10.859s] INFO:colcon.colcon_core.shell:Creating environment hook '/home/wjs/cart_ros2/install/share/stella_ahrs/hook/pythonpath.sh'
[10.862s] Level 1:colcon.colcon_core.environment:checking '/home/wjs/cart_ros2/install/bin'
[10.864s] INFO:colcon.colcon_core.shell:Creating package script '/home/wjs/cart_ros2/install/share/stella_ahrs/package.ps1'
[10.869s] INFO:colcon.colcon_core.shell:Creating package descriptor '/home/wjs/cart_ros2/install/share/stella_ahrs/package.dsv'
[10.880s] INFO:colcon.colcon_core.shell:Creating package script '/home/wjs/cart_ros2/install/share/stella_ahrs/package.sh'
[10.884s] INFO:colcon.colcon_core.shell:Creating package script '/home/wjs/cart_ros2/install/share/stella_ahrs/package.bash'
[10.892s] INFO:colcon.colcon_core.shell:Creating package script '/home/wjs/cart_ros2/install/share/stella_ahrs/package.zsh'
[10.894s] Level 1:colcon.colcon_core.environment:create_file_with_runtime_dependencies(/home/wjs/cart_ros2/install/share/colcon-core/packages/stella_ahrs)
[10.898s] Level 1:colcon.colcon_core.environment:create_environment_scripts_only(stella_ahrs)
[10.899s] Level 1:colcon.colcon_core.environment:checking '/home/wjs/cart_ros2/install' for CMake module files
[10.905s] Level 1:colcon.colcon_core.environment:checking '/home/wjs/cart_ros2/install' for CMake config files
[10.918s] Level 1:colcon.colcon_core.shell:create_environment_hook('stella_ahrs', 'cmake_prefix_path')
[10.920s] INFO:colcon.colcon_core.shell:Creating environment hook '/home/wjs/cart_ros2/install/share/stella_ahrs/hook/cmake_prefix_path.ps1'
[10.923s] INFO:colcon.colcon_core.shell:Creating environment descriptor '/home/wjs/cart_ros2/install/share/stella_ahrs/hook/cmake_prefix_path.dsv'
[10.935s] INFO:colcon.colcon_core.shell:Creating environment hook '/home/wjs/cart_ros2/install/share/stella_ahrs/hook/cmake_prefix_path.sh'
[10.938s] Level 1:colcon.colcon_core.environment:checking '/home/wjs/cart_ros2/install/lib'
[10.939s] Level 1:colcon.colcon_core.shell:create_environment_hook('stella_ahrs', 'ld_library_path_lib')
[10.947s] INFO:colcon.colcon_core.shell:Creating environment hook '/home/wjs/cart_ros2/install/share/stella_ahrs/hook/ld_library_path_lib.ps1'
[10.950s] INFO:colcon.colcon_core.shell:Creating environment descriptor '/home/wjs/cart_ros2/install/share/stella_ahrs/hook/ld_library_path_lib.dsv'
[10.958s] INFO:colcon.colcon_core.shell:Creating environment hook '/home/wjs/cart_ros2/install/share/stella_ahrs/hook/ld_library_path_lib.sh'
[10.960s] Level 1:colcon.colcon_core.environment:checking '/home/wjs/cart_ros2/install/bin'
[10.961s] Level 1:colcon.colcon_core.environment:checking '/home/wjs/cart_ros2/install/lib/pkgconfig/stella_ahrs.pc'
[10.961s] Level 1:colcon.colcon_core.environment:checking '/home/wjs/cart_ros2/install/lib/python3.8/site-packages'
[10.962s] Level 1:colcon.colcon_core.shell:create_environment_hook('stella_ahrs', 'pythonpath')
[10.963s] INFO:colcon.colcon_core.shell:Creating environment hook '/home/wjs/cart_ros2/install/share/stella_ahrs/hook/pythonpath.ps1'
[10.965s] INFO:colcon.colcon_core.shell:Creating environment descriptor '/home/wjs/cart_ros2/install/share/stella_ahrs/hook/pythonpath.dsv'
[10.967s] INFO:colcon.colcon_core.shell:Creating environment hook '/home/wjs/cart_ros2/install/share/stella_ahrs/hook/pythonpath.sh'
[10.970s] Level 1:colcon.colcon_core.environment:checking '/home/wjs/cart_ros2/install/bin'
[10.971s] INFO:colcon.colcon_core.shell:Creating package script '/home/wjs/cart_ros2/install/share/stella_ahrs/package.ps1'
[10.976s] INFO:colcon.colcon_core.shell:Creating package descriptor '/home/wjs/cart_ros2/install/share/stella_ahrs/package.dsv'
[10.981s] INFO:colcon.colcon_core.shell:Creating package script '/home/wjs/cart_ros2/install/share/stella_ahrs/package.sh'
[10.983s] INFO:colcon.colcon_core.shell:Creating package script '/home/wjs/cart_ros2/install/share/stella_ahrs/package.bash'
[10.985s] INFO:colcon.colcon_core.shell:Creating package script '/home/wjs/cart_ros2/install/share/stella_ahrs/package.zsh'
[10.990s] Level 1:colcon.colcon_core.environment:create_file_with_runtime_dependencies(/home/wjs/cart_ros2/install/share/colcon-core/packages/stella_ahrs)
[12.091s] Level 1:colcon.colcon_core.shell:create_environment_hook('differential_drive', 'pythonpath_develop')
[12.092s] INFO:colcon.colcon_core.shell:Creating environment hook '/home/wjs/cart_ros2/build/differential_drive/src/share/differential_drive/hook/pythonpath_develop.ps1'
[12.095s] DEBUG:colcon.colcon_core.event_handler.log_command:Invoked command in '/home/wjs/cart_ros2/build/differential_drive' returned '0': PYTHONPATH=/home/wjs/cart_ros2/build/differential_drive/prefix_override:/usr/lib/python3/dist-packages/colcon_core/task/python/colcon_distutils_commands:/home/wjs/cart_ros2/install/lib/python3.8/site-packages:${PYTHONPATH} /usr/bin/python3 -W ignore:setup.py install is deprecated -W ignore:easy_install command is deprecated setup.py develop --editable --build-directory /home/wjs/cart_ros2/build/differential_drive/build --no-deps symlink_data
[12.097s] INFO:colcon.colcon_core.shell:Creating environment descriptor '/home/wjs/cart_ros2/build/differential_drive/src/share/differential_drive/hook/pythonpath_develop.dsv'
[12.099s] INFO:colcon.colcon_core.shell:Creating environment hook '/home/wjs/cart_ros2/build/differential_drive/src/share/differential_drive/hook/pythonpath_develop.sh'
[12.103s] Level 1:colcon.colcon_core.environment:checking '/home/wjs/cart_ros2/install' for CMake module files
[12.105s] Level 1:colcon.colcon_core.environment:checking '/home/wjs/cart_ros2/install' for CMake config files
[12.112s] Level 1:colcon.colcon_core.shell:create_environment_hook('differential_drive', 'cmake_prefix_path')
[12.114s] INFO:colcon.colcon_core.shell:Creating environment hook '/home/wjs/cart_ros2/install/share/differential_drive/hook/cmake_prefix_path.ps1'
[12.116s] INFO:colcon.colcon_core.shell:Creating environment descriptor '/home/wjs/cart_ros2/install/share/differential_drive/hook/cmake_prefix_path.dsv'
[12.118s] INFO:colcon.colcon_core.shell:Creating environment hook '/home/wjs/cart_ros2/install/share/differential_drive/hook/cmake_prefix_path.sh'
[12.121s] Level 1:colcon.colcon_core.environment:checking '/home/wjs/cart_ros2/install/lib'
[12.122s] Level 1:colcon.colcon_core.shell:create_environment_hook('differential_drive', 'ld_library_path_lib')
[12.123s] INFO:colcon.colcon_core.shell:Creating environment hook '/home/wjs/cart_ros2/install/share/differential_drive/hook/ld_library_path_lib.ps1'
[12.125s] INFO:colcon.colcon_core.shell:Creating environment descriptor '/home/wjs/cart_ros2/install/share/differential_drive/hook/ld_library_path_lib.dsv'
[12.127s] INFO:colcon.colcon_core.shell:Creating environment hook '/home/wjs/cart_ros2/install/share/differential_drive/hook/ld_library_path_lib.sh'
[12.129s] Level 1:colcon.colcon_core.environment:checking '/home/wjs/cart_ros2/install/bin'
[12.129s] Level 1:colcon.colcon_core.environment:checking '/home/wjs/cart_ros2/install/lib/pkgconfig/differential_drive.pc'
[12.130s] Level 1:colcon.colcon_core.environment:checking '/home/wjs/cart_ros2/install/lib/python3.8/site-packages'
[12.130s] Level 1:colcon.colcon_core.shell:create_environment_hook('differential_drive', 'pythonpath')
[12.131s] INFO:colcon.colcon_core.shell:Creating environment hook '/home/wjs/cart_ros2/install/share/differential_drive/hook/pythonpath.ps1'
[12.133s] INFO:colcon.colcon_core.shell:Creating environment descriptor '/home/wjs/cart_ros2/install/share/differential_drive/hook/pythonpath.dsv'
[12.135s] INFO:colcon.colcon_core.shell:Creating environment hook '/home/wjs/cart_ros2/install/share/differential_drive/hook/pythonpath.sh'
[12.138s] Level 1:colcon.colcon_core.environment:checking '/home/wjs/cart_ros2/install/bin'
[12.138s] Level 1:colcon.colcon_core.environment:create_environment_scripts_only(differential_drive)
[12.140s] INFO:colcon.colcon_core.shell:Creating package script '/home/wjs/cart_ros2/install/share/differential_drive/package.ps1'
[12.143s] INFO:colcon.colcon_core.shell:Creating package descriptor '/home/wjs/cart_ros2/install/share/differential_drive/package.dsv'
[12.146s] INFO:colcon.colcon_core.shell:Creating package script '/home/wjs/cart_ros2/install/share/differential_drive/package.sh'
[12.148s] INFO:colcon.colcon_core.shell:Creating package script '/home/wjs/cart_ros2/install/share/differential_drive/package.bash'
[12.150s] INFO:colcon.colcon_core.shell:Creating package script '/home/wjs/cart_ros2/install/share/differential_drive/package.zsh'
[12.152s] Level 1:colcon.colcon_core.environment:create_file_with_runtime_dependencies(/home/wjs/cart_ros2/install/share/colcon-core/packages/differential_drive)
[12.425s] Level 1:colcon.colcon_core.shell:create_environment_hook('arduino_ros2', 'pythonpath_develop')
[12.426s] INFO:colcon.colcon_core.shell:Creating environment hook '/home/wjs/cart_ros2/build/arduino_ros2/share/arduino_ros2/hook/pythonpath_develop.ps1'
[12.428s] DEBUG:colcon.colcon_core.event_handler.log_command:Invoked command in '/home/wjs/cart_ros2/build/arduino_ros2' returned '0': PYTHONPATH=/home/wjs/cart_ros2/build/arduino_ros2/prefix_override:/usr/lib/python3/dist-packages/colcon_core/task/python/colcon_distutils_commands:/home/wjs/cart_ros2/install/lib/python3.8/site-packages:${PYTHONPATH} /usr/bin/python3 -W ignore:setup.py install is deprecated -W ignore:easy_install command is deprecated setup.py develop --editable --build-directory /home/wjs/cart_ros2/build/arduino_ros2/build --no-deps symlink_data
[12.430s] INFO:colcon.colcon_core.shell:Creating environment descriptor '/home/wjs/cart_ros2/build/arduino_ros2/share/arduino_ros2/hook/pythonpath_develop.dsv'
[12.437s] INFO:colcon.colcon_core.shell:Creating environment hook '/home/wjs/cart_ros2/build/arduino_ros2/share/arduino_ros2/hook/pythonpath_develop.sh'
[12.442s] Level 1:colcon.colcon_core.environment:checking '/home/wjs/cart_ros2/install' for CMake module files
[12.444s] Level 1:colcon.colcon_core.environment:checking '/home/wjs/cart_ros2/install' for CMake config files
[12.450s] Level 1:colcon.colcon_core.shell:create_environment_hook('arduino_ros2', 'cmake_prefix_path')
[12.451s] INFO:colcon.colcon_core.shell:Creating environment hook '/home/wjs/cart_ros2/install/share/arduino_ros2/hook/cmake_prefix_path.ps1'
[12.454s] INFO:colcon.colcon_core.shell:Creating environment descriptor '/home/wjs/cart_ros2/install/share/arduino_ros2/hook/cmake_prefix_path.dsv'
[12.458s] INFO:colcon.colcon_core.shell:Creating environment hook '/home/wjs/cart_ros2/install/share/arduino_ros2/hook/cmake_prefix_path.sh'
[12.460s] Level 1:colcon.colcon_core.environment:checking '/home/wjs/cart_ros2/install/lib'
[12.461s] Level 1:colcon.colcon_core.shell:create_environment_hook('arduino_ros2', 'ld_library_path_lib')
[12.462s] INFO:colcon.colcon_core.shell:Creating environment hook '/home/wjs/cart_ros2/install/share/arduino_ros2/hook/ld_library_path_lib.ps1'
[12.464s] INFO:colcon.colcon_core.shell:Creating environment descriptor '/home/wjs/cart_ros2/install/share/arduino_ros2/hook/ld_library_path_lib.dsv'
[12.465s] INFO:colcon.colcon_core.shell:Creating environment hook '/home/wjs/cart_ros2/install/share/arduino_ros2/hook/ld_library_path_lib.sh'
[12.467s] Level 1:colcon.colcon_core.environment:checking '/home/wjs/cart_ros2/install/bin'
[12.467s] Level 1:colcon.colcon_core.environment:checking '/home/wjs/cart_ros2/install/lib/pkgconfig/arduino_ros2.pc'
[12.468s] Level 1:colcon.colcon_core.environment:checking '/home/wjs/cart_ros2/install/lib/python3.8/site-packages'
[12.468s] Level 1:colcon.colcon_core.shell:create_environment_hook('arduino_ros2', 'pythonpath')
[12.469s] INFO:colcon.colcon_core.shell:Creating environment hook '/home/wjs/cart_ros2/install/share/arduino_ros2/hook/pythonpath.ps1'
[12.471s] INFO:colcon.colcon_core.shell:Creating environment descriptor '/home/wjs/cart_ros2/install/share/arduino_ros2/hook/pythonpath.dsv'
[12.472s] INFO:colcon.colcon_core.shell:Creating environment hook '/home/wjs/cart_ros2/install/share/arduino_ros2/hook/pythonpath.sh'
[12.475s] Level 1:colcon.colcon_core.environment:checking '/home/wjs/cart_ros2/install/bin'
[12.475s] Level 1:colcon.colcon_core.environment:create_environment_scripts_only(arduino_ros2)
[12.476s] INFO:colcon.colcon_core.shell:Creating package script '/home/wjs/cart_ros2/install/share/arduino_ros2/package.ps1'
[12.479s] INFO:colcon.colcon_core.shell:Creating package descriptor '/home/wjs/cart_ros2/install/share/arduino_ros2/package.dsv'
[12.481s] INFO:colcon.colcon_core.shell:Creating package script '/home/wjs/cart_ros2/install/share/arduino_ros2/package.sh'
[12.483s] INFO:colcon.colcon_core.shell:Creating package script '/home/wjs/cart_ros2/install/share/arduino_ros2/package.bash'
[12.485s] INFO:colcon.colcon_core.shell:Creating package script '/home/wjs/cart_ros2/install/share/arduino_ros2/package.zsh'
[12.486s] Level 1:colcon.colcon_core.environment:create_file_with_runtime_dependencies(/home/wjs/cart_ros2/install/share/colcon-core/packages/arduino_ros2)
[46.624s] DEBUG:colcon.colcon_core.event_handler.log_command:Invoked command in '/home/wjs/cart_ros2/build/roboteq_controller' returned '0': CMAKE_PREFIX_PATH=${CMAKE_PREFIX_PATH}:/opt/ros/galactic LD_LIBRARY_PATH=/home/wjs/cart_ros2/install/lib:/opt/opencv-4.5.5-cuda/lib:/home/wjs/tb3_tpl_ws/install/lib:/opt/ros/galactic/opt/yaml_cpp_vendor/lib:/opt/ros/galactic/opt/rviz_ogre_vendor/lib:/opt/ros/galactic/lib/aarch64-linux-gnu:/opt/ros/galactic/lib:/usr/local/cuda-11.4/lib64 PYTHONPATH=/home/wjs/cart_ros2/install/lib/python3.8/site-packages:/opt/opencv-4.5.5-cuda/lib/python3.8/site-packages:/home/wjs/cart_ros2/build/differential_drive/src:/home/wjs/cart_ros2/build/arduino_ros2:/home/wjs/cart_ros2/build/agv_body:/home/wjs/tb3_tpl_ws/build/turtlebot3_teleop:/home/wjs/tb3_tpl_ws/install/lib/python3.8/site-packages:/opt/ros/galactic/lib/python3.8/site-packages /usr/bin/cmake --build /home/wjs/cart_ros2/build/roboteq_controller -- -j4 -l4
[46.638s] DEBUG:colcon.colcon_core.event_handler.log_command:Invoking command in '/home/wjs/cart_ros2/build/roboteq_controller': CMAKE_PREFIX_PATH=${CMAKE_PREFIX_PATH}:/opt/ros/galactic LD_LIBRARY_PATH=/home/wjs/cart_ros2/install/lib:/opt/opencv-4.5.5-cuda/lib:/home/wjs/tb3_tpl_ws/install/lib:/opt/ros/galactic/opt/yaml_cpp_vendor/lib:/opt/ros/galactic/opt/rviz_ogre_vendor/lib:/opt/ros/galactic/lib/aarch64-linux-gnu:/opt/ros/galactic/lib:/usr/local/cuda-11.4/lib64 PYTHONPATH=/home/wjs/cart_ros2/install/lib/python3.8/site-packages:/opt/opencv-4.5.5-cuda/lib/python3.8/site-packages:/home/wjs/cart_ros2/build/differential_drive/src:/home/wjs/cart_ros2/build/arduino_ros2:/home/wjs/cart_ros2/build/agv_body:/home/wjs/tb3_tpl_ws/build/turtlebot3_teleop:/home/wjs/tb3_tpl_ws/install/lib/python3.8/site-packages:/opt/ros/galactic/lib/python3.8/site-packages /usr/bin/cmake --install /home/wjs/cart_ros2/build/roboteq_controller
[46.756s] Level 1:colcon.colcon_core.environment:create_environment_scripts_only(roboteq_controller)
[46.759s] Level 1:colcon.colcon_core.environment:checking '/home/wjs/cart_ros2/install' for CMake module files
[46.761s] DEBUG:colcon.colcon_core.event_handler.log_command:Invoked command in '/home/wjs/cart_ros2/build/roboteq_controller' returned '0': CMAKE_PREFIX_PATH=${CMAKE_PREFIX_PATH}:/opt/ros/galactic LD_LIBRARY_PATH=/home/wjs/cart_ros2/install/lib:/opt/opencv-4.5.5-cuda/lib:/home/wjs/tb3_tpl_ws/install/lib:/opt/ros/galactic/opt/yaml_cpp_vendor/lib:/opt/ros/galactic/opt/rviz_ogre_vendor/lib:/opt/ros/galactic/lib/aarch64-linux-gnu:/opt/ros/galactic/lib:/usr/local/cuda-11.4/lib64 PYTHONPATH=/home/wjs/cart_ros2/install/lib/python3.8/site-packages:/opt/opencv-4.5.5-cuda/lib/python3.8/site-packages:/home/wjs/cart_ros2/build/differential_drive/src:/home/wjs/cart_ros2/build/arduino_ros2:/home/wjs/cart_ros2/build/agv_body:/home/wjs/tb3_tpl_ws/build/turtlebot3_teleop:/home/wjs/tb3_tpl_ws/install/lib/python3.8/site-packages:/opt/ros/galactic/lib/python3.8/site-packages /usr/bin/cmake --install /home/wjs/cart_ros2/build/roboteq_controller
[46.763s] Level 1:colcon.colcon_core.environment:checking '/home/wjs/cart_ros2/install' for CMake config files
[46.771s] Level 1:colcon.colcon_core.shell:create_environment_hook('roboteq_controller', 'cmake_prefix_path')
[46.772s] INFO:colcon.colcon_core.shell:Creating environment hook '/home/wjs/cart_ros2/install/share/roboteq_controller/hook/cmake_prefix_path.ps1'
[46.775s] INFO:colcon.colcon_core.shell:Creating environment descriptor '/home/wjs/cart_ros2/install/share/roboteq_controller/hook/cmake_prefix_path.dsv'
[46.779s] INFO:colcon.colcon_core.shell:Creating environment hook '/home/wjs/cart_ros2/install/share/roboteq_controller/hook/cmake_prefix_path.sh'
[46.782s] Level 1:colcon.colcon_core.environment:checking '/home/wjs/cart_ros2/install/lib'
[46.782s] Level 1:colcon.colcon_core.shell:create_environment_hook('roboteq_controller', 'ld_library_path_lib')
[46.784s] INFO:colcon.colcon_core.shell:Creating environment hook '/home/wjs/cart_ros2/install/share/roboteq_controller/hook/ld_library_path_lib.ps1'
[46.786s] INFO:colcon.colcon_core.shell:Creating environment descriptor '/home/wjs/cart_ros2/install/share/roboteq_controller/hook/ld_library_path_lib.dsv'
[46.789s] INFO:colcon.colcon_core.shell:Creating environment hook '/home/wjs/cart_ros2/install/share/roboteq_controller/hook/ld_library_path_lib.sh'
[46.791s] Level 1:colcon.colcon_core.environment:checking '/home/wjs/cart_ros2/install/bin'
[46.792s] Level 1:colcon.colcon_core.environment:checking '/home/wjs/cart_ros2/install/lib/pkgconfig/roboteq_controller.pc'
[46.793s] Level 1:colcon.colcon_core.environment:checking '/home/wjs/cart_ros2/install/lib/python3.8/site-packages'
[46.793s] Level 1:colcon.colcon_core.shell:create_environment_hook('roboteq_controller', 'pythonpath')
[46.794s] INFO:colcon.colcon_core.shell:Creating environment hook '/home/wjs/cart_ros2/install/share/roboteq_controller/hook/pythonpath.ps1'
[46.796s] INFO:colcon.colcon_core.shell:Creating environment descriptor '/home/wjs/cart_ros2/install/share/roboteq_controller/hook/pythonpath.dsv'
[46.798s] INFO:colcon.colcon_core.shell:Creating environment hook '/home/wjs/cart_ros2/install/share/roboteq_controller/hook/pythonpath.sh'
[46.801s] Level 1:colcon.colcon_core.environment:checking '/home/wjs/cart_ros2/install/bin'
[46.802s] INFO:colcon.colcon_core.shell:Creating package script '/home/wjs/cart_ros2/install/share/roboteq_controller/package.ps1'
[46.805s] INFO:colcon.colcon_core.shell:Creating package descriptor '/home/wjs/cart_ros2/install/share/roboteq_controller/package.dsv'
[46.807s] INFO:colcon.colcon_core.shell:Creating package script '/home/wjs/cart_ros2/install/share/roboteq_controller/package.sh'
[46.809s] INFO:colcon.colcon_core.shell:Creating package script '/home/wjs/cart_ros2/install/share/roboteq_controller/package.bash'
[46.811s] INFO:colcon.colcon_core.shell:Creating package script '/home/wjs/cart_ros2/install/share/roboteq_controller/package.zsh'
[46.813s] Level 1:colcon.colcon_core.environment:create_file_with_runtime_dependencies(/home/wjs/cart_ros2/install/share/colcon-core/packages/roboteq_controller)
[46.816s] Level 1:colcon.colcon_core.environment:create_environment_scripts_only(roboteq_controller)
[46.817s] Level 1:colcon.colcon_core.environment:checking '/home/wjs/cart_ros2/install' for CMake module files
[46.819s] Level 1:colcon.colcon_core.environment:checking '/home/wjs/cart_ros2/install' for CMake config files
[46.825s] Level 1:colcon.colcon_core.shell:create_environment_hook('roboteq_controller', 'cmake_prefix_path')
[46.826s] INFO:colcon.colcon_core.shell:Creating environment hook '/home/wjs/cart_ros2/install/share/roboteq_controller/hook/cmake_prefix_path.ps1'
[46.828s] INFO:colcon.colcon_core.shell:Creating environment descriptor '/home/wjs/cart_ros2/install/share/roboteq_controller/hook/cmake_prefix_path.dsv'
[46.831s] INFO:colcon.colcon_core.shell:Creating environment hook '/home/wjs/cart_ros2/install/share/roboteq_controller/hook/cmake_prefix_path.sh'
[46.833s] Level 1:colcon.colcon_core.environment:checking '/home/wjs/cart_ros2/install/lib'
[46.834s] Level 1:colcon.colcon_core.shell:create_environment_hook('roboteq_controller', 'ld_library_path_lib')
[46.834s] INFO:colcon.colcon_core.shell:Creating environment hook '/home/wjs/cart_ros2/install/share/roboteq_controller/hook/ld_library_path_lib.ps1'
[46.836s] INFO:colcon.colcon_core.shell:Creating environment descriptor '/home/wjs/cart_ros2/install/share/roboteq_controller/hook/ld_library_path_lib.dsv'
[46.837s] INFO:colcon.colcon_core.shell:Creating environment hook '/home/wjs/cart_ros2/install/share/roboteq_controller/hook/ld_library_path_lib.sh'
[46.839s] Level 1:colcon.colcon_core.environment:checking '/home/wjs/cart_ros2/install/bin'
[46.839s] Level 1:colcon.colcon_core.environment:checking '/home/wjs/cart_ros2/install/lib/pkgconfig/roboteq_controller.pc'
[46.840s] Level 1:colcon.colcon_core.environment:checking '/home/wjs/cart_ros2/install/lib/python3.8/site-packages'
[46.840s] Level 1:colcon.colcon_core.shell:create_environment_hook('roboteq_controller', 'pythonpath')
[46.841s] INFO:colcon.colcon_core.shell:Creating environment hook '/home/wjs/cart_ros2/install/share/roboteq_controller/hook/pythonpath.ps1'
[46.842s] INFO:colcon.colcon_core.shell:Creating environment descriptor '/home/wjs/cart_ros2/install/share/roboteq_controller/hook/pythonpath.dsv'
[46.844s] INFO:colcon.colcon_core.shell:Creating environment hook '/home/wjs/cart_ros2/install/share/roboteq_controller/hook/pythonpath.sh'
[46.846s] Level 1:colcon.colcon_core.environment:checking '/home/wjs/cart_ros2/install/bin'
[46.848s] INFO:colcon.colcon_core.shell:Creating package script '/home/wjs/cart_ros2/install/share/roboteq_controller/package.ps1'
[46.850s] INFO:colcon.colcon_core.shell:Creating package descriptor '/home/wjs/cart_ros2/install/share/roboteq_controller/package.dsv'
[46.852s] INFO:colcon.colcon_core.shell:Creating package script '/home/wjs/cart_ros2/install/share/roboteq_controller/package.sh'
[46.854s] INFO:colcon.colcon_core.shell:Creating package script '/home/wjs/cart_ros2/install/share/roboteq_controller/package.bash'
[46.856s] INFO:colcon.colcon_core.shell:Creating package script '/home/wjs/cart_ros2/install/share/roboteq_controller/package.zsh'
[46.857s] Level 1:colcon.colcon_core.environment:create_file_with_runtime_dependencies(/home/wjs/cart_ros2/install/share/colcon-core/packages/roboteq_controller)
[46.859s] DEBUG:colcon.colcon_parallel_executor.executor.parallel:closing loop
[46.861s] DEBUG:colcon.colcon_parallel_executor.executor.parallel:loop closed
[46.861s] DEBUG:colcon.colcon_parallel_executor.executor.parallel:run_until_complete finished with '0'
[46.862s] DEBUG:colcon.colcon_core.event_reactor:joining thread
[46.893s] INFO:colcon.colcon_core.plugin_system:Skipping extension 'colcon_notification.desktop_notification.terminal_notifier': Not used on non-Darwin systems
[46.893s] INFO:colcon.colcon_core.plugin_system:Skipping extension 'colcon_notification.desktop_notification.win32': Not used on non-Windows systems
[46.893s] INFO:colcon.colcon_notification.desktop_notification:Sending desktop notification using 'notify2'
[46.977s] DEBUG:colcon.colcon_core.event_reactor:joined thread
[46.979s] INFO:colcon.colcon_core.shell:Creating prefix script '/home/wjs/cart_ros2/install/local_setup.ps1'
[46.983s] INFO:colcon.colcon_core.shell:Creating prefix util module '/home/wjs/cart_ros2/install/_local_setup_util_ps1.py'
[46.989s] INFO:colcon.colcon_core.shell:Creating prefix chain script '/home/wjs/cart_ros2/install/setup.ps1'
[46.994s] INFO:colcon.colcon_core.shell:Creating prefix script '/home/wjs/cart_ros2/install/local_setup.sh'
[46.997s] INFO:colcon.colcon_core.shell:Creating prefix util module '/home/wjs/cart_ros2/install/_local_setup_util_sh.py'
[47.000s] INFO:colcon.colcon_core.shell:Creating prefix chain script '/home/wjs/cart_ros2/install/setup.sh'
[47.005s] INFO:colcon.colcon_core.shell:Creating prefix script '/home/wjs/cart_ros2/install/local_setup.bash'
[47.007s] INFO:colcon.colcon_core.shell:Creating prefix chain script '/home/wjs/cart_ros2/install/setup.bash'
[47.011s] INFO:colcon.colcon_core.shell:Creating prefix script '/home/wjs/cart_ros2/install/local_setup.zsh'
[47.013s] INFO:colcon.colcon_core.shell:Creating prefix chain script '/home/wjs/cart_ros2/install/setup.zsh'
