[0.000000] (-) TimerEvent: {}
[0.000589] (agv_body) JobQueued: {'identifier': 'agv_body', 'dependencies': OrderedDict()}
[0.000757] (agv_mapping) JobQueued: {'identifier': 'agv_mapping', 'dependencies': OrderedDict()}
[0.000858] (arduino_ros2) JobQueued: {'identifier': 'arduino_ros2', 'dependencies': OrderedDict()}
[0.000976] (differential_drive) JobQueued: {'identifier': 'differential_drive', 'dependencies': OrderedDict()}
[0.001060] (ira_laser_tools) JobQueued: {'identifier': 'ira_laser_tools', 'dependencies': OrderedDict()}
[0.001150] (laser_filters) JobQueued: {'identifier': 'laser_filters', 'dependencies': OrderedDict()}
[0.001261] (roboteq_interfaces) JobQueued: {'identifier': 'roboteq_interfaces', 'dependencies': OrderedDict()}
[0.001370] (serial) JobQueued: {'identifier': 'serial', 'dependencies': OrderedDict()}
[0.001507] (sllidar_ros2) JobQueued: {'identifier': 'sllidar_ros2', 'dependencies': OrderedDict()}
[0.001598] (stella_ahrs) JobQueued: {'identifier': 'stella_ahrs', 'dependencies': OrderedDict()}
[0.001679] (roboteq_controller) JobQueued: {'identifier': 'roboteq_controller', 'dependencies': OrderedDict([('roboteq_interfaces', '/home/wjs/cart_ros2/install'), ('serial', '/home/wjs/cart_ros2/install')])}
[0.001789] (roboteq_interfaces) JobStarted: {'identifier': 'roboteq_interfaces'}
[0.046100] (serial) JobStarted: {'identifier': 'serial'}
[0.089067] (-) TimerEvent: {}
[0.134496] (agv_body) JobStarted: {'identifier': 'agv_body'}
[0.188279] (-) TimerEvent: {}
[0.256808] (agv_mapping) JobStarted: {'identifier': 'agv_mapping'}
[0.288863] (-) TimerEvent: {}
[0.361990] (roboteq_interfaces) JobProgress: {'identifier': 'roboteq_interfaces', 'progress': 'cmake'}
[0.376271] (roboteq_interfaces) JobProgress: {'identifier': 'roboteq_interfaces', 'progress': 'build'}
[0.385819] (roboteq_interfaces) Command: {'cmd': ['/usr/bin/cmake', '--build', '/home/wjs/cart_ros2/build/roboteq_interfaces', '--', '-j4', '-l4'], 'cwd': '/home/wjs/cart_ros2/build/roboteq_interfaces', 'env': OrderedDict([('LESSOPEN', '| /usr/bin/lesspipe %s'), ('USER', 'wjs'), ('SSH_AGENT_PID', '3974'), ('XDG_SESSION_TYPE', 'x11'), ('PIP_CACHE_DIR', '/mnt/sdcard/.cache/pip'), ('XDG_CACHE_HOME', '/mnt/sdcard/.cache'), ('SHLVL', '1'), ('LD_LIBRARY_PATH', '/opt/opencv-4.5.5-cuda/lib:/home/wjs/cart_ros2/install/lib:/home/wjs/tb3_tpl_ws/install/lib:/opt/ros/galactic/opt/yaml_cpp_vendor/lib:/opt/ros/galactic/opt/rviz_ogre_vendor/lib:/opt/ros/galactic/lib/aarch64-linux-gnu:/opt/ros/galactic/lib:/usr/local/cuda-11.4/lib64:'), ('HOME', '/home/wjs'), ('CYCLONEDDS_URI', 'file:///home/wjs/cyclonedds_lo.xml'), ('OLDPWD', '/home/wjs'), ('DESKTOP_SESSION', 'ubuntu'), ('JETSON_L4T', '35.6.3'), ('ROS_PYTHON_VERSION', '3'), ('GNOME_SHELL_SESSION_MODE', 'ubuntu'), ('GTK_MODULES', 'gail:atk-bridge'), ('JETSON_MODEL', 'Jetson-AGX'), ('MANAGERPID', '3869'), ('DBUS_SESSION_BUS_ADDRESS', 'unix:path=/run/user/1000/bus'), ('COLORTERM', 'truecolor'), ('TERMINATOR_DBUS_NAME', 'net.tenshu.Terminator23558193cd9818af7fe4d2c2f5bd9d00f'), ('GIO_LAUNCHED_DESKTOP_FILE_PID', '5782'), ('IM_CONFIG_PHASE', '1'), ('TMPDIR', '/mnt/sdcard/tmp'), ('COLCON_PREFIX_PATH', '/home/wjs/tb3_tpl_ws/install:/home/wjs/cart_ros2/install'), ('TORCH_HOME', '/mnt/sdcard/.cache/torch'), ('ROS_DISTRO', 'galactic'), ('LOGNAME', 'wjs'), ('JETSON_MODULE', 'NVIDIA Jetson AGX Xavier (32 GB ram)'), ('JETSON_SERIAL_NUMBER', '1423420009543'), ('JOURNAL_STREAM', '8:75753'), ('_', '/usr/bin/colcon'), ('ROS_VERSION', '2'), ('JETSON_CODENAME', 'Galen'), ('XDG_SESSION_CLASS', 'user'), ('USERNAME', 'wjs'), ('TERM', 'xterm-256color'), ('GNOME_DESKTOP_SESSION_ID', 'this-is-deprecated'), ('ROS_LOCALHOST_ONLY', '1'), ('WINDOWPATH', '2'), ('PATH', '/opt/ros/galactic/bin:/usr/local/cuda-11.4/bin:/home/wjs/.local/bin:/usr/local/sbin:/usr/local/bin:/usr/sbin:/usr/bin:/sbin:/bin:/usr/games:/usr/local/games:/snap/bin'), ('SESSION_MANAGER', 'local/ubuntu:@/tmp/.ICE-unix/4009,unix/ubuntu:/tmp/.ICE-unix/4009'), ('INVOCATION_ID', '29540fbad2f04dbb9a087051877568a9'), ('XDG_MENU_PREFIX', 'gnome-'), ('XDG_RUNTIME_DIR', '/run/user/1000'), ('DISPLAY', ':1'), ('TERMINATOR_DBUS_PATH', '/net/tenshu/Terminator2'), ('LANG', 'en_US.UTF-8'), ('XDG_CURRENT_DESKTOP', 'ubuntu:GNOME'), ('RMW_IMPLEMENTATION', 'rmw_cyclonedds_cpp'), ('XMODIFIERS', '@im=ibus'), ('XDG_SESSION_DESKTOP', 'ubuntu'), ('XAUTHORITY', '/run/user/1000/gdm/Xauthority'), ('LS_COLORS', 'rs=0:di=01;34:ln=01;36:mh=00:pi=40;33:so=01;35:do=01;35:bd=40;33;01:cd=40;33;01:or=40;31;01:mi=00:su=37;41:sg=30;43:ca=30;41:tw=30;42:ow=34;42:st=37;44:ex=01;32:*.tar=01;31:*.tgz=01;31:*.arc=01;31:*.arj=01;31:*.taz=01;31:*.lha=01;31:*.lz4=01;31:*.lzh=01;31:*.lzma=01;31:*.tlz=01;31:*.txz=01;31:*.tzo=01;31:*.t7z=01;31:*.zip=01;31:*.z=01;31:*.dz=01;31:*.gz=01;31:*.lrz=01;31:*.lz=01;31:*.lzo=01;31:*.xz=01;31:*.zst=01;31:*.tzst=01;31:*.bz2=01;31:*.bz=01;31:*.tbz=01;31:*.tbz2=01;31:*.tz=01;31:*.deb=01;31:*.rpm=01;31:*.jar=01;31:*.war=01;31:*.ear=01;31:*.sar=01;31:*.rar=01;31:*.alz=01;31:*.ace=01;31:*.zoo=01;31:*.cpio=01;31:*.7z=01;31:*.rz=01;31:*.cab=01;31:*.wim=01;31:*.swm=01;31:*.dwm=01;31:*.esd=01;31:*.jpg=01;35:*.jpeg=01;35:*.mjpg=01;35:*.mjpeg=01;35:*.gif=01;35:*.bmp=01;35:*.pbm=01;35:*.pgm=01;35:*.ppm=01;35:*.tga=01;35:*.xbm=01;35:*.xpm=01;35:*.tif=01;35:*.tiff=01;35:*.png=01;35:*.svg=01;35:*.svgz=01;35:*.mng=01;35:*.pcx=01;35:*.mov=01;35:*.mpg=01;35:*.mpeg=01;35:*.m2v=01;35:*.mkv=01;35:*.webm=01;35:*.ogm=01;35:*.mp4=01;35:*.m4v=01;35:*.mp4v=01;35:*.vob=01;35:*.qt=01;35:*.nuv=01;35:*.wmv=01;35:*.asf=01;35:*.rm=01;35:*.rmvb=01;35:*.flc=01;35:*.avi=01;35:*.fli=01;35:*.flv=01;35:*.gl=01;35:*.dl=01;35:*.xcf=01;35:*.xwd=01;35:*.yuv=01;35:*.cgm=01;35:*.emf=01;35:*.ogv=01;35:*.ogx=01;35:*.aac=00;36:*.au=00;36:*.flac=00;36:*.m4a=00;36:*.mid=00;36:*.midi=00;36:*.mka=00;36:*.mp3=00;36:*.mpc=00;36:*.ogg=00;36:*.ra=00;36:*.wav=00;36:*.oga=00;36:*.opus=00;36:*.spx=00;36:*.xspf=00;36:'), ('JETSON_SOC', 'tegra194'), ('SSH_AUTH_SOCK', '/run/user/1000/keyring/ssh'), ('ROS_DOMAIN_ID', '35'), ('AMENT_PREFIX_PATH', '/home/wjs/cart_ros2/install:/home/wjs/tb3_tpl_ws/install:/opt/ros/galactic'), ('SHELL', '/bin/bash'), ('TERMINATOR_UUID', 'urn:uuid:5ca201da-878f-4fe5-bc65-54a4c73b4877'), ('QT_ACCESSIBILITY', '1'), ('GDMSESSION', 'ubuntu'), ('LESSCLOSE', '/usr/bin/lesspipe %s %s'), ('GPG_AGENT_INFO', '/run/user/1000/gnupg/S.gpg-agent:0:1'), ('QT_IM_MODULE', 'ibus'), ('JETSON_CUDA_ARCH_BIN', '7.2'), ('PWD', '/home/wjs/cart_ros2/build/roboteq_interfaces'), ('XDG_CONFIG_DIRS', '/etc/xdg/xdg-ubuntu:/etc/xdg'), ('XDG_DATA_DIRS', '/usr/share/ubuntu:/usr/local/share/:/usr/share/:/var/lib/snapd/desktop'), ('PYTHONPATH', '/opt/opencv-4.5.5-cuda/lib/python3.8/site-packages:/home/wjs/cart_ros2/build/differential_drive/src:/home/wjs/cart_ros2/build/arduino_ros2:/home/wjs/cart_ros2/build/agv_body:/home/wjs/cart_ros2/install/lib/python3.8/site-packages:/home/wjs/tb3_tpl_ws/build/turtlebot3_teleop:/home/wjs/tb3_tpl_ws/install/lib/python3.8/site-packages:/opt/ros/galactic/lib/python3.8/site-packages'), ('COLCON', '1'), ('VTE_VERSION', '6003'), ('JETSON_JETPACK', '5.1.7'), ('CMAKE_PREFIX_PATH', '/home/wjs/cart_ros2/install:/home/wjs/tb3_tpl_ws/install:/opt/ros/galactic'), ('JETSON_P_NUMBER', 'p2888-0004')]), 'shell': False}
[0.398036] (-) TimerEvent: {}
[0.461871] (serial) JobProgress: {'identifier': 'serial', 'progress': 'cmake'}
[0.475100] (serial) JobProgress: {'identifier': 'serial', 'progress': 'build'}
[0.475563] (serial) Command: {'cmd': ['/usr/bin/cmake', '--build', '/home/wjs/cart_ros2/build/serial', '--', '-j4', '-l4'], 'cwd': '/home/wjs/cart_ros2/build/serial', 'env': OrderedDict([('LESSOPEN', '| /usr/bin/lesspipe %s'), ('USER', 'wjs'), ('SSH_AGENT_PID', '3974'), ('XDG_SESSION_TYPE', 'x11'), ('PIP_CACHE_DIR', '/mnt/sdcard/.cache/pip'), ('XDG_CACHE_HOME', '/mnt/sdcard/.cache'), ('SHLVL', '1'), ('LD_LIBRARY_PATH', '/opt/opencv-4.5.5-cuda/lib:/home/wjs/cart_ros2/install/lib:/home/wjs/tb3_tpl_ws/install/lib:/opt/ros/galactic/opt/yaml_cpp_vendor/lib:/opt/ros/galactic/opt/rviz_ogre_vendor/lib:/opt/ros/galactic/lib/aarch64-linux-gnu:/opt/ros/galactic/lib:/usr/local/cuda-11.4/lib64:'), ('HOME', '/home/wjs'), ('CYCLONEDDS_URI', 'file:///home/wjs/cyclonedds_lo.xml'), ('OLDPWD', '/home/wjs'), ('DESKTOP_SESSION', 'ubuntu'), ('JETSON_L4T', '35.6.3'), ('ROS_PYTHON_VERSION', '3'), ('GNOME_SHELL_SESSION_MODE', 'ubuntu'), ('GTK_MODULES', 'gail:atk-bridge'), ('JETSON_MODEL', 'Jetson-AGX'), ('MANAGERPID', '3869'), ('DBUS_SESSION_BUS_ADDRESS', 'unix:path=/run/user/1000/bus'), ('COLORTERM', 'truecolor'), ('TERMINATOR_DBUS_NAME', 'net.tenshu.Terminator23558193cd9818af7fe4d2c2f5bd9d00f'), ('GIO_LAUNCHED_DESKTOP_FILE_PID', '5782'), ('IM_CONFIG_PHASE', '1'), ('TMPDIR', '/mnt/sdcard/tmp'), ('COLCON_PREFIX_PATH', '/home/wjs/tb3_tpl_ws/install:/home/wjs/cart_ros2/install'), ('TORCH_HOME', '/mnt/sdcard/.cache/torch'), ('ROS_DISTRO', 'galactic'), ('LOGNAME', 'wjs'), ('JETSON_MODULE', 'NVIDIA Jetson AGX Xavier (32 GB ram)'), ('JETSON_SERIAL_NUMBER', '1423420009543'), ('JOURNAL_STREAM', '8:75753'), ('_', '/usr/bin/colcon'), ('ROS_VERSION', '2'), ('JETSON_CODENAME', 'Galen'), ('XDG_SESSION_CLASS', 'user'), ('USERNAME', 'wjs'), ('TERM', 'xterm-256color'), ('GNOME_DESKTOP_SESSION_ID', 'this-is-deprecated'), ('ROS_LOCALHOST_ONLY', '1'), ('WINDOWPATH', '2'), ('PATH', '/opt/ros/galactic/bin:/usr/local/cuda-11.4/bin:/home/wjs/.local/bin:/usr/local/sbin:/usr/local/bin:/usr/sbin:/usr/bin:/sbin:/bin:/usr/games:/usr/local/games:/snap/bin'), ('SESSION_MANAGER', 'local/ubuntu:@/tmp/.ICE-unix/4009,unix/ubuntu:/tmp/.ICE-unix/4009'), ('INVOCATION_ID', '29540fbad2f04dbb9a087051877568a9'), ('XDG_MENU_PREFIX', 'gnome-'), ('XDG_RUNTIME_DIR', '/run/user/1000'), ('DISPLAY', ':1'), ('TERMINATOR_DBUS_PATH', '/net/tenshu/Terminator2'), ('LANG', 'en_US.UTF-8'), ('XDG_CURRENT_DESKTOP', 'ubuntu:GNOME'), ('RMW_IMPLEMENTATION', 'rmw_cyclonedds_cpp'), ('XMODIFIERS', '@im=ibus'), ('XDG_SESSION_DESKTOP', 'ubuntu'), ('XAUTHORITY', '/run/user/1000/gdm/Xauthority'), ('LS_COLORS', 'rs=0:di=01;34:ln=01;36:mh=00:pi=40;33:so=01;35:do=01;35:bd=40;33;01:cd=40;33;01:or=40;31;01:mi=00:su=37;41:sg=30;43:ca=30;41:tw=30;42:ow=34;42:st=37;44:ex=01;32:*.tar=01;31:*.tgz=01;31:*.arc=01;31:*.arj=01;31:*.taz=01;31:*.lha=01;31:*.lz4=01;31:*.lzh=01;31:*.lzma=01;31:*.tlz=01;31:*.txz=01;31:*.tzo=01;31:*.t7z=01;31:*.zip=01;31:*.z=01;31:*.dz=01;31:*.gz=01;31:*.lrz=01;31:*.lz=01;31:*.lzo=01;31:*.xz=01;31:*.zst=01;31:*.tzst=01;31:*.bz2=01;31:*.bz=01;31:*.tbz=01;31:*.tbz2=01;31:*.tz=01;31:*.deb=01;31:*.rpm=01;31:*.jar=01;31:*.war=01;31:*.ear=01;31:*.sar=01;31:*.rar=01;31:*.alz=01;31:*.ace=01;31:*.zoo=01;31:*.cpio=01;31:*.7z=01;31:*.rz=01;31:*.cab=01;31:*.wim=01;31:*.swm=01;31:*.dwm=01;31:*.esd=01;31:*.jpg=01;35:*.jpeg=01;35:*.mjpg=01;35:*.mjpeg=01;35:*.gif=01;35:*.bmp=01;35:*.pbm=01;35:*.pgm=01;35:*.ppm=01;35:*.tga=01;35:*.xbm=01;35:*.xpm=01;35:*.tif=01;35:*.tiff=01;35:*.png=01;35:*.svg=01;35:*.svgz=01;35:*.mng=01;35:*.pcx=01;35:*.mov=01;35:*.mpg=01;35:*.mpeg=01;35:*.m2v=01;35:*.mkv=01;35:*.webm=01;35:*.ogm=01;35:*.mp4=01;35:*.m4v=01;35:*.mp4v=01;35:*.vob=01;35:*.qt=01;35:*.nuv=01;35:*.wmv=01;35:*.asf=01;35:*.rm=01;35:*.rmvb=01;35:*.flc=01;35:*.avi=01;35:*.fli=01;35:*.flv=01;35:*.gl=01;35:*.dl=01;35:*.xcf=01;35:*.xwd=01;35:*.yuv=01;35:*.cgm=01;35:*.emf=01;35:*.ogv=01;35:*.ogx=01;35:*.aac=00;36:*.au=00;36:*.flac=00;36:*.m4a=00;36:*.mid=00;36:*.midi=00;36:*.mka=00;36:*.mp3=00;36:*.mpc=00;36:*.ogg=00;36:*.ra=00;36:*.wav=00;36:*.oga=00;36:*.opus=00;36:*.spx=00;36:*.xspf=00;36:'), ('JETSON_SOC', 'tegra194'), ('SSH_AUTH_SOCK', '/run/user/1000/keyring/ssh'), ('ROS_DOMAIN_ID', '35'), ('AMENT_PREFIX_PATH', '/home/wjs/cart_ros2/install:/home/wjs/tb3_tpl_ws/install:/opt/ros/galactic'), ('SHELL', '/bin/bash'), ('TERMINATOR_UUID', 'urn:uuid:5ca201da-878f-4fe5-bc65-54a4c73b4877'), ('QT_ACCESSIBILITY', '1'), ('GDMSESSION', 'ubuntu'), ('LESSCLOSE', '/usr/bin/lesspipe %s %s'), ('GPG_AGENT_INFO', '/run/user/1000/gnupg/S.gpg-agent:0:1'), ('QT_IM_MODULE', 'ibus'), ('JETSON_CUDA_ARCH_BIN', '7.2'), ('PWD', '/home/wjs/cart_ros2/build/serial'), ('XDG_CONFIG_DIRS', '/etc/xdg/xdg-ubuntu:/etc/xdg'), ('XDG_DATA_DIRS', '/usr/share/ubuntu:/usr/local/share/:/usr/share/:/var/lib/snapd/desktop'), ('PYTHONPATH', '/opt/opencv-4.5.5-cuda/lib/python3.8/site-packages:/home/wjs/cart_ros2/build/differential_drive/src:/home/wjs/cart_ros2/build/arduino_ros2:/home/wjs/cart_ros2/build/agv_body:/home/wjs/cart_ros2/install/lib/python3.8/site-packages:/home/wjs/tb3_tpl_ws/build/turtlebot3_teleop:/home/wjs/tb3_tpl_ws/install/lib/python3.8/site-packages:/opt/ros/galactic/lib/python3.8/site-packages'), ('COLCON', '1'), ('VTE_VERSION', '6003'), ('JETSON_JETPACK', '5.1.7'), ('CMAKE_PREFIX_PATH', '/home/wjs/cart_ros2/install:/home/wjs/tb3_tpl_ws/install:/opt/ros/galactic'), ('JETSON_P_NUMBER', 'p2888-0004')]), 'shell': False}
[0.498566] (-) TimerEvent: {}
[0.602628] (-) TimerEvent: {}
[0.705335] (-) TimerEvent: {}
[0.807766] (-) TimerEvent: {}
[0.909387] (-) TimerEvent: {}
[1.010246] (-) TimerEvent: {}
[1.111157] (-) TimerEvent: {}
[1.213192] (-) TimerEvent: {}
[1.314343] (-) TimerEvent: {}
[1.415218] (-) TimerEvent: {}
[1.516698] (-) TimerEvent: {}
[1.619826] (-) TimerEvent: {}
[1.721520] (-) TimerEvent: {}
[1.822685] (-) TimerEvent: {}
[1.923727] (-) TimerEvent: {}
[2.025177] (-) TimerEvent: {}
[2.127606] (-) TimerEvent: {}
[2.228487] (-) TimerEvent: {}
[2.329469] (-) TimerEvent: {}
[2.430448] (-) TimerEvent: {}
[2.532012] (-) TimerEvent: {}
[2.635840] (-) TimerEvent: {}
[2.740363] (-) TimerEvent: {}
[2.841309] (-) TimerEvent: {}
[2.942349] (-) TimerEvent: {}
[3.045527] (-) TimerEvent: {}
[3.095230] (roboteq_interfaces) StdoutLine: {'line': b'[ 10%] Built target roboteq_interfaces__rosidl_generator_c\n'}
[3.096654] (roboteq_interfaces) StdoutLine: {'line': b'[ 12%] Built target roboteq_interfaces__cpp\n'}
[3.097034] (roboteq_interfaces) StdoutLine: {'line': b'[ 23%] Built target roboteq_interfaces__rosidl_typesupport_introspection_c\n'}
[3.097325] (roboteq_interfaces) StdoutLine: {'line': b'[ 34%] Built target roboteq_interfaces__rosidl_typesupport_fastrtps_cpp\n'}
[3.097610] (roboteq_interfaces) StdoutLine: {'line': b'[ 45%] Built target roboteq_interfaces__rosidl_typesupport_cpp\n'}
[3.097884] (roboteq_interfaces) StdoutLine: {'line': b'[ 56%] Built target roboteq_interfaces__rosidl_typesupport_fastrtps_c\n'}
[3.098142] (roboteq_interfaces) StdoutLine: {'line': b'[ 67%] Built target roboteq_interfaces__rosidl_typesupport_introspection_cpp\n'}
[3.103999] (serial) StdoutLine: {'line': b'[100%] Built target serial\n'}
[3.125783] (agv_mapping) JobProgress: {'identifier': 'agv_mapping', 'progress': 'cmake'}
[3.134233] (agv_mapping) JobProgress: {'identifier': 'agv_mapping', 'progress': 'build'}
[3.137878] (agv_mapping) Command: {'cmd': ['/usr/bin/cmake', '--build', '/home/wjs/cart_ros2/build/agv_mapping', '--', '-j4', '-l4'], 'cwd': '/home/wjs/cart_ros2/build/agv_mapping', 'env': OrderedDict([('LESSOPEN', '| /usr/bin/lesspipe %s'), ('USER', 'wjs'), ('SSH_AGENT_PID', '3974'), ('XDG_SESSION_TYPE', 'x11'), ('PIP_CACHE_DIR', '/mnt/sdcard/.cache/pip'), ('XDG_CACHE_HOME', '/mnt/sdcard/.cache'), ('SHLVL', '1'), ('LD_LIBRARY_PATH', '/opt/opencv-4.5.5-cuda/lib:/home/wjs/cart_ros2/install/lib:/home/wjs/tb3_tpl_ws/install/lib:/opt/ros/galactic/opt/yaml_cpp_vendor/lib:/opt/ros/galactic/opt/rviz_ogre_vendor/lib:/opt/ros/galactic/lib/aarch64-linux-gnu:/opt/ros/galactic/lib:/usr/local/cuda-11.4/lib64:'), ('HOME', '/home/wjs'), ('CYCLONEDDS_URI', 'file:///home/wjs/cyclonedds_lo.xml'), ('OLDPWD', '/home/wjs'), ('DESKTOP_SESSION', 'ubuntu'), ('JETSON_L4T', '35.6.3'), ('ROS_PYTHON_VERSION', '3'), ('GNOME_SHELL_SESSION_MODE', 'ubuntu'), ('GTK_MODULES', 'gail:atk-bridge'), ('JETSON_MODEL', 'Jetson-AGX'), ('MANAGERPID', '3869'), ('DBUS_SESSION_BUS_ADDRESS', 'unix:path=/run/user/1000/bus'), ('COLORTERM', 'truecolor'), ('TERMINATOR_DBUS_NAME', 'net.tenshu.Terminator23558193cd9818af7fe4d2c2f5bd9d00f'), ('GIO_LAUNCHED_DESKTOP_FILE_PID', '5782'), ('IM_CONFIG_PHASE', '1'), ('TMPDIR', '/mnt/sdcard/tmp'), ('COLCON_PREFIX_PATH', '/home/wjs/tb3_tpl_ws/install:/home/wjs/cart_ros2/install'), ('TORCH_HOME', '/mnt/sdcard/.cache/torch'), ('ROS_DISTRO', 'galactic'), ('LOGNAME', 'wjs'), ('JETSON_MODULE', 'NVIDIA Jetson AGX Xavier (32 GB ram)'), ('JETSON_SERIAL_NUMBER', '1423420009543'), ('JOURNAL_STREAM', '8:75753'), ('_', '/usr/bin/colcon'), ('ROS_VERSION', '2'), ('JETSON_CODENAME', 'Galen'), ('XDG_SESSION_CLASS', 'user'), ('USERNAME', 'wjs'), ('TERM', 'xterm-256color'), ('GNOME_DESKTOP_SESSION_ID', 'this-is-deprecated'), ('ROS_LOCALHOST_ONLY', '1'), ('WINDOWPATH', '2'), ('PATH', '/opt/ros/galactic/bin:/usr/local/cuda-11.4/bin:/home/wjs/.local/bin:/usr/local/sbin:/usr/local/bin:/usr/sbin:/usr/bin:/sbin:/bin:/usr/games:/usr/local/games:/snap/bin'), ('SESSION_MANAGER', 'local/ubuntu:@/tmp/.ICE-unix/4009,unix/ubuntu:/tmp/.ICE-unix/4009'), ('INVOCATION_ID', '29540fbad2f04dbb9a087051877568a9'), ('XDG_MENU_PREFIX', 'gnome-'), ('XDG_RUNTIME_DIR', '/run/user/1000'), ('DISPLAY', ':1'), ('TERMINATOR_DBUS_PATH', '/net/tenshu/Terminator2'), ('LANG', 'en_US.UTF-8'), ('XDG_CURRENT_DESKTOP', 'ubuntu:GNOME'), ('RMW_IMPLEMENTATION', 'rmw_cyclonedds_cpp'), ('XMODIFIERS', '@im=ibus'), ('XDG_SESSION_DESKTOP', 'ubuntu'), ('XAUTHORITY', '/run/user/1000/gdm/Xauthority'), ('LS_COLORS', 'rs=0:di=01;34:ln=01;36:mh=00:pi=40;33:so=01;35:do=01;35:bd=40;33;01:cd=40;33;01:or=40;31;01:mi=00:su=37;41:sg=30;43:ca=30;41:tw=30;42:ow=34;42:st=37;44:ex=01;32:*.tar=01;31:*.tgz=01;31:*.arc=01;31:*.arj=01;31:*.taz=01;31:*.lha=01;31:*.lz4=01;31:*.lzh=01;31:*.lzma=01;31:*.tlz=01;31:*.txz=01;31:*.tzo=01;31:*.t7z=01;31:*.zip=01;31:*.z=01;31:*.dz=01;31:*.gz=01;31:*.lrz=01;31:*.lz=01;31:*.lzo=01;31:*.xz=01;31:*.zst=01;31:*.tzst=01;31:*.bz2=01;31:*.bz=01;31:*.tbz=01;31:*.tbz2=01;31:*.tz=01;31:*.deb=01;31:*.rpm=01;31:*.jar=01;31:*.war=01;31:*.ear=01;31:*.sar=01;31:*.rar=01;31:*.alz=01;31:*.ace=01;31:*.zoo=01;31:*.cpio=01;31:*.7z=01;31:*.rz=01;31:*.cab=01;31:*.wim=01;31:*.swm=01;31:*.dwm=01;31:*.esd=01;31:*.jpg=01;35:*.jpeg=01;35:*.mjpg=01;35:*.mjpeg=01;35:*.gif=01;35:*.bmp=01;35:*.pbm=01;35:*.pgm=01;35:*.ppm=01;35:*.tga=01;35:*.xbm=01;35:*.xpm=01;35:*.tif=01;35:*.tiff=01;35:*.png=01;35:*.svg=01;35:*.svgz=01;35:*.mng=01;35:*.pcx=01;35:*.mov=01;35:*.mpg=01;35:*.mpeg=01;35:*.m2v=01;35:*.mkv=01;35:*.webm=01;35:*.ogm=01;35:*.mp4=01;35:*.m4v=01;35:*.mp4v=01;35:*.vob=01;35:*.qt=01;35:*.nuv=01;35:*.wmv=01;35:*.asf=01;35:*.rm=01;35:*.rmvb=01;35:*.flc=01;35:*.avi=01;35:*.fli=01;35:*.flv=01;35:*.gl=01;35:*.dl=01;35:*.xcf=01;35:*.xwd=01;35:*.yuv=01;35:*.cgm=01;35:*.emf=01;35:*.ogv=01;35:*.ogx=01;35:*.aac=00;36:*.au=00;36:*.flac=00;36:*.m4a=00;36:*.mid=00;36:*.midi=00;36:*.mka=00;36:*.mp3=00;36:*.mpc=00;36:*.ogg=00;36:*.ra=00;36:*.wav=00;36:*.oga=00;36:*.opus=00;36:*.spx=00;36:*.xspf=00;36:'), ('JETSON_SOC', 'tegra194'), ('SSH_AUTH_SOCK', '/run/user/1000/keyring/ssh'), ('ROS_DOMAIN_ID', '35'), ('AMENT_PREFIX_PATH', '/home/wjs/cart_ros2/install:/home/wjs/tb3_tpl_ws/install:/opt/ros/galactic'), ('SHELL', '/bin/bash'), ('TERMINATOR_UUID', 'urn:uuid:5ca201da-878f-4fe5-bc65-54a4c73b4877'), ('QT_ACCESSIBILITY', '1'), ('GDMSESSION', 'ubuntu'), ('LESSCLOSE', '/usr/bin/lesspipe %s %s'), ('GPG_AGENT_INFO', '/run/user/1000/gnupg/S.gpg-agent:0:1'), ('QT_IM_MODULE', 'ibus'), ('JETSON_CUDA_ARCH_BIN', '7.2'), ('PWD', '/home/wjs/cart_ros2/build/agv_mapping'), ('XDG_CONFIG_DIRS', '/etc/xdg/xdg-ubuntu:/etc/xdg'), ('XDG_DATA_DIRS', '/usr/share/ubuntu:/usr/local/share/:/usr/share/:/var/lib/snapd/desktop'), ('PYTHONPATH', '/opt/opencv-4.5.5-cuda/lib/python3.8/site-packages:/home/wjs/cart_ros2/build/differential_drive/src:/home/wjs/cart_ros2/build/arduino_ros2:/home/wjs/cart_ros2/build/agv_body:/home/wjs/cart_ros2/install/lib/python3.8/site-packages:/home/wjs/tb3_tpl_ws/build/turtlebot3_teleop:/home/wjs/tb3_tpl_ws/install/lib/python3.8/site-packages:/opt/ros/galactic/lib/python3.8/site-packages'), ('COLCON', '1'), ('VTE_VERSION', '6003'), ('JETSON_JETPACK', '5.1.7'), ('CMAKE_PREFIX_PATH', '/home/wjs/cart_ros2/install:/home/wjs/tb3_tpl_ws/install:/opt/ros/galactic'), ('JETSON_P_NUMBER', 'p2888-0004')]), 'shell': False}
[3.147339] (-) TimerEvent: {}
[3.203692] (serial) CommandEnded: {'returncode': 0}
[3.217206] (serial) JobProgress: {'identifier': 'serial', 'progress': 'install'}
[3.248308] (-) TimerEvent: {}
[3.354780] (-) TimerEvent: {}
[3.380543] (serial) Command: {'cmd': ['/usr/bin/cmake', '--install', '/home/wjs/cart_ros2/build/serial'], 'cwd': '/home/wjs/cart_ros2/build/serial', 'env': OrderedDict([('LESSOPEN', '| /usr/bin/lesspipe %s'), ('USER', 'wjs'), ('SSH_AGENT_PID', '3974'), ('XDG_SESSION_TYPE', 'x11'), ('PIP_CACHE_DIR', '/mnt/sdcard/.cache/pip'), ('XDG_CACHE_HOME', '/mnt/sdcard/.cache'), ('SHLVL', '1'), ('LD_LIBRARY_PATH', '/opt/opencv-4.5.5-cuda/lib:/home/wjs/cart_ros2/install/lib:/home/wjs/tb3_tpl_ws/install/lib:/opt/ros/galactic/opt/yaml_cpp_vendor/lib:/opt/ros/galactic/opt/rviz_ogre_vendor/lib:/opt/ros/galactic/lib/aarch64-linux-gnu:/opt/ros/galactic/lib:/usr/local/cuda-11.4/lib64:'), ('HOME', '/home/wjs'), ('CYCLONEDDS_URI', 'file:///home/wjs/cyclonedds_lo.xml'), ('OLDPWD', '/home/wjs'), ('DESKTOP_SESSION', 'ubuntu'), ('JETSON_L4T', '35.6.3'), ('ROS_PYTHON_VERSION', '3'), ('GNOME_SHELL_SESSION_MODE', 'ubuntu'), ('GTK_MODULES', 'gail:atk-bridge'), ('JETSON_MODEL', 'Jetson-AGX'), ('MANAGERPID', '3869'), ('DBUS_SESSION_BUS_ADDRESS', 'unix:path=/run/user/1000/bus'), ('COLORTERM', 'truecolor'), ('TERMINATOR_DBUS_NAME', 'net.tenshu.Terminator23558193cd9818af7fe4d2c2f5bd9d00f'), ('GIO_LAUNCHED_DESKTOP_FILE_PID', '5782'), ('IM_CONFIG_PHASE', '1'), ('TMPDIR', '/mnt/sdcard/tmp'), ('COLCON_PREFIX_PATH', '/home/wjs/tb3_tpl_ws/install:/home/wjs/cart_ros2/install'), ('TORCH_HOME', '/mnt/sdcard/.cache/torch'), ('ROS_DISTRO', 'galactic'), ('LOGNAME', 'wjs'), ('JETSON_MODULE', 'NVIDIA Jetson AGX Xavier (32 GB ram)'), ('JETSON_SERIAL_NUMBER', '1423420009543'), ('JOURNAL_STREAM', '8:75753'), ('_', '/usr/bin/colcon'), ('ROS_VERSION', '2'), ('JETSON_CODENAME', 'Galen'), ('XDG_SESSION_CLASS', 'user'), ('USERNAME', 'wjs'), ('TERM', 'xterm-256color'), ('GNOME_DESKTOP_SESSION_ID', 'this-is-deprecated'), ('ROS_LOCALHOST_ONLY', '1'), ('WINDOWPATH', '2'), ('PATH', '/opt/ros/galactic/bin:/usr/local/cuda-11.4/bin:/home/wjs/.local/bin:/usr/local/sbin:/usr/local/bin:/usr/sbin:/usr/bin:/sbin:/bin:/usr/games:/usr/local/games:/snap/bin'), ('SESSION_MANAGER', 'local/ubuntu:@/tmp/.ICE-unix/4009,unix/ubuntu:/tmp/.ICE-unix/4009'), ('INVOCATION_ID', '29540fbad2f04dbb9a087051877568a9'), ('XDG_MENU_PREFIX', 'gnome-'), ('XDG_RUNTIME_DIR', '/run/user/1000'), ('DISPLAY', ':1'), ('TERMINATOR_DBUS_PATH', '/net/tenshu/Terminator2'), ('LANG', 'en_US.UTF-8'), ('XDG_CURRENT_DESKTOP', 'ubuntu:GNOME'), ('RMW_IMPLEMENTATION', 'rmw_cyclonedds_cpp'), ('XMODIFIERS', '@im=ibus'), ('XDG_SESSION_DESKTOP', 'ubuntu'), ('XAUTHORITY', '/run/user/1000/gdm/Xauthority'), ('LS_COLORS', 'rs=0:di=01;34:ln=01;36:mh=00:pi=40;33:so=01;35:do=01;35:bd=40;33;01:cd=40;33;01:or=40;31;01:mi=00:su=37;41:sg=30;43:ca=30;41:tw=30;42:ow=34;42:st=37;44:ex=01;32:*.tar=01;31:*.tgz=01;31:*.arc=01;31:*.arj=01;31:*.taz=01;31:*.lha=01;31:*.lz4=01;31:*.lzh=01;31:*.lzma=01;31:*.tlz=01;31:*.txz=01;31:*.tzo=01;31:*.t7z=01;31:*.zip=01;31:*.z=01;31:*.dz=01;31:*.gz=01;31:*.lrz=01;31:*.lz=01;31:*.lzo=01;31:*.xz=01;31:*.zst=01;31:*.tzst=01;31:*.bz2=01;31:*.bz=01;31:*.tbz=01;31:*.tbz2=01;31:*.tz=01;31:*.deb=01;31:*.rpm=01;31:*.jar=01;31:*.war=01;31:*.ear=01;31:*.sar=01;31:*.rar=01;31:*.alz=01;31:*.ace=01;31:*.zoo=01;31:*.cpio=01;31:*.7z=01;31:*.rz=01;31:*.cab=01;31:*.wim=01;31:*.swm=01;31:*.dwm=01;31:*.esd=01;31:*.jpg=01;35:*.jpeg=01;35:*.mjpg=01;35:*.mjpeg=01;35:*.gif=01;35:*.bmp=01;35:*.pbm=01;35:*.pgm=01;35:*.ppm=01;35:*.tga=01;35:*.xbm=01;35:*.xpm=01;35:*.tif=01;35:*.tiff=01;35:*.png=01;35:*.svg=01;35:*.svgz=01;35:*.mng=01;35:*.pcx=01;35:*.mov=01;35:*.mpg=01;35:*.mpeg=01;35:*.m2v=01;35:*.mkv=01;35:*.webm=01;35:*.ogm=01;35:*.mp4=01;35:*.m4v=01;35:*.mp4v=01;35:*.vob=01;35:*.qt=01;35:*.nuv=01;35:*.wmv=01;35:*.asf=01;35:*.rm=01;35:*.rmvb=01;35:*.flc=01;35:*.avi=01;35:*.fli=01;35:*.flv=01;35:*.gl=01;35:*.dl=01;35:*.xcf=01;35:*.xwd=01;35:*.yuv=01;35:*.cgm=01;35:*.emf=01;35:*.ogv=01;35:*.ogx=01;35:*.aac=00;36:*.au=00;36:*.flac=00;36:*.m4a=00;36:*.mid=00;36:*.midi=00;36:*.mka=00;36:*.mp3=00;36:*.mpc=00;36:*.ogg=00;36:*.ra=00;36:*.wav=00;36:*.oga=00;36:*.opus=00;36:*.spx=00;36:*.xspf=00;36:'), ('JETSON_SOC', 'tegra194'), ('SSH_AUTH_SOCK', '/run/user/1000/keyring/ssh'), ('ROS_DOMAIN_ID', '35'), ('AMENT_PREFIX_PATH', '/home/wjs/cart_ros2/install:/home/wjs/tb3_tpl_ws/install:/opt/ros/galactic'), ('SHELL', '/bin/bash'), ('TERMINATOR_UUID', 'urn:uuid:5ca201da-878f-4fe5-bc65-54a4c73b4877'), ('QT_ACCESSIBILITY', '1'), ('GDMSESSION', 'ubuntu'), ('LESSCLOSE', '/usr/bin/lesspipe %s %s'), ('GPG_AGENT_INFO', '/run/user/1000/gnupg/S.gpg-agent:0:1'), ('QT_IM_MODULE', 'ibus'), ('JETSON_CUDA_ARCH_BIN', '7.2'), ('PWD', '/home/wjs/cart_ros2/build/serial'), ('XDG_CONFIG_DIRS', '/etc/xdg/xdg-ubuntu:/etc/xdg'), ('XDG_DATA_DIRS', '/usr/share/ubuntu:/usr/local/share/:/usr/share/:/var/lib/snapd/desktop'), ('PYTHONPATH', '/opt/opencv-4.5.5-cuda/lib/python3.8/site-packages:/home/wjs/cart_ros2/build/differential_drive/src:/home/wjs/cart_ros2/build/arduino_ros2:/home/wjs/cart_ros2/build/agv_body:/home/wjs/cart_ros2/install/lib/python3.8/site-packages:/home/wjs/tb3_tpl_ws/build/turtlebot3_teleop:/home/wjs/tb3_tpl_ws/install/lib/python3.8/site-packages:/opt/ros/galactic/lib/python3.8/site-packages'), ('COLCON', '1'), ('VTE_VERSION', '6003'), ('JETSON_JETPACK', '5.1.7'), ('CMAKE_PREFIX_PATH', '/home/wjs/cart_ros2/install:/home/wjs/tb3_tpl_ws/install:/opt/ros/galactic'), ('JETSON_P_NUMBER', 'p2888-0004')]), 'shell': False}
[3.415987] (roboteq_interfaces) StdoutLine: {'line': b'[ 78%] Built target roboteq_interfaces__rosidl_typesupport_c\n'}
[3.457095] (-) TimerEvent: {}
[3.566769] (-) TimerEvent: {}
[3.584645] (serial) StdoutLine: {'line': b'-- Install configuration: ""\n'}
[3.586074] (serial) StdoutLine: {'line': b'-- Execute custom install script\n'}
[3.586474] (serial) StdoutLine: {'line': b'-- Up-to-date symlink: /home/wjs/cart_ros2/install/share/serial/environment/library_path.sh\n'}
[3.586823] (serial) StdoutLine: {'line': b'-- Up-to-date symlink: /home/wjs/cart_ros2/install/share/serial/environment/library_path.dsv\n'}
[3.587112] (serial) StdoutLine: {'line': b'-- Up-to-date symlink: /home/wjs/cart_ros2/install/lib/libserial.a\n'}
[3.587392] (serial) StdoutLine: {'line': b'-- Up-to-date symlink: /home/wjs/cart_ros2/install/include/serial/serial.h\n'}
[3.590185] (serial) StdoutLine: {'line': b'-- Up-to-date symlink: /home/wjs/cart_ros2/install/include/serial/v8stdint.h\n'}
[3.612518] (serial) StdoutLine: {'line': b'-- Up-to-date symlink: /home/wjs/cart_ros2/install/share/ament_index/resource_index/package_run_dependencies/serial\n'}
[3.628285] (agv_mapping) CommandEnded: {'returncode': 0}
[3.632309] (serial) StdoutLine: {'line': b'-- Up-to-date symlink: /home/wjs/cart_ros2/install/share/ament_index/resource_index/parent_prefix_path/serial\n'}
[3.632866] (serial) StdoutLine: {'line': b'-- Up-to-date symlink: /home/wjs/cart_ros2/install/share/serial/environment/ament_prefix_path.sh\n'}
[3.633194] (serial) StdoutLine: {'line': b'-- Up-to-date symlink: /home/wjs/cart_ros2/install/share/serial/environment/ament_prefix_path.dsv\n'}
[3.663136] (agv_mapping) JobProgress: {'identifier': 'agv_mapping', 'progress': 'install'}
[3.666026] (agv_mapping) Command: {'cmd': ['/usr/bin/cmake', '--install', '/home/wjs/cart_ros2/build/agv_mapping'], 'cwd': '/home/wjs/cart_ros2/build/agv_mapping', 'env': OrderedDict([('LESSOPEN', '| /usr/bin/lesspipe %s'), ('USER', 'wjs'), ('SSH_AGENT_PID', '3974'), ('XDG_SESSION_TYPE', 'x11'), ('PIP_CACHE_DIR', '/mnt/sdcard/.cache/pip'), ('XDG_CACHE_HOME', '/mnt/sdcard/.cache'), ('SHLVL', '1'), ('LD_LIBRARY_PATH', '/opt/opencv-4.5.5-cuda/lib:/home/wjs/cart_ros2/install/lib:/home/wjs/tb3_tpl_ws/install/lib:/opt/ros/galactic/opt/yaml_cpp_vendor/lib:/opt/ros/galactic/opt/rviz_ogre_vendor/lib:/opt/ros/galactic/lib/aarch64-linux-gnu:/opt/ros/galactic/lib:/usr/local/cuda-11.4/lib64:'), ('HOME', '/home/wjs'), ('CYCLONEDDS_URI', 'file:///home/wjs/cyclonedds_lo.xml'), ('OLDPWD', '/home/wjs'), ('DESKTOP_SESSION', 'ubuntu'), ('JETSON_L4T', '35.6.3'), ('ROS_PYTHON_VERSION', '3'), ('GNOME_SHELL_SESSION_MODE', 'ubuntu'), ('GTK_MODULES', 'gail:atk-bridge'), ('JETSON_MODEL', 'Jetson-AGX'), ('MANAGERPID', '3869'), ('DBUS_SESSION_BUS_ADDRESS', 'unix:path=/run/user/1000/bus'), ('COLORTERM', 'truecolor'), ('TERMINATOR_DBUS_NAME', 'net.tenshu.Terminator23558193cd9818af7fe4d2c2f5bd9d00f'), ('GIO_LAUNCHED_DESKTOP_FILE_PID', '5782'), ('IM_CONFIG_PHASE', '1'), ('TMPDIR', '/mnt/sdcard/tmp'), ('COLCON_PREFIX_PATH', '/home/wjs/tb3_tpl_ws/install:/home/wjs/cart_ros2/install'), ('TORCH_HOME', '/mnt/sdcard/.cache/torch'), ('ROS_DISTRO', 'galactic'), ('LOGNAME', 'wjs'), ('JETSON_MODULE', 'NVIDIA Jetson AGX Xavier (32 GB ram)'), ('JETSON_SERIAL_NUMBER', '1423420009543'), ('JOURNAL_STREAM', '8:75753'), ('_', '/usr/bin/colcon'), ('ROS_VERSION', '2'), ('JETSON_CODENAME', 'Galen'), ('XDG_SESSION_CLASS', 'user'), ('USERNAME', 'wjs'), ('TERM', 'xterm-256color'), ('GNOME_DESKTOP_SESSION_ID', 'this-is-deprecated'), ('ROS_LOCALHOST_ONLY', '1'), ('WINDOWPATH', '2'), ('PATH', '/opt/ros/galactic/bin:/usr/local/cuda-11.4/bin:/home/wjs/.local/bin:/usr/local/sbin:/usr/local/bin:/usr/sbin:/usr/bin:/sbin:/bin:/usr/games:/usr/local/games:/snap/bin'), ('SESSION_MANAGER', 'local/ubuntu:@/tmp/.ICE-unix/4009,unix/ubuntu:/tmp/.ICE-unix/4009'), ('INVOCATION_ID', '29540fbad2f04dbb9a087051877568a9'), ('XDG_MENU_PREFIX', 'gnome-'), ('XDG_RUNTIME_DIR', '/run/user/1000'), ('DISPLAY', ':1'), ('TERMINATOR_DBUS_PATH', '/net/tenshu/Terminator2'), ('LANG', 'en_US.UTF-8'), ('XDG_CURRENT_DESKTOP', 'ubuntu:GNOME'), ('RMW_IMPLEMENTATION', 'rmw_cyclonedds_cpp'), ('XMODIFIERS', '@im=ibus'), ('XDG_SESSION_DESKTOP', 'ubuntu'), ('XAUTHORITY', '/run/user/1000/gdm/Xauthority'), ('LS_COLORS', 'rs=0:di=01;34:ln=01;36:mh=00:pi=40;33:so=01;35:do=01;35:bd=40;33;01:cd=40;33;01:or=40;31;01:mi=00:su=37;41:sg=30;43:ca=30;41:tw=30;42:ow=34;42:st=37;44:ex=01;32:*.tar=01;31:*.tgz=01;31:*.arc=01;31:*.arj=01;31:*.taz=01;31:*.lha=01;31:*.lz4=01;31:*.lzh=01;31:*.lzma=01;31:*.tlz=01;31:*.txz=01;31:*.tzo=01;31:*.t7z=01;31:*.zip=01;31:*.z=01;31:*.dz=01;31:*.gz=01;31:*.lrz=01;31:*.lz=01;31:*.lzo=01;31:*.xz=01;31:*.zst=01;31:*.tzst=01;31:*.bz2=01;31:*.bz=01;31:*.tbz=01;31:*.tbz2=01;31:*.tz=01;31:*.deb=01;31:*.rpm=01;31:*.jar=01;31:*.war=01;31:*.ear=01;31:*.sar=01;31:*.rar=01;31:*.alz=01;31:*.ace=01;31:*.zoo=01;31:*.cpio=01;31:*.7z=01;31:*.rz=01;31:*.cab=01;31:*.wim=01;31:*.swm=01;31:*.dwm=01;31:*.esd=01;31:*.jpg=01;35:*.jpeg=01;35:*.mjpg=01;35:*.mjpeg=01;35:*.gif=01;35:*.bmp=01;35:*.pbm=01;35:*.pgm=01;35:*.ppm=01;35:*.tga=01;35:*.xbm=01;35:*.xpm=01;35:*.tif=01;35:*.tiff=01;35:*.png=01;35:*.svg=01;35:*.svgz=01;35:*.mng=01;35:*.pcx=01;35:*.mov=01;35:*.mpg=01;35:*.mpeg=01;35:*.m2v=01;35:*.mkv=01;35:*.webm=01;35:*.ogm=01;35:*.mp4=01;35:*.m4v=01;35:*.mp4v=01;35:*.vob=01;35:*.qt=01;35:*.nuv=01;35:*.wmv=01;35:*.asf=01;35:*.rm=01;35:*.rmvb=01;35:*.flc=01;35:*.avi=01;35:*.fli=01;35:*.flv=01;35:*.gl=01;35:*.dl=01;35:*.xcf=01;35:*.xwd=01;35:*.yuv=01;35:*.cgm=01;35:*.emf=01;35:*.ogv=01;35:*.ogx=01;35:*.aac=00;36:*.au=00;36:*.flac=00;36:*.m4a=00;36:*.mid=00;36:*.midi=00;36:*.mka=00;36:*.mp3=00;36:*.mpc=00;36:*.ogg=00;36:*.ra=00;36:*.wav=00;36:*.oga=00;36:*.opus=00;36:*.spx=00;36:*.xspf=00;36:'), ('JETSON_SOC', 'tegra194'), ('SSH_AUTH_SOCK', '/run/user/1000/keyring/ssh'), ('ROS_DOMAIN_ID', '35'), ('AMENT_PREFIX_PATH', '/home/wjs/cart_ros2/install:/home/wjs/tb3_tpl_ws/install:/opt/ros/galactic'), ('SHELL', '/bin/bash'), ('TERMINATOR_UUID', 'urn:uuid:5ca201da-878f-4fe5-bc65-54a4c73b4877'), ('QT_ACCESSIBILITY', '1'), ('GDMSESSION', 'ubuntu'), ('LESSCLOSE', '/usr/bin/lesspipe %s %s'), ('GPG_AGENT_INFO', '/run/user/1000/gnupg/S.gpg-agent:0:1'), ('QT_IM_MODULE', 'ibus'), ('JETSON_CUDA_ARCH_BIN', '7.2'), ('PWD', '/home/wjs/cart_ros2/build/agv_mapping'), ('XDG_CONFIG_DIRS', '/etc/xdg/xdg-ubuntu:/etc/xdg'), ('XDG_DATA_DIRS', '/usr/share/ubuntu:/usr/local/share/:/usr/share/:/var/lib/snapd/desktop'), ('PYTHONPATH', '/opt/opencv-4.5.5-cuda/lib/python3.8/site-packages:/home/wjs/cart_ros2/build/differential_drive/src:/home/wjs/cart_ros2/build/arduino_ros2:/home/wjs/cart_ros2/build/agv_body:/home/wjs/cart_ros2/install/lib/python3.8/site-packages:/home/wjs/tb3_tpl_ws/build/turtlebot3_teleop:/home/wjs/tb3_tpl_ws/install/lib/python3.8/site-packages:/opt/ros/galactic/lib/python3.8/site-packages'), ('COLCON', '1'), ('VTE_VERSION', '6003'), ('JETSON_JETPACK', '5.1.7'), ('CMAKE_PREFIX_PATH', '/home/wjs/cart_ros2/install:/home/wjs/tb3_tpl_ws/install:/opt/ros/galactic'), ('JETSON_P_NUMBER', 'p2888-0004')]), 'shell': False}
[3.678899] (-) TimerEvent: {}
[3.680494] (serial) StdoutLine: {'line': b'-- Up-to-date symlink: /home/wjs/cart_ros2/install/share/serial/environment/path.sh\n'}
[3.681164] (serial) StdoutLine: {'line': b'-- Up-to-date symlink: /home/wjs/cart_ros2/install/share/serial/environment/path.dsv\n'}
[3.695850] (roboteq_interfaces) StdoutLine: {'line': b'[ 78%] Built target roboteq_interfaces\n'}
[3.703063] (serial) StdoutLine: {'line': b'-- Up-to-date symlink: /home/wjs/cart_ros2/install/share/serial/local_setup.bash\n'}
[3.708179] (serial) StdoutLine: {'line': b'-- Up-to-date symlink: /home/wjs/cart_ros2/install/share/serial/local_setup.sh\n'}
[3.708778] (serial) StdoutLine: {'line': b'-- Up-to-date symlink: /home/wjs/cart_ros2/install/share/serial/local_setup.zsh\n'}
[3.709499] (serial) StdoutLine: {'line': b'-- Up-to-date symlink: /home/wjs/cart_ros2/install/share/serial/local_setup.dsv\n'}
[3.710343] (serial) StdoutLine: {'line': b'-- Symlinking: /home/wjs/cart_ros2/install/share/serial/package.dsv\n'}
[3.743345] (agv_mapping) StdoutLine: {'line': b'-- Install configuration: ""\n'}
[3.757033] (agv_mapping) StdoutLine: {'line': b'-- Execute custom install script\n'}
[3.761667] (agv_mapping) StdoutLine: {'line': b'-- Up-to-date symlink: /home/wjs/cart_ros2/install/share/agv_mapping/launch/online_async_launch.py\n'}
[3.763202] (agv_mapping) StdoutLine: {'line': b'-- Up-to-date symlink: /home/wjs/cart_ros2/install/share/agv_mapping/launch/online_cartographer_launch.py\n'}
[3.766462] (agv_mapping) StdoutLine: {'line': b'-- Up-to-date symlink: /home/wjs/cart_ros2/install/share/agv_mapping/config/.ekf.yaml.swo\n'}
[3.767720] (agv_mapping) StdoutLine: {'line': b'-- Up-to-date symlink: /home/wjs/cart_ros2/install/share/agv_mapping/config/agv_cartographer_2d.lua\n'}
[3.768852] (agv_mapping) StdoutLine: {'line': b'-- Up-to-date symlink: /home/wjs/cart_ros2/install/share/agv_mapping/config/ekf.yaml\n'}
[3.771819] (agv_mapping) StdoutLine: {'line': b'-- Up-to-date symlink: /home/wjs/cart_ros2/install/share/agv_mapping/config/mapper_params_online_async.yaml\n'}
[3.773816] (agv_mapping) StdoutLine: {'line': b'-- Up-to-date symlink: /home/wjs/cart_ros2/install/share/ament_index/resource_index/package_run_dependencies/agv_mapping\n'}
[3.776054] (agv_mapping) StdoutLine: {'line': b'-- Up-to-date symlink: /home/wjs/cart_ros2/install/share/ament_index/resource_index/parent_prefix_path/agv_mapping\n'}
[3.779162] (agv_mapping) StdoutLine: {'line': b'-- Up-to-date symlink: /home/wjs/cart_ros2/install/share/agv_mapping/environment/ament_prefix_path.sh\n'}
[3.780470] (-) TimerEvent: {}
[3.781240] (agv_mapping) StdoutLine: {'line': b'-- Up-to-date symlink: /home/wjs/cart_ros2/install/share/agv_mapping/environment/ament_prefix_path.dsv\n'}
[3.786916] (agv_mapping) StdoutLine: {'line': b'-- Up-to-date symlink: /home/wjs/cart_ros2/install/share/agv_mapping/environment/path.sh\n'}
[3.790349] (agv_mapping) StdoutLine: {'line': b'-- Up-to-date symlink: /home/wjs/cart_ros2/install/share/agv_mapping/environment/path.dsv\n'}
[3.795741] (agv_mapping) StdoutLine: {'line': b'-- Up-to-date symlink: /home/wjs/cart_ros2/install/share/agv_mapping/local_setup.bash\n'}
[3.800984] (agv_mapping) StdoutLine: {'line': b'-- Up-to-date symlink: /home/wjs/cart_ros2/install/share/agv_mapping/local_setup.sh\n'}
[3.801687] (agv_mapping) StdoutLine: {'line': b'-- Up-to-date symlink: /home/wjs/cart_ros2/install/share/agv_mapping/local_setup.zsh\n'}
[3.811066] (agv_mapping) StdoutLine: {'line': b'-- Up-to-date symlink: /home/wjs/cart_ros2/install/share/agv_mapping/local_setup.dsv\n'}
[3.812392] (agv_mapping) StdoutLine: {'line': b'-- Symlinking: /home/wjs/cart_ros2/install/share/agv_mapping/package.dsv\n'}
[3.825707] (serial) StdoutLine: {'line': b'-- Up-to-date symlink: /home/wjs/cart_ros2/install/share/ament_index/resource_index/packages/serial\n'}
[3.828092] (serial) StdoutLine: {'line': b'-- Up-to-date symlink: /home/wjs/cart_ros2/install/share/serial/cmake/ament_cmake_export_include_directories-extras.cmake\n'}
[3.836032] (serial) StdoutLine: {'line': b'-- Up-to-date symlink: /home/wjs/cart_ros2/install/share/serial/cmake/ament_cmake_export_libraries-extras.cmake\n'}
[3.837140] (serial) StdoutLine: {'line': b'-- Up-to-date symlink: /home/wjs/cart_ros2/install/share/serial/cmake/serialConfig.cmake\n'}
[3.838184] (serial) StdoutLine: {'line': b'-- Up-to-date symlink: /home/wjs/cart_ros2/install/share/serial/cmake/serialConfig-version.cmake\n'}
[3.839876] (serial) StdoutLine: {'line': b'-- Up-to-date symlink: /home/wjs/cart_ros2/install/share/serial/package.xml\n'}
[3.872841] (serial) CommandEnded: {'returncode': 0}
[3.880659] (-) TimerEvent: {}
[3.919330] (agv_mapping) StdoutLine: {'line': b'-- Up-to-date symlink: /home/wjs/cart_ros2/install/share/ament_index/resource_index/packages/agv_mapping\n'}
[3.920399] (agv_mapping) StdoutLine: {'line': b'-- Up-to-date symlink: /home/wjs/cart_ros2/install/share/agv_mapping/cmake/agv_mappingConfig.cmake\n'}
[3.920816] (agv_mapping) StdoutLine: {'line': b'-- Up-to-date symlink: /home/wjs/cart_ros2/install/share/agv_mapping/cmake/agv_mappingConfig-version.cmake\n'}
[3.921139] (agv_mapping) StdoutLine: {'line': b'-- Up-to-date symlink: /home/wjs/cart_ros2/install/share/agv_mapping/package.xml\n'}
[3.985919] (-) TimerEvent: {}
[4.090540] (-) TimerEvent: {}
[4.174289] (roboteq_interfaces) StdoutLine: {'line': b'[ 80%] Built target roboteq_interfaces__py\n'}
[4.189984] (serial) JobEnded: {'identifier': 'serial', 'rc': 0}
[4.210824] (-) TimerEvent: {}
[4.211403] (arduino_ros2) JobStarted: {'identifier': 'arduino_ros2'}
[4.312918] (-) TimerEvent: {}
[4.340745] (agv_mapping) CommandEnded: {'returncode': 0}
[4.414336] (-) TimerEvent: {}
[4.523584] (-) TimerEvent: {}
[4.527588] (roboteq_interfaces) StdoutLine: {'line': b'[ 89%] Built target roboteq_interfaces__python\n'}
[4.623697] (-) TimerEvent: {}
[4.754137] (-) TimerEvent: {}
[4.819283] (agv_mapping) JobEnded: {'identifier': 'agv_mapping', 'rc': 0}
[4.824674] (differential_drive) JobStarted: {'identifier': 'differential_drive'}
[4.830182] (roboteq_interfaces) StdoutLine: {'line': b'[ 92%] Built target roboteq_interfaces__rosidl_typesupport_c__pyext\n'}
[4.854350] (-) TimerEvent: {}
[4.956029] (-) TimerEvent: {}
[5.014509] (roboteq_interfaces) StdoutLine: {'line': b'[ 96%] Built target roboteq_interfaces__rosidl_typesupport_introspection_c__pyext\n'}
[5.057265] (-) TimerEvent: {}
[5.162088] (-) TimerEvent: {}
[5.268560] (-) TimerEvent: {}
[5.369430] (-) TimerEvent: {}
[5.395835] (roboteq_interfaces) StdoutLine: {'line': b'[100%] Built target roboteq_interfaces__rosidl_typesupport_fastrtps_c__pyext\n'}
[5.472173] (-) TimerEvent: {}
[5.573586] (-) TimerEvent: {}
[5.674494] (-) TimerEvent: {}
[5.777039] (-) TimerEvent: {}
[5.883327] (-) TimerEvent: {}
[5.986854] (-) TimerEvent: {}
[6.089343] (-) TimerEvent: {}
[6.190278] (-) TimerEvent: {}
[6.291100] (-) TimerEvent: {}
[6.392264] (-) TimerEvent: {}
[6.494560] (-) TimerEvent: {}
[6.595598] (-) TimerEvent: {}
[6.696467] (-) TimerEvent: {}
[6.797810] (-) TimerEvent: {}
[6.898862] (-) TimerEvent: {}
[6.999909] (-) TimerEvent: {}
[7.101947] (-) TimerEvent: {}
[7.202825] (-) TimerEvent: {}
[7.307756] (-) TimerEvent: {}
[7.417163] (-) TimerEvent: {}
[7.521225] (-) TimerEvent: {}
[7.623408] (-) TimerEvent: {}
[7.724415] (-) TimerEvent: {}
[7.825627] (-) TimerEvent: {}
[7.927664] (-) TimerEvent: {}
[8.028896] (-) TimerEvent: {}
[8.130111] (-) TimerEvent: {}
[8.231228] (-) TimerEvent: {}
[8.332427] (-) TimerEvent: {}
[8.434027] (-) TimerEvent: {}
[8.535801] (-) TimerEvent: {}
[8.636766] (-) TimerEvent: {}
[8.737557] (-) TimerEvent: {}
[8.839379] (-) TimerEvent: {}
[8.940271] (-) TimerEvent: {}
[9.045576] (-) TimerEvent: {}
[9.146945] (roboteq_interfaces) CommandEnded: {'returncode': 0}
[9.155326] (-) TimerEvent: {}
[9.165615] (roboteq_interfaces) JobProgress: {'identifier': 'roboteq_interfaces', 'progress': 'install'}
[9.172059] (roboteq_interfaces) Command: {'cmd': ['/usr/bin/cmake', '--install', '/home/wjs/cart_ros2/build/roboteq_interfaces'], 'cwd': '/home/wjs/cart_ros2/build/roboteq_interfaces', 'env': OrderedDict([('LESSOPEN', '| /usr/bin/lesspipe %s'), ('USER', 'wjs'), ('SSH_AGENT_PID', '3974'), ('XDG_SESSION_TYPE', 'x11'), ('PIP_CACHE_DIR', '/mnt/sdcard/.cache/pip'), ('XDG_CACHE_HOME', '/mnt/sdcard/.cache'), ('SHLVL', '1'), ('LD_LIBRARY_PATH', '/opt/opencv-4.5.5-cuda/lib:/home/wjs/cart_ros2/install/lib:/home/wjs/tb3_tpl_ws/install/lib:/opt/ros/galactic/opt/yaml_cpp_vendor/lib:/opt/ros/galactic/opt/rviz_ogre_vendor/lib:/opt/ros/galactic/lib/aarch64-linux-gnu:/opt/ros/galactic/lib:/usr/local/cuda-11.4/lib64:'), ('HOME', '/home/wjs'), ('CYCLONEDDS_URI', 'file:///home/wjs/cyclonedds_lo.xml'), ('OLDPWD', '/home/wjs'), ('DESKTOP_SESSION', 'ubuntu'), ('JETSON_L4T', '35.6.3'), ('ROS_PYTHON_VERSION', '3'), ('GNOME_SHELL_SESSION_MODE', 'ubuntu'), ('GTK_MODULES', 'gail:atk-bridge'), ('JETSON_MODEL', 'Jetson-AGX'), ('MANAGERPID', '3869'), ('DBUS_SESSION_BUS_ADDRESS', 'unix:path=/run/user/1000/bus'), ('COLORTERM', 'truecolor'), ('TERMINATOR_DBUS_NAME', 'net.tenshu.Terminator23558193cd9818af7fe4d2c2f5bd9d00f'), ('GIO_LAUNCHED_DESKTOP_FILE_PID', '5782'), ('IM_CONFIG_PHASE', '1'), ('TMPDIR', '/mnt/sdcard/tmp'), ('COLCON_PREFIX_PATH', '/home/wjs/tb3_tpl_ws/install:/home/wjs/cart_ros2/install'), ('TORCH_HOME', '/mnt/sdcard/.cache/torch'), ('ROS_DISTRO', 'galactic'), ('LOGNAME', 'wjs'), ('JETSON_MODULE', 'NVIDIA Jetson AGX Xavier (32 GB ram)'), ('JETSON_SERIAL_NUMBER', '1423420009543'), ('JOURNAL_STREAM', '8:75753'), ('_', '/usr/bin/colcon'), ('ROS_VERSION', '2'), ('JETSON_CODENAME', 'Galen'), ('XDG_SESSION_CLASS', 'user'), ('USERNAME', 'wjs'), ('TERM', 'xterm-256color'), ('GNOME_DESKTOP_SESSION_ID', 'this-is-deprecated'), ('ROS_LOCALHOST_ONLY', '1'), ('WINDOWPATH', '2'), ('PATH', '/opt/ros/galactic/bin:/usr/local/cuda-11.4/bin:/home/wjs/.local/bin:/usr/local/sbin:/usr/local/bin:/usr/sbin:/usr/bin:/sbin:/bin:/usr/games:/usr/local/games:/snap/bin'), ('SESSION_MANAGER', 'local/ubuntu:@/tmp/.ICE-unix/4009,unix/ubuntu:/tmp/.ICE-unix/4009'), ('INVOCATION_ID', '29540fbad2f04dbb9a087051877568a9'), ('XDG_MENU_PREFIX', 'gnome-'), ('XDG_RUNTIME_DIR', '/run/user/1000'), ('DISPLAY', ':1'), ('TERMINATOR_DBUS_PATH', '/net/tenshu/Terminator2'), ('LANG', 'en_US.UTF-8'), ('XDG_CURRENT_DESKTOP', 'ubuntu:GNOME'), ('RMW_IMPLEMENTATION', 'rmw_cyclonedds_cpp'), ('XMODIFIERS', '@im=ibus'), ('XDG_SESSION_DESKTOP', 'ubuntu'), ('XAUTHORITY', '/run/user/1000/gdm/Xauthority'), ('LS_COLORS', 'rs=0:di=01;34:ln=01;36:mh=00:pi=40;33:so=01;35:do=01;35:bd=40;33;01:cd=40;33;01:or=40;31;01:mi=00:su=37;41:sg=30;43:ca=30;41:tw=30;42:ow=34;42:st=37;44:ex=01;32:*.tar=01;31:*.tgz=01;31:*.arc=01;31:*.arj=01;31:*.taz=01;31:*.lha=01;31:*.lz4=01;31:*.lzh=01;31:*.lzma=01;31:*.tlz=01;31:*.txz=01;31:*.tzo=01;31:*.t7z=01;31:*.zip=01;31:*.z=01;31:*.dz=01;31:*.gz=01;31:*.lrz=01;31:*.lz=01;31:*.lzo=01;31:*.xz=01;31:*.zst=01;31:*.tzst=01;31:*.bz2=01;31:*.bz=01;31:*.tbz=01;31:*.tbz2=01;31:*.tz=01;31:*.deb=01;31:*.rpm=01;31:*.jar=01;31:*.war=01;31:*.ear=01;31:*.sar=01;31:*.rar=01;31:*.alz=01;31:*.ace=01;31:*.zoo=01;31:*.cpio=01;31:*.7z=01;31:*.rz=01;31:*.cab=01;31:*.wim=01;31:*.swm=01;31:*.dwm=01;31:*.esd=01;31:*.jpg=01;35:*.jpeg=01;35:*.mjpg=01;35:*.mjpeg=01;35:*.gif=01;35:*.bmp=01;35:*.pbm=01;35:*.pgm=01;35:*.ppm=01;35:*.tga=01;35:*.xbm=01;35:*.xpm=01;35:*.tif=01;35:*.tiff=01;35:*.png=01;35:*.svg=01;35:*.svgz=01;35:*.mng=01;35:*.pcx=01;35:*.mov=01;35:*.mpg=01;35:*.mpeg=01;35:*.m2v=01;35:*.mkv=01;35:*.webm=01;35:*.ogm=01;35:*.mp4=01;35:*.m4v=01;35:*.mp4v=01;35:*.vob=01;35:*.qt=01;35:*.nuv=01;35:*.wmv=01;35:*.asf=01;35:*.rm=01;35:*.rmvb=01;35:*.flc=01;35:*.avi=01;35:*.fli=01;35:*.flv=01;35:*.gl=01;35:*.dl=01;35:*.xcf=01;35:*.xwd=01;35:*.yuv=01;35:*.cgm=01;35:*.emf=01;35:*.ogv=01;35:*.ogx=01;35:*.aac=00;36:*.au=00;36:*.flac=00;36:*.m4a=00;36:*.mid=00;36:*.midi=00;36:*.mka=00;36:*.mp3=00;36:*.mpc=00;36:*.ogg=00;36:*.ra=00;36:*.wav=00;36:*.oga=00;36:*.opus=00;36:*.spx=00;36:*.xspf=00;36:'), ('JETSON_SOC', 'tegra194'), ('SSH_AUTH_SOCK', '/run/user/1000/keyring/ssh'), ('ROS_DOMAIN_ID', '35'), ('AMENT_PREFIX_PATH', '/home/wjs/cart_ros2/install:/home/wjs/tb3_tpl_ws/install:/opt/ros/galactic'), ('SHELL', '/bin/bash'), ('TERMINATOR_UUID', 'urn:uuid:5ca201da-878f-4fe5-bc65-54a4c73b4877'), ('QT_ACCESSIBILITY', '1'), ('GDMSESSION', 'ubuntu'), ('LESSCLOSE', '/usr/bin/lesspipe %s %s'), ('GPG_AGENT_INFO', '/run/user/1000/gnupg/S.gpg-agent:0:1'), ('QT_IM_MODULE', 'ibus'), ('JETSON_CUDA_ARCH_BIN', '7.2'), ('PWD', '/home/wjs/cart_ros2/build/roboteq_interfaces'), ('XDG_CONFIG_DIRS', '/etc/xdg/xdg-ubuntu:/etc/xdg'), ('XDG_DATA_DIRS', '/usr/share/ubuntu:/usr/local/share/:/usr/share/:/var/lib/snapd/desktop'), ('PYTHONPATH', '/opt/opencv-4.5.5-cuda/lib/python3.8/site-packages:/home/wjs/cart_ros2/build/differential_drive/src:/home/wjs/cart_ros2/build/arduino_ros2:/home/wjs/cart_ros2/build/agv_body:/home/wjs/cart_ros2/install/lib/python3.8/site-packages:/home/wjs/tb3_tpl_ws/build/turtlebot3_teleop:/home/wjs/tb3_tpl_ws/install/lib/python3.8/site-packages:/opt/ros/galactic/lib/python3.8/site-packages'), ('COLCON', '1'), ('VTE_VERSION', '6003'), ('JETSON_JETPACK', '5.1.7'), ('CMAKE_PREFIX_PATH', '/home/wjs/cart_ros2/install:/home/wjs/tb3_tpl_ws/install:/opt/ros/galactic'), ('JETSON_P_NUMBER', 'p2888-0004')]), 'shell': False}
[9.270526] (-) TimerEvent: {}
[9.318872] (roboteq_interfaces) StdoutLine: {'line': b'-- Install configuration: ""\n'}
[9.321747] (roboteq_interfaces) StdoutLine: {'line': b'-- Execute custom install script\n'}
[9.322302] (roboteq_interfaces) StdoutLine: {'line': b'-- Up-to-date symlink: /home/wjs/cart_ros2/install/share/ament_index/resource_index/rosidl_interfaces/roboteq_interfaces\n'}
[9.322612] (roboteq_interfaces) StdoutLine: {'line': b'-- Up-to-date symlink: /home/wjs/cart_ros2/install/include/roboteq_interfaces/msg/channel_values.h\n'}
[9.322910] (roboteq_interfaces) StdoutLine: {'line': b'-- Up-to-date symlink: /home/wjs/cart_ros2/install/include/roboteq_interfaces/msg/detail/channel_values__functions.h\n'}
[9.334909] (roboteq_interfaces) StdoutLine: {'line': b'-- Up-to-date symlink: /home/wjs/cart_ros2/install/include/roboteq_interfaces/msg/detail/channel_values__struct.h\n'}
[9.335384] (roboteq_interfaces) StdoutLine: {'line': b'-- Up-to-date symlink: /home/wjs/cart_ros2/install/include/roboteq_interfaces/msg/detail/channel_values__type_support.h\n'}
[9.336005] (roboteq_interfaces) StdoutLine: {'line': b'-- Up-to-date symlink: /home/wjs/cart_ros2/install/include/roboteq_interfaces/msg/rosidl_generator_c__visibility_control.h\n'}
[9.337109] (roboteq_interfaces) StdoutLine: {'line': b'-- Up-to-date symlink: /home/wjs/cart_ros2/install/include/roboteq_interfaces/srv/command.h\n'}
[9.337536] (roboteq_interfaces) StdoutLine: {'line': b'-- Up-to-date symlink: /home/wjs/cart_ros2/install/include/roboteq_interfaces/srv/config.h\n'}
[9.337830] (roboteq_interfaces) StdoutLine: {'line': b'-- Up-to-date symlink: /home/wjs/cart_ros2/install/include/roboteq_interfaces/srv/detail/command__functions.h\n'}
[9.342652] (roboteq_interfaces) StdoutLine: {'line': b'-- Up-to-date symlink: /home/wjs/cart_ros2/install/include/roboteq_interfaces/srv/detail/command__struct.h\n'}
[9.342975] (roboteq_interfaces) StdoutLine: {'line': b'-- Up-to-date symlink: /home/wjs/cart_ros2/install/include/roboteq_interfaces/srv/detail/command__type_support.h\n'}
[9.343230] (roboteq_interfaces) StdoutLine: {'line': b'-- Up-to-date symlink: /home/wjs/cart_ros2/install/include/roboteq_interfaces/srv/detail/config__functions.h\n'}
[9.343530] (roboteq_interfaces) StdoutLine: {'line': b'-- Up-to-date symlink: /home/wjs/cart_ros2/install/include/roboteq_interfaces/srv/detail/config__struct.h\n'}
[9.343809] (roboteq_interfaces) StdoutLine: {'line': b'-- Up-to-date symlink: /home/wjs/cart_ros2/install/include/roboteq_interfaces/srv/detail/config__type_support.h\n'}
[9.344048] (roboteq_interfaces) StdoutLine: {'line': b'-- Up-to-date symlink: /home/wjs/cart_ros2/install/include/roboteq_interfaces/srv/detail/maintenance__functions.h\n'}
[9.344285] (roboteq_interfaces) StdoutLine: {'line': b'-- Up-to-date symlink: /home/wjs/cart_ros2/install/include/roboteq_interfaces/srv/detail/maintenance__struct.h\n'}
[9.344521] (roboteq_interfaces) StdoutLine: {'line': b'-- Up-to-date symlink: /home/wjs/cart_ros2/install/include/roboteq_interfaces/srv/detail/maintenance__type_support.h\n'}
[9.344845] (roboteq_interfaces) StdoutLine: {'line': b'-- Up-to-date symlink: /home/wjs/cart_ros2/install/include/roboteq_interfaces/srv/maintenance.h\n'}
[9.345096] (roboteq_interfaces) StdoutLine: {'line': b'-- Up-to-date symlink: /home/wjs/cart_ros2/install/share/roboteq_interfaces/environment/library_path.sh\n'}
[9.345341] (roboteq_interfaces) StdoutLine: {'line': b'-- Up-to-date symlink: /home/wjs/cart_ros2/install/share/roboteq_interfaces/environment/library_path.dsv\n'}
[9.345581] (roboteq_interfaces) StdoutLine: {'line': b'-- Up-to-date symlink: /home/wjs/cart_ros2/install/include/roboteq_interfaces/msg/detail/channel_values__rosidl_typesupport_fastrtps_c.h\n'}
[9.345888] (roboteq_interfaces) StdoutLine: {'line': b'-- Up-to-date symlink: /home/wjs/cart_ros2/install/include/roboteq_interfaces/msg/rosidl_typesupport_fastrtps_c__visibility_control.h\n'}
[9.346152] (roboteq_interfaces) StdoutLine: {'line': b'-- Up-to-date symlink: /home/wjs/cart_ros2/install/include/roboteq_interfaces/srv/detail/command__rosidl_typesupport_fastrtps_c.h\n'}
[9.346420] (roboteq_interfaces) StdoutLine: {'line': b'-- Up-to-date symlink: /home/wjs/cart_ros2/install/include/roboteq_interfaces/srv/detail/config__rosidl_typesupport_fastrtps_c.h\n'}
[9.362035] (roboteq_interfaces) StdoutLine: {'line': b'-- Up-to-date symlink: /home/wjs/cart_ros2/install/include/roboteq_interfaces/srv/detail/maintenance__rosidl_typesupport_fastrtps_c.h\n'}
[9.362672] (roboteq_interfaces) StdoutLine: {'line': b'-- Up-to-date symlink: /home/wjs/cart_ros2/install/lib/libroboteq_interfaces__rosidl_typesupport_fastrtps_c.so\n'}
[9.391252] (-) TimerEvent: {}
[9.394884] (agv_body) Command: {'cmd': ['/usr/bin/python3', '-W', 'ignore:setup.py install is deprecated', '-W', 'ignore:easy_install command is deprecated', 'setup.py', 'develop', '--editable', '--build-directory', '/home/wjs/cart_ros2/build/agv_body/build', '--no-deps', 'symlink_data'], 'cwd': '/home/wjs/cart_ros2/build/agv_body', 'env': {'LESSOPEN': '| /usr/bin/lesspipe %s', 'USER': 'wjs', 'SSH_AGENT_PID': '3974', 'XDG_SESSION_TYPE': 'x11', 'PIP_CACHE_DIR': '/mnt/sdcard/.cache/pip', 'XDG_CACHE_HOME': '/mnt/sdcard/.cache', 'SHLVL': '1', 'LD_LIBRARY_PATH': '/opt/opencv-4.5.5-cuda/lib:/home/wjs/cart_ros2/install/lib:/home/wjs/tb3_tpl_ws/install/lib:/opt/ros/galactic/opt/yaml_cpp_vendor/lib:/opt/ros/galactic/opt/rviz_ogre_vendor/lib:/opt/ros/galactic/lib/aarch64-linux-gnu:/opt/ros/galactic/lib:/usr/local/cuda-11.4/lib64:', 'HOME': '/home/wjs', 'CYCLONEDDS_URI': 'file:///home/wjs/cyclonedds_lo.xml', 'OLDPWD': '/home/wjs', 'DESKTOP_SESSION': 'ubuntu', 'JETSON_L4T': '35.6.3', 'ROS_PYTHON_VERSION': '3', 'GNOME_SHELL_SESSION_MODE': 'ubuntu', 'GTK_MODULES': 'gail:atk-bridge', 'JETSON_MODEL': 'Jetson-AGX', 'MANAGERPID': '3869', 'DBUS_SESSION_BUS_ADDRESS': 'unix:path=/run/user/1000/bus', 'COLORTERM': 'truecolor', 'TERMINATOR_DBUS_NAME': 'net.tenshu.Terminator23558193cd9818af7fe4d2c2f5bd9d00f', 'GIO_LAUNCHED_DESKTOP_FILE_PID': '5782', 'IM_CONFIG_PHASE': '1', 'TMPDIR': '/mnt/sdcard/tmp', 'COLCON_PREFIX_PATH': '/home/wjs/tb3_tpl_ws/install:/home/wjs/cart_ros2/install', 'TORCH_HOME': '/mnt/sdcard/.cache/torch', 'ROS_DISTRO': 'galactic', 'LOGNAME': 'wjs', 'JETSON_MODULE': 'NVIDIA Jetson AGX Xavier (32 GB ram)', 'JETSON_SERIAL_NUMBER': '1423420009543', 'JOURNAL_STREAM': '8:75753', '_': '/usr/bin/colcon', 'ROS_VERSION': '2', 'JETSON_CODENAME': 'Galen', 'XDG_SESSION_CLASS': 'user', 'USERNAME': 'wjs', 'TERM': 'xterm-256color', 'GNOME_DESKTOP_SESSION_ID': 'this-is-deprecated', 'ROS_LOCALHOST_ONLY': '1', 'WINDOWPATH': '2', 'PATH': '/opt/ros/galactic/bin:/usr/local/cuda-11.4/bin:/home/wjs/.local/bin:/usr/local/sbin:/usr/local/bin:/usr/sbin:/usr/bin:/sbin:/bin:/usr/games:/usr/local/games:/snap/bin', 'SESSION_MANAGER': 'local/ubuntu:@/tmp/.ICE-unix/4009,unix/ubuntu:/tmp/.ICE-unix/4009', 'INVOCATION_ID': '29540fbad2f04dbb9a087051877568a9', 'XDG_MENU_PREFIX': 'gnome-', 'XDG_RUNTIME_DIR': '/run/user/1000', 'DISPLAY': ':1', 'TERMINATOR_DBUS_PATH': '/net/tenshu/Terminator2', 'LANG': 'en_US.UTF-8', 'XDG_CURRENT_DESKTOP': 'ubuntu:GNOME', 'RMW_IMPLEMENTATION': 'rmw_cyclonedds_cpp', 'XMODIFIERS': '@im=ibus', 'XDG_SESSION_DESKTOP': 'ubuntu', 'XAUTHORITY': '/run/user/1000/gdm/Xauthority', 'LS_COLORS': 'rs=0:di=01;34:ln=01;36:mh=00:pi=40;33:so=01;35:do=01;35:bd=40;33;01:cd=40;33;01:or=40;31;01:mi=00:su=37;41:sg=30;43:ca=30;41:tw=30;42:ow=34;42:st=37;44:ex=01;32:*.tar=01;31:*.tgz=01;31:*.arc=01;31:*.arj=01;31:*.taz=01;31:*.lha=01;31:*.lz4=01;31:*.lzh=01;31:*.lzma=01;31:*.tlz=01;31:*.txz=01;31:*.tzo=01;31:*.t7z=01;31:*.zip=01;31:*.z=01;31:*.dz=01;31:*.gz=01;31:*.lrz=01;31:*.lz=01;31:*.lzo=01;31:*.xz=01;31:*.zst=01;31:*.tzst=01;31:*.bz2=01;31:*.bz=01;31:*.tbz=01;31:*.tbz2=01;31:*.tz=01;31:*.deb=01;31:*.rpm=01;31:*.jar=01;31:*.war=01;31:*.ear=01;31:*.sar=01;31:*.rar=01;31:*.alz=01;31:*.ace=01;31:*.zoo=01;31:*.cpio=01;31:*.7z=01;31:*.rz=01;31:*.cab=01;31:*.wim=01;31:*.swm=01;31:*.dwm=01;31:*.esd=01;31:*.jpg=01;35:*.jpeg=01;35:*.mjpg=01;35:*.mjpeg=01;35:*.gif=01;35:*.bmp=01;35:*.pbm=01;35:*.pgm=01;35:*.ppm=01;35:*.tga=01;35:*.xbm=01;35:*.xpm=01;35:*.tif=01;35:*.tiff=01;35:*.png=01;35:*.svg=01;35:*.svgz=01;35:*.mng=01;35:*.pcx=01;35:*.mov=01;35:*.mpg=01;35:*.mpeg=01;35:*.m2v=01;35:*.mkv=01;35:*.webm=01;35:*.ogm=01;35:*.mp4=01;35:*.m4v=01;35:*.mp4v=01;35:*.vob=01;35:*.qt=01;35:*.nuv=01;35:*.wmv=01;35:*.asf=01;35:*.rm=01;35:*.rmvb=01;35:*.flc=01;35:*.avi=01;35:*.fli=01;35:*.flv=01;35:*.gl=01;35:*.dl=01;35:*.xcf=01;35:*.xwd=01;35:*.yuv=01;35:*.cgm=01;35:*.emf=01;35:*.ogv=01;35:*.ogx=01;35:*.aac=00;36:*.au=00;36:*.flac=00;36:*.m4a=00;36:*.mid=00;36:*.midi=00;36:*.mka=00;36:*.mp3=00;36:*.mpc=00;36:*.ogg=00;36:*.ra=00;36:*.wav=00;36:*.oga=00;36:*.opus=00;36:*.spx=00;36:*.xspf=00;36:', 'JETSON_SOC': 'tegra194', 'SSH_AUTH_SOCK': '/run/user/1000/keyring/ssh', 'ROS_DOMAIN_ID': '35', 'AMENT_PREFIX_PATH': '/home/wjs/cart_ros2/install:/home/wjs/tb3_tpl_ws/install:/opt/ros/galactic', 'SHELL': '/bin/bash', 'TERMINATOR_UUID': 'urn:uuid:5ca201da-878f-4fe5-bc65-54a4c73b4877', 'QT_ACCESSIBILITY': '1', 'GDMSESSION': 'ubuntu', 'LESSCLOSE': '/usr/bin/lesspipe %s %s', 'GPG_AGENT_INFO': '/run/user/1000/gnupg/S.gpg-agent:0:1', 'QT_IM_MODULE': 'ibus', 'JETSON_CUDA_ARCH_BIN': '7.2', 'PWD': '/home/wjs/cart_ros2/build/agv_body', 'XDG_CONFIG_DIRS': '/etc/xdg/xdg-ubuntu:/etc/xdg', 'XDG_DATA_DIRS': '/usr/share/ubuntu:/usr/local/share/:/usr/share/:/var/lib/snapd/desktop', 'PYTHONPATH': '/home/wjs/cart_ros2/build/agv_body/prefix_override:/usr/lib/python3/dist-packages/colcon_core/task/python/colcon_distutils_commands:/home/wjs/cart_ros2/install/lib/python3.8/site-packages:/opt/opencv-4.5.5-cuda/lib/python3.8/site-packages:/home/wjs/cart_ros2/build/differential_drive/src:/home/wjs/cart_ros2/build/arduino_ros2:/home/wjs/cart_ros2/build/agv_body:/home/wjs/cart_ros2/install/lib/python3.8/site-packages:/home/wjs/tb3_tpl_ws/build/turtlebot3_teleop:/home/wjs/tb3_tpl_ws/install/lib/python3.8/site-packages:/opt/ros/galactic/lib/python3.8/site-packages', 'COLCON': '1', 'VTE_VERSION': '6003', 'JETSON_JETPACK': '5.1.7', 'CMAKE_PREFIX_PATH': '/home/wjs/cart_ros2/install:/home/wjs/tb3_tpl_ws/install', 'JETSON_P_NUMBER': 'p2888-0004'}, 'shell': False}
[9.420791] (roboteq_interfaces) StdoutLine: {'line': b'-- Up-to-date symlink: /home/wjs/cart_ros2/install/include/roboteq_interfaces/msg/detail/channel_values__rosidl_typesupport_fastrtps_cpp.hpp\n'}
[9.424495] (roboteq_interfaces) StdoutLine: {'line': b'-- Up-to-date symlink: /home/wjs/cart_ros2/install/include/roboteq_interfaces/msg/rosidl_typesupport_fastrtps_cpp__visibility_control.h\n'}
[9.425014] (roboteq_interfaces) StdoutLine: {'line': b'-- Up-to-date symlink: /home/wjs/cart_ros2/install/include/roboteq_interfaces/srv/detail/command__rosidl_typesupport_fastrtps_cpp.hpp\n'}
[9.425289] (roboteq_interfaces) StdoutLine: {'line': b'-- Up-to-date symlink: /home/wjs/cart_ros2/install/include/roboteq_interfaces/srv/detail/config__rosidl_typesupport_fastrtps_cpp.hpp\n'}
[9.425543] (roboteq_interfaces) StdoutLine: {'line': b'-- Up-to-date symlink: /home/wjs/cart_ros2/install/include/roboteq_interfaces/srv/detail/maintenance__rosidl_typesupport_fastrtps_cpp.hpp\n'}
[9.430944] (roboteq_interfaces) StdoutLine: {'line': b'-- Up-to-date symlink: /home/wjs/cart_ros2/install/lib/libroboteq_interfaces__rosidl_typesupport_fastrtps_cpp.so\n'}
[9.431630] (roboteq_interfaces) StdoutLine: {'line': b'-- Up-to-date symlink: /home/wjs/cart_ros2/install/include/roboteq_interfaces/msg/detail/channel_values__rosidl_typesupport_introspection_c.h\n'}
[9.444254] (roboteq_interfaces) StdoutLine: {'line': b'-- Up-to-date symlink: /home/wjs/cart_ros2/install/include/roboteq_interfaces/msg/rosidl_typesupport_introspection_c__visibility_control.h\n'}
[9.444727] (roboteq_interfaces) StdoutLine: {'line': b'-- Up-to-date symlink: /home/wjs/cart_ros2/install/include/roboteq_interfaces/srv/detail/command__rosidl_typesupport_introspection_c.h\n'}
[9.445038] (roboteq_interfaces) StdoutLine: {'line': b'-- Up-to-date symlink: /home/wjs/cart_ros2/install/include/roboteq_interfaces/srv/detail/config__rosidl_typesupport_introspection_c.h\n'}
[9.445340] (roboteq_interfaces) StdoutLine: {'line': b'-- Up-to-date symlink: /home/wjs/cart_ros2/install/include/roboteq_interfaces/srv/detail/maintenance__rosidl_typesupport_introspection_c.h\n'}
[9.445650] (roboteq_interfaces) StdoutLine: {'line': b'-- Up-to-date symlink: /home/wjs/cart_ros2/install/include/roboteq_interfaces/msg/channel_values.hpp\n'}
[9.445988] (roboteq_interfaces) StdoutLine: {'line': b'-- Up-to-date symlink: /home/wjs/cart_ros2/install/include/roboteq_interfaces/msg/detail/channel_values__builder.hpp\n'}
[9.446254] (roboteq_interfaces) StdoutLine: {'line': b'-- Up-to-date symlink: /home/wjs/cart_ros2/install/include/roboteq_interfaces/msg/detail/channel_values__struct.hpp\n'}
[9.447663] (roboteq_interfaces) StdoutLine: {'line': b'-- Up-to-date symlink: /home/wjs/cart_ros2/install/include/roboteq_interfaces/msg/detail/channel_values__traits.hpp\n'}
[9.448081] (roboteq_interfaces) StdoutLine: {'line': b'-- Up-to-date symlink: /home/wjs/cart_ros2/install/include/roboteq_interfaces/srv/command.hpp\n'}
[9.448384] (roboteq_interfaces) StdoutLine: {'line': b'-- Up-to-date symlink: /home/wjs/cart_ros2/install/include/roboteq_interfaces/srv/config.hpp\n'}
[9.448672] (roboteq_interfaces) StdoutLine: {'line': b'-- Up-to-date symlink: /home/wjs/cart_ros2/install/include/roboteq_interfaces/srv/detail/command__builder.hpp\n'}
[9.448937] (roboteq_interfaces) StdoutLine: {'line': b'-- Up-to-date symlink: /home/wjs/cart_ros2/install/include/roboteq_interfaces/srv/detail/command__struct.hpp\n'}
[9.466648] (roboteq_interfaces) StdoutLine: {'line': b'-- Up-to-date symlink: /home/wjs/cart_ros2/install/include/roboteq_interfaces/srv/detail/command__traits.hpp\n'}
[9.479217] (roboteq_interfaces) StdoutLine: {'line': b'-- Up-to-date symlink: /home/wjs/cart_ros2/install/include/roboteq_interfaces/srv/detail/config__builder.hpp\n'}
[9.486549] (roboteq_interfaces) StdoutLine: {'line': b'-- Up-to-date symlink: /home/wjs/cart_ros2/install/include/roboteq_interfaces/srv/detail/config__struct.hpp\n'}
[9.487318] (roboteq_interfaces) StdoutLine: {'line': b'-- Up-to-date symlink: /home/wjs/cart_ros2/install/include/roboteq_interfaces/srv/detail/config__traits.hpp\n'}
[9.490953] (-) TimerEvent: {}
[9.511088] (roboteq_interfaces) StdoutLine: {'line': b'-- Up-to-date symlink: /home/wjs/cart_ros2/install/include/roboteq_interfaces/srv/detail/maintenance__builder.hpp\n'}
[9.520583] (roboteq_interfaces) StdoutLine: {'line': b'-- Up-to-date symlink: /home/wjs/cart_ros2/install/include/roboteq_interfaces/srv/detail/maintenance__struct.hpp\n'}
[9.521005] (roboteq_interfaces) StdoutLine: {'line': b'-- Up-to-date symlink: /home/wjs/cart_ros2/install/include/roboteq_interfaces/srv/detail/maintenance__traits.hpp\n'}
[9.521990] (roboteq_interfaces) StdoutLine: {'line': b'-- Up-to-date symlink: /home/wjs/cart_ros2/install/include/roboteq_interfaces/srv/maintenance.hpp\n'}
[9.534424] (roboteq_interfaces) StdoutLine: {'line': b'-- Up-to-date symlink: /home/wjs/cart_ros2/install/include/roboteq_interfaces/msg/detail/channel_values__rosidl_typesupport_introspection_cpp.hpp\n'}
[9.544405] (roboteq_interfaces) StdoutLine: {'line': b'-- Up-to-date symlink: /home/wjs/cart_ros2/install/include/roboteq_interfaces/srv/detail/command__rosidl_typesupport_introspection_cpp.hpp\n'}
[9.549488] (roboteq_interfaces) StdoutLine: {'line': b'-- Up-to-date symlink: /home/wjs/cart_ros2/install/include/roboteq_interfaces/srv/detail/config__rosidl_typesupport_introspection_cpp.hpp\n'}
[9.549975] (roboteq_interfaces) StdoutLine: {'line': b'-- Up-to-date symlink: /home/wjs/cart_ros2/install/include/roboteq_interfaces/srv/detail/maintenance__rosidl_typesupport_introspection_cpp.hpp\n'}
[9.550259] (roboteq_interfaces) StdoutLine: {'line': b'-- Up-to-date symlink: /home/wjs/cart_ros2/install/share/roboteq_interfaces/environment/pythonpath.sh\n'}
[9.551013] (roboteq_interfaces) StdoutLine: {'line': b'-- Up-to-date symlink: /home/wjs/cart_ros2/install/share/roboteq_interfaces/environment/pythonpath.dsv\n'}
[9.551290] (roboteq_interfaces) StdoutLine: {'line': b'-- Up-to-date symlink: /home/wjs/cart_ros2/install/lib/python3.8/site-packages/roboteq_interfaces/__init__.py\n'}
[9.552401] (roboteq_interfaces) StdoutLine: {'line': b'-- Up-to-date symlink: /home/wjs/cart_ros2/install/lib/python3.8/site-packages/roboteq_interfaces/msg/__init__.py\n'}
[9.552821] (roboteq_interfaces) StdoutLine: {'line': b'-- Up-to-date symlink: /home/wjs/cart_ros2/install/lib/python3.8/site-packages/roboteq_interfaces/msg/_channel_values.py\n'}
[9.553190] (roboteq_interfaces) StdoutLine: {'line': b'-- Up-to-date symlink: /home/wjs/cart_ros2/install/lib/python3.8/site-packages/roboteq_interfaces/srv/__init__.py\n'}
[9.553457] (roboteq_interfaces) StdoutLine: {'line': b'-- Up-to-date symlink: /home/wjs/cart_ros2/install/lib/python3.8/site-packages/roboteq_interfaces/srv/_command.py\n'}
[9.553741] (roboteq_interfaces) StdoutLine: {'line': b'-- Up-to-date symlink: /home/wjs/cart_ros2/install/lib/python3.8/site-packages/roboteq_interfaces/srv/_config.py\n'}
[9.553991] (roboteq_interfaces) StdoutLine: {'line': b'-- Up-to-date symlink: /home/wjs/cart_ros2/install/lib/python3.8/site-packages/roboteq_interfaces/srv/_maintenance.py\n'}
[9.554241] (roboteq_interfaces) StdoutLine: {'line': b'-- Up-to-date symlink: /home/wjs/cart_ros2/install/lib/python3.8/site-packages/roboteq_interfaces/roboteq_interfaces_s__rosidl_typesupport_fastrtps_c.cpython-38-aarch64-linux-gnu.so\n'}
[9.564739] (roboteq_interfaces) StdoutLine: {'line': b'-- Up-to-date symlink: /home/wjs/cart_ros2/install/lib/python3.8/site-packages/roboteq_interfaces/roboteq_interfaces_s__rosidl_typesupport_introspection_c.cpython-38-aarch64-linux-gnu.so\n'}
[9.565564] (roboteq_interfaces) StdoutLine: {'line': b'-- Up-to-date symlink: /home/wjs/cart_ros2/install/lib/python3.8/site-packages/roboteq_interfaces/roboteq_interfaces_s__rosidl_typesupport_c.cpython-38-aarch64-linux-gnu.so\n'}
[9.565865] (roboteq_interfaces) StdoutLine: {'line': b'-- Up-to-date symlink: /home/wjs/cart_ros2/install/lib/libroboteq_interfaces__python.so\n'}
[9.566125] (roboteq_interfaces) StdoutLine: {'line': b'-- Up-to-date symlink: /home/wjs/cart_ros2/install/share/roboteq_interfaces/msg/ChannelValues.idl\n'}
[9.571986] (roboteq_interfaces) StdoutLine: {'line': b'-- Up-to-date symlink: /home/wjs/cart_ros2/install/share/roboteq_interfaces/srv/Command.idl\n'}
[9.574013] (roboteq_interfaces) StdoutLine: {'line': b'-- Up-to-date symlink: /home/wjs/cart_ros2/install/share/roboteq_interfaces/srv/Config.idl\n'}
[9.575868] (roboteq_interfaces) StdoutLine: {'line': b'-- Up-to-date symlink: /home/wjs/cart_ros2/install/share/roboteq_interfaces/srv/Maintenance.idl\n'}
[9.585029] (roboteq_interfaces) StdoutLine: {'line': b'-- Up-to-date symlink: /home/wjs/cart_ros2/install/share/roboteq_interfaces/msg/ChannelValues.msg\n'}
[9.600472] (roboteq_interfaces) StdoutLine: {'line': b'-- Up-to-date symlink: /home/wjs/cart_ros2/install/share/roboteq_interfaces/srv/Command.srv\n'}
[9.601214] (-) TimerEvent: {}
[9.601885] (roboteq_interfaces) StdoutLine: {'line': b'-- Up-to-date symlink: /home/wjs/cart_ros2/install/share/roboteq_interfaces/srv/Command_Request.msg\n'}
[9.602346] (roboteq_interfaces) StdoutLine: {'line': b'-- Up-to-date symlink: /home/wjs/cart_ros2/install/share/roboteq_interfaces/srv/Command_Response.msg\n'}
[9.603912] (roboteq_interfaces) StdoutLine: {'line': b'-- Up-to-date symlink: /home/wjs/cart_ros2/install/share/roboteq_interfaces/srv/Config.srv\n'}
[9.605978] (roboteq_interfaces) StdoutLine: {'line': b'-- Up-to-date symlink: /home/wjs/cart_ros2/install/share/roboteq_interfaces/srv/Config_Request.msg\n'}
[9.609868] (roboteq_interfaces) StdoutLine: {'line': b'-- Up-to-date symlink: /home/wjs/cart_ros2/install/share/roboteq_interfaces/srv/Config_Response.msg\n'}
[9.611750] (roboteq_interfaces) StdoutLine: {'line': b'-- Up-to-date symlink: /home/wjs/cart_ros2/install/share/roboteq_interfaces/srv/Maintenance.srv\n'}
[9.617818] (roboteq_interfaces) StdoutLine: {'line': b'-- Up-to-date symlink: /home/wjs/cart_ros2/install/share/roboteq_interfaces/srv/Maintenance_Request.msg\n'}
[9.625974] (roboteq_interfaces) StdoutLine: {'line': b'-- Up-to-date symlink: /home/wjs/cart_ros2/install/share/roboteq_interfaces/srv/Maintenance_Response.msg\n'}
[9.626980] (roboteq_interfaces) StdoutLine: {'line': b'-- Up-to-date symlink: /home/wjs/cart_ros2/install/share/ament_index/resource_index/package_run_dependencies/roboteq_interfaces\n'}
[9.628722] (roboteq_interfaces) StdoutLine: {'line': b'-- Up-to-date symlink: /home/wjs/cart_ros2/install/share/ament_index/resource_index/parent_prefix_path/roboteq_interfaces\n'}
[9.632063] (roboteq_interfaces) StdoutLine: {'line': b'-- Up-to-date symlink: /home/wjs/cart_ros2/install/share/roboteq_interfaces/environment/ament_prefix_path.sh\n'}
[9.634387] (roboteq_interfaces) StdoutLine: {'line': b'-- Up-to-date symlink: /home/wjs/cart_ros2/install/share/roboteq_interfaces/environment/ament_prefix_path.dsv\n'}
[9.636175] (roboteq_interfaces) StdoutLine: {'line': b'-- Up-to-date symlink: /home/wjs/cart_ros2/install/share/roboteq_interfaces/environment/path.sh\n'}
[9.644134] (roboteq_interfaces) StdoutLine: {'line': b'-- Up-to-date symlink: /home/wjs/cart_ros2/install/share/roboteq_interfaces/environment/path.dsv\n'}
[9.645863] (roboteq_interfaces) StdoutLine: {'line': b'-- Up-to-date symlink: /home/wjs/cart_ros2/install/share/roboteq_interfaces/local_setup.bash\n'}
[9.659916] (roboteq_interfaces) StdoutLine: {'line': b'-- Up-to-date symlink: /home/wjs/cart_ros2/install/share/roboteq_interfaces/local_setup.sh\n'}
[9.661886] (roboteq_interfaces) StdoutLine: {'line': b'-- Up-to-date symlink: /home/wjs/cart_ros2/install/share/roboteq_interfaces/local_setup.zsh\n'}
[9.664264] (roboteq_interfaces) StdoutLine: {'line': b'-- Up-to-date symlink: /home/wjs/cart_ros2/install/share/roboteq_interfaces/local_setup.dsv\n'}
[9.665064] (roboteq_interfaces) StdoutLine: {'line': b'-- Symlinking: /home/wjs/cart_ros2/install/share/roboteq_interfaces/package.dsv\n'}
[9.701651] (-) TimerEvent: {}
[9.802573] (-) TimerEvent: {}
[9.821247] (roboteq_interfaces) StdoutLine: {'line': b'-- Up-to-date symlink: /home/wjs/cart_ros2/install/share/ament_index/resource_index/packages/roboteq_interfaces\n'}
[9.825200] (roboteq_interfaces) StdoutLine: {'line': b'-- Up-to-date symlink: /home/wjs/cart_ros2/install/share/roboteq_interfaces/cmake/rosidl_cmake-extras.cmake\n'}
[9.826500] (roboteq_interfaces) StdoutLine: {'line': b'-- Up-to-date symlink: /home/wjs/cart_ros2/install/share/roboteq_interfaces/cmake/ament_cmake_export_dependencies-extras.cmake\n'}
[9.832220] (roboteq_interfaces) StdoutLine: {'line': b'-- Up-to-date symlink: /home/wjs/cart_ros2/install/share/roboteq_interfaces/cmake/ament_cmake_export_libraries-extras.cmake\n'}
[9.835724] (roboteq_interfaces) StdoutLine: {'line': b'-- Up-to-date symlink: /home/wjs/cart_ros2/install/share/roboteq_interfaces/cmake/ament_cmake_export_targets-extras.cmake\n'}
[9.845223] (roboteq_interfaces) StdoutLine: {'line': b'-- Up-to-date symlink: /home/wjs/cart_ros2/install/share/roboteq_interfaces/cmake/ament_cmake_export_include_directories-extras.cmake\n'}
[9.860998] (roboteq_interfaces) StdoutLine: {'line': b'-- Up-to-date symlink: /home/wjs/cart_ros2/install/share/roboteq_interfaces/cmake/rosidl_cmake_export_typesupport_libraries-extras.cmake\n'}
[9.863096] (roboteq_interfaces) StdoutLine: {'line': b'-- Up-to-date symlink: /home/wjs/cart_ros2/install/share/roboteq_interfaces/cmake/rosidl_cmake_export_typesupport_targets-extras.cmake\n'}
[9.866077] (roboteq_interfaces) StdoutLine: {'line': b'-- Up-to-date symlink: /home/wjs/cart_ros2/install/share/roboteq_interfaces/cmake/roboteq_interfacesConfig.cmake\n'}
[9.870597] (roboteq_interfaces) StdoutLine: {'line': b'-- Up-to-date symlink: /home/wjs/cart_ros2/install/share/roboteq_interfaces/cmake/roboteq_interfacesConfig-version.cmake\n'}
[9.875144] (roboteq_interfaces) StdoutLine: {'line': b'-- Up-to-date symlink: /home/wjs/cart_ros2/install/share/roboteq_interfaces/package.xml\n'}
[9.877042] (roboteq_interfaces) StdoutLine: {'line': b'-- Up-to-date: /home/wjs/cart_ros2/install/lib/libroboteq_interfaces__rosidl_generator_c.so\n'}
[9.894343] (roboteq_interfaces) StdoutLine: {'line': b'-- Up-to-date: /home/wjs/cart_ros2/install/lib/libroboteq_interfaces__rosidl_typesupport_introspection_c.so\n'}
[9.902974] (-) TimerEvent: {}
[9.906964] (roboteq_interfaces) StdoutLine: {'line': b'-- Up-to-date: /home/wjs/cart_ros2/install/lib/libroboteq_interfaces__rosidl_typesupport_c.so\n'}
[9.922708] (roboteq_interfaces) StdoutLine: {'line': b'-- Up-to-date: /home/wjs/cart_ros2/install/lib/libroboteq_interfaces__rosidl_typesupport_introspection_cpp.so\n'}
[9.931331] (roboteq_interfaces) StdoutLine: {'line': b'-- Up-to-date: /home/wjs/cart_ros2/install/lib/libroboteq_interfaces__rosidl_typesupport_cpp.so\n'}
[10.003373] (-) TimerEvent: {}
[10.104239] (-) TimerEvent: {}
[10.206605] (-) TimerEvent: {}
[10.248060] (roboteq_interfaces) StdoutLine: {'line': b'-- Up-to-date: /home/wjs/cart_ros2/install/share/roboteq_interfaces/cmake/roboteq_interfaces__rosidl_generator_cExport.cmake\n'}
[10.249126] (roboteq_interfaces) StdoutLine: {'line': b'-- Up-to-date: /home/wjs/cart_ros2/install/share/roboteq_interfaces/cmake/roboteq_interfaces__rosidl_generator_cExport-noconfig.cmake\n'}
[10.249667] (roboteq_interfaces) StdoutLine: {'line': b'-- Up-to-date: /home/wjs/cart_ros2/install/share/roboteq_interfaces/cmake/roboteq_interfaces__rosidl_typesupport_introspection_cExport.cmake\n'}
[10.250133] (roboteq_interfaces) StdoutLine: {'line': b'-- Up-to-date: /home/wjs/cart_ros2/install/share/roboteq_interfaces/cmake/roboteq_interfaces__rosidl_typesupport_introspection_cExport-noconfig.cmake\n'}
[10.263146] (roboteq_interfaces) StdoutLine: {'line': b'-- Up-to-date: /home/wjs/cart_ros2/install/share/roboteq_interfaces/cmake/roboteq_interfaces__rosidl_typesupport_cExport.cmake\n'}
[10.264150] (roboteq_interfaces) StdoutLine: {'line': b'-- Up-to-date: /home/wjs/cart_ros2/install/share/roboteq_interfaces/cmake/roboteq_interfaces__rosidl_typesupport_cExport-noconfig.cmake\n'}
[10.264790] (roboteq_interfaces) StdoutLine: {'line': b'-- Up-to-date: /home/wjs/cart_ros2/install/share/roboteq_interfaces/cmake/roboteq_interfaces__rosidl_generator_cppExport.cmake\n'}
[10.265580] (roboteq_interfaces) StdoutLine: {'line': b'-- Up-to-date: /home/wjs/cart_ros2/install/share/roboteq_interfaces/cmake/roboteq_interfaces__rosidl_typesupport_introspection_cppExport.cmake\n'}
[10.266185] (roboteq_interfaces) StdoutLine: {'line': b'-- Up-to-date: /home/wjs/cart_ros2/install/share/roboteq_interfaces/cmake/roboteq_interfaces__rosidl_typesupport_introspection_cppExport-noconfig.cmake\n'}
[10.268614] (roboteq_interfaces) StdoutLine: {'line': b'-- Up-to-date: /home/wjs/cart_ros2/install/share/roboteq_interfaces/cmake/roboteq_interfaces__rosidl_typesupport_cppExport.cmake\n'}
[10.274962] (roboteq_interfaces) StdoutLine: {'line': b'-- Up-to-date: /home/wjs/cart_ros2/install/share/roboteq_interfaces/cmake/roboteq_interfaces__rosidl_typesupport_cppExport-noconfig.cmake\n'}
[10.306815] (-) TimerEvent: {}
[10.336110] (roboteq_interfaces) CommandEnded: {'returncode': 0}
[10.407027] (-) TimerEvent: {}
[10.508095] (-) TimerEvent: {}
[10.604658] (roboteq_interfaces) JobEnded: {'identifier': 'roboteq_interfaces', 'rc': 0}
[10.610422] (-) TimerEvent: {}
[10.610890] (ira_laser_tools) JobStarted: {'identifier': 'ira_laser_tools'}
[10.704603] (ira_laser_tools) JobProgress: {'identifier': 'ira_laser_tools', 'progress': 'cmake'}
[10.711270] (-) TimerEvent: {}
[10.728636] (ira_laser_tools) JobProgress: {'identifier': 'ira_laser_tools', 'progress': 'build'}
[10.732747] (ira_laser_tools) Command: {'cmd': ['/usr/bin/cmake', '--build', '/home/wjs/cart_ros2/build/ira_laser_tools', '--', '-j4', '-l4'], 'cwd': '/home/wjs/cart_ros2/build/ira_laser_tools', 'env': OrderedDict([('LESSOPEN', '| /usr/bin/lesspipe %s'), ('USER', 'wjs'), ('SSH_AGENT_PID', '3974'), ('XDG_SESSION_TYPE', 'x11'), ('PIP_CACHE_DIR', '/mnt/sdcard/.cache/pip'), ('XDG_CACHE_HOME', '/mnt/sdcard/.cache'), ('SHLVL', '1'), ('LD_LIBRARY_PATH', '/opt/opencv-4.5.5-cuda/lib:/home/wjs/cart_ros2/install/lib:/home/wjs/tb3_tpl_ws/install/lib:/opt/ros/galactic/opt/yaml_cpp_vendor/lib:/opt/ros/galactic/opt/rviz_ogre_vendor/lib:/opt/ros/galactic/lib/aarch64-linux-gnu:/opt/ros/galactic/lib:/usr/local/cuda-11.4/lib64:'), ('HOME', '/home/wjs'), ('CYCLONEDDS_URI', 'file:///home/wjs/cyclonedds_lo.xml'), ('OLDPWD', '/home/wjs'), ('DESKTOP_SESSION', 'ubuntu'), ('JETSON_L4T', '35.6.3'), ('ROS_PYTHON_VERSION', '3'), ('GNOME_SHELL_SESSION_MODE', 'ubuntu'), ('GTK_MODULES', 'gail:atk-bridge'), ('JETSON_MODEL', 'Jetson-AGX'), ('MANAGERPID', '3869'), ('DBUS_SESSION_BUS_ADDRESS', 'unix:path=/run/user/1000/bus'), ('COLORTERM', 'truecolor'), ('TERMINATOR_DBUS_NAME', 'net.tenshu.Terminator23558193cd9818af7fe4d2c2f5bd9d00f'), ('GIO_LAUNCHED_DESKTOP_FILE_PID', '5782'), ('IM_CONFIG_PHASE', '1'), ('TMPDIR', '/mnt/sdcard/tmp'), ('COLCON_PREFIX_PATH', '/home/wjs/tb3_tpl_ws/install:/home/wjs/cart_ros2/install'), ('TORCH_HOME', '/mnt/sdcard/.cache/torch'), ('ROS_DISTRO', 'galactic'), ('LOGNAME', 'wjs'), ('JETSON_MODULE', 'NVIDIA Jetson AGX Xavier (32 GB ram)'), ('JETSON_SERIAL_NUMBER', '1423420009543'), ('JOURNAL_STREAM', '8:75753'), ('_', '/usr/bin/colcon'), ('ROS_VERSION', '2'), ('JETSON_CODENAME', 'Galen'), ('XDG_SESSION_CLASS', 'user'), ('USERNAME', 'wjs'), ('TERM', 'xterm-256color'), ('GNOME_DESKTOP_SESSION_ID', 'this-is-deprecated'), ('ROS_LOCALHOST_ONLY', '1'), ('WINDOWPATH', '2'), ('PATH', '/opt/ros/galactic/bin:/usr/local/cuda-11.4/bin:/home/wjs/.local/bin:/usr/local/sbin:/usr/local/bin:/usr/sbin:/usr/bin:/sbin:/bin:/usr/games:/usr/local/games:/snap/bin'), ('SESSION_MANAGER', 'local/ubuntu:@/tmp/.ICE-unix/4009,unix/ubuntu:/tmp/.ICE-unix/4009'), ('INVOCATION_ID', '29540fbad2f04dbb9a087051877568a9'), ('XDG_MENU_PREFIX', 'gnome-'), ('XDG_RUNTIME_DIR', '/run/user/1000'), ('DISPLAY', ':1'), ('TERMINATOR_DBUS_PATH', '/net/tenshu/Terminator2'), ('LANG', 'en_US.UTF-8'), ('XDG_CURRENT_DESKTOP', 'ubuntu:GNOME'), ('RMW_IMPLEMENTATION', 'rmw_cyclonedds_cpp'), ('XMODIFIERS', '@im=ibus'), ('XDG_SESSION_DESKTOP', 'ubuntu'), ('XAUTHORITY', '/run/user/1000/gdm/Xauthority'), ('LS_COLORS', 'rs=0:di=01;34:ln=01;36:mh=00:pi=40;33:so=01;35:do=01;35:bd=40;33;01:cd=40;33;01:or=40;31;01:mi=00:su=37;41:sg=30;43:ca=30;41:tw=30;42:ow=34;42:st=37;44:ex=01;32:*.tar=01;31:*.tgz=01;31:*.arc=01;31:*.arj=01;31:*.taz=01;31:*.lha=01;31:*.lz4=01;31:*.lzh=01;31:*.lzma=01;31:*.tlz=01;31:*.txz=01;31:*.tzo=01;31:*.t7z=01;31:*.zip=01;31:*.z=01;31:*.dz=01;31:*.gz=01;31:*.lrz=01;31:*.lz=01;31:*.lzo=01;31:*.xz=01;31:*.zst=01;31:*.tzst=01;31:*.bz2=01;31:*.bz=01;31:*.tbz=01;31:*.tbz2=01;31:*.tz=01;31:*.deb=01;31:*.rpm=01;31:*.jar=01;31:*.war=01;31:*.ear=01;31:*.sar=01;31:*.rar=01;31:*.alz=01;31:*.ace=01;31:*.zoo=01;31:*.cpio=01;31:*.7z=01;31:*.rz=01;31:*.cab=01;31:*.wim=01;31:*.swm=01;31:*.dwm=01;31:*.esd=01;31:*.jpg=01;35:*.jpeg=01;35:*.mjpg=01;35:*.mjpeg=01;35:*.gif=01;35:*.bmp=01;35:*.pbm=01;35:*.pgm=01;35:*.ppm=01;35:*.tga=01;35:*.xbm=01;35:*.xpm=01;35:*.tif=01;35:*.tiff=01;35:*.png=01;35:*.svg=01;35:*.svgz=01;35:*.mng=01;35:*.pcx=01;35:*.mov=01;35:*.mpg=01;35:*.mpeg=01;35:*.m2v=01;35:*.mkv=01;35:*.webm=01;35:*.ogm=01;35:*.mp4=01;35:*.m4v=01;35:*.mp4v=01;35:*.vob=01;35:*.qt=01;35:*.nuv=01;35:*.wmv=01;35:*.asf=01;35:*.rm=01;35:*.rmvb=01;35:*.flc=01;35:*.avi=01;35:*.fli=01;35:*.flv=01;35:*.gl=01;35:*.dl=01;35:*.xcf=01;35:*.xwd=01;35:*.yuv=01;35:*.cgm=01;35:*.emf=01;35:*.ogv=01;35:*.ogx=01;35:*.aac=00;36:*.au=00;36:*.flac=00;36:*.m4a=00;36:*.mid=00;36:*.midi=00;36:*.mka=00;36:*.mp3=00;36:*.mpc=00;36:*.ogg=00;36:*.ra=00;36:*.wav=00;36:*.oga=00;36:*.opus=00;36:*.spx=00;36:*.xspf=00;36:'), ('JETSON_SOC', 'tegra194'), ('SSH_AUTH_SOCK', '/run/user/1000/keyring/ssh'), ('ROS_DOMAIN_ID', '35'), ('AMENT_PREFIX_PATH', '/home/wjs/cart_ros2/install:/home/wjs/tb3_tpl_ws/install:/opt/ros/galactic'), ('SHELL', '/bin/bash'), ('TERMINATOR_UUID', 'urn:uuid:5ca201da-878f-4fe5-bc65-54a4c73b4877'), ('QT_ACCESSIBILITY', '1'), ('GDMSESSION', 'ubuntu'), ('LESSCLOSE', '/usr/bin/lesspipe %s %s'), ('GPG_AGENT_INFO', '/run/user/1000/gnupg/S.gpg-agent:0:1'), ('QT_IM_MODULE', 'ibus'), ('JETSON_CUDA_ARCH_BIN', '7.2'), ('PWD', '/home/wjs/cart_ros2/build/ira_laser_tools'), ('XDG_CONFIG_DIRS', '/etc/xdg/xdg-ubuntu:/etc/xdg'), ('XDG_DATA_DIRS', '/usr/share/ubuntu:/usr/local/share/:/usr/share/:/var/lib/snapd/desktop'), ('PYTHONPATH', '/opt/opencv-4.5.5-cuda/lib/python3.8/site-packages:/home/wjs/cart_ros2/build/differential_drive/src:/home/wjs/cart_ros2/build/arduino_ros2:/home/wjs/cart_ros2/build/agv_body:/home/wjs/cart_ros2/install/lib/python3.8/site-packages:/home/wjs/tb3_tpl_ws/build/turtlebot3_teleop:/home/wjs/tb3_tpl_ws/install/lib/python3.8/site-packages:/opt/ros/galactic/lib/python3.8/site-packages'), ('COLCON', '1'), ('VTE_VERSION', '6003'), ('JETSON_JETPACK', '5.1.7'), ('CMAKE_PREFIX_PATH', '/home/wjs/cart_ros2/install:/home/wjs/tb3_tpl_ws/install:/opt/ros/galactic'), ('JETSON_P_NUMBER', 'p2888-0004')]), 'shell': False}
[10.817199] (-) TimerEvent: {}
[10.920408] (-) TimerEvent: {}
[11.021139] (-) TimerEvent: {}
[11.121987] (-) TimerEvent: {}
[11.223104] (-) TimerEvent: {}
[11.324060] (-) TimerEvent: {}
[11.425139] (-) TimerEvent: {}
[11.526036] (-) TimerEvent: {}
[11.626981] (-) TimerEvent: {}
[11.692476] (ira_laser_tools) StdoutLine: {'line': b'[ 50%] Built target laserscan_virtualizer\n'}
[11.727172] (-) TimerEvent: {}
[11.828659] (-) TimerEvent: {}
[11.929628] (-) TimerEvent: {}
[12.030929] (-) TimerEvent: {}
[12.131758] (-) TimerEvent: {}
[12.232867] (-) TimerEvent: {}
[12.334019] (-) TimerEvent: {}
[12.353845] (ira_laser_tools) StdoutLine: {'line': b'[100%] Built target laserscan_multi_merger\n'}
[12.434220] (-) TimerEvent: {}
[12.535969] (-) TimerEvent: {}
[12.544732] (ira_laser_tools) CommandEnded: {'returncode': 0}
[12.569457] (ira_laser_tools) JobProgress: {'identifier': 'ira_laser_tools', 'progress': 'install'}
[12.570723] (ira_laser_tools) Command: {'cmd': ['/usr/bin/cmake', '--install', '/home/wjs/cart_ros2/build/ira_laser_tools'], 'cwd': '/home/wjs/cart_ros2/build/ira_laser_tools', 'env': OrderedDict([('LESSOPEN', '| /usr/bin/lesspipe %s'), ('USER', 'wjs'), ('SSH_AGENT_PID', '3974'), ('XDG_SESSION_TYPE', 'x11'), ('PIP_CACHE_DIR', '/mnt/sdcard/.cache/pip'), ('XDG_CACHE_HOME', '/mnt/sdcard/.cache'), ('SHLVL', '1'), ('LD_LIBRARY_PATH', '/opt/opencv-4.5.5-cuda/lib:/home/wjs/cart_ros2/install/lib:/home/wjs/tb3_tpl_ws/install/lib:/opt/ros/galactic/opt/yaml_cpp_vendor/lib:/opt/ros/galactic/opt/rviz_ogre_vendor/lib:/opt/ros/galactic/lib/aarch64-linux-gnu:/opt/ros/galactic/lib:/usr/local/cuda-11.4/lib64:'), ('HOME', '/home/wjs'), ('CYCLONEDDS_URI', 'file:///home/wjs/cyclonedds_lo.xml'), ('OLDPWD', '/home/wjs'), ('DESKTOP_SESSION', 'ubuntu'), ('JETSON_L4T', '35.6.3'), ('ROS_PYTHON_VERSION', '3'), ('GNOME_SHELL_SESSION_MODE', 'ubuntu'), ('GTK_MODULES', 'gail:atk-bridge'), ('JETSON_MODEL', 'Jetson-AGX'), ('MANAGERPID', '3869'), ('DBUS_SESSION_BUS_ADDRESS', 'unix:path=/run/user/1000/bus'), ('COLORTERM', 'truecolor'), ('TERMINATOR_DBUS_NAME', 'net.tenshu.Terminator23558193cd9818af7fe4d2c2f5bd9d00f'), ('GIO_LAUNCHED_DESKTOP_FILE_PID', '5782'), ('IM_CONFIG_PHASE', '1'), ('TMPDIR', '/mnt/sdcard/tmp'), ('COLCON_PREFIX_PATH', '/home/wjs/tb3_tpl_ws/install:/home/wjs/cart_ros2/install'), ('TORCH_HOME', '/mnt/sdcard/.cache/torch'), ('ROS_DISTRO', 'galactic'), ('LOGNAME', 'wjs'), ('JETSON_MODULE', 'NVIDIA Jetson AGX Xavier (32 GB ram)'), ('JETSON_SERIAL_NUMBER', '1423420009543'), ('JOURNAL_STREAM', '8:75753'), ('_', '/usr/bin/colcon'), ('ROS_VERSION', '2'), ('JETSON_CODENAME', 'Galen'), ('XDG_SESSION_CLASS', 'user'), ('USERNAME', 'wjs'), ('TERM', 'xterm-256color'), ('GNOME_DESKTOP_SESSION_ID', 'this-is-deprecated'), ('ROS_LOCALHOST_ONLY', '1'), ('WINDOWPATH', '2'), ('PATH', '/opt/ros/galactic/bin:/usr/local/cuda-11.4/bin:/home/wjs/.local/bin:/usr/local/sbin:/usr/local/bin:/usr/sbin:/usr/bin:/sbin:/bin:/usr/games:/usr/local/games:/snap/bin'), ('SESSION_MANAGER', 'local/ubuntu:@/tmp/.ICE-unix/4009,unix/ubuntu:/tmp/.ICE-unix/4009'), ('INVOCATION_ID', '29540fbad2f04dbb9a087051877568a9'), ('XDG_MENU_PREFIX', 'gnome-'), ('XDG_RUNTIME_DIR', '/run/user/1000'), ('DISPLAY', ':1'), ('TERMINATOR_DBUS_PATH', '/net/tenshu/Terminator2'), ('LANG', 'en_US.UTF-8'), ('XDG_CURRENT_DESKTOP', 'ubuntu:GNOME'), ('RMW_IMPLEMENTATION', 'rmw_cyclonedds_cpp'), ('XMODIFIERS', '@im=ibus'), ('XDG_SESSION_DESKTOP', 'ubuntu'), ('XAUTHORITY', '/run/user/1000/gdm/Xauthority'), ('LS_COLORS', 'rs=0:di=01;34:ln=01;36:mh=00:pi=40;33:so=01;35:do=01;35:bd=40;33;01:cd=40;33;01:or=40;31;01:mi=00:su=37;41:sg=30;43:ca=30;41:tw=30;42:ow=34;42:st=37;44:ex=01;32:*.tar=01;31:*.tgz=01;31:*.arc=01;31:*.arj=01;31:*.taz=01;31:*.lha=01;31:*.lz4=01;31:*.lzh=01;31:*.lzma=01;31:*.tlz=01;31:*.txz=01;31:*.tzo=01;31:*.t7z=01;31:*.zip=01;31:*.z=01;31:*.dz=01;31:*.gz=01;31:*.lrz=01;31:*.lz=01;31:*.lzo=01;31:*.xz=01;31:*.zst=01;31:*.tzst=01;31:*.bz2=01;31:*.bz=01;31:*.tbz=01;31:*.tbz2=01;31:*.tz=01;31:*.deb=01;31:*.rpm=01;31:*.jar=01;31:*.war=01;31:*.ear=01;31:*.sar=01;31:*.rar=01;31:*.alz=01;31:*.ace=01;31:*.zoo=01;31:*.cpio=01;31:*.7z=01;31:*.rz=01;31:*.cab=01;31:*.wim=01;31:*.swm=01;31:*.dwm=01;31:*.esd=01;31:*.jpg=01;35:*.jpeg=01;35:*.mjpg=01;35:*.mjpeg=01;35:*.gif=01;35:*.bmp=01;35:*.pbm=01;35:*.pgm=01;35:*.ppm=01;35:*.tga=01;35:*.xbm=01;35:*.xpm=01;35:*.tif=01;35:*.tiff=01;35:*.png=01;35:*.svg=01;35:*.svgz=01;35:*.mng=01;35:*.pcx=01;35:*.mov=01;35:*.mpg=01;35:*.mpeg=01;35:*.m2v=01;35:*.mkv=01;35:*.webm=01;35:*.ogm=01;35:*.mp4=01;35:*.m4v=01;35:*.mp4v=01;35:*.vob=01;35:*.qt=01;35:*.nuv=01;35:*.wmv=01;35:*.asf=01;35:*.rm=01;35:*.rmvb=01;35:*.flc=01;35:*.avi=01;35:*.fli=01;35:*.flv=01;35:*.gl=01;35:*.dl=01;35:*.xcf=01;35:*.xwd=01;35:*.yuv=01;35:*.cgm=01;35:*.emf=01;35:*.ogv=01;35:*.ogx=01;35:*.aac=00;36:*.au=00;36:*.flac=00;36:*.m4a=00;36:*.mid=00;36:*.midi=00;36:*.mka=00;36:*.mp3=00;36:*.mpc=00;36:*.ogg=00;36:*.ra=00;36:*.wav=00;36:*.oga=00;36:*.opus=00;36:*.spx=00;36:*.xspf=00;36:'), ('JETSON_SOC', 'tegra194'), ('SSH_AUTH_SOCK', '/run/user/1000/keyring/ssh'), ('ROS_DOMAIN_ID', '35'), ('AMENT_PREFIX_PATH', '/home/wjs/cart_ros2/install:/home/wjs/tb3_tpl_ws/install:/opt/ros/galactic'), ('SHELL', '/bin/bash'), ('TERMINATOR_UUID', 'urn:uuid:5ca201da-878f-4fe5-bc65-54a4c73b4877'), ('QT_ACCESSIBILITY', '1'), ('GDMSESSION', 'ubuntu'), ('LESSCLOSE', '/usr/bin/lesspipe %s %s'), ('GPG_AGENT_INFO', '/run/user/1000/gnupg/S.gpg-agent:0:1'), ('QT_IM_MODULE', 'ibus'), ('JETSON_CUDA_ARCH_BIN', '7.2'), ('PWD', '/home/wjs/cart_ros2/build/ira_laser_tools'), ('XDG_CONFIG_DIRS', '/etc/xdg/xdg-ubuntu:/etc/xdg'), ('XDG_DATA_DIRS', '/usr/share/ubuntu:/usr/local/share/:/usr/share/:/var/lib/snapd/desktop'), ('PYTHONPATH', '/opt/opencv-4.5.5-cuda/lib/python3.8/site-packages:/home/wjs/cart_ros2/build/differential_drive/src:/home/wjs/cart_ros2/build/arduino_ros2:/home/wjs/cart_ros2/build/agv_body:/home/wjs/cart_ros2/install/lib/python3.8/site-packages:/home/wjs/tb3_tpl_ws/build/turtlebot3_teleop:/home/wjs/tb3_tpl_ws/install/lib/python3.8/site-packages:/opt/ros/galactic/lib/python3.8/site-packages'), ('COLCON', '1'), ('VTE_VERSION', '6003'), ('JETSON_JETPACK', '5.1.7'), ('CMAKE_PREFIX_PATH', '/home/wjs/cart_ros2/install:/home/wjs/tb3_tpl_ws/install:/opt/ros/galactic'), ('JETSON_P_NUMBER', 'p2888-0004')]), 'shell': False}
[12.636266] (-) TimerEvent: {}
[12.741289] (-) TimerEvent: {}
[12.744776] (ira_laser_tools) StdoutLine: {'line': b'-- Install configuration: ""\n'}
[12.750580] (ira_laser_tools) StdoutLine: {'line': b'-- Execute custom install script\n'}
[12.760619] (ira_laser_tools) StdoutLine: {'line': b'-- Up-to-date symlink: /home/wjs/cart_ros2/install/lib/ira_laser_tools/laserscan_multi_merger\n'}
[12.773841] (ira_laser_tools) StdoutLine: {'line': b'-- Up-to-date symlink: /home/wjs/cart_ros2/install/lib/ira_laser_tools/laserscan_virtualizer\n'}
[12.783140] (ira_laser_tools) StdoutLine: {'line': b'-- Up-to-date symlink: /home/wjs/cart_ros2/install/share/ira_laser_tools/launch/laserscan_multi_merger.launch\n'}
[12.792870] (ira_laser_tools) StdoutLine: {'line': b'-- Up-to-date symlink: /home/wjs/cart_ros2/install/share/ira_laser_tools/launch/laserscan_virtualizer.launch\n'}
[12.796374] (ira_laser_tools) StdoutLine: {'line': b'-- Up-to-date symlink: /home/wjs/cart_ros2/install/share/ira_laser_tools/launch/merge_multi.launch.py\n'}
[12.802476] (ira_laser_tools) StdoutLine: {'line': b'-- Up-to-date symlink: /home/wjs/cart_ros2/install/share/ira_laser_tools/config/laserscan_merge.yaml\n'}
[12.805045] (ira_laser_tools) StdoutLine: {'line': b'-- Up-to-date symlink: /home/wjs/cart_ros2/install/share/ament_index/resource_index/package_run_dependencies/ira_laser_tools\n'}
[12.808393] (ira_laser_tools) StdoutLine: {'line': b'-- Up-to-date symlink: /home/wjs/cart_ros2/install/share/ament_index/resource_index/parent_prefix_path/ira_laser_tools\n'}
[12.809419] (ira_laser_tools) StdoutLine: {'line': b'-- Up-to-date symlink: /home/wjs/cart_ros2/install/share/ira_laser_tools/environment/ament_prefix_path.sh\n'}
[12.810905] (ira_laser_tools) StdoutLine: {'line': b'-- Up-to-date symlink: /home/wjs/cart_ros2/install/share/ira_laser_tools/environment/ament_prefix_path.dsv\n'}
[12.812346] (ira_laser_tools) StdoutLine: {'line': b'-- Up-to-date symlink: /home/wjs/cart_ros2/install/share/ira_laser_tools/environment/path.sh\n'}
[12.816628] (ira_laser_tools) StdoutLine: {'line': b'-- Up-to-date symlink: /home/wjs/cart_ros2/install/share/ira_laser_tools/environment/path.dsv\n'}
[12.817240] (ira_laser_tools) StdoutLine: {'line': b'-- Up-to-date symlink: /home/wjs/cart_ros2/install/share/ira_laser_tools/local_setup.bash\n'}
[12.821404] (ira_laser_tools) StdoutLine: {'line': b'-- Up-to-date symlink: /home/wjs/cart_ros2/install/share/ira_laser_tools/local_setup.sh\n'}
[12.822862] (ira_laser_tools) StdoutLine: {'line': b'-- Up-to-date symlink: /home/wjs/cart_ros2/install/share/ira_laser_tools/local_setup.zsh\n'}
[12.824267] (ira_laser_tools) StdoutLine: {'line': b'-- Up-to-date symlink: /home/wjs/cart_ros2/install/share/ira_laser_tools/local_setup.dsv\n'}
[12.825934] (ira_laser_tools) StdoutLine: {'line': b'-- Symlinking: /home/wjs/cart_ros2/install/share/ira_laser_tools/package.dsv\n'}
[12.833556] (agv_body) StdoutLine: {'line': b'running develop\n'}
[12.841483] (-) TimerEvent: {}
[12.898528] (ira_laser_tools) StdoutLine: {'line': b'-- Up-to-date symlink: /home/wjs/cart_ros2/install/share/ament_index/resource_index/packages/ira_laser_tools\n'}
[12.903240] (ira_laser_tools) StdoutLine: {'line': b'-- Up-to-date symlink: /home/wjs/cart_ros2/install/share/ira_laser_tools/cmake/ament_cmake_export_dependencies-extras.cmake\n'}
[12.904929] (ira_laser_tools) StdoutLine: {'line': b'-- Up-to-date symlink: /home/wjs/cart_ros2/install/share/ira_laser_tools/cmake/ira_laser_toolsConfig.cmake\n'}
[12.906143] (ira_laser_tools) StdoutLine: {'line': b'-- Up-to-date symlink: /home/wjs/cart_ros2/install/share/ira_laser_tools/cmake/ira_laser_toolsConfig-version.cmake\n'}
[12.908567] (ira_laser_tools) StdoutLine: {'line': b'-- Up-to-date symlink: /home/wjs/cart_ros2/install/share/ira_laser_tools/package.xml\n'}
[12.928513] (ira_laser_tools) CommandEnded: {'returncode': 0}
[12.941749] (-) TimerEvent: {}
[13.052618] (-) TimerEvent: {}
[13.153902] (-) TimerEvent: {}
[13.258466] (-) TimerEvent: {}
[13.359247] (-) TimerEvent: {}
[13.384042] (ira_laser_tools) JobEnded: {'identifier': 'ira_laser_tools', 'rc': 0}
[13.396036] (laser_filters) JobStarted: {'identifier': 'laser_filters'}
[13.460560] (-) TimerEvent: {}
[13.517337] (laser_filters) JobProgress: {'identifier': 'laser_filters', 'progress': 'cmake'}
[13.534574] (laser_filters) JobProgress: {'identifier': 'laser_filters', 'progress': 'build'}
[13.553399] (laser_filters) Command: {'cmd': ['/usr/bin/cmake', '--build', '/home/wjs/cart_ros2/build/laser_filters', '--', '-j4', '-l4'], 'cwd': '/home/wjs/cart_ros2/build/laser_filters', 'env': OrderedDict([('LESSOPEN', '| /usr/bin/lesspipe %s'), ('USER', 'wjs'), ('SSH_AGENT_PID', '3974'), ('XDG_SESSION_TYPE', 'x11'), ('PIP_CACHE_DIR', '/mnt/sdcard/.cache/pip'), ('XDG_CACHE_HOME', '/mnt/sdcard/.cache'), ('SHLVL', '1'), ('LD_LIBRARY_PATH', '/opt/opencv-4.5.5-cuda/lib:/home/wjs/cart_ros2/install/lib:/home/wjs/tb3_tpl_ws/install/lib:/opt/ros/galactic/opt/yaml_cpp_vendor/lib:/opt/ros/galactic/opt/rviz_ogre_vendor/lib:/opt/ros/galactic/lib/aarch64-linux-gnu:/opt/ros/galactic/lib:/usr/local/cuda-11.4/lib64:'), ('HOME', '/home/wjs'), ('CYCLONEDDS_URI', 'file:///home/wjs/cyclonedds_lo.xml'), ('OLDPWD', '/home/wjs'), ('DESKTOP_SESSION', 'ubuntu'), ('JETSON_L4T', '35.6.3'), ('ROS_PYTHON_VERSION', '3'), ('GNOME_SHELL_SESSION_MODE', 'ubuntu'), ('GTK_MODULES', 'gail:atk-bridge'), ('JETSON_MODEL', 'Jetson-AGX'), ('MANAGERPID', '3869'), ('DBUS_SESSION_BUS_ADDRESS', 'unix:path=/run/user/1000/bus'), ('COLORTERM', 'truecolor'), ('TERMINATOR_DBUS_NAME', 'net.tenshu.Terminator23558193cd9818af7fe4d2c2f5bd9d00f'), ('GIO_LAUNCHED_DESKTOP_FILE_PID', '5782'), ('IM_CONFIG_PHASE', '1'), ('TMPDIR', '/mnt/sdcard/tmp'), ('COLCON_PREFIX_PATH', '/home/wjs/tb3_tpl_ws/install:/home/wjs/cart_ros2/install'), ('TORCH_HOME', '/mnt/sdcard/.cache/torch'), ('ROS_DISTRO', 'galactic'), ('LOGNAME', 'wjs'), ('JETSON_MODULE', 'NVIDIA Jetson AGX Xavier (32 GB ram)'), ('JETSON_SERIAL_NUMBER', '1423420009543'), ('JOURNAL_STREAM', '8:75753'), ('_', '/usr/bin/colcon'), ('ROS_VERSION', '2'), ('JETSON_CODENAME', 'Galen'), ('XDG_SESSION_CLASS', 'user'), ('USERNAME', 'wjs'), ('TERM', 'xterm-256color'), ('GNOME_DESKTOP_SESSION_ID', 'this-is-deprecated'), ('ROS_LOCALHOST_ONLY', '1'), ('WINDOWPATH', '2'), ('PATH', '/opt/ros/galactic/bin:/usr/local/cuda-11.4/bin:/home/wjs/.local/bin:/usr/local/sbin:/usr/local/bin:/usr/sbin:/usr/bin:/sbin:/bin:/usr/games:/usr/local/games:/snap/bin'), ('SESSION_MANAGER', 'local/ubuntu:@/tmp/.ICE-unix/4009,unix/ubuntu:/tmp/.ICE-unix/4009'), ('INVOCATION_ID', '29540fbad2f04dbb9a087051877568a9'), ('XDG_MENU_PREFIX', 'gnome-'), ('XDG_RUNTIME_DIR', '/run/user/1000'), ('DISPLAY', ':1'), ('TERMINATOR_DBUS_PATH', '/net/tenshu/Terminator2'), ('LANG', 'en_US.UTF-8'), ('XDG_CURRENT_DESKTOP', 'ubuntu:GNOME'), ('RMW_IMPLEMENTATION', 'rmw_cyclonedds_cpp'), ('XMODIFIERS', '@im=ibus'), ('XDG_SESSION_DESKTOP', 'ubuntu'), ('XAUTHORITY', '/run/user/1000/gdm/Xauthority'), ('LS_COLORS', 'rs=0:di=01;34:ln=01;36:mh=00:pi=40;33:so=01;35:do=01;35:bd=40;33;01:cd=40;33;01:or=40;31;01:mi=00:su=37;41:sg=30;43:ca=30;41:tw=30;42:ow=34;42:st=37;44:ex=01;32:*.tar=01;31:*.tgz=01;31:*.arc=01;31:*.arj=01;31:*.taz=01;31:*.lha=01;31:*.lz4=01;31:*.lzh=01;31:*.lzma=01;31:*.tlz=01;31:*.txz=01;31:*.tzo=01;31:*.t7z=01;31:*.zip=01;31:*.z=01;31:*.dz=01;31:*.gz=01;31:*.lrz=01;31:*.lz=01;31:*.lzo=01;31:*.xz=01;31:*.zst=01;31:*.tzst=01;31:*.bz2=01;31:*.bz=01;31:*.tbz=01;31:*.tbz2=01;31:*.tz=01;31:*.deb=01;31:*.rpm=01;31:*.jar=01;31:*.war=01;31:*.ear=01;31:*.sar=01;31:*.rar=01;31:*.alz=01;31:*.ace=01;31:*.zoo=01;31:*.cpio=01;31:*.7z=01;31:*.rz=01;31:*.cab=01;31:*.wim=01;31:*.swm=01;31:*.dwm=01;31:*.esd=01;31:*.jpg=01;35:*.jpeg=01;35:*.mjpg=01;35:*.mjpeg=01;35:*.gif=01;35:*.bmp=01;35:*.pbm=01;35:*.pgm=01;35:*.ppm=01;35:*.tga=01;35:*.xbm=01;35:*.xpm=01;35:*.tif=01;35:*.tiff=01;35:*.png=01;35:*.svg=01;35:*.svgz=01;35:*.mng=01;35:*.pcx=01;35:*.mov=01;35:*.mpg=01;35:*.mpeg=01;35:*.m2v=01;35:*.mkv=01;35:*.webm=01;35:*.ogm=01;35:*.mp4=01;35:*.m4v=01;35:*.mp4v=01;35:*.vob=01;35:*.qt=01;35:*.nuv=01;35:*.wmv=01;35:*.asf=01;35:*.rm=01;35:*.rmvb=01;35:*.flc=01;35:*.avi=01;35:*.fli=01;35:*.flv=01;35:*.gl=01;35:*.dl=01;35:*.xcf=01;35:*.xwd=01;35:*.yuv=01;35:*.cgm=01;35:*.emf=01;35:*.ogv=01;35:*.ogx=01;35:*.aac=00;36:*.au=00;36:*.flac=00;36:*.m4a=00;36:*.mid=00;36:*.midi=00;36:*.mka=00;36:*.mp3=00;36:*.mpc=00;36:*.ogg=00;36:*.ra=00;36:*.wav=00;36:*.oga=00;36:*.opus=00;36:*.spx=00;36:*.xspf=00;36:'), ('JETSON_SOC', 'tegra194'), ('SSH_AUTH_SOCK', '/run/user/1000/keyring/ssh'), ('ROS_DOMAIN_ID', '35'), ('AMENT_PREFIX_PATH', '/home/wjs/cart_ros2/install:/home/wjs/tb3_tpl_ws/install:/opt/ros/galactic'), ('SHELL', '/bin/bash'), ('TERMINATOR_UUID', 'urn:uuid:5ca201da-878f-4fe5-bc65-54a4c73b4877'), ('QT_ACCESSIBILITY', '1'), ('GDMSESSION', 'ubuntu'), ('LESSCLOSE', '/usr/bin/lesspipe %s %s'), ('GPG_AGENT_INFO', '/run/user/1000/gnupg/S.gpg-agent:0:1'), ('QT_IM_MODULE', 'ibus'), ('JETSON_CUDA_ARCH_BIN', '7.2'), ('PWD', '/home/wjs/cart_ros2/build/laser_filters'), ('XDG_CONFIG_DIRS', '/etc/xdg/xdg-ubuntu:/etc/xdg'), ('XDG_DATA_DIRS', '/usr/share/ubuntu:/usr/local/share/:/usr/share/:/var/lib/snapd/desktop'), ('PYTHONPATH', '/opt/opencv-4.5.5-cuda/lib/python3.8/site-packages:/home/wjs/cart_ros2/build/differential_drive/src:/home/wjs/cart_ros2/build/arduino_ros2:/home/wjs/cart_ros2/build/agv_body:/home/wjs/cart_ros2/install/lib/python3.8/site-packages:/home/wjs/tb3_tpl_ws/build/turtlebot3_teleop:/home/wjs/tb3_tpl_ws/install/lib/python3.8/site-packages:/opt/ros/galactic/lib/python3.8/site-packages'), ('COLCON', '1'), ('VTE_VERSION', '6003'), ('JETSON_JETPACK', '5.1.7'), ('CMAKE_PREFIX_PATH', '/home/wjs/cart_ros2/install:/home/wjs/tb3_tpl_ws/install:/opt/ros/galactic'), ('JETSON_P_NUMBER', 'p2888-0004')]), 'shell': False}
[13.560283] (-) TimerEvent: {}
[13.661474] (-) TimerEvent: {}
[13.763202] (-) TimerEvent: {}
[13.863997] (-) TimerEvent: {}
[13.964849] (-) TimerEvent: {}
[14.067413] (-) TimerEvent: {}
[14.155220] (agv_body) StdoutLine: {'line': b'running egg_info\n'}
[14.157249] (agv_body) StdoutLine: {'line': b'writing agv_body.egg-info/PKG-INFO\n'}
[14.165248] (agv_body) StdoutLine: {'line': b'writing dependency_links to agv_body.egg-info/dependency_links.txt\n'}
[14.167680] (-) TimerEvent: {}
[14.169167] (agv_body) StdoutLine: {'line': b'writing entry points to agv_body.egg-info/entry_points.txt\n'}
[14.171458] (agv_body) StdoutLine: {'line': b'writing requirements to agv_body.egg-info/requires.txt\n'}
[14.184592] (agv_body) StdoutLine: {'line': b'writing top-level names to agv_body.egg-info/top_level.txt\n'}
[14.267955] (-) TimerEvent: {}
[14.314626] (agv_body) StdoutLine: {'line': b"reading manifest file 'agv_body.egg-info/SOURCES.txt'\n"}
[14.318081] (agv_body) StdoutLine: {'line': b"writing manifest file 'agv_body.egg-info/SOURCES.txt'\n"}
[14.368357] (-) TimerEvent: {}
[14.471171] (-) TimerEvent: {}
[14.570932] (laser_filters) StdoutLine: {'line': b'[ 14%] Built target laser_scan_filters\n'}
[14.571907] (-) TimerEvent: {}
[14.672753] (-) TimerEvent: {}
[14.773625] (-) TimerEvent: {}
[14.840407] (agv_body) StdoutLine: {'line': b'running build_ext\n'}
[14.841665] (agv_body) StdoutLine: {'line': b'Creating /home/wjs/cart_ros2/install/lib/python3.8/site-packages/agv-body.egg-link (link to .)\n'}
[14.855151] (agv_body) StdoutLine: {'line': b'\n'}
[14.855875] (agv_body) StdoutLine: {'line': b'Installed /home/wjs/cart_ros2/build/agv_body\n'}
[14.856257] (agv_body) StdoutLine: {'line': b'running symlink_data\n'}
[14.873834] (-) TimerEvent: {}
[14.950885] (arduino_ros2) Command: {'cmd': ['/usr/bin/python3', '-W', 'ignore:setup.py install is deprecated', '-W', 'ignore:easy_install command is deprecated', 'setup.py', 'develop', '--editable', '--build-directory', '/home/wjs/cart_ros2/build/arduino_ros2/build', '--no-deps', 'symlink_data'], 'cwd': '/home/wjs/cart_ros2/build/arduino_ros2', 'env': {'LESSOPEN': '| /usr/bin/lesspipe %s', 'USER': 'wjs', 'SSH_AGENT_PID': '3974', 'XDG_SESSION_TYPE': 'x11', 'PIP_CACHE_DIR': '/mnt/sdcard/.cache/pip', 'XDG_CACHE_HOME': '/mnt/sdcard/.cache', 'SHLVL': '1', 'LD_LIBRARY_PATH': '/opt/opencv-4.5.5-cuda/lib:/home/wjs/cart_ros2/install/lib:/home/wjs/tb3_tpl_ws/install/lib:/opt/ros/galactic/opt/yaml_cpp_vendor/lib:/opt/ros/galactic/opt/rviz_ogre_vendor/lib:/opt/ros/galactic/lib/aarch64-linux-gnu:/opt/ros/galactic/lib:/usr/local/cuda-11.4/lib64:', 'HOME': '/home/wjs', 'CYCLONEDDS_URI': 'file:///home/wjs/cyclonedds_lo.xml', 'OLDPWD': '/home/wjs', 'DESKTOP_SESSION': 'ubuntu', 'JETSON_L4T': '35.6.3', 'ROS_PYTHON_VERSION': '3', 'GNOME_SHELL_SESSION_MODE': 'ubuntu', 'GTK_MODULES': 'gail:atk-bridge', 'JETSON_MODEL': 'Jetson-AGX', 'MANAGERPID': '3869', 'DBUS_SESSION_BUS_ADDRESS': 'unix:path=/run/user/1000/bus', 'COLORTERM': 'truecolor', 'TERMINATOR_DBUS_NAME': 'net.tenshu.Terminator23558193cd9818af7fe4d2c2f5bd9d00f', 'GIO_LAUNCHED_DESKTOP_FILE_PID': '5782', 'IM_CONFIG_PHASE': '1', 'TMPDIR': '/mnt/sdcard/tmp', 'COLCON_PREFIX_PATH': '/home/wjs/tb3_tpl_ws/install:/home/wjs/cart_ros2/install', 'TORCH_HOME': '/mnt/sdcard/.cache/torch', 'ROS_DISTRO': 'galactic', 'LOGNAME': 'wjs', 'JETSON_MODULE': 'NVIDIA Jetson AGX Xavier (32 GB ram)', 'JETSON_SERIAL_NUMBER': '1423420009543', 'JOURNAL_STREAM': '8:75753', '_': '/usr/bin/colcon', 'ROS_VERSION': '2', 'JETSON_CODENAME': 'Galen', 'XDG_SESSION_CLASS': 'user', 'USERNAME': 'wjs', 'TERM': 'xterm-256color', 'GNOME_DESKTOP_SESSION_ID': 'this-is-deprecated', 'ROS_LOCALHOST_ONLY': '1', 'WINDOWPATH': '2', 'PATH': '/opt/ros/galactic/bin:/usr/local/cuda-11.4/bin:/home/wjs/.local/bin:/usr/local/sbin:/usr/local/bin:/usr/sbin:/usr/bin:/sbin:/bin:/usr/games:/usr/local/games:/snap/bin', 'SESSION_MANAGER': 'local/ubuntu:@/tmp/.ICE-unix/4009,unix/ubuntu:/tmp/.ICE-unix/4009', 'INVOCATION_ID': '29540fbad2f04dbb9a087051877568a9', 'XDG_MENU_PREFIX': 'gnome-', 'XDG_RUNTIME_DIR': '/run/user/1000', 'DISPLAY': ':1', 'TERMINATOR_DBUS_PATH': '/net/tenshu/Terminator2', 'LANG': 'en_US.UTF-8', 'XDG_CURRENT_DESKTOP': 'ubuntu:GNOME', 'RMW_IMPLEMENTATION': 'rmw_cyclonedds_cpp', 'XMODIFIERS': '@im=ibus', 'XDG_SESSION_DESKTOP': 'ubuntu', 'XAUTHORITY': '/run/user/1000/gdm/Xauthority', 'LS_COLORS': 'rs=0:di=01;34:ln=01;36:mh=00:pi=40;33:so=01;35:do=01;35:bd=40;33;01:cd=40;33;01:or=40;31;01:mi=00:su=37;41:sg=30;43:ca=30;41:tw=30;42:ow=34;42:st=37;44:ex=01;32:*.tar=01;31:*.tgz=01;31:*.arc=01;31:*.arj=01;31:*.taz=01;31:*.lha=01;31:*.lz4=01;31:*.lzh=01;31:*.lzma=01;31:*.tlz=01;31:*.txz=01;31:*.tzo=01;31:*.t7z=01;31:*.zip=01;31:*.z=01;31:*.dz=01;31:*.gz=01;31:*.lrz=01;31:*.lz=01;31:*.lzo=01;31:*.xz=01;31:*.zst=01;31:*.tzst=01;31:*.bz2=01;31:*.bz=01;31:*.tbz=01;31:*.tbz2=01;31:*.tz=01;31:*.deb=01;31:*.rpm=01;31:*.jar=01;31:*.war=01;31:*.ear=01;31:*.sar=01;31:*.rar=01;31:*.alz=01;31:*.ace=01;31:*.zoo=01;31:*.cpio=01;31:*.7z=01;31:*.rz=01;31:*.cab=01;31:*.wim=01;31:*.swm=01;31:*.dwm=01;31:*.esd=01;31:*.jpg=01;35:*.jpeg=01;35:*.mjpg=01;35:*.mjpeg=01;35:*.gif=01;35:*.bmp=01;35:*.pbm=01;35:*.pgm=01;35:*.ppm=01;35:*.tga=01;35:*.xbm=01;35:*.xpm=01;35:*.tif=01;35:*.tiff=01;35:*.png=01;35:*.svg=01;35:*.svgz=01;35:*.mng=01;35:*.pcx=01;35:*.mov=01;35:*.mpg=01;35:*.mpeg=01;35:*.m2v=01;35:*.mkv=01;35:*.webm=01;35:*.ogm=01;35:*.mp4=01;35:*.m4v=01;35:*.mp4v=01;35:*.vob=01;35:*.qt=01;35:*.nuv=01;35:*.wmv=01;35:*.asf=01;35:*.rm=01;35:*.rmvb=01;35:*.flc=01;35:*.avi=01;35:*.fli=01;35:*.flv=01;35:*.gl=01;35:*.dl=01;35:*.xcf=01;35:*.xwd=01;35:*.yuv=01;35:*.cgm=01;35:*.emf=01;35:*.ogv=01;35:*.ogx=01;35:*.aac=00;36:*.au=00;36:*.flac=00;36:*.m4a=00;36:*.mid=00;36:*.midi=00;36:*.mka=00;36:*.mp3=00;36:*.mpc=00;36:*.ogg=00;36:*.ra=00;36:*.wav=00;36:*.oga=00;36:*.opus=00;36:*.spx=00;36:*.xspf=00;36:', 'JETSON_SOC': 'tegra194', 'SSH_AUTH_SOCK': '/run/user/1000/keyring/ssh', 'ROS_DOMAIN_ID': '35', 'AMENT_PREFIX_PATH': '/home/wjs/cart_ros2/install:/home/wjs/tb3_tpl_ws/install:/opt/ros/galactic', 'SHELL': '/bin/bash', 'TERMINATOR_UUID': 'urn:uuid:5ca201da-878f-4fe5-bc65-54a4c73b4877', 'QT_ACCESSIBILITY': '1', 'GDMSESSION': 'ubuntu', 'LESSCLOSE': '/usr/bin/lesspipe %s %s', 'GPG_AGENT_INFO': '/run/user/1000/gnupg/S.gpg-agent:0:1', 'QT_IM_MODULE': 'ibus', 'JETSON_CUDA_ARCH_BIN': '7.2', 'PWD': '/home/wjs/cart_ros2/build/arduino_ros2', 'XDG_CONFIG_DIRS': '/etc/xdg/xdg-ubuntu:/etc/xdg', 'XDG_DATA_DIRS': '/usr/share/ubuntu:/usr/local/share/:/usr/share/:/var/lib/snapd/desktop', 'PYTHONPATH': '/home/wjs/cart_ros2/build/arduino_ros2/prefix_override:/usr/lib/python3/dist-packages/colcon_core/task/python/colcon_distutils_commands:/home/wjs/cart_ros2/install/lib/python3.8/site-packages:/opt/opencv-4.5.5-cuda/lib/python3.8/site-packages:/home/wjs/cart_ros2/build/differential_drive/src:/home/wjs/cart_ros2/build/arduino_ros2:/home/wjs/cart_ros2/build/agv_body:/home/wjs/cart_ros2/install/lib/python3.8/site-packages:/home/wjs/tb3_tpl_ws/build/turtlebot3_teleop:/home/wjs/tb3_tpl_ws/install/lib/python3.8/site-packages:/opt/ros/galactic/lib/python3.8/site-packages', 'COLCON': '1', 'VTE_VERSION': '6003', 'JETSON_JETPACK': '5.1.7', 'CMAKE_PREFIX_PATH': '/home/wjs/cart_ros2/install:/home/wjs/tb3_tpl_ws/install', 'JETSON_P_NUMBER': 'p2888-0004'}, 'shell': False}
[14.975087] (-) TimerEvent: {}
[15.079202] (-) TimerEvent: {}
[15.146067] (differential_drive) Command: {'cmd': ['/usr/bin/python3', '-W', 'ignore:setup.py install is deprecated', '-W', 'ignore:easy_install command is deprecated', 'setup.py', 'develop', '--editable', '--build-directory', '/home/wjs/cart_ros2/build/differential_drive/build', '--no-deps', 'symlink_data'], 'cwd': '/home/wjs/cart_ros2/build/differential_drive', 'env': {'LESSOPEN': '| /usr/bin/lesspipe %s', 'USER': 'wjs', 'SSH_AGENT_PID': '3974', 'XDG_SESSION_TYPE': 'x11', 'PIP_CACHE_DIR': '/mnt/sdcard/.cache/pip', 'XDG_CACHE_HOME': '/mnt/sdcard/.cache', 'SHLVL': '1', 'LD_LIBRARY_PATH': '/opt/opencv-4.5.5-cuda/lib:/home/wjs/cart_ros2/install/lib:/home/wjs/tb3_tpl_ws/install/lib:/opt/ros/galactic/opt/yaml_cpp_vendor/lib:/opt/ros/galactic/opt/rviz_ogre_vendor/lib:/opt/ros/galactic/lib/aarch64-linux-gnu:/opt/ros/galactic/lib:/usr/local/cuda-11.4/lib64:', 'HOME': '/home/wjs', 'CYCLONEDDS_URI': 'file:///home/wjs/cyclonedds_lo.xml', 'OLDPWD': '/home/wjs', 'DESKTOP_SESSION': 'ubuntu', 'JETSON_L4T': '35.6.3', 'ROS_PYTHON_VERSION': '3', 'GNOME_SHELL_SESSION_MODE': 'ubuntu', 'GTK_MODULES': 'gail:atk-bridge', 'JETSON_MODEL': 'Jetson-AGX', 'MANAGERPID': '3869', 'DBUS_SESSION_BUS_ADDRESS': 'unix:path=/run/user/1000/bus', 'COLORTERM': 'truecolor', 'TERMINATOR_DBUS_NAME': 'net.tenshu.Terminator23558193cd9818af7fe4d2c2f5bd9d00f', 'GIO_LAUNCHED_DESKTOP_FILE_PID': '5782', 'IM_CONFIG_PHASE': '1', 'TMPDIR': '/mnt/sdcard/tmp', 'COLCON_PREFIX_PATH': '/home/wjs/tb3_tpl_ws/install:/home/wjs/cart_ros2/install', 'TORCH_HOME': '/mnt/sdcard/.cache/torch', 'ROS_DISTRO': 'galactic', 'LOGNAME': 'wjs', 'JETSON_MODULE': 'NVIDIA Jetson AGX Xavier (32 GB ram)', 'JETSON_SERIAL_NUMBER': '1423420009543', 'JOURNAL_STREAM': '8:75753', '_': '/usr/bin/colcon', 'ROS_VERSION': '2', 'JETSON_CODENAME': 'Galen', 'XDG_SESSION_CLASS': 'user', 'USERNAME': 'wjs', 'TERM': 'xterm-256color', 'GNOME_DESKTOP_SESSION_ID': 'this-is-deprecated', 'ROS_LOCALHOST_ONLY': '1', 'WINDOWPATH': '2', 'PATH': '/opt/ros/galactic/bin:/usr/local/cuda-11.4/bin:/home/wjs/.local/bin:/usr/local/sbin:/usr/local/bin:/usr/sbin:/usr/bin:/sbin:/bin:/usr/games:/usr/local/games:/snap/bin', 'SESSION_MANAGER': 'local/ubuntu:@/tmp/.ICE-unix/4009,unix/ubuntu:/tmp/.ICE-unix/4009', 'INVOCATION_ID': '29540fbad2f04dbb9a087051877568a9', 'XDG_MENU_PREFIX': 'gnome-', 'XDG_RUNTIME_DIR': '/run/user/1000', 'DISPLAY': ':1', 'TERMINATOR_DBUS_PATH': '/net/tenshu/Terminator2', 'LANG': 'en_US.UTF-8', 'XDG_CURRENT_DESKTOP': 'ubuntu:GNOME', 'RMW_IMPLEMENTATION': 'rmw_cyclonedds_cpp', 'XMODIFIERS': '@im=ibus', 'XDG_SESSION_DESKTOP': 'ubuntu', 'XAUTHORITY': '/run/user/1000/gdm/Xauthority', 'LS_COLORS': 'rs=0:di=01;34:ln=01;36:mh=00:pi=40;33:so=01;35:do=01;35:bd=40;33;01:cd=40;33;01:or=40;31;01:mi=00:su=37;41:sg=30;43:ca=30;41:tw=30;42:ow=34;42:st=37;44:ex=01;32:*.tar=01;31:*.tgz=01;31:*.arc=01;31:*.arj=01;31:*.taz=01;31:*.lha=01;31:*.lz4=01;31:*.lzh=01;31:*.lzma=01;31:*.tlz=01;31:*.txz=01;31:*.tzo=01;31:*.t7z=01;31:*.zip=01;31:*.z=01;31:*.dz=01;31:*.gz=01;31:*.lrz=01;31:*.lz=01;31:*.lzo=01;31:*.xz=01;31:*.zst=01;31:*.tzst=01;31:*.bz2=01;31:*.bz=01;31:*.tbz=01;31:*.tbz2=01;31:*.tz=01;31:*.deb=01;31:*.rpm=01;31:*.jar=01;31:*.war=01;31:*.ear=01;31:*.sar=01;31:*.rar=01;31:*.alz=01;31:*.ace=01;31:*.zoo=01;31:*.cpio=01;31:*.7z=01;31:*.rz=01;31:*.cab=01;31:*.wim=01;31:*.swm=01;31:*.dwm=01;31:*.esd=01;31:*.jpg=01;35:*.jpeg=01;35:*.mjpg=01;35:*.mjpeg=01;35:*.gif=01;35:*.bmp=01;35:*.pbm=01;35:*.pgm=01;35:*.ppm=01;35:*.tga=01;35:*.xbm=01;35:*.xpm=01;35:*.tif=01;35:*.tiff=01;35:*.png=01;35:*.svg=01;35:*.svgz=01;35:*.mng=01;35:*.pcx=01;35:*.mov=01;35:*.mpg=01;35:*.mpeg=01;35:*.m2v=01;35:*.mkv=01;35:*.webm=01;35:*.ogm=01;35:*.mp4=01;35:*.m4v=01;35:*.mp4v=01;35:*.vob=01;35:*.qt=01;35:*.nuv=01;35:*.wmv=01;35:*.asf=01;35:*.rm=01;35:*.rmvb=01;35:*.flc=01;35:*.avi=01;35:*.fli=01;35:*.flv=01;35:*.gl=01;35:*.dl=01;35:*.xcf=01;35:*.xwd=01;35:*.yuv=01;35:*.cgm=01;35:*.emf=01;35:*.ogv=01;35:*.ogx=01;35:*.aac=00;36:*.au=00;36:*.flac=00;36:*.m4a=00;36:*.mid=00;36:*.midi=00;36:*.mka=00;36:*.mp3=00;36:*.mpc=00;36:*.ogg=00;36:*.ra=00;36:*.wav=00;36:*.oga=00;36:*.opus=00;36:*.spx=00;36:*.xspf=00;36:', 'JETSON_SOC': 'tegra194', 'SSH_AUTH_SOCK': '/run/user/1000/keyring/ssh', 'ROS_DOMAIN_ID': '35', 'AMENT_PREFIX_PATH': '/home/wjs/cart_ros2/install:/home/wjs/tb3_tpl_ws/install:/opt/ros/galactic', 'SHELL': '/bin/bash', 'TERMINATOR_UUID': 'urn:uuid:5ca201da-878f-4fe5-bc65-54a4c73b4877', 'QT_ACCESSIBILITY': '1', 'GDMSESSION': 'ubuntu', 'LESSCLOSE': '/usr/bin/lesspipe %s %s', 'GPG_AGENT_INFO': '/run/user/1000/gnupg/S.gpg-agent:0:1', 'QT_IM_MODULE': 'ibus', 'JETSON_CUDA_ARCH_BIN': '7.2', 'PWD': '/home/wjs/cart_ros2/build/differential_drive', 'XDG_CONFIG_DIRS': '/etc/xdg/xdg-ubuntu:/etc/xdg', 'XDG_DATA_DIRS': '/usr/share/ubuntu:/usr/local/share/:/usr/share/:/var/lib/snapd/desktop', 'PYTHONPATH': '/home/wjs/cart_ros2/build/differential_drive/prefix_override:/usr/lib/python3/dist-packages/colcon_core/task/python/colcon_distutils_commands:/home/wjs/cart_ros2/install/lib/python3.8/site-packages:/opt/opencv-4.5.5-cuda/lib/python3.8/site-packages:/home/wjs/cart_ros2/build/differential_drive/src:/home/wjs/cart_ros2/build/arduino_ros2:/home/wjs/cart_ros2/build/agv_body:/home/wjs/cart_ros2/install/lib/python3.8/site-packages:/home/wjs/tb3_tpl_ws/build/turtlebot3_teleop:/home/wjs/tb3_tpl_ws/install/lib/python3.8/site-packages:/opt/ros/galactic/lib/python3.8/site-packages', 'COLCON': '1', 'VTE_VERSION': '6003', 'JETSON_JETPACK': '5.1.7', 'CMAKE_PREFIX_PATH': '/home/wjs/cart_ros2/install:/home/wjs/tb3_tpl_ws/install', 'JETSON_P_NUMBER': 'p2888-0004'}, 'shell': False}
[15.164761] (laser_filters) StdoutLine: {'line': b'[ 28%] Built target gtest_main\n'}
[15.179977] (-) TimerEvent: {}
[15.267272] (agv_body) CommandEnded: {'returncode': 0}
[15.286354] (-) TimerEvent: {}
[15.387181] (-) TimerEvent: {}
[15.416636] (agv_body) JobEnded: {'identifier': 'agv_body', 'rc': 0}
[15.420631] (sllidar_ros2) JobStarted: {'identifier': 'sllidar_ros2'}
[15.488493] (-) TimerEvent: {}
[15.576628] (sllidar_ros2) JobProgress: {'identifier': 'sllidar_ros2', 'progress': 'cmake'}
[15.588378] (-) TimerEvent: {}
[15.594321] (sllidar_ros2) JobProgress: {'identifier': 'sllidar_ros2', 'progress': 'build'}
[15.613025] (sllidar_ros2) Command: {'cmd': ['/usr/bin/cmake', '--build', '/home/wjs/cart_ros2/build/sllidar_ros2', '--', '-j4', '-l4'], 'cwd': '/home/wjs/cart_ros2/build/sllidar_ros2', 'env': OrderedDict([('LESSOPEN', '| /usr/bin/lesspipe %s'), ('USER', 'wjs'), ('SSH_AGENT_PID', '3974'), ('XDG_SESSION_TYPE', 'x11'), ('PIP_CACHE_DIR', '/mnt/sdcard/.cache/pip'), ('XDG_CACHE_HOME', '/mnt/sdcard/.cache'), ('SHLVL', '1'), ('LD_LIBRARY_PATH', '/opt/opencv-4.5.5-cuda/lib:/home/wjs/cart_ros2/install/lib:/home/wjs/tb3_tpl_ws/install/lib:/opt/ros/galactic/opt/yaml_cpp_vendor/lib:/opt/ros/galactic/opt/rviz_ogre_vendor/lib:/opt/ros/galactic/lib/aarch64-linux-gnu:/opt/ros/galactic/lib:/usr/local/cuda-11.4/lib64:'), ('HOME', '/home/wjs'), ('CYCLONEDDS_URI', 'file:///home/wjs/cyclonedds_lo.xml'), ('OLDPWD', '/home/wjs'), ('DESKTOP_SESSION', 'ubuntu'), ('JETSON_L4T', '35.6.3'), ('ROS_PYTHON_VERSION', '3'), ('GNOME_SHELL_SESSION_MODE', 'ubuntu'), ('GTK_MODULES', 'gail:atk-bridge'), ('JETSON_MODEL', 'Jetson-AGX'), ('MANAGERPID', '3869'), ('DBUS_SESSION_BUS_ADDRESS', 'unix:path=/run/user/1000/bus'), ('COLORTERM', 'truecolor'), ('TERMINATOR_DBUS_NAME', 'net.tenshu.Terminator23558193cd9818af7fe4d2c2f5bd9d00f'), ('GIO_LAUNCHED_DESKTOP_FILE_PID', '5782'), ('IM_CONFIG_PHASE', '1'), ('TMPDIR', '/mnt/sdcard/tmp'), ('COLCON_PREFIX_PATH', '/home/wjs/tb3_tpl_ws/install:/home/wjs/cart_ros2/install'), ('TORCH_HOME', '/mnt/sdcard/.cache/torch'), ('ROS_DISTRO', 'galactic'), ('LOGNAME', 'wjs'), ('JETSON_MODULE', 'NVIDIA Jetson AGX Xavier (32 GB ram)'), ('JETSON_SERIAL_NUMBER', '1423420009543'), ('JOURNAL_STREAM', '8:75753'), ('_', '/usr/bin/colcon'), ('ROS_VERSION', '2'), ('JETSON_CODENAME', 'Galen'), ('XDG_SESSION_CLASS', 'user'), ('USERNAME', 'wjs'), ('TERM', 'xterm-256color'), ('GNOME_DESKTOP_SESSION_ID', 'this-is-deprecated'), ('ROS_LOCALHOST_ONLY', '1'), ('WINDOWPATH', '2'), ('PATH', '/opt/ros/galactic/bin:/usr/local/cuda-11.4/bin:/home/wjs/.local/bin:/usr/local/sbin:/usr/local/bin:/usr/sbin:/usr/bin:/sbin:/bin:/usr/games:/usr/local/games:/snap/bin'), ('SESSION_MANAGER', 'local/ubuntu:@/tmp/.ICE-unix/4009,unix/ubuntu:/tmp/.ICE-unix/4009'), ('INVOCATION_ID', '29540fbad2f04dbb9a087051877568a9'), ('XDG_MENU_PREFIX', 'gnome-'), ('XDG_RUNTIME_DIR', '/run/user/1000'), ('DISPLAY', ':1'), ('TERMINATOR_DBUS_PATH', '/net/tenshu/Terminator2'), ('LANG', 'en_US.UTF-8'), ('XDG_CURRENT_DESKTOP', 'ubuntu:GNOME'), ('RMW_IMPLEMENTATION', 'rmw_cyclonedds_cpp'), ('XMODIFIERS', '@im=ibus'), ('XDG_SESSION_DESKTOP', 'ubuntu'), ('XAUTHORITY', '/run/user/1000/gdm/Xauthority'), ('LS_COLORS', 'rs=0:di=01;34:ln=01;36:mh=00:pi=40;33:so=01;35:do=01;35:bd=40;33;01:cd=40;33;01:or=40;31;01:mi=00:su=37;41:sg=30;43:ca=30;41:tw=30;42:ow=34;42:st=37;44:ex=01;32:*.tar=01;31:*.tgz=01;31:*.arc=01;31:*.arj=01;31:*.taz=01;31:*.lha=01;31:*.lz4=01;31:*.lzh=01;31:*.lzma=01;31:*.tlz=01;31:*.txz=01;31:*.tzo=01;31:*.t7z=01;31:*.zip=01;31:*.z=01;31:*.dz=01;31:*.gz=01;31:*.lrz=01;31:*.lz=01;31:*.lzo=01;31:*.xz=01;31:*.zst=01;31:*.tzst=01;31:*.bz2=01;31:*.bz=01;31:*.tbz=01;31:*.tbz2=01;31:*.tz=01;31:*.deb=01;31:*.rpm=01;31:*.jar=01;31:*.war=01;31:*.ear=01;31:*.sar=01;31:*.rar=01;31:*.alz=01;31:*.ace=01;31:*.zoo=01;31:*.cpio=01;31:*.7z=01;31:*.rz=01;31:*.cab=01;31:*.wim=01;31:*.swm=01;31:*.dwm=01;31:*.esd=01;31:*.jpg=01;35:*.jpeg=01;35:*.mjpg=01;35:*.mjpeg=01;35:*.gif=01;35:*.bmp=01;35:*.pbm=01;35:*.pgm=01;35:*.ppm=01;35:*.tga=01;35:*.xbm=01;35:*.xpm=01;35:*.tif=01;35:*.tiff=01;35:*.png=01;35:*.svg=01;35:*.svgz=01;35:*.mng=01;35:*.pcx=01;35:*.mov=01;35:*.mpg=01;35:*.mpeg=01;35:*.m2v=01;35:*.mkv=01;35:*.webm=01;35:*.ogm=01;35:*.mp4=01;35:*.m4v=01;35:*.mp4v=01;35:*.vob=01;35:*.qt=01;35:*.nuv=01;35:*.wmv=01;35:*.asf=01;35:*.rm=01;35:*.rmvb=01;35:*.flc=01;35:*.avi=01;35:*.fli=01;35:*.flv=01;35:*.gl=01;35:*.dl=01;35:*.xcf=01;35:*.xwd=01;35:*.yuv=01;35:*.cgm=01;35:*.emf=01;35:*.ogv=01;35:*.ogx=01;35:*.aac=00;36:*.au=00;36:*.flac=00;36:*.m4a=00;36:*.mid=00;36:*.midi=00;36:*.mka=00;36:*.mp3=00;36:*.mpc=00;36:*.ogg=00;36:*.ra=00;36:*.wav=00;36:*.oga=00;36:*.opus=00;36:*.spx=00;36:*.xspf=00;36:'), ('JETSON_SOC', 'tegra194'), ('SSH_AUTH_SOCK', '/run/user/1000/keyring/ssh'), ('ROS_DOMAIN_ID', '35'), ('AMENT_PREFIX_PATH', '/home/wjs/cart_ros2/install:/home/wjs/tb3_tpl_ws/install:/opt/ros/galactic'), ('SHELL', '/bin/bash'), ('TERMINATOR_UUID', 'urn:uuid:5ca201da-878f-4fe5-bc65-54a4c73b4877'), ('QT_ACCESSIBILITY', '1'), ('GDMSESSION', 'ubuntu'), ('LESSCLOSE', '/usr/bin/lesspipe %s %s'), ('GPG_AGENT_INFO', '/run/user/1000/gnupg/S.gpg-agent:0:1'), ('QT_IM_MODULE', 'ibus'), ('JETSON_CUDA_ARCH_BIN', '7.2'), ('PWD', '/home/wjs/cart_ros2/build/sllidar_ros2'), ('XDG_CONFIG_DIRS', '/etc/xdg/xdg-ubuntu:/etc/xdg'), ('XDG_DATA_DIRS', '/usr/share/ubuntu:/usr/local/share/:/usr/share/:/var/lib/snapd/desktop'), ('PYTHONPATH', '/opt/opencv-4.5.5-cuda/lib/python3.8/site-packages:/home/wjs/cart_ros2/build/differential_drive/src:/home/wjs/cart_ros2/build/arduino_ros2:/home/wjs/cart_ros2/build/agv_body:/home/wjs/cart_ros2/install/lib/python3.8/site-packages:/home/wjs/tb3_tpl_ws/build/turtlebot3_teleop:/home/wjs/tb3_tpl_ws/install/lib/python3.8/site-packages:/opt/ros/galactic/lib/python3.8/site-packages'), ('COLCON', '1'), ('VTE_VERSION', '6003'), ('JETSON_JETPACK', '5.1.7'), ('CMAKE_PREFIX_PATH', '/home/wjs/cart_ros2/install:/home/wjs/tb3_tpl_ws/install:/opt/ros/galactic'), ('JETSON_P_NUMBER', 'p2888-0004')]), 'shell': False}
[15.688766] (-) TimerEvent: {}
[15.790812] (-) TimerEvent: {}
[15.892509] (-) TimerEvent: {}
[15.895443] (laser_filters) StdoutLine: {'line': b'[ 42%] Built target scan_to_cloud_filter_chain\n'}
[15.993288] (-) TimerEvent: {}
[16.095119] (-) TimerEvent: {}
[16.196413] (-) TimerEvent: {}
[16.297436] (-) TimerEvent: {}
[16.398495] (-) TimerEvent: {}
[16.455817] (laser_filters) StdoutLine: {'line': b'[ 57%] Built target scan_to_scan_filter_chain\n'}
[16.498950] (-) TimerEvent: {}
[16.506904] (sllidar_ros2) StdoutLine: {'line': b'[ 85%] Built target sllidar_node\n'}
[16.600589] (-) TimerEvent: {}
[16.702035] (-) TimerEvent: {}
[16.757663] (sllidar_ros2) StdoutLine: {'line': b'[100%] Built target sllidar_client\n'}
[16.802226] (-) TimerEvent: {}
[16.843092] (laser_filters) StdoutLine: {'line': b'[ 71%] Built target generic_laser_filter_node\n'}
[16.902424] (-) TimerEvent: {}
[16.990898] (sllidar_ros2) CommandEnded: {'returncode': 0}
[17.000544] (sllidar_ros2) JobProgress: {'identifier': 'sllidar_ros2', 'progress': 'install'}
[17.000780] (sllidar_ros2) Command: {'cmd': ['/usr/bin/cmake', '--install', '/home/wjs/cart_ros2/build/sllidar_ros2'], 'cwd': '/home/wjs/cart_ros2/build/sllidar_ros2', 'env': OrderedDict([('LESSOPEN', '| /usr/bin/lesspipe %s'), ('USER', 'wjs'), ('SSH_AGENT_PID', '3974'), ('XDG_SESSION_TYPE', 'x11'), ('PIP_CACHE_DIR', '/mnt/sdcard/.cache/pip'), ('XDG_CACHE_HOME', '/mnt/sdcard/.cache'), ('SHLVL', '1'), ('LD_LIBRARY_PATH', '/opt/opencv-4.5.5-cuda/lib:/home/wjs/cart_ros2/install/lib:/home/wjs/tb3_tpl_ws/install/lib:/opt/ros/galactic/opt/yaml_cpp_vendor/lib:/opt/ros/galactic/opt/rviz_ogre_vendor/lib:/opt/ros/galactic/lib/aarch64-linux-gnu:/opt/ros/galactic/lib:/usr/local/cuda-11.4/lib64:'), ('HOME', '/home/wjs'), ('CYCLONEDDS_URI', 'file:///home/wjs/cyclonedds_lo.xml'), ('OLDPWD', '/home/wjs'), ('DESKTOP_SESSION', 'ubuntu'), ('JETSON_L4T', '35.6.3'), ('ROS_PYTHON_VERSION', '3'), ('GNOME_SHELL_SESSION_MODE', 'ubuntu'), ('GTK_MODULES', 'gail:atk-bridge'), ('JETSON_MODEL', 'Jetson-AGX'), ('MANAGERPID', '3869'), ('DBUS_SESSION_BUS_ADDRESS', 'unix:path=/run/user/1000/bus'), ('COLORTERM', 'truecolor'), ('TERMINATOR_DBUS_NAME', 'net.tenshu.Terminator23558193cd9818af7fe4d2c2f5bd9d00f'), ('GIO_LAUNCHED_DESKTOP_FILE_PID', '5782'), ('IM_CONFIG_PHASE', '1'), ('TMPDIR', '/mnt/sdcard/tmp'), ('COLCON_PREFIX_PATH', '/home/wjs/tb3_tpl_ws/install:/home/wjs/cart_ros2/install'), ('TORCH_HOME', '/mnt/sdcard/.cache/torch'), ('ROS_DISTRO', 'galactic'), ('LOGNAME', 'wjs'), ('JETSON_MODULE', 'NVIDIA Jetson AGX Xavier (32 GB ram)'), ('JETSON_SERIAL_NUMBER', '1423420009543'), ('JOURNAL_STREAM', '8:75753'), ('_', '/usr/bin/colcon'), ('ROS_VERSION', '2'), ('JETSON_CODENAME', 'Galen'), ('XDG_SESSION_CLASS', 'user'), ('USERNAME', 'wjs'), ('TERM', 'xterm-256color'), ('GNOME_DESKTOP_SESSION_ID', 'this-is-deprecated'), ('ROS_LOCALHOST_ONLY', '1'), ('WINDOWPATH', '2'), ('PATH', '/opt/ros/galactic/bin:/usr/local/cuda-11.4/bin:/home/wjs/.local/bin:/usr/local/sbin:/usr/local/bin:/usr/sbin:/usr/bin:/sbin:/bin:/usr/games:/usr/local/games:/snap/bin'), ('SESSION_MANAGER', 'local/ubuntu:@/tmp/.ICE-unix/4009,unix/ubuntu:/tmp/.ICE-unix/4009'), ('INVOCATION_ID', '29540fbad2f04dbb9a087051877568a9'), ('XDG_MENU_PREFIX', 'gnome-'), ('XDG_RUNTIME_DIR', '/run/user/1000'), ('DISPLAY', ':1'), ('TERMINATOR_DBUS_PATH', '/net/tenshu/Terminator2'), ('LANG', 'en_US.UTF-8'), ('XDG_CURRENT_DESKTOP', 'ubuntu:GNOME'), ('RMW_IMPLEMENTATION', 'rmw_cyclonedds_cpp'), ('XMODIFIERS', '@im=ibus'), ('XDG_SESSION_DESKTOP', 'ubuntu'), ('XAUTHORITY', '/run/user/1000/gdm/Xauthority'), ('LS_COLORS', 'rs=0:di=01;34:ln=01;36:mh=00:pi=40;33:so=01;35:do=01;35:bd=40;33;01:cd=40;33;01:or=40;31;01:mi=00:su=37;41:sg=30;43:ca=30;41:tw=30;42:ow=34;42:st=37;44:ex=01;32:*.tar=01;31:*.tgz=01;31:*.arc=01;31:*.arj=01;31:*.taz=01;31:*.lha=01;31:*.lz4=01;31:*.lzh=01;31:*.lzma=01;31:*.tlz=01;31:*.txz=01;31:*.tzo=01;31:*.t7z=01;31:*.zip=01;31:*.z=01;31:*.dz=01;31:*.gz=01;31:*.lrz=01;31:*.lz=01;31:*.lzo=01;31:*.xz=01;31:*.zst=01;31:*.tzst=01;31:*.bz2=01;31:*.bz=01;31:*.tbz=01;31:*.tbz2=01;31:*.tz=01;31:*.deb=01;31:*.rpm=01;31:*.jar=01;31:*.war=01;31:*.ear=01;31:*.sar=01;31:*.rar=01;31:*.alz=01;31:*.ace=01;31:*.zoo=01;31:*.cpio=01;31:*.7z=01;31:*.rz=01;31:*.cab=01;31:*.wim=01;31:*.swm=01;31:*.dwm=01;31:*.esd=01;31:*.jpg=01;35:*.jpeg=01;35:*.mjpg=01;35:*.mjpeg=01;35:*.gif=01;35:*.bmp=01;35:*.pbm=01;35:*.pgm=01;35:*.ppm=01;35:*.tga=01;35:*.xbm=01;35:*.xpm=01;35:*.tif=01;35:*.tiff=01;35:*.png=01;35:*.svg=01;35:*.svgz=01;35:*.mng=01;35:*.pcx=01;35:*.mov=01;35:*.mpg=01;35:*.mpeg=01;35:*.m2v=01;35:*.mkv=01;35:*.webm=01;35:*.ogm=01;35:*.mp4=01;35:*.m4v=01;35:*.mp4v=01;35:*.vob=01;35:*.qt=01;35:*.nuv=01;35:*.wmv=01;35:*.asf=01;35:*.rm=01;35:*.rmvb=01;35:*.flc=01;35:*.avi=01;35:*.fli=01;35:*.flv=01;35:*.gl=01;35:*.dl=01;35:*.xcf=01;35:*.xwd=01;35:*.yuv=01;35:*.cgm=01;35:*.emf=01;35:*.ogv=01;35:*.ogx=01;35:*.aac=00;36:*.au=00;36:*.flac=00;36:*.m4a=00;36:*.mid=00;36:*.midi=00;36:*.mka=00;36:*.mp3=00;36:*.mpc=00;36:*.ogg=00;36:*.ra=00;36:*.wav=00;36:*.oga=00;36:*.opus=00;36:*.spx=00;36:*.xspf=00;36:'), ('JETSON_SOC', 'tegra194'), ('SSH_AUTH_SOCK', '/run/user/1000/keyring/ssh'), ('ROS_DOMAIN_ID', '35'), ('AMENT_PREFIX_PATH', '/home/wjs/cart_ros2/install:/home/wjs/tb3_tpl_ws/install:/opt/ros/galactic'), ('SHELL', '/bin/bash'), ('TERMINATOR_UUID', 'urn:uuid:5ca201da-878f-4fe5-bc65-54a4c73b4877'), ('QT_ACCESSIBILITY', '1'), ('GDMSESSION', 'ubuntu'), ('LESSCLOSE', '/usr/bin/lesspipe %s %s'), ('GPG_AGENT_INFO', '/run/user/1000/gnupg/S.gpg-agent:0:1'), ('QT_IM_MODULE', 'ibus'), ('JETSON_CUDA_ARCH_BIN', '7.2'), ('PWD', '/home/wjs/cart_ros2/build/sllidar_ros2'), ('XDG_CONFIG_DIRS', '/etc/xdg/xdg-ubuntu:/etc/xdg'), ('XDG_DATA_DIRS', '/usr/share/ubuntu:/usr/local/share/:/usr/share/:/var/lib/snapd/desktop'), ('PYTHONPATH', '/opt/opencv-4.5.5-cuda/lib/python3.8/site-packages:/home/wjs/cart_ros2/build/differential_drive/src:/home/wjs/cart_ros2/build/arduino_ros2:/home/wjs/cart_ros2/build/agv_body:/home/wjs/cart_ros2/install/lib/python3.8/site-packages:/home/wjs/tb3_tpl_ws/build/turtlebot3_teleop:/home/wjs/tb3_tpl_ws/install/lib/python3.8/site-packages:/opt/ros/galactic/lib/python3.8/site-packages'), ('COLCON', '1'), ('VTE_VERSION', '6003'), ('JETSON_JETPACK', '5.1.7'), ('CMAKE_PREFIX_PATH', '/home/wjs/cart_ros2/install:/home/wjs/tb3_tpl_ws/install:/opt/ros/galactic'), ('JETSON_P_NUMBER', 'p2888-0004')]), 'shell': False}
[17.011069] (-) TimerEvent: {}
[17.096032] (laser_filters) StdoutLine: {'line': b'[ 85%] Built target gtest\n'}
[17.110771] (-) TimerEvent: {}
[17.153118] (sllidar_ros2) StdoutLine: {'line': b'-- Install configuration: ""\n'}
[17.157011] (sllidar_ros2) StdoutLine: {'line': b'-- Execute custom install script\n'}
[17.171340] (sllidar_ros2) StdoutLine: {'line': b'-- Up-to-date symlink: /home/wjs/cart_ros2/install/share/sllidar_ros2/launch/run_lidar_F.launch.py\n'}
[17.172979] (sllidar_ros2) StdoutLine: {'line': b'-- Up-to-date symlink: /home/wjs/cart_ros2/install/share/sllidar_ros2/launch/run_lidar_F.launch.py.bak\n'}
[17.174650] (sllidar_ros2) StdoutLine: {'line': b'-- Up-to-date symlink: /home/wjs/cart_ros2/install/share/sllidar_ros2/launch/run_lidar_R.launch.py\n'}
[17.175104] (sllidar_ros2) StdoutLine: {'line': b'-- Up-to-date symlink: /home/wjs/cart_ros2/install/share/sllidar_ros2/launch/run_lidars.launch.py\n'}
[17.175821] (sllidar_ros2) StdoutLine: {'line': b'-- Up-to-date symlink: /home/wjs/cart_ros2/install/share/sllidar_ros2/launch/sllidar_a3_filtered.launch.py\n'}
[17.176523] (sllidar_ros2) StdoutLine: {'line': b'-- Up-to-date symlink: /home/wjs/cart_ros2/install/share/sllidar_ros2/launch/sllidar_a3_launch.py\n'}
[17.185612] (sllidar_ros2) StdoutLine: {'line': b'-- Up-to-date symlink: /home/wjs/cart_ros2/install/share/sllidar_ros2/launch/sllidar_launch.py\n'}
[17.194021] (sllidar_ros2) StdoutLine: {'line': b'-- Up-to-date symlink: /home/wjs/cart_ros2/install/share/sllidar_ros2/launch/sllidar_s1_launch.py\n'}
[17.196604] (sllidar_ros2) StdoutLine: {'line': b'-- Up-to-date symlink: /home/wjs/cart_ros2/install/share/sllidar_ros2/launch/sllidar_s1_tcp_launch.py\n'}
[17.206957] (sllidar_ros2) StdoutLine: {'line': b'-- Up-to-date symlink: /home/wjs/cart_ros2/install/share/sllidar_ros2/launch/sllidar_s2_launch.py\n'}
[17.207744] (sllidar_ros2) StdoutLine: {'line': b'-- Up-to-date symlink: /home/wjs/cart_ros2/install/share/sllidar_ros2/launch/sllidar_s2e_launch.py\n'}
[17.209562] (sllidar_ros2) StdoutLine: {'line': b'-- Up-to-date symlink: /home/wjs/cart_ros2/install/share/sllidar_ros2/launch/sllidar_t1_launch.py\n'}
[17.210515] (sllidar_ros2) StdoutLine: {'line': b'-- Up-to-date symlink: /home/wjs/cart_ros2/install/share/sllidar_ros2/launch/view_sllidar_a3_launch.py\n'}
[17.210880] (-) TimerEvent: {}
[17.211556] (sllidar_ros2) StdoutLine: {'line': b'-- Up-to-date symlink: /home/wjs/cart_ros2/install/share/sllidar_ros2/launch/view_sllidar_launch.py\n'}
[17.212689] (sllidar_ros2) StdoutLine: {'line': b'-- Up-to-date symlink: /home/wjs/cart_ros2/install/share/sllidar_ros2/launch/view_sllidar_s1_launch.py\n'}
[17.213989] (sllidar_ros2) StdoutLine: {'line': b'-- Up-to-date symlink: /home/wjs/cart_ros2/install/share/sllidar_ros2/launch/view_sllidar_s1_tcp_launch.py\n'}
[17.226443] (sllidar_ros2) StdoutLine: {'line': b'-- Up-to-date symlink: /home/wjs/cart_ros2/install/share/sllidar_ros2/launch/view_sllidar_s2_launch.py\n'}
[17.229059] (sllidar_ros2) StdoutLine: {'line': b'-- Up-to-date symlink: /home/wjs/cart_ros2/install/share/sllidar_ros2/launch/view_sllidar_s2e_launch.py\n'}
[17.233998] (sllidar_ros2) StdoutLine: {'line': b'-- Up-to-date symlink: /home/wjs/cart_ros2/install/share/sllidar_ros2/launch/view_sllidar_t1_launch.py\n'}
[17.235443] (sllidar_ros2) StdoutLine: {'line': b'-- Up-to-date symlink: /home/wjs/cart_ros2/install/share/sllidar_ros2/rviz/sllidar_ros2.rviz\n'}
[17.241528] (sllidar_ros2) StdoutLine: {'line': b'-- Up-to-date symlink: /home/wjs/cart_ros2/install/lib/sllidar_ros2/sllidar_node\n'}
[17.243814] (sllidar_ros2) StdoutLine: {'line': b'-- Up-to-date symlink: /home/wjs/cart_ros2/install/lib/sllidar_ros2/sllidar_client\n'}
[17.244822] (sllidar_ros2) StdoutLine: {'line': b'-- Up-to-date symlink: /home/wjs/cart_ros2/install/share/ament_index/resource_index/package_run_dependencies/sllidar_ros2\n'}
[17.246248] (sllidar_ros2) StdoutLine: {'line': b'-- Up-to-date symlink: /home/wjs/cart_ros2/install/share/ament_index/resource_index/parent_prefix_path/sllidar_ros2\n'}
[17.254281] (sllidar_ros2) StdoutLine: {'line': b'-- Up-to-date symlink: /home/wjs/cart_ros2/install/share/sllidar_ros2/environment/ament_prefix_path.sh\n'}
[17.255777] (sllidar_ros2) StdoutLine: {'line': b'-- Up-to-date symlink: /home/wjs/cart_ros2/install/share/sllidar_ros2/environment/ament_prefix_path.dsv\n'}
[17.258983] (sllidar_ros2) StdoutLine: {'line': b'-- Up-to-date symlink: /home/wjs/cart_ros2/install/share/sllidar_ros2/environment/path.sh\n'}
[17.266832] (sllidar_ros2) StdoutLine: {'line': b'-- Up-to-date symlink: /home/wjs/cart_ros2/install/share/sllidar_ros2/environment/path.dsv\n'}
[17.271816] (sllidar_ros2) StdoutLine: {'line': b'-- Up-to-date symlink: /home/wjs/cart_ros2/install/share/sllidar_ros2/local_setup.bash\n'}
[17.273735] (sllidar_ros2) StdoutLine: {'line': b'-- Up-to-date symlink: /home/wjs/cart_ros2/install/share/sllidar_ros2/local_setup.sh\n'}
[17.274682] (sllidar_ros2) StdoutLine: {'line': b'-- Up-to-date symlink: /home/wjs/cart_ros2/install/share/sllidar_ros2/local_setup.zsh\n'}
[17.275691] (sllidar_ros2) StdoutLine: {'line': b'-- Up-to-date symlink: /home/wjs/cart_ros2/install/share/sllidar_ros2/local_setup.dsv\n'}
[17.276631] (sllidar_ros2) StdoutLine: {'line': b'-- Symlinking: /home/wjs/cart_ros2/install/share/sllidar_ros2/package.dsv\n'}
[17.311092] (-) TimerEvent: {}
[17.371746] (sllidar_ros2) StdoutLine: {'line': b'-- Up-to-date symlink: /home/wjs/cart_ros2/install/share/ament_index/resource_index/packages/sllidar_ros2\n'}
[17.376879] (sllidar_ros2) StdoutLine: {'line': b'-- Up-to-date symlink: /home/wjs/cart_ros2/install/share/sllidar_ros2/cmake/ament_cmake_export_dependencies-extras.cmake\n'}
[17.381887] (sllidar_ros2) StdoutLine: {'line': b'-- Up-to-date symlink: /home/wjs/cart_ros2/install/share/sllidar_ros2/cmake/ament_cmake_export_include_directories-extras.cmake\n'}
[17.386384] (sllidar_ros2) StdoutLine: {'line': b'-- Up-to-date symlink: /home/wjs/cart_ros2/install/share/sllidar_ros2/cmake/sllidar_ros2Config.cmake\n'}
[17.387451] (sllidar_ros2) StdoutLine: {'line': b'-- Up-to-date symlink: /home/wjs/cart_ros2/install/share/sllidar_ros2/cmake/sllidar_ros2Config-version.cmake\n'}
[17.389768] (sllidar_ros2) StdoutLine: {'line': b'-- Up-to-date symlink: /home/wjs/cart_ros2/install/share/sllidar_ros2/package.xml\n'}
[17.402565] (sllidar_ros2) CommandEnded: {'returncode': 0}
[17.411327] (-) TimerEvent: {}
[17.512250] (-) TimerEvent: {}
[17.620808] (-) TimerEvent: {}
[17.705951] (laser_filters) StdoutLine: {'line': b'[100%] Built target test_scan_filter_chain\n'}
[17.721750] (-) TimerEvent: {}
[17.803444] (sllidar_ros2) JobEnded: {'identifier': 'sllidar_ros2', 'rc': 0}
[17.807780] (stella_ahrs) JobStarted: {'identifier': 'stella_ahrs'}
[17.821960] (-) TimerEvent: {}
[17.923464] (-) TimerEvent: {}
[17.946322] (stella_ahrs) JobProgress: {'identifier': 'stella_ahrs', 'progress': 'cmake'}
[17.966193] (stella_ahrs) JobProgress: {'identifier': 'stella_ahrs', 'progress': 'build'}
[17.966791] (stella_ahrs) Command: {'cmd': ['/usr/bin/cmake', '--build', '/home/wjs/cart_ros2/build/stella_ahrs', '--', '-j4', '-l4'], 'cwd': '/home/wjs/cart_ros2/build/stella_ahrs', 'env': OrderedDict([('LESSOPEN', '| /usr/bin/lesspipe %s'), ('USER', 'wjs'), ('SSH_AGENT_PID', '3974'), ('XDG_SESSION_TYPE', 'x11'), ('PIP_CACHE_DIR', '/mnt/sdcard/.cache/pip'), ('XDG_CACHE_HOME', '/mnt/sdcard/.cache'), ('SHLVL', '1'), ('LD_LIBRARY_PATH', '/opt/opencv-4.5.5-cuda/lib:/home/wjs/cart_ros2/install/lib:/home/wjs/tb3_tpl_ws/install/lib:/opt/ros/galactic/opt/yaml_cpp_vendor/lib:/opt/ros/galactic/opt/rviz_ogre_vendor/lib:/opt/ros/galactic/lib/aarch64-linux-gnu:/opt/ros/galactic/lib:/usr/local/cuda-11.4/lib64:'), ('HOME', '/home/wjs'), ('CYCLONEDDS_URI', 'file:///home/wjs/cyclonedds_lo.xml'), ('OLDPWD', '/home/wjs'), ('DESKTOP_SESSION', 'ubuntu'), ('JETSON_L4T', '35.6.3'), ('ROS_PYTHON_VERSION', '3'), ('GNOME_SHELL_SESSION_MODE', 'ubuntu'), ('GTK_MODULES', 'gail:atk-bridge'), ('JETSON_MODEL', 'Jetson-AGX'), ('MANAGERPID', '3869'), ('DBUS_SESSION_BUS_ADDRESS', 'unix:path=/run/user/1000/bus'), ('COLORTERM', 'truecolor'), ('TERMINATOR_DBUS_NAME', 'net.tenshu.Terminator23558193cd9818af7fe4d2c2f5bd9d00f'), ('GIO_LAUNCHED_DESKTOP_FILE_PID', '5782'), ('IM_CONFIG_PHASE', '1'), ('TMPDIR', '/mnt/sdcard/tmp'), ('COLCON_PREFIX_PATH', '/home/wjs/tb3_tpl_ws/install:/home/wjs/cart_ros2/install'), ('TORCH_HOME', '/mnt/sdcard/.cache/torch'), ('ROS_DISTRO', 'galactic'), ('LOGNAME', 'wjs'), ('JETSON_MODULE', 'NVIDIA Jetson AGX Xavier (32 GB ram)'), ('JETSON_SERIAL_NUMBER', '1423420009543'), ('JOURNAL_STREAM', '8:75753'), ('_', '/usr/bin/colcon'), ('ROS_VERSION', '2'), ('JETSON_CODENAME', 'Galen'), ('XDG_SESSION_CLASS', 'user'), ('USERNAME', 'wjs'), ('TERM', 'xterm-256color'), ('GNOME_DESKTOP_SESSION_ID', 'this-is-deprecated'), ('ROS_LOCALHOST_ONLY', '1'), ('WINDOWPATH', '2'), ('PATH', '/opt/ros/galactic/bin:/usr/local/cuda-11.4/bin:/home/wjs/.local/bin:/usr/local/sbin:/usr/local/bin:/usr/sbin:/usr/bin:/sbin:/bin:/usr/games:/usr/local/games:/snap/bin'), ('SESSION_MANAGER', 'local/ubuntu:@/tmp/.ICE-unix/4009,unix/ubuntu:/tmp/.ICE-unix/4009'), ('INVOCATION_ID', '29540fbad2f04dbb9a087051877568a9'), ('XDG_MENU_PREFIX', 'gnome-'), ('XDG_RUNTIME_DIR', '/run/user/1000'), ('DISPLAY', ':1'), ('TERMINATOR_DBUS_PATH', '/net/tenshu/Terminator2'), ('LANG', 'en_US.UTF-8'), ('XDG_CURRENT_DESKTOP', 'ubuntu:GNOME'), ('RMW_IMPLEMENTATION', 'rmw_cyclonedds_cpp'), ('XMODIFIERS', '@im=ibus'), ('XDG_SESSION_DESKTOP', 'ubuntu'), ('XAUTHORITY', '/run/user/1000/gdm/Xauthority'), ('LS_COLORS', 'rs=0:di=01;34:ln=01;36:mh=00:pi=40;33:so=01;35:do=01;35:bd=40;33;01:cd=40;33;01:or=40;31;01:mi=00:su=37;41:sg=30;43:ca=30;41:tw=30;42:ow=34;42:st=37;44:ex=01;32:*.tar=01;31:*.tgz=01;31:*.arc=01;31:*.arj=01;31:*.taz=01;31:*.lha=01;31:*.lz4=01;31:*.lzh=01;31:*.lzma=01;31:*.tlz=01;31:*.txz=01;31:*.tzo=01;31:*.t7z=01;31:*.zip=01;31:*.z=01;31:*.dz=01;31:*.gz=01;31:*.lrz=01;31:*.lz=01;31:*.lzo=01;31:*.xz=01;31:*.zst=01;31:*.tzst=01;31:*.bz2=01;31:*.bz=01;31:*.tbz=01;31:*.tbz2=01;31:*.tz=01;31:*.deb=01;31:*.rpm=01;31:*.jar=01;31:*.war=01;31:*.ear=01;31:*.sar=01;31:*.rar=01;31:*.alz=01;31:*.ace=01;31:*.zoo=01;31:*.cpio=01;31:*.7z=01;31:*.rz=01;31:*.cab=01;31:*.wim=01;31:*.swm=01;31:*.dwm=01;31:*.esd=01;31:*.jpg=01;35:*.jpeg=01;35:*.mjpg=01;35:*.mjpeg=01;35:*.gif=01;35:*.bmp=01;35:*.pbm=01;35:*.pgm=01;35:*.ppm=01;35:*.tga=01;35:*.xbm=01;35:*.xpm=01;35:*.tif=01;35:*.tiff=01;35:*.png=01;35:*.svg=01;35:*.svgz=01;35:*.mng=01;35:*.pcx=01;35:*.mov=01;35:*.mpg=01;35:*.mpeg=01;35:*.m2v=01;35:*.mkv=01;35:*.webm=01;35:*.ogm=01;35:*.mp4=01;35:*.m4v=01;35:*.mp4v=01;35:*.vob=01;35:*.qt=01;35:*.nuv=01;35:*.wmv=01;35:*.asf=01;35:*.rm=01;35:*.rmvb=01;35:*.flc=01;35:*.avi=01;35:*.fli=01;35:*.flv=01;35:*.gl=01;35:*.dl=01;35:*.xcf=01;35:*.xwd=01;35:*.yuv=01;35:*.cgm=01;35:*.emf=01;35:*.ogv=01;35:*.ogx=01;35:*.aac=00;36:*.au=00;36:*.flac=00;36:*.m4a=00;36:*.mid=00;36:*.midi=00;36:*.mka=00;36:*.mp3=00;36:*.mpc=00;36:*.ogg=00;36:*.ra=00;36:*.wav=00;36:*.oga=00;36:*.opus=00;36:*.spx=00;36:*.xspf=00;36:'), ('JETSON_SOC', 'tegra194'), ('SSH_AUTH_SOCK', '/run/user/1000/keyring/ssh'), ('ROS_DOMAIN_ID', '35'), ('AMENT_PREFIX_PATH', '/home/wjs/cart_ros2/install:/home/wjs/tb3_tpl_ws/install:/opt/ros/galactic'), ('SHELL', '/bin/bash'), ('TERMINATOR_UUID', 'urn:uuid:5ca201da-878f-4fe5-bc65-54a4c73b4877'), ('QT_ACCESSIBILITY', '1'), ('GDMSESSION', 'ubuntu'), ('LESSCLOSE', '/usr/bin/lesspipe %s %s'), ('GPG_AGENT_INFO', '/run/user/1000/gnupg/S.gpg-agent:0:1'), ('QT_IM_MODULE', 'ibus'), ('JETSON_CUDA_ARCH_BIN', '7.2'), ('PWD', '/home/wjs/cart_ros2/build/stella_ahrs'), ('XDG_CONFIG_DIRS', '/etc/xdg/xdg-ubuntu:/etc/xdg'), ('XDG_DATA_DIRS', '/usr/share/ubuntu:/usr/local/share/:/usr/share/:/var/lib/snapd/desktop'), ('PYTHONPATH', '/opt/opencv-4.5.5-cuda/lib/python3.8/site-packages:/home/wjs/cart_ros2/build/differential_drive/src:/home/wjs/cart_ros2/build/arduino_ros2:/home/wjs/cart_ros2/build/agv_body:/home/wjs/cart_ros2/install/lib/python3.8/site-packages:/home/wjs/tb3_tpl_ws/build/turtlebot3_teleop:/home/wjs/tb3_tpl_ws/install/lib/python3.8/site-packages:/opt/ros/galactic/lib/python3.8/site-packages'), ('COLCON', '1'), ('VTE_VERSION', '6003'), ('JETSON_JETPACK', '5.1.7'), ('CMAKE_PREFIX_PATH', '/home/wjs/cart_ros2/install:/home/wjs/tb3_tpl_ws/install:/opt/ros/galactic'), ('JETSON_P_NUMBER', 'p2888-0004')]), 'shell': False}
[18.025275] (-) TimerEvent: {}
[18.042446] (laser_filters) CommandEnded: {'returncode': 0}
[18.049180] (laser_filters) JobProgress: {'identifier': 'laser_filters', 'progress': 'install'}
[18.065932] (laser_filters) Command: {'cmd': ['/usr/bin/cmake', '--install', '/home/wjs/cart_ros2/build/laser_filters'], 'cwd': '/home/wjs/cart_ros2/build/laser_filters', 'env': OrderedDict([('LESSOPEN', '| /usr/bin/lesspipe %s'), ('USER', 'wjs'), ('SSH_AGENT_PID', '3974'), ('XDG_SESSION_TYPE', 'x11'), ('PIP_CACHE_DIR', '/mnt/sdcard/.cache/pip'), ('XDG_CACHE_HOME', '/mnt/sdcard/.cache'), ('SHLVL', '1'), ('LD_LIBRARY_PATH', '/opt/opencv-4.5.5-cuda/lib:/home/wjs/cart_ros2/install/lib:/home/wjs/tb3_tpl_ws/install/lib:/opt/ros/galactic/opt/yaml_cpp_vendor/lib:/opt/ros/galactic/opt/rviz_ogre_vendor/lib:/opt/ros/galactic/lib/aarch64-linux-gnu:/opt/ros/galactic/lib:/usr/local/cuda-11.4/lib64:'), ('HOME', '/home/wjs'), ('CYCLONEDDS_URI', 'file:///home/wjs/cyclonedds_lo.xml'), ('OLDPWD', '/home/wjs'), ('DESKTOP_SESSION', 'ubuntu'), ('JETSON_L4T', '35.6.3'), ('ROS_PYTHON_VERSION', '3'), ('GNOME_SHELL_SESSION_MODE', 'ubuntu'), ('GTK_MODULES', 'gail:atk-bridge'), ('JETSON_MODEL', 'Jetson-AGX'), ('MANAGERPID', '3869'), ('DBUS_SESSION_BUS_ADDRESS', 'unix:path=/run/user/1000/bus'), ('COLORTERM', 'truecolor'), ('TERMINATOR_DBUS_NAME', 'net.tenshu.Terminator23558193cd9818af7fe4d2c2f5bd9d00f'), ('GIO_LAUNCHED_DESKTOP_FILE_PID', '5782'), ('IM_CONFIG_PHASE', '1'), ('TMPDIR', '/mnt/sdcard/tmp'), ('COLCON_PREFIX_PATH', '/home/wjs/tb3_tpl_ws/install:/home/wjs/cart_ros2/install'), ('TORCH_HOME', '/mnt/sdcard/.cache/torch'), ('ROS_DISTRO', 'galactic'), ('LOGNAME', 'wjs'), ('JETSON_MODULE', 'NVIDIA Jetson AGX Xavier (32 GB ram)'), ('JETSON_SERIAL_NUMBER', '1423420009543'), ('JOURNAL_STREAM', '8:75753'), ('_', '/usr/bin/colcon'), ('ROS_VERSION', '2'), ('JETSON_CODENAME', 'Galen'), ('XDG_SESSION_CLASS', 'user'), ('USERNAME', 'wjs'), ('TERM', 'xterm-256color'), ('GNOME_DESKTOP_SESSION_ID', 'this-is-deprecated'), ('ROS_LOCALHOST_ONLY', '1'), ('WINDOWPATH', '2'), ('PATH', '/opt/ros/galactic/bin:/usr/local/cuda-11.4/bin:/home/wjs/.local/bin:/usr/local/sbin:/usr/local/bin:/usr/sbin:/usr/bin:/sbin:/bin:/usr/games:/usr/local/games:/snap/bin'), ('SESSION_MANAGER', 'local/ubuntu:@/tmp/.ICE-unix/4009,unix/ubuntu:/tmp/.ICE-unix/4009'), ('INVOCATION_ID', '29540fbad2f04dbb9a087051877568a9'), ('XDG_MENU_PREFIX', 'gnome-'), ('XDG_RUNTIME_DIR', '/run/user/1000'), ('DISPLAY', ':1'), ('TERMINATOR_DBUS_PATH', '/net/tenshu/Terminator2'), ('LANG', 'en_US.UTF-8'), ('XDG_CURRENT_DESKTOP', 'ubuntu:GNOME'), ('RMW_IMPLEMENTATION', 'rmw_cyclonedds_cpp'), ('XMODIFIERS', '@im=ibus'), ('XDG_SESSION_DESKTOP', 'ubuntu'), ('XAUTHORITY', '/run/user/1000/gdm/Xauthority'), ('LS_COLORS', 'rs=0:di=01;34:ln=01;36:mh=00:pi=40;33:so=01;35:do=01;35:bd=40;33;01:cd=40;33;01:or=40;31;01:mi=00:su=37;41:sg=30;43:ca=30;41:tw=30;42:ow=34;42:st=37;44:ex=01;32:*.tar=01;31:*.tgz=01;31:*.arc=01;31:*.arj=01;31:*.taz=01;31:*.lha=01;31:*.lz4=01;31:*.lzh=01;31:*.lzma=01;31:*.tlz=01;31:*.txz=01;31:*.tzo=01;31:*.t7z=01;31:*.zip=01;31:*.z=01;31:*.dz=01;31:*.gz=01;31:*.lrz=01;31:*.lz=01;31:*.lzo=01;31:*.xz=01;31:*.zst=01;31:*.tzst=01;31:*.bz2=01;31:*.bz=01;31:*.tbz=01;31:*.tbz2=01;31:*.tz=01;31:*.deb=01;31:*.rpm=01;31:*.jar=01;31:*.war=01;31:*.ear=01;31:*.sar=01;31:*.rar=01;31:*.alz=01;31:*.ace=01;31:*.zoo=01;31:*.cpio=01;31:*.7z=01;31:*.rz=01;31:*.cab=01;31:*.wim=01;31:*.swm=01;31:*.dwm=01;31:*.esd=01;31:*.jpg=01;35:*.jpeg=01;35:*.mjpg=01;35:*.mjpeg=01;35:*.gif=01;35:*.bmp=01;35:*.pbm=01;35:*.pgm=01;35:*.ppm=01;35:*.tga=01;35:*.xbm=01;35:*.xpm=01;35:*.tif=01;35:*.tiff=01;35:*.png=01;35:*.svg=01;35:*.svgz=01;35:*.mng=01;35:*.pcx=01;35:*.mov=01;35:*.mpg=01;35:*.mpeg=01;35:*.m2v=01;35:*.mkv=01;35:*.webm=01;35:*.ogm=01;35:*.mp4=01;35:*.m4v=01;35:*.mp4v=01;35:*.vob=01;35:*.qt=01;35:*.nuv=01;35:*.wmv=01;35:*.asf=01;35:*.rm=01;35:*.rmvb=01;35:*.flc=01;35:*.avi=01;35:*.fli=01;35:*.flv=01;35:*.gl=01;35:*.dl=01;35:*.xcf=01;35:*.xwd=01;35:*.yuv=01;35:*.cgm=01;35:*.emf=01;35:*.ogv=01;35:*.ogx=01;35:*.aac=00;36:*.au=00;36:*.flac=00;36:*.m4a=00;36:*.mid=00;36:*.midi=00;36:*.mka=00;36:*.mp3=00;36:*.mpc=00;36:*.ogg=00;36:*.ra=00;36:*.wav=00;36:*.oga=00;36:*.opus=00;36:*.spx=00;36:*.xspf=00;36:'), ('JETSON_SOC', 'tegra194'), ('SSH_AUTH_SOCK', '/run/user/1000/keyring/ssh'), ('ROS_DOMAIN_ID', '35'), ('AMENT_PREFIX_PATH', '/home/wjs/cart_ros2/install:/home/wjs/tb3_tpl_ws/install:/opt/ros/galactic'), ('SHELL', '/bin/bash'), ('TERMINATOR_UUID', 'urn:uuid:5ca201da-878f-4fe5-bc65-54a4c73b4877'), ('QT_ACCESSIBILITY', '1'), ('GDMSESSION', 'ubuntu'), ('LESSCLOSE', '/usr/bin/lesspipe %s %s'), ('GPG_AGENT_INFO', '/run/user/1000/gnupg/S.gpg-agent:0:1'), ('QT_IM_MODULE', 'ibus'), ('JETSON_CUDA_ARCH_BIN', '7.2'), ('PWD', '/home/wjs/cart_ros2/build/laser_filters'), ('XDG_CONFIG_DIRS', '/etc/xdg/xdg-ubuntu:/etc/xdg'), ('XDG_DATA_DIRS', '/usr/share/ubuntu:/usr/local/share/:/usr/share/:/var/lib/snapd/desktop'), ('PYTHONPATH', '/opt/opencv-4.5.5-cuda/lib/python3.8/site-packages:/home/wjs/cart_ros2/build/differential_drive/src:/home/wjs/cart_ros2/build/arduino_ros2:/home/wjs/cart_ros2/build/agv_body:/home/wjs/cart_ros2/install/lib/python3.8/site-packages:/home/wjs/tb3_tpl_ws/build/turtlebot3_teleop:/home/wjs/tb3_tpl_ws/install/lib/python3.8/site-packages:/opt/ros/galactic/lib/python3.8/site-packages'), ('COLCON', '1'), ('VTE_VERSION', '6003'), ('JETSON_JETPACK', '5.1.7'), ('CMAKE_PREFIX_PATH', '/home/wjs/cart_ros2/install:/home/wjs/tb3_tpl_ws/install:/opt/ros/galactic'), ('JETSON_P_NUMBER', 'p2888-0004')]), 'shell': False}
[18.125307] (-) TimerEvent: {}
[18.228614] (-) TimerEvent: {}
[18.262791] (laser_filters) StdoutLine: {'line': b'-- Install configuration: ""\n'}
[18.265114] (laser_filters) StdoutLine: {'line': b'-- Execute custom install script\n'}
[18.275027] (laser_filters) StdoutLine: {'line': b'-- Up-to-date symlink: /home/wjs/cart_ros2/install/share/laser_filters//laser_filters_plugins.xml\n'}
[18.301249] (laser_filters) StdoutLine: {'line': b'-- Up-to-date symlink: /home/wjs/cart_ros2/install/include/laser_filters/angular_bounds_filter.h\n'}
[18.302272] (laser_filters) StdoutLine: {'line': b'-- Up-to-date symlink: /home/wjs/cart_ros2/install/include/laser_filters/angular_bounds_filter_in_place.h\n'}
[18.305078] (laser_filters) StdoutLine: {'line': b'-- Up-to-date symlink: /home/wjs/cart_ros2/install/include/laser_filters/array_filter.h\n'}
[18.305629] (laser_filters) StdoutLine: {'line': b'-- Up-to-date symlink: /home/wjs/cart_ros2/install/include/laser_filters/box_filter.h\n'}
[18.306782] (laser_filters) StdoutLine: {'line': b'-- Up-to-date symlink: /home/wjs/cart_ros2/install/include/laser_filters/footprint_filter.h\n'}
[18.309689] (laser_filters) StdoutLine: {'line': b'-- Up-to-date symlink: /home/wjs/cart_ros2/install/include/laser_filters/intensity_filter.h\n'}
[18.312865] (laser_filters) StdoutLine: {'line': b'-- Up-to-date symlink: /home/wjs/cart_ros2/install/include/laser_filters/interpolation_filter.h\n'}
[18.320186] (laser_filters) StdoutLine: {'line': b'-- Up-to-date symlink: /home/wjs/cart_ros2/install/include/laser_filters/median_filter.h\n'}
[18.321211] (laser_filters) StdoutLine: {'line': b'-- Up-to-date symlink: /home/wjs/cart_ros2/install/include/laser_filters/range_filter.h\n'}
[18.322196] (laser_filters) StdoutLine: {'line': b'-- Up-to-date symlink: /home/wjs/cart_ros2/install/include/laser_filters/scan_mask_filter.h\n'}
[18.324579] (laser_filters) StdoutLine: {'line': b'-- Up-to-date symlink: /home/wjs/cart_ros2/install/include/laser_filters/scan_shadows_filter.h\n'}
[18.327418] (laser_filters) StdoutLine: {'line': b'-- Up-to-date symlink: /home/wjs/cart_ros2/install/include/laser_filters/speckle_filter.h\n'}
[18.329212] (-) TimerEvent: {}
[18.337315] (laser_filters) StdoutLine: {'line': b'-- Up-to-date symlink: /home/wjs/cart_ros2/install/share/laser_filters/environment/library_path.sh\n'}
[18.341830] (laser_filters) StdoutLine: {'line': b'-- Up-to-date symlink: /home/wjs/cart_ros2/install/share/laser_filters/environment/library_path.dsv\n'}
[18.346491] (laser_filters) StdoutLine: {'line': b'-- Up-to-date symlink: /home/wjs/cart_ros2/install/lib/liblaser_scan_filters.so\n'}
[18.357471] (laser_filters) StdoutLine: {'line': b'-- Up-to-date symlink: /home/wjs/cart_ros2/install/lib/laser_filters/scan_to_cloud_filter_chain\n'}
[18.366888] (laser_filters) StdoutLine: {'line': b'-- Up-to-date symlink: /home/wjs/cart_ros2/install/lib/laser_filters/scan_to_scan_filter_chain\n'}
[18.369732] (laser_filters) StdoutLine: {'line': b'-- Up-to-date symlink: /home/wjs/cart_ros2/install/lib/laser_filters/generic_laser_filter_node\n'}
[18.385184] (laser_filters) StdoutLine: {'line': b'-- Up-to-date symlink: /home/wjs/cart_ros2/install/share/laser_filters/examples/box_filter_example.launch.py\n'}
[18.395080] (laser_filters) StdoutLine: {'line': b'-- Up-to-date symlink: /home/wjs/cart_ros2/install/share/laser_filters/examples/box_filter_example.yaml\n'}
[18.396073] (laser_filters) StdoutLine: {'line': b'-- Up-to-date symlink: /home/wjs/cart_ros2/install/share/laser_filters/examples/footprint_filter_example.launch.py\n'}
[18.397172] (laser_filters) StdoutLine: {'line': b'-- Up-to-date symlink: /home/wjs/cart_ros2/install/share/laser_filters/examples/footprint_filter_example.yaml\n'}
[18.399677] (laser_filters) StdoutLine: {'line': b'-- Up-to-date symlink: /home/wjs/cart_ros2/install/share/laser_filters/examples/intensity_filter_example.launch.py\n'}
[18.402018] (laser_filters) StdoutLine: {'line': b'-- Up-to-date symlink: /home/wjs/cart_ros2/install/share/laser_filters/examples/intensity_filter_example.yaml\n'}
[18.410054] (laser_filters) StdoutLine: {'line': b'-- Up-to-date symlink: /home/wjs/cart_ros2/install/share/laser_filters/examples/mask_filter_example.launch.py\n'}
[18.412009] (laser_filters) StdoutLine: {'line': b'-- Up-to-date symlink: /home/wjs/cart_ros2/install/share/laser_filters/examples/mask_filter_example.yaml\n'}
[18.415120] (laser_filters) StdoutLine: {'line': b'-- Up-to-date symlink: /home/wjs/cart_ros2/install/share/laser_filters/examples/median_filter_example.launch.py\n'}
[18.420886] (laser_filters) StdoutLine: {'line': b'-- Up-to-date symlink: /home/wjs/cart_ros2/install/share/laser_filters/examples/median_filter_example.yaml\n'}
[18.426049] (laser_filters) StdoutLine: {'line': b'-- Up-to-date symlink: /home/wjs/cart_ros2/install/share/laser_filters/examples/multiple_filters_example.launch.py\n'}
[18.429384] (-) TimerEvent: {}
[18.433438] (laser_filters) StdoutLine: {'line': b'-- Up-to-date symlink: /home/wjs/cart_ros2/install/share/laser_filters/examples/multiple_filters_example.yaml\n'}
[18.441568] (laser_filters) StdoutLine: {'line': b'-- Up-to-date symlink: /home/wjs/cart_ros2/install/share/laser_filters/examples/pass_through_example.launch.py\n'}
[18.450992] (laser_filters) StdoutLine: {'line': b'-- Up-to-date symlink: /home/wjs/cart_ros2/install/share/laser_filters/examples/pass_through_example.yaml\n'}
[18.455083] (laser_filters) StdoutLine: {'line': b'-- Up-to-date symlink: /home/wjs/cart_ros2/install/share/laser_filters/examples/range_filter_example.launch.py\n'}
[18.457333] (laser_filters) StdoutLine: {'line': b'-- Up-to-date symlink: /home/wjs/cart_ros2/install/share/laser_filters/examples/range_filter_example.yaml\n'}
[18.462647] (laser_filters) StdoutLine: {'line': b'-- Up-to-date symlink: /home/wjs/cart_ros2/install/share/laser_filters/examples/shadow_filter_example.launch.py\n'}
[18.465907] (laser_filters) StdoutLine: {'line': b'-- Up-to-date symlink: /home/wjs/cart_ros2/install/share/laser_filters/examples/shadow_filter_example.yaml\n'}
[18.467867] (laser_filters) StdoutLine: {'line': b'-- Up-to-date symlink: /home/wjs/cart_ros2/install/share/laser_filters/examples/speckle_filter_example.launch\n'}
[18.475130] (laser_filters) StdoutLine: {'line': b'-- Up-to-date symlink: /home/wjs/cart_ros2/install/share/laser_filters/examples/speckle_filter_example.yaml\n'}
[18.479843] (laser_filters) StdoutLine: {'line': b'-- Up-to-date symlink: /home/wjs/cart_ros2/install/share/ament_index/resource_index/package_run_dependencies/laser_filters\n'}
[18.484600] (laser_filters) StdoutLine: {'line': b'-- Up-to-date symlink: /home/wjs/cart_ros2/install/share/ament_index/resource_index/parent_prefix_path/laser_filters\n'}
[18.489189] (laser_filters) StdoutLine: {'line': b'-- Up-to-date symlink: /home/wjs/cart_ros2/install/share/laser_filters/environment/ament_prefix_path.sh\n'}
[18.501766] (laser_filters) StdoutLine: {'line': b'-- Up-to-date symlink: /home/wjs/cart_ros2/install/share/laser_filters/environment/ament_prefix_path.dsv\n'}
[18.502434] (laser_filters) StdoutLine: {'line': b'-- Up-to-date symlink: /home/wjs/cart_ros2/install/share/laser_filters/environment/path.sh\n'}
[18.505141] (laser_filters) StdoutLine: {'line': b'-- Up-to-date symlink: /home/wjs/cart_ros2/install/share/laser_filters/environment/path.dsv\n'}
[18.509975] (laser_filters) StdoutLine: {'line': b'-- Up-to-date symlink: /home/wjs/cart_ros2/install/share/laser_filters/local_setup.bash\n'}
[18.514673] (laser_filters) StdoutLine: {'line': b'-- Up-to-date symlink: /home/wjs/cart_ros2/install/share/laser_filters/local_setup.sh\n'}
[18.519967] (arduino_ros2) StdoutLine: {'line': b'running develop\n'}
[18.521092] (laser_filters) StdoutLine: {'line': b'-- Up-to-date symlink: /home/wjs/cart_ros2/install/share/laser_filters/local_setup.zsh\n'}
[18.526814] (laser_filters) StdoutLine: {'line': b'-- Up-to-date symlink: /home/wjs/cart_ros2/install/share/laser_filters/local_setup.dsv\n'}
[18.529605] (-) TimerEvent: {}
[18.536073] (laser_filters) StdoutLine: {'line': b'-- Symlinking: /home/wjs/cart_ros2/install/share/laser_filters/package.dsv\n'}
[18.630298] (-) TimerEvent: {}
[18.647882] (differential_drive) StdoutLine: {'line': b'running develop\n'}
[18.691855] (laser_filters) StdoutLine: {'line': b'-- Up-to-date symlink: /home/wjs/cart_ros2/install/share/ament_index/resource_index/packages/laser_filters\n'}
[18.696293] (laser_filters) StdoutLine: {'line': b'-- Up-to-date symlink: /home/wjs/cart_ros2/install/share/ament_index/resource_index/filters__pluginlib__plugin/laser_filters\n'}
[18.701977] (laser_filters) StdoutLine: {'line': b'-- Up-to-date symlink: /home/wjs/cart_ros2/install/share/laser_filters/cmake/ament_cmake_export_dependencies-extras.cmake\n'}
[18.704072] (laser_filters) StdoutLine: {'line': b'-- Up-to-date symlink: /home/wjs/cart_ros2/install/share/laser_filters/cmake/ament_cmake_export_include_directories-extras.cmake\n'}
[18.709286] (laser_filters) StdoutLine: {'line': b'-- Up-to-date symlink: /home/wjs/cart_ros2/install/share/laser_filters/cmake/ament_cmake_export_libraries-extras.cmake\n'}
[18.714334] (laser_filters) StdoutLine: {'line': b'-- Up-to-date symlink: /home/wjs/cart_ros2/install/share/laser_filters/cmake/laser_filtersConfig.cmake\n'}
[18.718362] (laser_filters) StdoutLine: {'line': b'-- Up-to-date symlink: /home/wjs/cart_ros2/install/share/laser_filters/cmake/laser_filtersConfig-version.cmake\n'}
[18.725510] (laser_filters) StdoutLine: {'line': b'-- Up-to-date symlink: /home/wjs/cart_ros2/install/share/laser_filters/package.xml\n'}
[18.730673] (-) TimerEvent: {}
[18.732551] (laser_filters) StdoutLine: {'line': b'-- Up-to-date symlink: /home/wjs/cart_ros2/install/share/laser_filters/config_filter/angle_filter_F.yaml\n'}
[18.735067] (laser_filters) StdoutLine: {'line': b'-- Up-to-date symlink: /home/wjs/cart_ros2/install/share/laser_filters/config_filter/angle_filter_R.yaml\n'}
[18.760258] (laser_filters) CommandEnded: {'returncode': 0}
[18.837041] (-) TimerEvent: {}
[18.942307] (-) TimerEvent: {}
[19.044625] (-) TimerEvent: {}
[19.096885] (laser_filters) JobEnded: {'identifier': 'laser_filters', 'rc': 0}
[19.109579] (roboteq_controller) JobStarted: {'identifier': 'roboteq_controller'}
[19.144886] (-) TimerEvent: {}
[19.246113] (-) TimerEvent: {}
[19.349217] (-) TimerEvent: {}
[19.377735] (roboteq_controller) JobProgress: {'identifier': 'roboteq_controller', 'progress': 'cmake'}
[19.403271] (roboteq_controller) JobProgress: {'identifier': 'roboteq_controller', 'progress': 'build'}
[19.404957] (roboteq_controller) Command: {'cmd': ['/usr/bin/cmake', '--build', '/home/wjs/cart_ros2/build/roboteq_controller', '--', '-j4', '-l4'], 'cwd': '/home/wjs/cart_ros2/build/roboteq_controller', 'env': OrderedDict([('LESSOPEN', '| /usr/bin/lesspipe %s'), ('USER', 'wjs'), ('SSH_AGENT_PID', '3974'), ('XDG_SESSION_TYPE', 'x11'), ('PIP_CACHE_DIR', '/mnt/sdcard/.cache/pip'), ('XDG_CACHE_HOME', '/mnt/sdcard/.cache'), ('SHLVL', '1'), ('LD_LIBRARY_PATH', '/home/wjs/cart_ros2/install/lib:/opt/opencv-4.5.5-cuda/lib:/home/wjs/tb3_tpl_ws/install/lib:/opt/ros/galactic/opt/yaml_cpp_vendor/lib:/opt/ros/galactic/opt/rviz_ogre_vendor/lib:/opt/ros/galactic/lib/aarch64-linux-gnu:/opt/ros/galactic/lib:/usr/local/cuda-11.4/lib64'), ('HOME', '/home/wjs'), ('CYCLONEDDS_URI', 'file:///home/wjs/cyclonedds_lo.xml'), ('OLDPWD', '/home/wjs'), ('DESKTOP_SESSION', 'ubuntu'), ('JETSON_L4T', '35.6.3'), ('ROS_PYTHON_VERSION', '3'), ('GNOME_SHELL_SESSION_MODE', 'ubuntu'), ('GTK_MODULES', 'gail:atk-bridge'), ('JETSON_MODEL', 'Jetson-AGX'), ('MANAGERPID', '3869'), ('DBUS_SESSION_BUS_ADDRESS', 'unix:path=/run/user/1000/bus'), ('COLORTERM', 'truecolor'), ('TERMINATOR_DBUS_NAME', 'net.tenshu.Terminator23558193cd9818af7fe4d2c2f5bd9d00f'), ('GIO_LAUNCHED_DESKTOP_FILE_PID', '5782'), ('IM_CONFIG_PHASE', '1'), ('TMPDIR', '/mnt/sdcard/tmp'), ('COLCON_PREFIX_PATH', '/home/wjs/tb3_tpl_ws/install:/home/wjs/cart_ros2/install'), ('TORCH_HOME', '/mnt/sdcard/.cache/torch'), ('ROS_DISTRO', 'galactic'), ('LOGNAME', 'wjs'), ('JETSON_MODULE', 'NVIDIA Jetson AGX Xavier (32 GB ram)'), ('JETSON_SERIAL_NUMBER', '1423420009543'), ('JOURNAL_STREAM', '8:75753'), ('_', '/usr/bin/colcon'), ('ROS_VERSION', '2'), ('JETSON_CODENAME', 'Galen'), ('XDG_SESSION_CLASS', 'user'), ('USERNAME', 'wjs'), ('TERM', 'xterm-256color'), ('GNOME_DESKTOP_SESSION_ID', 'this-is-deprecated'), ('ROS_LOCALHOST_ONLY', '1'), ('WINDOWPATH', '2'), ('PATH', '/opt/ros/galactic/bin:/usr/local/cuda-11.4/bin:/home/wjs/.local/bin:/usr/local/sbin:/usr/local/bin:/usr/sbin:/usr/bin:/sbin:/bin:/usr/games:/usr/local/games:/snap/bin'), ('SESSION_MANAGER', 'local/ubuntu:@/tmp/.ICE-unix/4009,unix/ubuntu:/tmp/.ICE-unix/4009'), ('INVOCATION_ID', '29540fbad2f04dbb9a087051877568a9'), ('XDG_MENU_PREFIX', 'gnome-'), ('XDG_RUNTIME_DIR', '/run/user/1000'), ('DISPLAY', ':1'), ('TERMINATOR_DBUS_PATH', '/net/tenshu/Terminator2'), ('LANG', 'en_US.UTF-8'), ('XDG_CURRENT_DESKTOP', 'ubuntu:GNOME'), ('RMW_IMPLEMENTATION', 'rmw_cyclonedds_cpp'), ('XMODIFIERS', '@im=ibus'), ('XDG_SESSION_DESKTOP', 'ubuntu'), ('XAUTHORITY', '/run/user/1000/gdm/Xauthority'), ('LS_COLORS', 'rs=0:di=01;34:ln=01;36:mh=00:pi=40;33:so=01;35:do=01;35:bd=40;33;01:cd=40;33;01:or=40;31;01:mi=00:su=37;41:sg=30;43:ca=30;41:tw=30;42:ow=34;42:st=37;44:ex=01;32:*.tar=01;31:*.tgz=01;31:*.arc=01;31:*.arj=01;31:*.taz=01;31:*.lha=01;31:*.lz4=01;31:*.lzh=01;31:*.lzma=01;31:*.tlz=01;31:*.txz=01;31:*.tzo=01;31:*.t7z=01;31:*.zip=01;31:*.z=01;31:*.dz=01;31:*.gz=01;31:*.lrz=01;31:*.lz=01;31:*.lzo=01;31:*.xz=01;31:*.zst=01;31:*.tzst=01;31:*.bz2=01;31:*.bz=01;31:*.tbz=01;31:*.tbz2=01;31:*.tz=01;31:*.deb=01;31:*.rpm=01;31:*.jar=01;31:*.war=01;31:*.ear=01;31:*.sar=01;31:*.rar=01;31:*.alz=01;31:*.ace=01;31:*.zoo=01;31:*.cpio=01;31:*.7z=01;31:*.rz=01;31:*.cab=01;31:*.wim=01;31:*.swm=01;31:*.dwm=01;31:*.esd=01;31:*.jpg=01;35:*.jpeg=01;35:*.mjpg=01;35:*.mjpeg=01;35:*.gif=01;35:*.bmp=01;35:*.pbm=01;35:*.pgm=01;35:*.ppm=01;35:*.tga=01;35:*.xbm=01;35:*.xpm=01;35:*.tif=01;35:*.tiff=01;35:*.png=01;35:*.svg=01;35:*.svgz=01;35:*.mng=01;35:*.pcx=01;35:*.mov=01;35:*.mpg=01;35:*.mpeg=01;35:*.m2v=01;35:*.mkv=01;35:*.webm=01;35:*.ogm=01;35:*.mp4=01;35:*.m4v=01;35:*.mp4v=01;35:*.vob=01;35:*.qt=01;35:*.nuv=01;35:*.wmv=01;35:*.asf=01;35:*.rm=01;35:*.rmvb=01;35:*.flc=01;35:*.avi=01;35:*.fli=01;35:*.flv=01;35:*.gl=01;35:*.dl=01;35:*.xcf=01;35:*.xwd=01;35:*.yuv=01;35:*.cgm=01;35:*.emf=01;35:*.ogv=01;35:*.ogx=01;35:*.aac=00;36:*.au=00;36:*.flac=00;36:*.m4a=00;36:*.mid=00;36:*.midi=00;36:*.mka=00;36:*.mp3=00;36:*.mpc=00;36:*.ogg=00;36:*.ra=00;36:*.wav=00;36:*.oga=00;36:*.opus=00;36:*.spx=00;36:*.xspf=00;36:'), ('JETSON_SOC', 'tegra194'), ('SSH_AUTH_SOCK', '/run/user/1000/keyring/ssh'), ('ROS_DOMAIN_ID', '35'), ('AMENT_PREFIX_PATH', '/home/wjs/cart_ros2/install:/home/wjs/tb3_tpl_ws/install:/opt/ros/galactic'), ('SHELL', '/bin/bash'), ('TERMINATOR_UUID', 'urn:uuid:5ca201da-878f-4fe5-bc65-54a4c73b4877'), ('QT_ACCESSIBILITY', '1'), ('GDMSESSION', 'ubuntu'), ('LESSCLOSE', '/usr/bin/lesspipe %s %s'), ('GPG_AGENT_INFO', '/run/user/1000/gnupg/S.gpg-agent:0:1'), ('QT_IM_MODULE', 'ibus'), ('JETSON_CUDA_ARCH_BIN', '7.2'), ('PWD', '/home/wjs/cart_ros2/build/roboteq_controller'), ('XDG_CONFIG_DIRS', '/etc/xdg/xdg-ubuntu:/etc/xdg'), ('XDG_DATA_DIRS', '/usr/share/ubuntu:/usr/local/share/:/usr/share/:/var/lib/snapd/desktop'), ('PYTHONPATH', '/home/wjs/cart_ros2/install/lib/python3.8/site-packages:/opt/opencv-4.5.5-cuda/lib/python3.8/site-packages:/home/wjs/cart_ros2/build/differential_drive/src:/home/wjs/cart_ros2/build/arduino_ros2:/home/wjs/cart_ros2/build/agv_body:/home/wjs/tb3_tpl_ws/build/turtlebot3_teleop:/home/wjs/tb3_tpl_ws/install/lib/python3.8/site-packages:/opt/ros/galactic/lib/python3.8/site-packages'), ('COLCON', '1'), ('VTE_VERSION', '6003'), ('JETSON_JETPACK', '5.1.7'), ('CMAKE_PREFIX_PATH', '/home/wjs/cart_ros2/install:/home/wjs/tb3_tpl_ws/install:/opt/ros/galactic'), ('JETSON_P_NUMBER', 'p2888-0004')]), 'shell': False}
[19.449511] (-) TimerEvent: {}
[19.469962] (stella_ahrs) StdoutLine: {'line': b'[100%] Built target stella_ahrs_node\n'}
[19.549805] (-) TimerEvent: {}
[19.559004] (stella_ahrs) CommandEnded: {'returncode': 0}
[19.565159] (stella_ahrs) JobProgress: {'identifier': 'stella_ahrs', 'progress': 'install'}
[19.565482] (stella_ahrs) Command: {'cmd': ['/usr/bin/cmake', '--install', '/home/wjs/cart_ros2/build/stella_ahrs'], 'cwd': '/home/wjs/cart_ros2/build/stella_ahrs', 'env': OrderedDict([('LESSOPEN', '| /usr/bin/lesspipe %s'), ('USER', 'wjs'), ('SSH_AGENT_PID', '3974'), ('XDG_SESSION_TYPE', 'x11'), ('PIP_CACHE_DIR', '/mnt/sdcard/.cache/pip'), ('XDG_CACHE_HOME', '/mnt/sdcard/.cache'), ('SHLVL', '1'), ('LD_LIBRARY_PATH', '/opt/opencv-4.5.5-cuda/lib:/home/wjs/cart_ros2/install/lib:/home/wjs/tb3_tpl_ws/install/lib:/opt/ros/galactic/opt/yaml_cpp_vendor/lib:/opt/ros/galactic/opt/rviz_ogre_vendor/lib:/opt/ros/galactic/lib/aarch64-linux-gnu:/opt/ros/galactic/lib:/usr/local/cuda-11.4/lib64:'), ('HOME', '/home/wjs'), ('CYCLONEDDS_URI', 'file:///home/wjs/cyclonedds_lo.xml'), ('OLDPWD', '/home/wjs'), ('DESKTOP_SESSION', 'ubuntu'), ('JETSON_L4T', '35.6.3'), ('ROS_PYTHON_VERSION', '3'), ('GNOME_SHELL_SESSION_MODE', 'ubuntu'), ('GTK_MODULES', 'gail:atk-bridge'), ('JETSON_MODEL', 'Jetson-AGX'), ('MANAGERPID', '3869'), ('DBUS_SESSION_BUS_ADDRESS', 'unix:path=/run/user/1000/bus'), ('COLORTERM', 'truecolor'), ('TERMINATOR_DBUS_NAME', 'net.tenshu.Terminator23558193cd9818af7fe4d2c2f5bd9d00f'), ('GIO_LAUNCHED_DESKTOP_FILE_PID', '5782'), ('IM_CONFIG_PHASE', '1'), ('TMPDIR', '/mnt/sdcard/tmp'), ('COLCON_PREFIX_PATH', '/home/wjs/tb3_tpl_ws/install:/home/wjs/cart_ros2/install'), ('TORCH_HOME', '/mnt/sdcard/.cache/torch'), ('ROS_DISTRO', 'galactic'), ('LOGNAME', 'wjs'), ('JETSON_MODULE', 'NVIDIA Jetson AGX Xavier (32 GB ram)'), ('JETSON_SERIAL_NUMBER', '1423420009543'), ('JOURNAL_STREAM', '8:75753'), ('_', '/usr/bin/colcon'), ('ROS_VERSION', '2'), ('JETSON_CODENAME', 'Galen'), ('XDG_SESSION_CLASS', 'user'), ('USERNAME', 'wjs'), ('TERM', 'xterm-256color'), ('GNOME_DESKTOP_SESSION_ID', 'this-is-deprecated'), ('ROS_LOCALHOST_ONLY', '1'), ('WINDOWPATH', '2'), ('PATH', '/opt/ros/galactic/bin:/usr/local/cuda-11.4/bin:/home/wjs/.local/bin:/usr/local/sbin:/usr/local/bin:/usr/sbin:/usr/bin:/sbin:/bin:/usr/games:/usr/local/games:/snap/bin'), ('SESSION_MANAGER', 'local/ubuntu:@/tmp/.ICE-unix/4009,unix/ubuntu:/tmp/.ICE-unix/4009'), ('INVOCATION_ID', '29540fbad2f04dbb9a087051877568a9'), ('XDG_MENU_PREFIX', 'gnome-'), ('XDG_RUNTIME_DIR', '/run/user/1000'), ('DISPLAY', ':1'), ('TERMINATOR_DBUS_PATH', '/net/tenshu/Terminator2'), ('LANG', 'en_US.UTF-8'), ('XDG_CURRENT_DESKTOP', 'ubuntu:GNOME'), ('RMW_IMPLEMENTATION', 'rmw_cyclonedds_cpp'), ('XMODIFIERS', '@im=ibus'), ('XDG_SESSION_DESKTOP', 'ubuntu'), ('XAUTHORITY', '/run/user/1000/gdm/Xauthority'), ('LS_COLORS', 'rs=0:di=01;34:ln=01;36:mh=00:pi=40;33:so=01;35:do=01;35:bd=40;33;01:cd=40;33;01:or=40;31;01:mi=00:su=37;41:sg=30;43:ca=30;41:tw=30;42:ow=34;42:st=37;44:ex=01;32:*.tar=01;31:*.tgz=01;31:*.arc=01;31:*.arj=01;31:*.taz=01;31:*.lha=01;31:*.lz4=01;31:*.lzh=01;31:*.lzma=01;31:*.tlz=01;31:*.txz=01;31:*.tzo=01;31:*.t7z=01;31:*.zip=01;31:*.z=01;31:*.dz=01;31:*.gz=01;31:*.lrz=01;31:*.lz=01;31:*.lzo=01;31:*.xz=01;31:*.zst=01;31:*.tzst=01;31:*.bz2=01;31:*.bz=01;31:*.tbz=01;31:*.tbz2=01;31:*.tz=01;31:*.deb=01;31:*.rpm=01;31:*.jar=01;31:*.war=01;31:*.ear=01;31:*.sar=01;31:*.rar=01;31:*.alz=01;31:*.ace=01;31:*.zoo=01;31:*.cpio=01;31:*.7z=01;31:*.rz=01;31:*.cab=01;31:*.wim=01;31:*.swm=01;31:*.dwm=01;31:*.esd=01;31:*.jpg=01;35:*.jpeg=01;35:*.mjpg=01;35:*.mjpeg=01;35:*.gif=01;35:*.bmp=01;35:*.pbm=01;35:*.pgm=01;35:*.ppm=01;35:*.tga=01;35:*.xbm=01;35:*.xpm=01;35:*.tif=01;35:*.tiff=01;35:*.png=01;35:*.svg=01;35:*.svgz=01;35:*.mng=01;35:*.pcx=01;35:*.mov=01;35:*.mpg=01;35:*.mpeg=01;35:*.m2v=01;35:*.mkv=01;35:*.webm=01;35:*.ogm=01;35:*.mp4=01;35:*.m4v=01;35:*.mp4v=01;35:*.vob=01;35:*.qt=01;35:*.nuv=01;35:*.wmv=01;35:*.asf=01;35:*.rm=01;35:*.rmvb=01;35:*.flc=01;35:*.avi=01;35:*.fli=01;35:*.flv=01;35:*.gl=01;35:*.dl=01;35:*.xcf=01;35:*.xwd=01;35:*.yuv=01;35:*.cgm=01;35:*.emf=01;35:*.ogv=01;35:*.ogx=01;35:*.aac=00;36:*.au=00;36:*.flac=00;36:*.m4a=00;36:*.mid=00;36:*.midi=00;36:*.mka=00;36:*.mp3=00;36:*.mpc=00;36:*.ogg=00;36:*.ra=00;36:*.wav=00;36:*.oga=00;36:*.opus=00;36:*.spx=00;36:*.xspf=00;36:'), ('JETSON_SOC', 'tegra194'), ('SSH_AUTH_SOCK', '/run/user/1000/keyring/ssh'), ('ROS_DOMAIN_ID', '35'), ('AMENT_PREFIX_PATH', '/home/wjs/cart_ros2/install:/home/wjs/tb3_tpl_ws/install:/opt/ros/galactic'), ('SHELL', '/bin/bash'), ('TERMINATOR_UUID', 'urn:uuid:5ca201da-878f-4fe5-bc65-54a4c73b4877'), ('QT_ACCESSIBILITY', '1'), ('GDMSESSION', 'ubuntu'), ('LESSCLOSE', '/usr/bin/lesspipe %s %s'), ('GPG_AGENT_INFO', '/run/user/1000/gnupg/S.gpg-agent:0:1'), ('QT_IM_MODULE', 'ibus'), ('JETSON_CUDA_ARCH_BIN', '7.2'), ('PWD', '/home/wjs/cart_ros2/build/stella_ahrs'), ('XDG_CONFIG_DIRS', '/etc/xdg/xdg-ubuntu:/etc/xdg'), ('XDG_DATA_DIRS', '/usr/share/ubuntu:/usr/local/share/:/usr/share/:/var/lib/snapd/desktop'), ('PYTHONPATH', '/opt/opencv-4.5.5-cuda/lib/python3.8/site-packages:/home/wjs/cart_ros2/build/differential_drive/src:/home/wjs/cart_ros2/build/arduino_ros2:/home/wjs/cart_ros2/build/agv_body:/home/wjs/cart_ros2/install/lib/python3.8/site-packages:/home/wjs/tb3_tpl_ws/build/turtlebot3_teleop:/home/wjs/tb3_tpl_ws/install/lib/python3.8/site-packages:/opt/ros/galactic/lib/python3.8/site-packages'), ('COLCON', '1'), ('VTE_VERSION', '6003'), ('JETSON_JETPACK', '5.1.7'), ('CMAKE_PREFIX_PATH', '/home/wjs/cart_ros2/install:/home/wjs/tb3_tpl_ws/install:/opt/ros/galactic'), ('JETSON_P_NUMBER', 'p2888-0004')]), 'shell': False}
[19.650476] (-) TimerEvent: {}
[19.752553] (-) TimerEvent: {}
[19.767030] (stella_ahrs) StdoutLine: {'line': b'-- Install configuration: ""\n'}
[19.772701] (stella_ahrs) StdoutLine: {'line': b'-- Execute custom install script\n'}
[19.790240] (stella_ahrs) StdoutLine: {'line': b'-- Up-to-date symlink: /home/wjs/cart_ros2/install/share/stella_ahrs//launch/stella_ahrs_launch.py\n'}
[19.817790] (stella_ahrs) StdoutLine: {'line': b'-- Up-to-date symlink: /home/wjs/cart_ros2/install/share/stella_ahrs/rviz/imu_test.rviz\n'}
[19.825802] (stella_ahrs) StdoutLine: {'line': b'-- Up-to-date symlink: /home/wjs/cart_ros2/install/lib/stella_ahrs/stella_ahrs_node\n'}
[19.833446] (stella_ahrs) StdoutLine: {'line': b'-- Up-to-date symlink: /home/wjs/cart_ros2/install/share/ament_index/resource_index/package_run_dependencies/stella_ahrs\n'}
[19.838606] (stella_ahrs) StdoutLine: {'line': b'-- Up-to-date symlink: /home/wjs/cart_ros2/install/share/ament_index/resource_index/parent_prefix_path/stella_ahrs\n'}
[19.843695] (stella_ahrs) StdoutLine: {'line': b'-- Up-to-date symlink: /home/wjs/cart_ros2/install/share/stella_ahrs/environment/ament_prefix_path.sh\n'}
[19.852848] (-) TimerEvent: {}
[19.859126] (stella_ahrs) StdoutLine: {'line': b'-- Up-to-date symlink: /home/wjs/cart_ros2/install/share/stella_ahrs/environment/ament_prefix_path.dsv\n'}
[19.861472] (stella_ahrs) StdoutLine: {'line': b'-- Up-to-date symlink: /home/wjs/cart_ros2/install/share/stella_ahrs/environment/path.sh\n'}
[19.874215] (stella_ahrs) StdoutLine: {'line': b'-- Up-to-date symlink: /home/wjs/cart_ros2/install/share/stella_ahrs/environment/path.dsv\n'}
[19.875380] (stella_ahrs) StdoutLine: {'line': b'-- Up-to-date symlink: /home/wjs/cart_ros2/install/share/stella_ahrs/local_setup.bash\n'}
[19.886098] (stella_ahrs) StdoutLine: {'line': b'-- Up-to-date symlink: /home/wjs/cart_ros2/install/share/stella_ahrs/local_setup.sh\n'}
[19.888731] (stella_ahrs) StdoutLine: {'line': b'-- Up-to-date symlink: /home/wjs/cart_ros2/install/share/stella_ahrs/local_setup.zsh\n'}
[19.895107] (stella_ahrs) StdoutLine: {'line': b'-- Up-to-date symlink: /home/wjs/cart_ros2/install/share/stella_ahrs/local_setup.dsv\n'}
[19.903872] (stella_ahrs) StdoutLine: {'line': b'-- Symlinking: /home/wjs/cart_ros2/install/share/stella_ahrs/package.dsv\n'}
[19.953491] (-) TimerEvent: {}
[20.054330] (-) TimerEvent: {}
[20.082795] (stella_ahrs) StdoutLine: {'line': b'-- Up-to-date symlink: /home/wjs/cart_ros2/install/share/ament_index/resource_index/packages/stella_ahrs\n'}
[20.084906] (stella_ahrs) StdoutLine: {'line': b'-- Up-to-date symlink: /home/wjs/cart_ros2/install/share/stella_ahrs/cmake/ament_cmake_export_include_directories-extras.cmake\n'}
[20.085290] (arduino_ros2) StdoutLine: {'line': b'running egg_info\n'}
[20.086399] (stella_ahrs) StdoutLine: {'line': b'-- Up-to-date symlink: /home/wjs/cart_ros2/install/share/stella_ahrs/cmake/stella_ahrsConfig.cmake\n'}
[20.086845] (arduino_ros2) StdoutLine: {'line': b'writing arduino_ros2.egg-info/PKG-INFO\n'}
[20.089643] (stella_ahrs) StdoutLine: {'line': b'-- Up-to-date symlink: /home/wjs/cart_ros2/install/share/stella_ahrs/cmake/stella_ahrsConfig-version.cmake\n'}
[20.090178] (arduino_ros2) StdoutLine: {'line': b'writing dependency_links to arduino_ros2.egg-info/dependency_links.txt\n'}
[20.091261] (stella_ahrs) StdoutLine: {'line': b'-- Up-to-date symlink: /home/wjs/cart_ros2/install/share/stella_ahrs/package.xml\n'}
[20.095076] (arduino_ros2) StdoutLine: {'line': b'writing entry points to arduino_ros2.egg-info/entry_points.txt\n'}
[20.099283] (arduino_ros2) StdoutLine: {'line': b'writing requirements to arduino_ros2.egg-info/requires.txt\n'}
[20.099934] (arduino_ros2) StdoutLine: {'line': b'writing top-level names to arduino_ros2.egg-info/top_level.txt\n'}
[20.132189] (stella_ahrs) CommandEnded: {'returncode': 0}
[20.154977] (-) TimerEvent: {}
[20.255908] (-) TimerEvent: {}
[20.265355] (arduino_ros2) StdoutLine: {'line': b"reading manifest file 'arduino_ros2.egg-info/SOURCES.txt'\n"}
[20.266290] (arduino_ros2) StdoutLine: {'line': b"writing manifest file 'arduino_ros2.egg-info/SOURCES.txt'\n"}
[20.358411] (-) TimerEvent: {}
[20.398942] (stella_ahrs) JobEnded: {'identifier': 'stella_ahrs', 'rc': 0}
[20.458641] (-) TimerEvent: {}
[20.559437] (-) TimerEvent: {}
[20.580909] (roboteq_controller) StdoutLine: {'line': b'[100%] Built target roboteq_controller_node\n'}
[20.659693] (-) TimerEvent: {}
[20.695929] (roboteq_controller) CommandEnded: {'returncode': 0}
[20.705249] (roboteq_controller) JobProgress: {'identifier': 'roboteq_controller', 'progress': 'install'}
[20.705546] (roboteq_controller) Command: {'cmd': ['/usr/bin/cmake', '--install', '/home/wjs/cart_ros2/build/roboteq_controller'], 'cwd': '/home/wjs/cart_ros2/build/roboteq_controller', 'env': OrderedDict([('LESSOPEN', '| /usr/bin/lesspipe %s'), ('USER', 'wjs'), ('SSH_AGENT_PID', '3974'), ('XDG_SESSION_TYPE', 'x11'), ('PIP_CACHE_DIR', '/mnt/sdcard/.cache/pip'), ('XDG_CACHE_HOME', '/mnt/sdcard/.cache'), ('SHLVL', '1'), ('LD_LIBRARY_PATH', '/home/wjs/cart_ros2/install/lib:/opt/opencv-4.5.5-cuda/lib:/home/wjs/tb3_tpl_ws/install/lib:/opt/ros/galactic/opt/yaml_cpp_vendor/lib:/opt/ros/galactic/opt/rviz_ogre_vendor/lib:/opt/ros/galactic/lib/aarch64-linux-gnu:/opt/ros/galactic/lib:/usr/local/cuda-11.4/lib64'), ('HOME', '/home/wjs'), ('CYCLONEDDS_URI', 'file:///home/wjs/cyclonedds_lo.xml'), ('OLDPWD', '/home/wjs'), ('DESKTOP_SESSION', 'ubuntu'), ('JETSON_L4T', '35.6.3'), ('ROS_PYTHON_VERSION', '3'), ('GNOME_SHELL_SESSION_MODE', 'ubuntu'), ('GTK_MODULES', 'gail:atk-bridge'), ('JETSON_MODEL', 'Jetson-AGX'), ('MANAGERPID', '3869'), ('DBUS_SESSION_BUS_ADDRESS', 'unix:path=/run/user/1000/bus'), ('COLORTERM', 'truecolor'), ('TERMINATOR_DBUS_NAME', 'net.tenshu.Terminator23558193cd9818af7fe4d2c2f5bd9d00f'), ('GIO_LAUNCHED_DESKTOP_FILE_PID', '5782'), ('IM_CONFIG_PHASE', '1'), ('TMPDIR', '/mnt/sdcard/tmp'), ('COLCON_PREFIX_PATH', '/home/wjs/tb3_tpl_ws/install:/home/wjs/cart_ros2/install'), ('TORCH_HOME', '/mnt/sdcard/.cache/torch'), ('ROS_DISTRO', 'galactic'), ('LOGNAME', 'wjs'), ('JETSON_MODULE', 'NVIDIA Jetson AGX Xavier (32 GB ram)'), ('JETSON_SERIAL_NUMBER', '1423420009543'), ('JOURNAL_STREAM', '8:75753'), ('_', '/usr/bin/colcon'), ('ROS_VERSION', '2'), ('JETSON_CODENAME', 'Galen'), ('XDG_SESSION_CLASS', 'user'), ('USERNAME', 'wjs'), ('TERM', 'xterm-256color'), ('GNOME_DESKTOP_SESSION_ID', 'this-is-deprecated'), ('ROS_LOCALHOST_ONLY', '1'), ('WINDOWPATH', '2'), ('PATH', '/opt/ros/galactic/bin:/usr/local/cuda-11.4/bin:/home/wjs/.local/bin:/usr/local/sbin:/usr/local/bin:/usr/sbin:/usr/bin:/sbin:/bin:/usr/games:/usr/local/games:/snap/bin'), ('SESSION_MANAGER', 'local/ubuntu:@/tmp/.ICE-unix/4009,unix/ubuntu:/tmp/.ICE-unix/4009'), ('INVOCATION_ID', '29540fbad2f04dbb9a087051877568a9'), ('XDG_MENU_PREFIX', 'gnome-'), ('XDG_RUNTIME_DIR', '/run/user/1000'), ('DISPLAY', ':1'), ('TERMINATOR_DBUS_PATH', '/net/tenshu/Terminator2'), ('LANG', 'en_US.UTF-8'), ('XDG_CURRENT_DESKTOP', 'ubuntu:GNOME'), ('RMW_IMPLEMENTATION', 'rmw_cyclonedds_cpp'), ('XMODIFIERS', '@im=ibus'), ('XDG_SESSION_DESKTOP', 'ubuntu'), ('XAUTHORITY', '/run/user/1000/gdm/Xauthority'), ('LS_COLORS', 'rs=0:di=01;34:ln=01;36:mh=00:pi=40;33:so=01;35:do=01;35:bd=40;33;01:cd=40;33;01:or=40;31;01:mi=00:su=37;41:sg=30;43:ca=30;41:tw=30;42:ow=34;42:st=37;44:ex=01;32:*.tar=01;31:*.tgz=01;31:*.arc=01;31:*.arj=01;31:*.taz=01;31:*.lha=01;31:*.lz4=01;31:*.lzh=01;31:*.lzma=01;31:*.tlz=01;31:*.txz=01;31:*.tzo=01;31:*.t7z=01;31:*.zip=01;31:*.z=01;31:*.dz=01;31:*.gz=01;31:*.lrz=01;31:*.lz=01;31:*.lzo=01;31:*.xz=01;31:*.zst=01;31:*.tzst=01;31:*.bz2=01;31:*.bz=01;31:*.tbz=01;31:*.tbz2=01;31:*.tz=01;31:*.deb=01;31:*.rpm=01;31:*.jar=01;31:*.war=01;31:*.ear=01;31:*.sar=01;31:*.rar=01;31:*.alz=01;31:*.ace=01;31:*.zoo=01;31:*.cpio=01;31:*.7z=01;31:*.rz=01;31:*.cab=01;31:*.wim=01;31:*.swm=01;31:*.dwm=01;31:*.esd=01;31:*.jpg=01;35:*.jpeg=01;35:*.mjpg=01;35:*.mjpeg=01;35:*.gif=01;35:*.bmp=01;35:*.pbm=01;35:*.pgm=01;35:*.ppm=01;35:*.tga=01;35:*.xbm=01;35:*.xpm=01;35:*.tif=01;35:*.tiff=01;35:*.png=01;35:*.svg=01;35:*.svgz=01;35:*.mng=01;35:*.pcx=01;35:*.mov=01;35:*.mpg=01;35:*.mpeg=01;35:*.m2v=01;35:*.mkv=01;35:*.webm=01;35:*.ogm=01;35:*.mp4=01;35:*.m4v=01;35:*.mp4v=01;35:*.vob=01;35:*.qt=01;35:*.nuv=01;35:*.wmv=01;35:*.asf=01;35:*.rm=01;35:*.rmvb=01;35:*.flc=01;35:*.avi=01;35:*.fli=01;35:*.flv=01;35:*.gl=01;35:*.dl=01;35:*.xcf=01;35:*.xwd=01;35:*.yuv=01;35:*.cgm=01;35:*.emf=01;35:*.ogv=01;35:*.ogx=01;35:*.aac=00;36:*.au=00;36:*.flac=00;36:*.m4a=00;36:*.mid=00;36:*.midi=00;36:*.mka=00;36:*.mp3=00;36:*.mpc=00;36:*.ogg=00;36:*.ra=00;36:*.wav=00;36:*.oga=00;36:*.opus=00;36:*.spx=00;36:*.xspf=00;36:'), ('JETSON_SOC', 'tegra194'), ('SSH_AUTH_SOCK', '/run/user/1000/keyring/ssh'), ('ROS_DOMAIN_ID', '35'), ('AMENT_PREFIX_PATH', '/home/wjs/cart_ros2/install:/home/wjs/tb3_tpl_ws/install:/opt/ros/galactic'), ('SHELL', '/bin/bash'), ('TERMINATOR_UUID', 'urn:uuid:5ca201da-878f-4fe5-bc65-54a4c73b4877'), ('QT_ACCESSIBILITY', '1'), ('GDMSESSION', 'ubuntu'), ('LESSCLOSE', '/usr/bin/lesspipe %s %s'), ('GPG_AGENT_INFO', '/run/user/1000/gnupg/S.gpg-agent:0:1'), ('QT_IM_MODULE', 'ibus'), ('JETSON_CUDA_ARCH_BIN', '7.2'), ('PWD', '/home/wjs/cart_ros2/build/roboteq_controller'), ('XDG_CONFIG_DIRS', '/etc/xdg/xdg-ubuntu:/etc/xdg'), ('XDG_DATA_DIRS', '/usr/share/ubuntu:/usr/local/share/:/usr/share/:/var/lib/snapd/desktop'), ('PYTHONPATH', '/home/wjs/cart_ros2/install/lib/python3.8/site-packages:/opt/opencv-4.5.5-cuda/lib/python3.8/site-packages:/home/wjs/cart_ros2/build/differential_drive/src:/home/wjs/cart_ros2/build/arduino_ros2:/home/wjs/cart_ros2/build/agv_body:/home/wjs/tb3_tpl_ws/build/turtlebot3_teleop:/home/wjs/tb3_tpl_ws/install/lib/python3.8/site-packages:/opt/ros/galactic/lib/python3.8/site-packages'), ('COLCON', '1'), ('VTE_VERSION', '6003'), ('JETSON_JETPACK', '5.1.7'), ('CMAKE_PREFIX_PATH', '/home/wjs/cart_ros2/install:/home/wjs/tb3_tpl_ws/install:/opt/ros/galactic'), ('JETSON_P_NUMBER', 'p2888-0004')]), 'shell': False}
[20.760066] (-) TimerEvent: {}
[20.811383] (roboteq_controller) StdoutLine: {'line': b'-- Install configuration: ""\n'}
[20.819225] (roboteq_controller) StdoutLine: {'line': b'-- Execute custom install script\n'}
[20.826130] (roboteq_controller) StdoutLine: {'line': b'-- Up-to-date symlink: /home/wjs/cart_ros2/install/share/ament_index/resource_index/package_run_dependencies/roboteq_controller\n'}
[20.829687] (roboteq_controller) StdoutLine: {'line': b'-- Up-to-date symlink: /home/wjs/cart_ros2/install/share/ament_index/resource_index/parent_prefix_path/roboteq_controller\n'}
[20.833380] (roboteq_controller) StdoutLine: {'line': b'-- Up-to-date symlink: /home/wjs/cart_ros2/install/share/roboteq_controller/environment/ament_prefix_path.sh\n'}
[20.837786] (roboteq_controller) StdoutLine: {'line': b'-- Up-to-date symlink: /home/wjs/cart_ros2/install/share/roboteq_controller/environment/ament_prefix_path.dsv\n'}
[20.842796] (arduino_ros2) StdoutLine: {'line': b'running build_ext\n'}
[20.843825] (arduino_ros2) StdoutLine: {'line': b'Creating /home/wjs/cart_ros2/install/lib/python3.8/site-packages/arduino-ros2.egg-link (link to .)\n'}
[20.854477] (differential_drive) StdoutLine: {'line': b'running egg_info\n'}
[20.855615] (roboteq_controller) StdoutLine: {'line': b'-- Up-to-date symlink: /home/wjs/cart_ros2/install/share/roboteq_controller/environment/path.sh\n'}
[20.858297] (roboteq_controller) StdoutLine: {'line': b'-- Up-to-date symlink: /home/wjs/cart_ros2/install/share/roboteq_controller/environment/path.dsv\n'}
[20.860239] (differential_drive) StdoutLine: {'line': b'writing src/differential_drive.egg-info/PKG-INFO\n'}
[20.860752] (-) TimerEvent: {}
[20.861782] (arduino_ros2) StdoutLine: {'line': b'Installing pub_joycmd script to /home/wjs/cart_ros2/install/lib/arduino_ros2\n'}
[20.862391] (arduino_ros2) StdoutLine: {'line': b'\n'}
[20.862701] (arduino_ros2) StdoutLine: {'line': b'Installed /home/wjs/cart_ros2/build/arduino_ros2\n'}
[20.862967] (arduino_ros2) StdoutLine: {'line': b'running symlink_data\n'}
[20.865993] (differential_drive) StdoutLine: {'line': b'writing dependency_links to src/differential_drive.egg-info/dependency_links.txt\n'}
[20.868745] (roboteq_controller) StdoutLine: {'line': b'-- Up-to-date symlink: /home/wjs/cart_ros2/install/share/roboteq_controller/local_setup.bash\n'}
[20.872409] (differential_drive) StdoutLine: {'line': b'writing entry points to src/differential_drive.egg-info/entry_points.txt\n'}
[20.874402] (roboteq_controller) StdoutLine: {'line': b'-- Up-to-date symlink: /home/wjs/cart_ros2/install/share/roboteq_controller/local_setup.sh\n'}
[20.874939] (differential_drive) StdoutLine: {'line': b'writing requirements to src/differential_drive.egg-info/requires.txt\n'}
[20.877967] (roboteq_controller) StdoutLine: {'line': b'-- Up-to-date symlink: /home/wjs/cart_ros2/install/share/roboteq_controller/local_setup.zsh\n'}
[20.879136] (differential_drive) StdoutLine: {'line': b'writing top-level names to src/differential_drive.egg-info/top_level.txt\n'}
[20.883045] (roboteq_controller) StdoutLine: {'line': b'-- Up-to-date symlink: /home/wjs/cart_ros2/install/share/roboteq_controller/local_setup.dsv\n'}
[20.890363] (roboteq_controller) StdoutLine: {'line': b'-- Symlinking: /home/wjs/cart_ros2/install/share/roboteq_controller/package.dsv\n'}
[20.960995] (-) TimerEvent: {}
[21.028092] (roboteq_controller) StdoutLine: {'line': b'-- Up-to-date symlink: /home/wjs/cart_ros2/install/share/ament_index/resource_index/packages/roboteq_controller\n'}
[21.031043] (roboteq_controller) StdoutLine: {'line': b'-- Up-to-date symlink: /home/wjs/cart_ros2/install/share/roboteq_controller/cmake/roboteq_controllerConfig.cmake\n'}
[21.035782] (roboteq_controller) StdoutLine: {'line': b'-- Up-to-date symlink: /home/wjs/cart_ros2/install/share/roboteq_controller/cmake/roboteq_controllerConfig-version.cmake\n'}
[21.037130] (roboteq_controller) StdoutLine: {'line': b'-- Up-to-date symlink: /home/wjs/cart_ros2/install/share/roboteq_controller/package.xml\n'}
[21.044106] (roboteq_controller) StdoutLine: {'line': b'-- Up-to-date symlink: /home/wjs/cart_ros2/install/lib/roboteq_controller/roboteq_controller_node\n'}
[21.058734] (roboteq_controller) StdoutLine: {'line': b'-- Up-to-date symlink: /home/wjs/cart_ros2/install/share/roboteq_controller//launch/roboteq_launch.py\n'}
[21.061187] (-) TimerEvent: {}
[21.068042] (differential_drive) StdoutLine: {'line': b"reading manifest file 'src/differential_drive.egg-info/SOURCES.txt'\n"}
[21.069541] (roboteq_controller) StdoutLine: {'line': b'-- Up-to-date symlink: /home/wjs/cart_ros2/install/share/roboteq_controller/config/.query.yaml.swp\n'}
[21.071261] (roboteq_controller) StdoutLine: {'line': b'-- Up-to-date symlink: /home/wjs/cart_ros2/install/share/roboteq_controller/config/query.yaml\n'}
[21.072177] (differential_drive) StdoutLine: {'line': b"writing manifest file 'src/differential_drive.egg-info/SOURCES.txt'\n"}
[21.089372] (roboteq_controller) CommandEnded: {'returncode': 0}
[21.161445] (-) TimerEvent: {}
[21.269959] (-) TimerEvent: {}
[21.371261] (-) TimerEvent: {}
[21.374022] (roboteq_controller) JobEnded: {'identifier': 'roboteq_controller', 'rc': 0}
[21.404197] (arduino_ros2) CommandEnded: {'returncode': 0}
[21.426329] (differential_drive) StdoutLine: {'line': b'running build_ext\n'}
[21.427567] (differential_drive) StdoutLine: {'line': b'Creating /home/wjs/cart_ros2/install/lib/python3.8/site-packages/differential-drive.egg-link (link to src)\n'}
[21.433568] (differential_drive) StdoutLine: {'line': b'Installing diff_tf script to /home/wjs/cart_ros2/install/lib/differential_drive\n'}
[21.434845] (differential_drive) StdoutLine: {'line': b'Installing pid_velocity script to /home/wjs/cart_ros2/install/lib/differential_drive\n'}
[21.437318] (differential_drive) StdoutLine: {'line': b'Installing twist_to_motors script to /home/wjs/cart_ros2/install/lib/differential_drive\n'}
[21.438708] (differential_drive) StdoutLine: {'line': b'Installing virtual_joystick script to /home/wjs/cart_ros2/install/lib/differential_drive\n'}
[21.442802] (differential_drive) StdoutLine: {'line': b'Installing wheel_loopback script to /home/wjs/cart_ros2/install/lib/differential_drive\n'}
[21.444827] (differential_drive) StdoutLine: {'line': b'Installing wheel_scaler script to /home/wjs/cart_ros2/install/lib/differential_drive\n'}
[21.446933] (differential_drive) StdoutLine: {'line': b'\n'}
[21.447312] (differential_drive) StdoutLine: {'line': b'Installed /home/wjs/cart_ros2/build/differential_drive/src\n'}
[21.448204] (differential_drive) StdoutLine: {'line': b'running symlink_data\n'}
[21.471544] (-) TimerEvent: {}
[21.572463] (-) TimerEvent: {}
[21.673808] (arduino_ros2) JobEnded: {'identifier': 'arduino_ros2', 'rc': 0}
[21.681554] (-) TimerEvent: {}
[21.684167] (differential_drive) CommandEnded: {'returncode': 0}
[21.782276] (-) TimerEvent: {}
[21.845659] (differential_drive) JobEnded: {'identifier': 'differential_drive', 'rc': 0}
[21.856749] (-) EventReactorShutdown: {}
