[1.273s] DEBUG:colcon:Command line arguments: ['/usr/bin/colcon', 'build', '--symlink-install', '--merge-install']
[1.274s] DEBUG:colcon:Parsed command line arguments: Namespace(allow_overriding=[], ament_cmake_args=None, base_paths=['.'], build_base='build', catkin_cmake_args=None, catkin_skip_building_tests=False, cmake_args=None, cmake_clean_cache=False, cmake_clean_first=False, cmake_force_configure=False, cmake_target=None, cmake_target_skip_unavailable=False, continue_on_error=False, event_handlers=None, executor='parallel', ignore_user_meta=False, install_base='install', log_base=None, log_level=None, main=<bound method BuildVerb.main of <colcon_core.verb.build.BuildVerb object at 0xffff824ce5e0>>, merge_install=True, metas=['./colcon.meta'], mixin=None, mixin_files=None, mixin_verb=('build',), packages_above=None, packages_above_and_dependencies=None, packages_above_depth=None, packages_end=None, packages_ignore=None, packages_ignore_regex=None, packages_select=None, packages_select_build_failed=False, packages_select_by_dep=None, packages_select_regex=None, packages_select_test_failures=False, packages_skip=None, packages_skip_build_finished=False, packages_skip_by_dep=None, packages_skip_regex=None, packages_skip_test_passed=False, packages_skip_up_to=None, packages_start=None, packages_up_to=None, packages_up_to_regex=None, parallel_workers=4, paths=None, symlink_install=True, test_result_base=None, verb_extension=<colcon_core.verb.build.BuildVerb object at 0xffff824ce5e0>, verb_name='build', verb_parser=<colcon_mixin.mixin.mixin_argument.MixinArgumentDecorator object at 0xffff824cedf0>)
[2.180s] Level 1:colcon.colcon_core.package_discovery:discover_packages(colcon_meta) check parameters
[2.181s] Level 1:colcon.colcon_core.package_discovery:discover_packages(recursive) check parameters
[2.181s] Level 1:colcon.colcon_core.package_discovery:discover_packages(ignore) check parameters
[2.181s] Level 1:colcon.colcon_core.package_discovery:discover_packages(path) check parameters
[2.181s] Level 1:colcon.colcon_core.package_discovery:discover_packages(colcon_meta) discover
[2.181s] Level 1:colcon.colcon_core.package_discovery:discover_packages(recursive) discover
[2.182s] INFO:colcon.colcon_core.package_discovery:Crawling recursively for packages in '/home/wjs/cart_ros2'
[2.182s] Level 1:colcon.colcon_core.package_identification:_identify(.) by extensions ['ignore', 'ignore_ament_install']
[2.183s] Level 1:colcon.colcon_core.package_identification:_identify(.) by extension 'ignore'
[2.184s] Level 1:colcon.colcon_core.package_identification:_identify(.) by extension 'ignore_ament_install'
[2.184s] Level 1:colcon.colcon_core.package_identification:_identify(.) by extensions ['colcon_pkg']
[2.184s] Level 1:colcon.colcon_core.package_identification:_identify(.) by extension 'colcon_pkg'
[2.184s] Level 1:colcon.colcon_core.package_identification:_identify(.) by extensions ['colcon_meta']
[2.185s] Level 1:colcon.colcon_core.package_identification:_identify(.) by extension 'colcon_meta'
[2.185s] Level 1:colcon.colcon_core.package_identification:_identify(.) by extensions ['ros']
[2.185s] Level 1:colcon.colcon_core.package_identification:_identify(.) by extension 'ros'
[2.241s] Level 1:colcon.colcon_core.package_identification:_identify(.) by extensions ['cmake', 'python']
[2.241s] Level 1:colcon.colcon_core.package_identification:_identify(.) by extension 'cmake'
[2.241s] Level 1:colcon.colcon_core.package_identification:_identify(.) by extension 'python'
[2.242s] Level 1:colcon.colcon_core.package_identification:_identify(.) by extensions ['python_setup_py']
[2.242s] Level 1:colcon.colcon_core.package_identification:_identify(.) by extension 'python_setup_py'
[2.242s] Level 1:colcon.colcon_core.package_identification:_identify(build) by extensions ['ignore', 'ignore_ament_install']
[2.243s] Level 1:colcon.colcon_core.package_identification:_identify(build) by extension 'ignore'
[2.243s] Level 1:colcon.colcon_core.package_identification:_identify(build) ignored
[2.244s] Level 1:colcon.colcon_core.package_identification:_identify(install) by extensions ['ignore', 'ignore_ament_install']
[2.244s] Level 1:colcon.colcon_core.package_identification:_identify(install) by extension 'ignore'
[2.244s] Level 1:colcon.colcon_core.package_identification:_identify(install) ignored
[2.245s] Level 1:colcon.colcon_core.package_identification:_identify(log) by extensions ['ignore', 'ignore_ament_install']
[2.245s] Level 1:colcon.colcon_core.package_identification:_identify(log) by extension 'ignore'
[2.245s] Level 1:colcon.colcon_core.package_identification:_identify(log) ignored
[2.246s] Level 1:colcon.colcon_core.package_identification:_identify(src) by extensions ['ignore', 'ignore_ament_install']
[2.246s] Level 1:colcon.colcon_core.package_identification:_identify(src) by extension 'ignore'
[2.246s] Level 1:colcon.colcon_core.package_identification:_identify(src) by extension 'ignore_ament_install'
[2.246s] Level 1:colcon.colcon_core.package_identification:_identify(src) by extensions ['colcon_pkg']
[2.247s] Level 1:colcon.colcon_core.package_identification:_identify(src) by extension 'colcon_pkg'
[2.247s] Level 1:colcon.colcon_core.package_identification:_identify(src) by extensions ['colcon_meta']
[2.247s] Level 1:colcon.colcon_core.package_identification:_identify(src) by extension 'colcon_meta'
[2.247s] Level 1:colcon.colcon_core.package_identification:_identify(src) by extensions ['ros']
[2.247s] Level 1:colcon.colcon_core.package_identification:_identify(src) by extension 'ros'
[2.247s] Level 1:colcon.colcon_core.package_identification:_identify(src) by extensions ['cmake', 'python']
[2.248s] Level 1:colcon.colcon_core.package_identification:_identify(src) by extension 'cmake'
[2.248s] Level 1:colcon.colcon_core.package_identification:_identify(src) by extension 'python'
[2.248s] Level 1:colcon.colcon_core.package_identification:_identify(src) by extensions ['python_setup_py']
[2.248s] Level 1:colcon.colcon_core.package_identification:_identify(src) by extension 'python_setup_py'
[2.248s] Level 1:colcon.colcon_core.package_identification:_identify(src/2th_NtrexAHRS_lib_ROS) by extensions ['ignore', 'ignore_ament_install']
[2.249s] Level 1:colcon.colcon_core.package_identification:_identify(src/2th_NtrexAHRS_lib_ROS) by extension 'ignore'
[2.249s] Level 1:colcon.colcon_core.package_identification:_identify(src/2th_NtrexAHRS_lib_ROS) by extension 'ignore_ament_install'
[2.249s] Level 1:colcon.colcon_core.package_identification:_identify(src/2th_NtrexAHRS_lib_ROS) by extensions ['colcon_pkg']
[2.249s] Level 1:colcon.colcon_core.package_identification:_identify(src/2th_NtrexAHRS_lib_ROS) by extension 'colcon_pkg'
[2.250s] Level 1:colcon.colcon_core.package_identification:_identify(src/2th_NtrexAHRS_lib_ROS) by extensions ['colcon_meta']
[2.250s] Level 1:colcon.colcon_core.package_identification:_identify(src/2th_NtrexAHRS_lib_ROS) by extension 'colcon_meta'
[2.250s] Level 1:colcon.colcon_core.package_identification:_identify(src/2th_NtrexAHRS_lib_ROS) by extensions ['ros']
[2.250s] Level 1:colcon.colcon_core.package_identification:_identify(src/2th_NtrexAHRS_lib_ROS) by extension 'ros'
[2.250s] Level 1:colcon.colcon_core.package_identification:_identify(src/2th_NtrexAHRS_lib_ROS) by extensions ['cmake', 'python']
[2.250s] Level 1:colcon.colcon_core.package_identification:_identify(src/2th_NtrexAHRS_lib_ROS) by extension 'cmake'
[2.251s] Level 1:colcon.colcon_core.package_identification:_identify(src/2th_NtrexAHRS_lib_ROS) by extension 'python'
[2.251s] Level 1:colcon.colcon_core.package_identification:_identify(src/2th_NtrexAHRS_lib_ROS) by extensions ['python_setup_py']
[2.251s] Level 1:colcon.colcon_core.package_identification:_identify(src/2th_NtrexAHRS_lib_ROS) by extension 'python_setup_py'
[2.251s] Level 1:colcon.colcon_core.package_identification:_identify(src/2th_NtrexAHRS_lib_ROS/lib_aarch64) by extensions ['ignore', 'ignore_ament_install']
[2.252s] Level 1:colcon.colcon_core.package_identification:_identify(src/2th_NtrexAHRS_lib_ROS/lib_aarch64) by extension 'ignore'
[2.252s] Level 1:colcon.colcon_core.package_identification:_identify(src/2th_NtrexAHRS_lib_ROS/lib_aarch64) by extension 'ignore_ament_install'
[2.252s] Level 1:colcon.colcon_core.package_identification:_identify(src/2th_NtrexAHRS_lib_ROS/lib_aarch64) by extensions ['colcon_pkg']
[2.252s] Level 1:colcon.colcon_core.package_identification:_identify(src/2th_NtrexAHRS_lib_ROS/lib_aarch64) by extension 'colcon_pkg'
[2.252s] Level 1:colcon.colcon_core.package_identification:_identify(src/2th_NtrexAHRS_lib_ROS/lib_aarch64) by extensions ['colcon_meta']
[2.253s] Level 1:colcon.colcon_core.package_identification:_identify(src/2th_NtrexAHRS_lib_ROS/lib_aarch64) by extension 'colcon_meta'
[2.253s] Level 1:colcon.colcon_core.package_identification:_identify(src/2th_NtrexAHRS_lib_ROS/lib_aarch64) by extensions ['ros']
[2.253s] Level 1:colcon.colcon_core.package_identification:_identify(src/2th_NtrexAHRS_lib_ROS/lib_aarch64) by extension 'ros'
[2.253s] Level 1:colcon.colcon_core.package_identification:_identify(src/2th_NtrexAHRS_lib_ROS/lib_aarch64) by extensions ['cmake', 'python']
[2.253s] Level 1:colcon.colcon_core.package_identification:_identify(src/2th_NtrexAHRS_lib_ROS/lib_aarch64) by extension 'cmake'
[2.254s] Level 1:colcon.colcon_core.package_identification:_identify(src/2th_NtrexAHRS_lib_ROS/lib_aarch64) by extension 'python'
[2.254s] Level 1:colcon.colcon_core.package_identification:_identify(src/2th_NtrexAHRS_lib_ROS/lib_aarch64) by extensions ['python_setup_py']
[2.254s] Level 1:colcon.colcon_core.package_identification:_identify(src/2th_NtrexAHRS_lib_ROS/lib_aarch64) by extension 'python_setup_py'
[2.254s] Level 1:colcon.colcon_core.package_identification:_identify(src/2th_NtrexAHRS_lib_ROS/lib_amd64) by extensions ['ignore', 'ignore_ament_install']
[2.255s] Level 1:colcon.colcon_core.package_identification:_identify(src/2th_NtrexAHRS_lib_ROS/lib_amd64) by extension 'ignore'
[2.255s] Level 1:colcon.colcon_core.package_identification:_identify(src/2th_NtrexAHRS_lib_ROS/lib_amd64) by extension 'ignore_ament_install'
[2.255s] Level 1:colcon.colcon_core.package_identification:_identify(src/2th_NtrexAHRS_lib_ROS/lib_amd64) by extensions ['colcon_pkg']
[2.255s] Level 1:colcon.colcon_core.package_identification:_identify(src/2th_NtrexAHRS_lib_ROS/lib_amd64) by extension 'colcon_pkg'
[2.255s] Level 1:colcon.colcon_core.package_identification:_identify(src/2th_NtrexAHRS_lib_ROS/lib_amd64) by extensions ['colcon_meta']
[2.255s] Level 1:colcon.colcon_core.package_identification:_identify(src/2th_NtrexAHRS_lib_ROS/lib_amd64) by extension 'colcon_meta'
[2.256s] Level 1:colcon.colcon_core.package_identification:_identify(src/2th_NtrexAHRS_lib_ROS/lib_amd64) by extensions ['ros']
[2.256s] Level 1:colcon.colcon_core.package_identification:_identify(src/2th_NtrexAHRS_lib_ROS/lib_amd64) by extension 'ros'
[2.257s] Level 1:colcon.colcon_core.package_identification:_identify(src/2th_NtrexAHRS_lib_ROS/lib_amd64) by extensions ['cmake', 'python']
[2.257s] Level 1:colcon.colcon_core.package_identification:_identify(src/2th_NtrexAHRS_lib_ROS/lib_amd64) by extension 'cmake'
[2.258s] Level 1:colcon.colcon_core.package_identification:_identify(src/2th_NtrexAHRS_lib_ROS/lib_amd64) by extension 'python'
[2.258s] Level 1:colcon.colcon_core.package_identification:_identify(src/2th_NtrexAHRS_lib_ROS/lib_amd64) by extensions ['python_setup_py']
[2.258s] Level 1:colcon.colcon_core.package_identification:_identify(src/2th_NtrexAHRS_lib_ROS/lib_amd64) by extension 'python_setup_py'
[2.258s] Level 1:colcon.colcon_core.package_identification:_identify(src/2th_NtrexAHRS_lib_ROS/lib_arm64) by extensions ['ignore', 'ignore_ament_install']
[2.259s] Level 1:colcon.colcon_core.package_identification:_identify(src/2th_NtrexAHRS_lib_ROS/lib_arm64) by extension 'ignore'
[2.259s] Level 1:colcon.colcon_core.package_identification:_identify(src/2th_NtrexAHRS_lib_ROS/lib_arm64) by extension 'ignore_ament_install'
[2.259s] Level 1:colcon.colcon_core.package_identification:_identify(src/2th_NtrexAHRS_lib_ROS/lib_arm64) by extensions ['colcon_pkg']
[2.259s] Level 1:colcon.colcon_core.package_identification:_identify(src/2th_NtrexAHRS_lib_ROS/lib_arm64) by extension 'colcon_pkg'
[2.259s] Level 1:colcon.colcon_core.package_identification:_identify(src/2th_NtrexAHRS_lib_ROS/lib_arm64) by extensions ['colcon_meta']
[2.260s] Level 1:colcon.colcon_core.package_identification:_identify(src/2th_NtrexAHRS_lib_ROS/lib_arm64) by extension 'colcon_meta'
[2.260s] Level 1:colcon.colcon_core.package_identification:_identify(src/2th_NtrexAHRS_lib_ROS/lib_arm64) by extensions ['ros']
[2.260s] Level 1:colcon.colcon_core.package_identification:_identify(src/2th_NtrexAHRS_lib_ROS/lib_arm64) by extension 'ros'
[2.260s] Level 1:colcon.colcon_core.package_identification:_identify(src/2th_NtrexAHRS_lib_ROS/lib_arm64) by extensions ['cmake', 'python']
[2.260s] Level 1:colcon.colcon_core.package_identification:_identify(src/2th_NtrexAHRS_lib_ROS/lib_arm64) by extension 'cmake'
[2.261s] Level 1:colcon.colcon_core.package_identification:_identify(src/2th_NtrexAHRS_lib_ROS/lib_arm64) by extension 'python'
[2.261s] Level 1:colcon.colcon_core.package_identification:_identify(src/2th_NtrexAHRS_lib_ROS/lib_arm64) by extensions ['python_setup_py']
[2.261s] Level 1:colcon.colcon_core.package_identification:_identify(src/2th_NtrexAHRS_lib_ROS/lib_arm64) by extension 'python_setup_py'
[2.261s] Level 1:colcon.colcon_core.package_identification:_identify(src/2th_NtrexAHRS_lib_ROS/lib_armv7l) by extensions ['ignore', 'ignore_ament_install']
[2.262s] Level 1:colcon.colcon_core.package_identification:_identify(src/2th_NtrexAHRS_lib_ROS/lib_armv7l) by extension 'ignore'
[2.264s] Level 1:colcon.colcon_core.package_identification:_identify(src/2th_NtrexAHRS_lib_ROS/lib_armv7l) by extension 'ignore_ament_install'
[2.264s] Level 1:colcon.colcon_core.package_identification:_identify(src/2th_NtrexAHRS_lib_ROS/lib_armv7l) by extensions ['colcon_pkg']
[2.265s] Level 1:colcon.colcon_core.package_identification:_identify(src/2th_NtrexAHRS_lib_ROS/lib_armv7l) by extension 'colcon_pkg'
[2.265s] Level 1:colcon.colcon_core.package_identification:_identify(src/2th_NtrexAHRS_lib_ROS/lib_armv7l) by extensions ['colcon_meta']
[2.265s] Level 1:colcon.colcon_core.package_identification:_identify(src/2th_NtrexAHRS_lib_ROS/lib_armv7l) by extension 'colcon_meta'
[2.265s] Level 1:colcon.colcon_core.package_identification:_identify(src/2th_NtrexAHRS_lib_ROS/lib_armv7l) by extensions ['ros']
[2.265s] Level 1:colcon.colcon_core.package_identification:_identify(src/2th_NtrexAHRS_lib_ROS/lib_armv7l) by extension 'ros'
[2.266s] Level 1:colcon.colcon_core.package_identification:_identify(src/2th_NtrexAHRS_lib_ROS/lib_armv7l) by extensions ['cmake', 'python']
[2.266s] Level 1:colcon.colcon_core.package_identification:_identify(src/2th_NtrexAHRS_lib_ROS/lib_armv7l) by extension 'cmake'
[2.266s] Level 1:colcon.colcon_core.package_identification:_identify(src/2th_NtrexAHRS_lib_ROS/lib_armv7l) by extension 'python'
[2.266s] Level 1:colcon.colcon_core.package_identification:_identify(src/2th_NtrexAHRS_lib_ROS/lib_armv7l) by extensions ['python_setup_py']
[2.266s] Level 1:colcon.colcon_core.package_identification:_identify(src/2th_NtrexAHRS_lib_ROS/lib_armv7l) by extension 'python_setup_py'
[2.267s] Level 1:colcon.colcon_core.package_identification:_identify(src/2th_NtrexAHRS_lib_ROS/ros2_example) by extensions ['ignore', 'ignore_ament_install']
[2.267s] Level 1:colcon.colcon_core.package_identification:_identify(src/2th_NtrexAHRS_lib_ROS/ros2_example) by extension 'ignore'
[2.268s] Level 1:colcon.colcon_core.package_identification:_identify(src/2th_NtrexAHRS_lib_ROS/ros2_example) by extension 'ignore_ament_install'
[2.268s] Level 1:colcon.colcon_core.package_identification:_identify(src/2th_NtrexAHRS_lib_ROS/ros2_example) by extensions ['colcon_pkg']
[2.268s] Level 1:colcon.colcon_core.package_identification:_identify(src/2th_NtrexAHRS_lib_ROS/ros2_example) by extension 'colcon_pkg'
[2.268s] Level 1:colcon.colcon_core.package_identification:_identify(src/2th_NtrexAHRS_lib_ROS/ros2_example) by extensions ['colcon_meta']
[2.268s] Level 1:colcon.colcon_core.package_identification:_identify(src/2th_NtrexAHRS_lib_ROS/ros2_example) by extension 'colcon_meta'
[2.268s] Level 1:colcon.colcon_core.package_identification:_identify(src/2th_NtrexAHRS_lib_ROS/ros2_example) by extensions ['ros']
[2.268s] Level 1:colcon.colcon_core.package_identification:_identify(src/2th_NtrexAHRS_lib_ROS/ros2_example) by extension 'ros'
[2.269s] Level 1:colcon.colcon_core.package_identification:_identify(src/2th_NtrexAHRS_lib_ROS/ros2_example) by extensions ['cmake', 'python']
[2.269s] Level 1:colcon.colcon_core.package_identification:_identify(src/2th_NtrexAHRS_lib_ROS/ros2_example) by extension 'cmake'
[2.269s] Level 1:colcon.colcon_core.package_identification:_identify(src/2th_NtrexAHRS_lib_ROS/ros2_example) by extension 'python'
[2.269s] Level 1:colcon.colcon_core.package_identification:_identify(src/2th_NtrexAHRS_lib_ROS/ros2_example) by extensions ['python_setup_py']
[2.269s] Level 1:colcon.colcon_core.package_identification:_identify(src/2th_NtrexAHRS_lib_ROS/ros2_example) by extension 'python_setup_py'
[2.270s] Level 1:colcon.colcon_core.package_identification:_identify(src/2th_NtrexAHRS_lib_ROS/ros2_example/stella_ahrs) by extensions ['ignore', 'ignore_ament_install']
[2.270s] Level 1:colcon.colcon_core.package_identification:_identify(src/2th_NtrexAHRS_lib_ROS/ros2_example/stella_ahrs) by extension 'ignore'
[2.271s] Level 1:colcon.colcon_core.package_identification:_identify(src/2th_NtrexAHRS_lib_ROS/ros2_example/stella_ahrs) by extension 'ignore_ament_install'
[2.271s] Level 1:colcon.colcon_core.package_identification:_identify(src/2th_NtrexAHRS_lib_ROS/ros2_example/stella_ahrs) by extensions ['colcon_pkg']
[2.271s] Level 1:colcon.colcon_core.package_identification:_identify(src/2th_NtrexAHRS_lib_ROS/ros2_example/stella_ahrs) by extension 'colcon_pkg'
[2.271s] Level 1:colcon.colcon_core.package_identification:_identify(src/2th_NtrexAHRS_lib_ROS/ros2_example/stella_ahrs) by extensions ['colcon_meta']
[2.271s] Level 1:colcon.colcon_core.package_identification:_identify(src/2th_NtrexAHRS_lib_ROS/ros2_example/stella_ahrs) by extension 'colcon_meta'
[2.271s] Level 1:colcon.colcon_core.package_identification:_identify(src/2th_NtrexAHRS_lib_ROS/ros2_example/stella_ahrs) by extensions ['ros']
[2.272s] Level 1:colcon.colcon_core.package_identification:_identify(src/2th_NtrexAHRS_lib_ROS/ros2_example/stella_ahrs) by extension 'ros'
[2.285s] DEBUG:colcon.colcon_core.package_identification:Package 'src/2th_NtrexAHRS_lib_ROS/ros2_example/stella_ahrs' with type 'ros.ament_cmake' and name 'stella_ahrs'
[2.286s] Level 1:colcon.colcon_core.package_identification:_identify(src/agv_body) by extensions ['ignore', 'ignore_ament_install']
[2.286s] Level 1:colcon.colcon_core.package_identification:_identify(src/agv_body) by extension 'ignore'
[2.287s] Level 1:colcon.colcon_core.package_identification:_identify(src/agv_body) by extension 'ignore_ament_install'
[2.287s] Level 1:colcon.colcon_core.package_identification:_identify(src/agv_body) by extensions ['colcon_pkg']
[2.287s] Level 1:colcon.colcon_core.package_identification:_identify(src/agv_body) by extension 'colcon_pkg'
[2.287s] Level 1:colcon.colcon_core.package_identification:_identify(src/agv_body) by extensions ['colcon_meta']
[2.287s] Level 1:colcon.colcon_core.package_identification:_identify(src/agv_body) by extension 'colcon_meta'
[2.288s] Level 1:colcon.colcon_core.package_identification:_identify(src/agv_body) by extensions ['ros']
[2.288s] Level 1:colcon.colcon_core.package_identification:_identify(src/agv_body) by extension 'ros'
[2.290s] DEBUG:colcon.colcon_core.package_identification:Package 'src/agv_body' with type 'ros.ament_python' and name 'agv_body'
[2.291s] Level 1:colcon.colcon_core.package_identification:_identify(src/agv_mapping) by extensions ['ignore', 'ignore_ament_install']
[2.291s] Level 1:colcon.colcon_core.package_identification:_identify(src/agv_mapping) by extension 'ignore'
[2.291s] Level 1:colcon.colcon_core.package_identification:_identify(src/agv_mapping) by extension 'ignore_ament_install'
[2.292s] Level 1:colcon.colcon_core.package_identification:_identify(src/agv_mapping) by extensions ['colcon_pkg']
[2.292s] Level 1:colcon.colcon_core.package_identification:_identify(src/agv_mapping) by extension 'colcon_pkg'
[2.292s] Level 1:colcon.colcon_core.package_identification:_identify(src/agv_mapping) by extensions ['colcon_meta']
[2.292s] Level 1:colcon.colcon_core.package_identification:_identify(src/agv_mapping) by extension 'colcon_meta'
[2.292s] Level 1:colcon.colcon_core.package_identification:_identify(src/agv_mapping) by extensions ['ros']
[2.293s] Level 1:colcon.colcon_core.package_identification:_identify(src/agv_mapping) by extension 'ros'
[2.295s] DEBUG:colcon.colcon_core.package_identification:Package 'src/agv_mapping' with type 'ros.ament_cmake' and name 'agv_mapping'
[2.295s] Level 1:colcon.colcon_core.package_identification:_identify(src/arduino_ros2) by extensions ['ignore', 'ignore_ament_install']
[2.296s] Level 1:colcon.colcon_core.package_identification:_identify(src/arduino_ros2) by extension 'ignore'
[2.296s] Level 1:colcon.colcon_core.package_identification:_identify(src/arduino_ros2) by extension 'ignore_ament_install'
[2.296s] Level 1:colcon.colcon_core.package_identification:_identify(src/arduino_ros2) by extensions ['colcon_pkg']
[2.296s] Level 1:colcon.colcon_core.package_identification:_identify(src/arduino_ros2) by extension 'colcon_pkg'
[2.296s] Level 1:colcon.colcon_core.package_identification:_identify(src/arduino_ros2) by extensions ['colcon_meta']
[2.297s] Level 1:colcon.colcon_core.package_identification:_identify(src/arduino_ros2) by extension 'colcon_meta'
[2.297s] Level 1:colcon.colcon_core.package_identification:_identify(src/arduino_ros2) by extensions ['ros']
[2.297s] Level 1:colcon.colcon_core.package_identification:_identify(src/arduino_ros2) by extension 'ros'
[2.299s] DEBUG:colcon.colcon_core.package_identification:Package 'src/arduino_ros2' with type 'ros.ament_python' and name 'arduino_ros2'
[2.300s] Level 1:colcon.colcon_core.package_identification:_identify(src/ira_laser_tools) by extensions ['ignore', 'ignore_ament_install']
[2.300s] Level 1:colcon.colcon_core.package_identification:_identify(src/ira_laser_tools) by extension 'ignore'
[2.300s] Level 1:colcon.colcon_core.package_identification:_identify(src/ira_laser_tools) by extension 'ignore_ament_install'
[2.301s] Level 1:colcon.colcon_core.package_identification:_identify(src/ira_laser_tools) by extensions ['colcon_pkg']
[2.301s] Level 1:colcon.colcon_core.package_identification:_identify(src/ira_laser_tools) by extension 'colcon_pkg'
[2.301s] Level 1:colcon.colcon_core.package_identification:_identify(src/ira_laser_tools) by extensions ['colcon_meta']
[2.301s] Level 1:colcon.colcon_core.package_identification:_identify(src/ira_laser_tools) by extension 'colcon_meta'
[2.304s] Level 1:colcon.colcon_core.package_identification:_identify(src/ira_laser_tools) by extensions ['ros']
[2.305s] Level 1:colcon.colcon_core.package_identification:_identify(src/ira_laser_tools) by extension 'ros'
[2.315s] DEBUG:colcon.colcon_core.package_identification:Package 'src/ira_laser_tools' with type 'ros.ament_cmake' and name 'ira_laser_tools'
[2.316s] Level 1:colcon.colcon_core.package_identification:_identify(src/laser_filters) by extensions ['ignore', 'ignore_ament_install']
[2.316s] Level 1:colcon.colcon_core.package_identification:_identify(src/laser_filters) by extension 'ignore'
[2.317s] Level 1:colcon.colcon_core.package_identification:_identify(src/laser_filters) by extension 'ignore_ament_install'
[2.317s] Level 1:colcon.colcon_core.package_identification:_identify(src/laser_filters) by extensions ['colcon_pkg']
[2.317s] Level 1:colcon.colcon_core.package_identification:_identify(src/laser_filters) by extension 'colcon_pkg'
[2.317s] Level 1:colcon.colcon_core.package_identification:_identify(src/laser_filters) by extensions ['colcon_meta']
[2.317s] Level 1:colcon.colcon_core.package_identification:_identify(src/laser_filters) by extension 'colcon_meta'
[2.318s] Level 1:colcon.colcon_core.package_identification:_identify(src/laser_filters) by extensions ['ros']
[2.318s] Level 1:colcon.colcon_core.package_identification:_identify(src/laser_filters) by extension 'ros'
[2.324s] DEBUG:colcon.colcon_core.package_identification:Package 'src/laser_filters' with type 'ros.ament_cmake' and name 'laser_filters'
[2.325s] Level 1:colcon.colcon_core.package_identification:_identify(src/roboteq_controller_ros-galactic-devel) by extensions ['ignore', 'ignore_ament_install']
[2.325s] Level 1:colcon.colcon_core.package_identification:_identify(src/roboteq_controller_ros-galactic-devel) by extension 'ignore'
[2.325s] Level 1:colcon.colcon_core.package_identification:_identify(src/roboteq_controller_ros-galactic-devel) by extension 'ignore_ament_install'
[2.325s] Level 1:colcon.colcon_core.package_identification:_identify(src/roboteq_controller_ros-galactic-devel) by extensions ['colcon_pkg']
[2.326s] Level 1:colcon.colcon_core.package_identification:_identify(src/roboteq_controller_ros-galactic-devel) by extension 'colcon_pkg'
[2.326s] Level 1:colcon.colcon_core.package_identification:_identify(src/roboteq_controller_ros-galactic-devel) by extensions ['colcon_meta']
[2.326s] Level 1:colcon.colcon_core.package_identification:_identify(src/roboteq_controller_ros-galactic-devel) by extension 'colcon_meta'
[2.326s] Level 1:colcon.colcon_core.package_identification:_identify(src/roboteq_controller_ros-galactic-devel) by extensions ['ros']
[2.326s] Level 1:colcon.colcon_core.package_identification:_identify(src/roboteq_controller_ros-galactic-devel) by extension 'ros'
[2.327s] Level 1:colcon.colcon_core.package_identification:_identify(src/roboteq_controller_ros-galactic-devel) by extensions ['cmake', 'python']
[2.327s] Level 1:colcon.colcon_core.package_identification:_identify(src/roboteq_controller_ros-galactic-devel) by extension 'cmake'
[2.327s] Level 1:colcon.colcon_core.package_identification:_identify(src/roboteq_controller_ros-galactic-devel) by extension 'python'
[2.327s] Level 1:colcon.colcon_core.package_identification:_identify(src/roboteq_controller_ros-galactic-devel) by extensions ['python_setup_py']
[2.327s] Level 1:colcon.colcon_core.package_identification:_identify(src/roboteq_controller_ros-galactic-devel) by extension 'python_setup_py'
[2.328s] Level 1:colcon.colcon_core.package_identification:_identify(src/roboteq_controller_ros-galactic-devel/roboteq_controller) by extensions ['ignore', 'ignore_ament_install']
[2.328s] Level 1:colcon.colcon_core.package_identification:_identify(src/roboteq_controller_ros-galactic-devel/roboteq_controller) by extension 'ignore'
[2.328s] Level 1:colcon.colcon_core.package_identification:_identify(src/roboteq_controller_ros-galactic-devel/roboteq_controller) by extension 'ignore_ament_install'
[2.328s] Level 1:colcon.colcon_core.package_identification:_identify(src/roboteq_controller_ros-galactic-devel/roboteq_controller) by extensions ['colcon_pkg']
[2.329s] Level 1:colcon.colcon_core.package_identification:_identify(src/roboteq_controller_ros-galactic-devel/roboteq_controller) by extension 'colcon_pkg'
[2.329s] Level 1:colcon.colcon_core.package_identification:_identify(src/roboteq_controller_ros-galactic-devel/roboteq_controller) by extensions ['colcon_meta']
[2.329s] Level 1:colcon.colcon_core.package_identification:_identify(src/roboteq_controller_ros-galactic-devel/roboteq_controller) by extension 'colcon_meta'
[2.329s] Level 1:colcon.colcon_core.package_identification:_identify(src/roboteq_controller_ros-galactic-devel/roboteq_controller) by extensions ['ros']
[2.329s] Level 1:colcon.colcon_core.package_identification:_identify(src/roboteq_controller_ros-galactic-devel/roboteq_controller) by extension 'ros'
[2.337s] DEBUG:colcon.colcon_core.package_identification:Package 'src/roboteq_controller_ros-galactic-devel/roboteq_controller' with type 'ros.ament_cmake' and name 'roboteq_controller'
[2.338s] Level 1:colcon.colcon_core.package_identification:_identify(src/roboteq_controller_ros-galactic-devel/roboteq_interfaces) by extensions ['ignore', 'ignore_ament_install']
[2.339s] Level 1:colcon.colcon_core.package_identification:_identify(src/roboteq_controller_ros-galactic-devel/roboteq_interfaces) by extension 'ignore'
[2.339s] Level 1:colcon.colcon_core.package_identification:_identify(src/roboteq_controller_ros-galactic-devel/roboteq_interfaces) by extension 'ignore_ament_install'
[2.339s] Level 1:colcon.colcon_core.package_identification:_identify(src/roboteq_controller_ros-galactic-devel/roboteq_interfaces) by extensions ['colcon_pkg']
[2.339s] Level 1:colcon.colcon_core.package_identification:_identify(src/roboteq_controller_ros-galactic-devel/roboteq_interfaces) by extension 'colcon_pkg'
[2.339s] Level 1:colcon.colcon_core.package_identification:_identify(src/roboteq_controller_ros-galactic-devel/roboteq_interfaces) by extensions ['colcon_meta']
[2.340s] Level 1:colcon.colcon_core.package_identification:_identify(src/roboteq_controller_ros-galactic-devel/roboteq_interfaces) by extension 'colcon_meta'
[2.340s] Level 1:colcon.colcon_core.package_identification:_identify(src/roboteq_controller_ros-galactic-devel/roboteq_interfaces) by extensions ['ros']
[2.340s] Level 1:colcon.colcon_core.package_identification:_identify(src/roboteq_controller_ros-galactic-devel/roboteq_interfaces) by extension 'ros'
[2.343s] DEBUG:colcon.colcon_core.package_identification:Package 'src/roboteq_controller_ros-galactic-devel/roboteq_interfaces' with type 'ros.ament_cmake' and name 'roboteq_interfaces'
[2.344s] Level 1:colcon.colcon_core.package_identification:_identify(src/roboteq_controller_ros-galactic-devel/serial-ros2-master) by extensions ['ignore', 'ignore_ament_install']
[2.344s] Level 1:colcon.colcon_core.package_identification:_identify(src/roboteq_controller_ros-galactic-devel/serial-ros2-master) by extension 'ignore'
[2.345s] Level 1:colcon.colcon_core.package_identification:_identify(src/roboteq_controller_ros-galactic-devel/serial-ros2-master) by extension 'ignore_ament_install'
[2.345s] Level 1:colcon.colcon_core.package_identification:_identify(src/roboteq_controller_ros-galactic-devel/serial-ros2-master) by extensions ['colcon_pkg']
[2.345s] Level 1:colcon.colcon_core.package_identification:_identify(src/roboteq_controller_ros-galactic-devel/serial-ros2-master) by extension 'colcon_pkg'
[2.345s] Level 1:colcon.colcon_core.package_identification:_identify(src/roboteq_controller_ros-galactic-devel/serial-ros2-master) by extensions ['colcon_meta']
[2.346s] Level 1:colcon.colcon_core.package_identification:_identify(src/roboteq_controller_ros-galactic-devel/serial-ros2-master) by extension 'colcon_meta'
[2.346s] Level 1:colcon.colcon_core.package_identification:_identify(src/roboteq_controller_ros-galactic-devel/serial-ros2-master) by extensions ['ros']
[2.346s] Level 1:colcon.colcon_core.package_identification:_identify(src/roboteq_controller_ros-galactic-devel/serial-ros2-master) by extension 'ros'
[2.394s] DEBUG:colcon.colcon_core.package_identification:Package 'src/roboteq_controller_ros-galactic-devel/serial-ros2-master' with type 'ros.ament_cmake' and name 'serial'
[2.395s] Level 1:colcon.colcon_core.package_identification:_identify(src/ros2_differential_drive-ros2) by extensions ['ignore', 'ignore_ament_install']
[2.396s] Level 1:colcon.colcon_core.package_identification:_identify(src/ros2_differential_drive-ros2) by extension 'ignore'
[2.396s] Level 1:colcon.colcon_core.package_identification:_identify(src/ros2_differential_drive-ros2) by extension 'ignore_ament_install'
[2.396s] Level 1:colcon.colcon_core.package_identification:_identify(src/ros2_differential_drive-ros2) by extensions ['colcon_pkg']
[2.396s] Level 1:colcon.colcon_core.package_identification:_identify(src/ros2_differential_drive-ros2) by extension 'colcon_pkg'
[2.397s] Level 1:colcon.colcon_core.package_identification:_identify(src/ros2_differential_drive-ros2) by extensions ['colcon_meta']
[2.397s] Level 1:colcon.colcon_core.package_identification:_identify(src/ros2_differential_drive-ros2) by extension 'colcon_meta'
[2.397s] Level 1:colcon.colcon_core.package_identification:_identify(src/ros2_differential_drive-ros2) by extensions ['ros']
[2.397s] Level 1:colcon.colcon_core.package_identification:_identify(src/ros2_differential_drive-ros2) by extension 'ros'
[2.403s] DEBUG:colcon.colcon_core.package_identification:Package 'src/ros2_differential_drive-ros2' with type 'ros.ament_python' and name 'differential_drive'
[2.404s] Level 1:colcon.colcon_core.package_identification:_identify(src/sllidar_ros2) by extensions ['ignore', 'ignore_ament_install']
[2.404s] Level 1:colcon.colcon_core.package_identification:_identify(src/sllidar_ros2) by extension 'ignore'
[2.404s] Level 1:colcon.colcon_core.package_identification:_identify(src/sllidar_ros2) by extension 'ignore_ament_install'
[2.405s] Level 1:colcon.colcon_core.package_identification:_identify(src/sllidar_ros2) by extensions ['colcon_pkg']
[2.405s] Level 1:colcon.colcon_core.package_identification:_identify(src/sllidar_ros2) by extension 'colcon_pkg'
[2.405s] Level 1:colcon.colcon_core.package_identification:_identify(src/sllidar_ros2) by extensions ['colcon_meta']
[2.405s] Level 1:colcon.colcon_core.package_identification:_identify(src/sllidar_ros2) by extension 'colcon_meta'
[2.406s] Level 1:colcon.colcon_core.package_identification:_identify(src/sllidar_ros2) by extensions ['ros']
[2.407s] Level 1:colcon.colcon_core.package_identification:_identify(src/sllidar_ros2) by extension 'ros'
[2.410s] DEBUG:colcon.colcon_core.package_identification:Package 'src/sllidar_ros2' with type 'ros.ament_cmake' and name 'sllidar_ros2'
[2.410s] Level 1:colcon.colcon_core.package_discovery:discover_packages(recursive) using defaults
[2.410s] Level 1:colcon.colcon_core.package_discovery:discover_packages(ignore) discover
[2.410s] Level 1:colcon.colcon_core.package_discovery:discover_packages(ignore) using defaults
[2.410s] Level 1:colcon.colcon_core.package_discovery:discover_packages(path) discover
[2.410s] Level 1:colcon.colcon_core.package_discovery:discover_packages(path) using defaults
[2.506s] Level 1:colcon.colcon_core.package_discovery:discover_packages(prefix_path) check parameters
[2.506s] Level 1:colcon.colcon_core.package_discovery:discover_packages(prefix_path) discover
[2.514s] DEBUG:colcon.colcon_installed_package_information.package_discovery:Found 5 installed packages in /home/wjs/tb3_tpl_ws/install
[2.517s] DEBUG:colcon.colcon_installed_package_information.package_discovery:Found 11 installed packages in /home/wjs/cart_ros2/install
[2.526s] DEBUG:colcon.colcon_installed_package_information.package_discovery:Found 311 installed packages in /opt/ros/galactic
[2.538s] Level 1:colcon.colcon_core.package_discovery:discover_packages(prefix_path) using defaults
[2.927s] Level 5:colcon.colcon_core.verb:set package 'agv_body' build argument 'cmake_args' from command line to 'None'
[2.927s] Level 5:colcon.colcon_core.verb:set package 'agv_body' build argument 'cmake_target' from command line to 'None'
[2.927s] Level 5:colcon.colcon_core.verb:set package 'agv_body' build argument 'cmake_target_skip_unavailable' from command line to 'False'
[2.927s] Level 5:colcon.colcon_core.verb:set package 'agv_body' build argument 'cmake_clean_cache' from command line to 'False'
[2.928s] Level 5:colcon.colcon_core.verb:set package 'agv_body' build argument 'cmake_clean_first' from command line to 'False'
[2.928s] Level 5:colcon.colcon_core.verb:set package 'agv_body' build argument 'cmake_force_configure' from command line to 'False'
[2.928s] Level 5:colcon.colcon_core.verb:set package 'agv_body' build argument 'ament_cmake_args' from command line to 'None'
[2.928s] Level 5:colcon.colcon_core.verb:set package 'agv_body' build argument 'catkin_cmake_args' from command line to 'None'
[2.928s] Level 5:colcon.colcon_core.verb:set package 'agv_body' build argument 'catkin_skip_building_tests' from command line to 'False'
[2.928s] DEBUG:colcon.colcon_core.verb:Building package 'agv_body' with the following arguments: {'ament_cmake_args': None, 'build_base': '/home/wjs/cart_ros2/build/agv_body', 'catkin_cmake_args': None, 'catkin_skip_building_tests': False, 'cmake_args': None, 'cmake_clean_cache': False, 'cmake_clean_first': False, 'cmake_force_configure': False, 'cmake_target': None, 'cmake_target_skip_unavailable': False, 'install_base': '/home/wjs/cart_ros2/install', 'merge_install': True, 'path': '/home/wjs/cart_ros2/src/agv_body', 'symlink_install': True, 'test_result_base': None}
[2.930s] Level 5:colcon.colcon_core.verb:set package 'agv_mapping' build argument 'cmake_args' from command line to 'None'
[2.930s] Level 5:colcon.colcon_core.verb:set package 'agv_mapping' build argument 'cmake_target' from command line to 'None'
[2.934s] Level 5:colcon.colcon_core.verb:set package 'agv_mapping' build argument 'cmake_target_skip_unavailable' from command line to 'False'
[2.934s] Level 5:colcon.colcon_core.verb:set package 'agv_mapping' build argument 'cmake_clean_cache' from command line to 'False'
[2.934s] Level 5:colcon.colcon_core.verb:set package 'agv_mapping' build argument 'cmake_clean_first' from command line to 'False'
[2.934s] Level 5:colcon.colcon_core.verb:set package 'agv_mapping' build argument 'cmake_force_configure' from command line to 'False'
[2.934s] Level 5:colcon.colcon_core.verb:set package 'agv_mapping' build argument 'ament_cmake_args' from command line to 'None'
[2.935s] Level 5:colcon.colcon_core.verb:set package 'agv_mapping' build argument 'catkin_cmake_args' from command line to 'None'
[2.935s] Level 5:colcon.colcon_core.verb:set package 'agv_mapping' build argument 'catkin_skip_building_tests' from command line to 'False'
[2.935s] DEBUG:colcon.colcon_core.verb:Building package 'agv_mapping' with the following arguments: {'ament_cmake_args': None, 'build_base': '/home/wjs/cart_ros2/build/agv_mapping', 'catkin_cmake_args': None, 'catkin_skip_building_tests': False, 'cmake_args': None, 'cmake_clean_cache': False, 'cmake_clean_first': False, 'cmake_force_configure': False, 'cmake_target': None, 'cmake_target_skip_unavailable': False, 'install_base': '/home/wjs/cart_ros2/install', 'merge_install': True, 'path': '/home/wjs/cart_ros2/src/agv_mapping', 'symlink_install': True, 'test_result_base': None}
[2.937s] Level 5:colcon.colcon_core.verb:set package 'arduino_ros2' build argument 'cmake_args' from command line to 'None'
[2.937s] Level 5:colcon.colcon_core.verb:set package 'arduino_ros2' build argument 'cmake_target' from command line to 'None'
[2.937s] Level 5:colcon.colcon_core.verb:set package 'arduino_ros2' build argument 'cmake_target_skip_unavailable' from command line to 'False'
[2.937s] Level 5:colcon.colcon_core.verb:set package 'arduino_ros2' build argument 'cmake_clean_cache' from command line to 'False'
[2.937s] Level 5:colcon.colcon_core.verb:set package 'arduino_ros2' build argument 'cmake_clean_first' from command line to 'False'
[2.937s] Level 5:colcon.colcon_core.verb:set package 'arduino_ros2' build argument 'cmake_force_configure' from command line to 'False'
[2.937s] Level 5:colcon.colcon_core.verb:set package 'arduino_ros2' build argument 'ament_cmake_args' from command line to 'None'
[2.938s] Level 5:colcon.colcon_core.verb:set package 'arduino_ros2' build argument 'catkin_cmake_args' from command line to 'None'
[2.938s] Level 5:colcon.colcon_core.verb:set package 'arduino_ros2' build argument 'catkin_skip_building_tests' from command line to 'False'
[2.938s] DEBUG:colcon.colcon_core.verb:Building package 'arduino_ros2' with the following arguments: {'ament_cmake_args': None, 'build_base': '/home/wjs/cart_ros2/build/arduino_ros2', 'catkin_cmake_args': None, 'catkin_skip_building_tests': False, 'cmake_args': None, 'cmake_clean_cache': False, 'cmake_clean_first': False, 'cmake_force_configure': False, 'cmake_target': None, 'cmake_target_skip_unavailable': False, 'install_base': '/home/wjs/cart_ros2/install', 'merge_install': True, 'path': '/home/wjs/cart_ros2/src/arduino_ros2', 'symlink_install': True, 'test_result_base': None}
[2.939s] Level 5:colcon.colcon_core.verb:set package 'differential_drive' build argument 'cmake_args' from command line to 'None'
[2.939s] Level 5:colcon.colcon_core.verb:set package 'differential_drive' build argument 'cmake_target' from command line to 'None'
[2.939s] Level 5:colcon.colcon_core.verb:set package 'differential_drive' build argument 'cmake_target_skip_unavailable' from command line to 'False'
[2.940s] Level 5:colcon.colcon_core.verb:set package 'differential_drive' build argument 'cmake_clean_cache' from command line to 'False'
[2.940s] Level 5:colcon.colcon_core.verb:set package 'differential_drive' build argument 'cmake_clean_first' from command line to 'False'
[2.940s] Level 5:colcon.colcon_core.verb:set package 'differential_drive' build argument 'cmake_force_configure' from command line to 'False'
[2.940s] Level 5:colcon.colcon_core.verb:set package 'differential_drive' build argument 'ament_cmake_args' from command line to 'None'
[2.940s] Level 5:colcon.colcon_core.verb:set package 'differential_drive' build argument 'catkin_cmake_args' from command line to 'None'
[2.940s] Level 5:colcon.colcon_core.verb:set package 'differential_drive' build argument 'catkin_skip_building_tests' from command line to 'False'
[2.940s] DEBUG:colcon.colcon_core.verb:Building package 'differential_drive' with the following arguments: {'ament_cmake_args': None, 'build_base': '/home/wjs/cart_ros2/build/differential_drive', 'catkin_cmake_args': None, 'catkin_skip_building_tests': False, 'cmake_args': None, 'cmake_clean_cache': False, 'cmake_clean_first': False, 'cmake_force_configure': False, 'cmake_target': None, 'cmake_target_skip_unavailable': False, 'install_base': '/home/wjs/cart_ros2/install', 'merge_install': True, 'path': '/home/wjs/cart_ros2/src/ros2_differential_drive-ros2', 'symlink_install': True, 'test_result_base': None}
[2.942s] Level 5:colcon.colcon_core.verb:set package 'ira_laser_tools' build argument 'cmake_args' from command line to 'None'
[2.942s] Level 5:colcon.colcon_core.verb:set package 'ira_laser_tools' build argument 'cmake_target' from command line to 'None'
[2.942s] Level 5:colcon.colcon_core.verb:set package 'ira_laser_tools' build argument 'cmake_target_skip_unavailable' from command line to 'False'
[2.942s] Level 5:colcon.colcon_core.verb:set package 'ira_laser_tools' build argument 'cmake_clean_cache' from command line to 'False'
[2.942s] Level 5:colcon.colcon_core.verb:set package 'ira_laser_tools' build argument 'cmake_clean_first' from command line to 'False'
[2.942s] Level 5:colcon.colcon_core.verb:set package 'ira_laser_tools' build argument 'cmake_force_configure' from command line to 'False'
[2.942s] Level 5:colcon.colcon_core.verb:set package 'ira_laser_tools' build argument 'ament_cmake_args' from command line to 'None'
[2.942s] Level 5:colcon.colcon_core.verb:set package 'ira_laser_tools' build argument 'catkin_cmake_args' from command line to 'None'
[2.943s] Level 5:colcon.colcon_core.verb:set package 'ira_laser_tools' build argument 'catkin_skip_building_tests' from command line to 'False'
[2.943s] DEBUG:colcon.colcon_core.verb:Building package 'ira_laser_tools' with the following arguments: {'ament_cmake_args': None, 'build_base': '/home/wjs/cart_ros2/build/ira_laser_tools', 'catkin_cmake_args': None, 'catkin_skip_building_tests': False, 'cmake_args': None, 'cmake_clean_cache': False, 'cmake_clean_first': False, 'cmake_force_configure': False, 'cmake_target': None, 'cmake_target_skip_unavailable': False, 'install_base': '/home/wjs/cart_ros2/install', 'merge_install': True, 'path': '/home/wjs/cart_ros2/src/ira_laser_tools', 'symlink_install': True, 'test_result_base': None}
[2.944s] Level 5:colcon.colcon_core.verb:set package 'laser_filters' build argument 'cmake_args' from command line to 'None'
[2.945s] Level 5:colcon.colcon_core.verb:set package 'laser_filters' build argument 'cmake_target' from command line to 'None'
[2.945s] Level 5:colcon.colcon_core.verb:set package 'laser_filters' build argument 'cmake_target_skip_unavailable' from command line to 'False'
[2.945s] Level 5:colcon.colcon_core.verb:set package 'laser_filters' build argument 'cmake_clean_cache' from command line to 'False'
[2.945s] Level 5:colcon.colcon_core.verb:set package 'laser_filters' build argument 'cmake_clean_first' from command line to 'False'
[2.945s] Level 5:colcon.colcon_core.verb:set package 'laser_filters' build argument 'cmake_force_configure' from command line to 'False'
[2.945s] Level 5:colcon.colcon_core.verb:set package 'laser_filters' build argument 'ament_cmake_args' from command line to 'None'
[2.945s] Level 5:colcon.colcon_core.verb:set package 'laser_filters' build argument 'catkin_cmake_args' from command line to 'None'
[2.945s] Level 5:colcon.colcon_core.verb:set package 'laser_filters' build argument 'catkin_skip_building_tests' from command line to 'False'
[2.946s] DEBUG:colcon.colcon_core.verb:Building package 'laser_filters' with the following arguments: {'ament_cmake_args': None, 'build_base': '/home/wjs/cart_ros2/build/laser_filters', 'catkin_cmake_args': None, 'catkin_skip_building_tests': False, 'cmake_args': None, 'cmake_clean_cache': False, 'cmake_clean_first': False, 'cmake_force_configure': False, 'cmake_target': None, 'cmake_target_skip_unavailable': False, 'install_base': '/home/wjs/cart_ros2/install', 'merge_install': True, 'path': '/home/wjs/cart_ros2/src/laser_filters', 'symlink_install': True, 'test_result_base': None}
[2.947s] Level 5:colcon.colcon_core.verb:set package 'roboteq_interfaces' build argument 'cmake_args' from command line to 'None'
[2.947s] Level 5:colcon.colcon_core.verb:set package 'roboteq_interfaces' build argument 'cmake_target' from command line to 'None'
[2.947s] Level 5:colcon.colcon_core.verb:set package 'roboteq_interfaces' build argument 'cmake_target_skip_unavailable' from command line to 'False'
[2.947s] Level 5:colcon.colcon_core.verb:set package 'roboteq_interfaces' build argument 'cmake_clean_cache' from command line to 'False'
[2.947s] Level 5:colcon.colcon_core.verb:set package 'roboteq_interfaces' build argument 'cmake_clean_first' from command line to 'False'
[2.948s] Level 5:colcon.colcon_core.verb:set package 'roboteq_interfaces' build argument 'cmake_force_configure' from command line to 'False'
[2.949s] Level 5:colcon.colcon_core.verb:set package 'roboteq_interfaces' build argument 'ament_cmake_args' from command line to 'None'
[2.949s] Level 5:colcon.colcon_core.verb:set package 'roboteq_interfaces' build argument 'catkin_cmake_args' from command line to 'None'
[2.949s] Level 5:colcon.colcon_core.verb:set package 'roboteq_interfaces' build argument 'catkin_skip_building_tests' from command line to 'False'
[2.949s] DEBUG:colcon.colcon_core.verb:Building package 'roboteq_interfaces' with the following arguments: {'ament_cmake_args': None, 'build_base': '/home/wjs/cart_ros2/build/roboteq_interfaces', 'catkin_cmake_args': None, 'catkin_skip_building_tests': False, 'cmake_args': None, 'cmake_clean_cache': False, 'cmake_clean_first': False, 'cmake_force_configure': False, 'cmake_target': None, 'cmake_target_skip_unavailable': False, 'install_base': '/home/wjs/cart_ros2/install', 'merge_install': True, 'path': '/home/wjs/cart_ros2/src/roboteq_controller_ros-galactic-devel/roboteq_interfaces', 'symlink_install': True, 'test_result_base': None}
[2.951s] Level 5:colcon.colcon_core.verb:set package 'serial' build argument 'cmake_args' from command line to 'None'
[2.951s] Level 5:colcon.colcon_core.verb:set package 'serial' build argument 'cmake_target' from command line to 'None'
[2.951s] Level 5:colcon.colcon_core.verb:set package 'serial' build argument 'cmake_target_skip_unavailable' from command line to 'False'
[2.951s] Level 5:colcon.colcon_core.verb:set package 'serial' build argument 'cmake_clean_cache' from command line to 'False'
[2.951s] Level 5:colcon.colcon_core.verb:set package 'serial' build argument 'cmake_clean_first' from command line to 'False'
[2.951s] Level 5:colcon.colcon_core.verb:set package 'serial' build argument 'cmake_force_configure' from command line to 'False'
[2.951s] Level 5:colcon.colcon_core.verb:set package 'serial' build argument 'ament_cmake_args' from command line to 'None'
[2.951s] Level 5:colcon.colcon_core.verb:set package 'serial' build argument 'catkin_cmake_args' from command line to 'None'
[2.951s] Level 5:colcon.colcon_core.verb:set package 'serial' build argument 'catkin_skip_building_tests' from command line to 'False'
[2.952s] DEBUG:colcon.colcon_core.verb:Building package 'serial' with the following arguments: {'ament_cmake_args': None, 'build_base': '/home/wjs/cart_ros2/build/serial', 'catkin_cmake_args': None, 'catkin_skip_building_tests': False, 'cmake_args': None, 'cmake_clean_cache': False, 'cmake_clean_first': False, 'cmake_force_configure': False, 'cmake_target': None, 'cmake_target_skip_unavailable': False, 'install_base': '/home/wjs/cart_ros2/install', 'merge_install': True, 'path': '/home/wjs/cart_ros2/src/roboteq_controller_ros-galactic-devel/serial-ros2-master', 'symlink_install': True, 'test_result_base': None}
[2.953s] Level 5:colcon.colcon_core.verb:set package 'sllidar_ros2' build argument 'cmake_args' from command line to 'None'
[2.953s] Level 5:colcon.colcon_core.verb:set package 'sllidar_ros2' build argument 'cmake_target' from command line to 'None'
[2.953s] Level 5:colcon.colcon_core.verb:set package 'sllidar_ros2' build argument 'cmake_target_skip_unavailable' from command line to 'False'
[2.953s] Level 5:colcon.colcon_core.verb:set package 'sllidar_ros2' build argument 'cmake_clean_cache' from command line to 'False'
[2.953s] Level 5:colcon.colcon_core.verb:set package 'sllidar_ros2' build argument 'cmake_clean_first' from command line to 'False'
[2.953s] Level 5:colcon.colcon_core.verb:set package 'sllidar_ros2' build argument 'cmake_force_configure' from command line to 'False'
[2.954s] Level 5:colcon.colcon_core.verb:set package 'sllidar_ros2' build argument 'ament_cmake_args' from command line to 'None'
[2.954s] Level 5:colcon.colcon_core.verb:set package 'sllidar_ros2' build argument 'catkin_cmake_args' from command line to 'None'
[2.954s] Level 5:colcon.colcon_core.verb:set package 'sllidar_ros2' build argument 'catkin_skip_building_tests' from command line to 'False'
[2.954s] DEBUG:colcon.colcon_core.verb:Building package 'sllidar_ros2' with the following arguments: {'ament_cmake_args': None, 'build_base': '/home/wjs/cart_ros2/build/sllidar_ros2', 'catkin_cmake_args': None, 'catkin_skip_building_tests': False, 'cmake_args': None, 'cmake_clean_cache': False, 'cmake_clean_first': False, 'cmake_force_configure': False, 'cmake_target': None, 'cmake_target_skip_unavailable': False, 'install_base': '/home/wjs/cart_ros2/install', 'merge_install': True, 'path': '/home/wjs/cart_ros2/src/sllidar_ros2', 'symlink_install': True, 'test_result_base': None}
[2.956s] Level 5:colcon.colcon_core.verb:set package 'stella_ahrs' build argument 'cmake_args' from command line to 'None'
[2.956s] Level 5:colcon.colcon_core.verb:set package 'stella_ahrs' build argument 'cmake_target' from command line to 'None'
[2.956s] Level 5:colcon.colcon_core.verb:set package 'stella_ahrs' build argument 'cmake_target_skip_unavailable' from command line to 'False'
[2.956s] Level 5:colcon.colcon_core.verb:set package 'stella_ahrs' build argument 'cmake_clean_cache' from command line to 'False'
[2.956s] Level 5:colcon.colcon_core.verb:set package 'stella_ahrs' build argument 'cmake_clean_first' from command line to 'False'
[2.956s] Level 5:colcon.colcon_core.verb:set package 'stella_ahrs' build argument 'cmake_force_configure' from command line to 'False'
[2.957s] Level 5:colcon.colcon_core.verb:set package 'stella_ahrs' build argument 'ament_cmake_args' from command line to 'None'
[2.957s] Level 5:colcon.colcon_core.verb:set package 'stella_ahrs' build argument 'catkin_cmake_args' from command line to 'None'
[2.957s] Level 5:colcon.colcon_core.verb:set package 'stella_ahrs' build argument 'catkin_skip_building_tests' from command line to 'False'
[2.957s] DEBUG:colcon.colcon_core.verb:Building package 'stella_ahrs' with the following arguments: {'ament_cmake_args': None, 'build_base': '/home/wjs/cart_ros2/build/stella_ahrs', 'catkin_cmake_args': None, 'catkin_skip_building_tests': False, 'cmake_args': None, 'cmake_clean_cache': False, 'cmake_clean_first': False, 'cmake_force_configure': False, 'cmake_target': None, 'cmake_target_skip_unavailable': False, 'install_base': '/home/wjs/cart_ros2/install', 'merge_install': True, 'path': '/home/wjs/cart_ros2/src/2th_NtrexAHRS_lib_ROS/ros2_example/stella_ahrs', 'symlink_install': True, 'test_result_base': None}
[2.958s] Level 5:colcon.colcon_core.verb:set package 'roboteq_controller' build argument 'cmake_args' from command line to 'None'
[2.958s] Level 5:colcon.colcon_core.verb:set package 'roboteq_controller' build argument 'cmake_target' from command line to 'None'
[2.959s] Level 5:colcon.colcon_core.verb:set package 'roboteq_controller' build argument 'cmake_target_skip_unavailable' from command line to 'False'
[2.959s] Level 5:colcon.colcon_core.verb:set package 'roboteq_controller' build argument 'cmake_clean_cache' from command line to 'False'
[2.959s] Level 5:colcon.colcon_core.verb:set package 'roboteq_controller' build argument 'cmake_clean_first' from command line to 'False'
[2.959s] Level 5:colcon.colcon_core.verb:set package 'roboteq_controller' build argument 'cmake_force_configure' from command line to 'False'
[2.959s] Level 5:colcon.colcon_core.verb:set package 'roboteq_controller' build argument 'ament_cmake_args' from command line to 'None'
[2.959s] Level 5:colcon.colcon_core.verb:set package 'roboteq_controller' build argument 'catkin_cmake_args' from command line to 'None'
[2.959s] Level 5:colcon.colcon_core.verb:set package 'roboteq_controller' build argument 'catkin_skip_building_tests' from command line to 'False'
[2.959s] DEBUG:colcon.colcon_core.verb:Building package 'roboteq_controller' with the following arguments: {'ament_cmake_args': None, 'build_base': '/home/wjs/cart_ros2/build/roboteq_controller', 'catkin_cmake_args': None, 'catkin_skip_building_tests': False, 'cmake_args': None, 'cmake_clean_cache': False, 'cmake_clean_first': False, 'cmake_force_configure': False, 'cmake_target': None, 'cmake_target_skip_unavailable': False, 'install_base': '/home/wjs/cart_ros2/install', 'merge_install': True, 'path': '/home/wjs/cart_ros2/src/roboteq_controller_ros-galactic-devel/roboteq_controller', 'symlink_install': True, 'test_result_base': None}
[2.962s] INFO:colcon.colcon_core.executor:Executing jobs using 'parallel' executor
[2.966s] DEBUG:colcon.colcon_parallel_executor.executor.parallel:run_until_complete
[2.967s] INFO:colcon.colcon_ros.task.ament_cmake.build:Building ROS package in '/home/wjs/cart_ros2/src/roboteq_controller_ros-galactic-devel/roboteq_interfaces' with build type 'ament_cmake'
[2.967s] INFO:colcon.colcon_cmake.task.cmake.build:Building CMake package in '/home/wjs/cart_ros2/src/roboteq_controller_ros-galactic-devel/roboteq_interfaces'
[2.978s] INFO:colcon.colcon_core.plugin_system:Skipping extension 'colcon_core.shell.bat': Not used on non-Windows systems
[2.979s] INFO:colcon.colcon_core.shell:Skip shell extension 'powershell' for command environment: Not usable outside of PowerShell
[2.979s] DEBUG:colcon.colcon_core.shell:Skip shell extension 'dsv' for command environment
[3.024s] INFO:colcon.colcon_ros.task.ament_cmake.build:Building ROS package in '/home/wjs/cart_ros2/src/roboteq_controller_ros-galactic-devel/serial-ros2-master' with build type 'ament_cmake'
[3.027s] INFO:colcon.colcon_cmake.task.cmake.build:Building CMake package in '/home/wjs/cart_ros2/src/roboteq_controller_ros-galactic-devel/serial-ros2-master'
[3.039s] INFO:colcon.colcon_core.shell:Skip shell extension 'powershell' for command environment: Not usable outside of PowerShell
[3.039s] DEBUG:colcon.colcon_core.shell:Skip shell extension 'dsv' for command environment
[3.112s] INFO:colcon.colcon_ros.task.ament_python.build:Building ROS package in '/home/wjs/cart_ros2/src/agv_body' with build type 'ament_python'
[3.115s] Level 1:colcon.colcon_core.shell:create_environment_hook('agv_body', 'ament_prefix_path')
[3.121s] INFO:colcon.colcon_core.shell:Creating environment hook '/home/wjs/cart_ros2/install/share/agv_body/hook/ament_prefix_path.ps1'
[3.126s] INFO:colcon.colcon_core.shell:Creating environment descriptor '/home/wjs/cart_ros2/install/share/agv_body/hook/ament_prefix_path.dsv'
[3.143s] INFO:colcon.colcon_core.shell:Creating environment hook '/home/wjs/cart_ros2/install/share/agv_body/hook/ament_prefix_path.sh'
[3.151s] INFO:colcon.colcon_core.shell:Skip shell extension 'powershell' for command environment: Not usable outside of PowerShell
[3.152s] DEBUG:colcon.colcon_core.shell:Skip shell extension 'dsv' for command environment
[3.227s] INFO:colcon.colcon_ros.task.ament_cmake.build:Building ROS package in '/home/wjs/cart_ros2/src/agv_mapping' with build type 'ament_cmake'
[3.230s] INFO:colcon.colcon_cmake.task.cmake.build:Building CMake package in '/home/wjs/cart_ros2/src/agv_mapping'
[3.238s] INFO:colcon.colcon_core.shell:Skip shell extension 'powershell' for command environment: Not usable outside of PowerShell
[3.240s] DEBUG:colcon.colcon_core.shell:Skip shell extension 'dsv' for command environment
[3.379s] DEBUG:colcon.colcon_core.event_handler.log_command:Invoking command in '/home/wjs/cart_ros2/build/roboteq_interfaces': CMAKE_PREFIX_PATH=${CMAKE_PREFIX_PATH}:/opt/ros/galactic /usr/bin/cmake --build /home/wjs/cart_ros2/build/roboteq_interfaces -- -j4 -l4
[3.473s] DEBUG:colcon.colcon_core.event_handler.log_command:Invoking command in '/home/wjs/cart_ros2/build/serial': CMAKE_PREFIX_PATH=${CMAKE_PREFIX_PATH}:/opt/ros/galactic /usr/bin/cmake --build /home/wjs/cart_ros2/build/serial -- -j4 -l4
[5.974s] INFO:colcon.colcon_core.task.python.build:Building Python package in '/home/wjs/cart_ros2/src/agv_body'
[5.983s] INFO:colcon.colcon_core.shell:Skip shell extension 'powershell' for command environment: Not usable outside of PowerShell
[5.983s] DEBUG:colcon.colcon_core.shell:Skip shell extension 'dsv' for command environment
[6.128s] DEBUG:colcon.colcon_core.event_handler.log_command:Invoking command in '/home/wjs/cart_ros2/build/agv_mapping': CMAKE_PREFIX_PATH=${CMAKE_PREFIX_PATH}:/opt/ros/galactic /usr/bin/cmake --build /home/wjs/cart_ros2/build/agv_mapping -- -j4 -l4
[6.193s] DEBUG:colcon.colcon_core.event_handler.log_command:Invoked command in '/home/wjs/cart_ros2/build/serial' returned '0': CMAKE_PREFIX_PATH=${CMAKE_PREFIX_PATH}:/opt/ros/galactic /usr/bin/cmake --build /home/wjs/cart_ros2/build/serial -- -j4 -l4
[6.365s] DEBUG:colcon.colcon_core.event_handler.log_command:Invoking command in '/home/wjs/cart_ros2/build/serial': CMAKE_PREFIX_PATH=${CMAKE_PREFIX_PATH}:/opt/ros/galactic /usr/bin/cmake --install /home/wjs/cart_ros2/build/serial
[6.612s] DEBUG:colcon.colcon_core.event_handler.log_command:Invoked command in '/home/wjs/cart_ros2/build/agv_mapping' returned '0': CMAKE_PREFIX_PATH=${CMAKE_PREFIX_PATH}:/opt/ros/galactic /usr/bin/cmake --build /home/wjs/cart_ros2/build/agv_mapping -- -j4 -l4
[6.656s] DEBUG:colcon.colcon_core.event_handler.log_command:Invoking command in '/home/wjs/cart_ros2/build/agv_mapping': CMAKE_PREFIX_PATH=${CMAKE_PREFIX_PATH}:/opt/ros/galactic /usr/bin/cmake --install /home/wjs/cart_ros2/build/agv_mapping
[6.854s] Level 1:colcon.colcon_core.environment:create_environment_scripts_only(serial)
[6.855s] DEBUG:colcon.colcon_core.event_handler.log_command:Invoked command in '/home/wjs/cart_ros2/build/serial' returned '0': CMAKE_PREFIX_PATH=${CMAKE_PREFIX_PATH}:/opt/ros/galactic /usr/bin/cmake --install /home/wjs/cart_ros2/build/serial
[6.919s] Level 1:colcon.colcon_core.environment:checking '/home/wjs/cart_ros2/install' for CMake module files
[6.928s] Level 1:colcon.colcon_core.environment:checking '/home/wjs/cart_ros2/install' for CMake config files
[6.948s] Level 1:colcon.colcon_core.shell:create_environment_hook('serial', 'cmake_prefix_path')
[6.966s] INFO:colcon.colcon_core.shell:Creating environment hook '/home/wjs/cart_ros2/install/share/serial/hook/cmake_prefix_path.ps1'
[6.983s] INFO:colcon.colcon_core.shell:Creating environment descriptor '/home/wjs/cart_ros2/install/share/serial/hook/cmake_prefix_path.dsv'
[6.995s] INFO:colcon.colcon_core.shell:Creating environment hook '/home/wjs/cart_ros2/install/share/serial/hook/cmake_prefix_path.sh'
[7.003s] Level 1:colcon.colcon_core.environment:checking '/home/wjs/cart_ros2/install/lib'
[7.005s] Level 1:colcon.colcon_core.shell:create_environment_hook('serial', 'ld_library_path_lib')
[7.007s] INFO:colcon.colcon_core.shell:Creating environment hook '/home/wjs/cart_ros2/install/share/serial/hook/ld_library_path_lib.ps1'
[7.016s] INFO:colcon.colcon_core.shell:Creating environment descriptor '/home/wjs/cart_ros2/install/share/serial/hook/ld_library_path_lib.dsv'
[7.022s] INFO:colcon.colcon_core.shell:Creating environment hook '/home/wjs/cart_ros2/install/share/serial/hook/ld_library_path_lib.sh'
[7.027s] Level 1:colcon.colcon_core.environment:checking '/home/wjs/cart_ros2/install/bin'
[7.028s] Level 1:colcon.colcon_core.environment:checking '/home/wjs/cart_ros2/install/lib/pkgconfig/serial.pc'
[7.030s] Level 1:colcon.colcon_core.environment:checking '/home/wjs/cart_ros2/install/lib/python3.8/site-packages'
[7.031s] Level 1:colcon.colcon_core.shell:create_environment_hook('serial', 'pythonpath')
[7.032s] INFO:colcon.colcon_core.shell:Creating environment hook '/home/wjs/cart_ros2/install/share/serial/hook/pythonpath.ps1'
[7.037s] INFO:colcon.colcon_core.shell:Creating environment descriptor '/home/wjs/cart_ros2/install/share/serial/hook/pythonpath.dsv'
[7.042s] INFO:colcon.colcon_core.shell:Creating environment hook '/home/wjs/cart_ros2/install/share/serial/hook/pythonpath.sh'
[7.048s] Level 1:colcon.colcon_core.environment:checking '/home/wjs/cart_ros2/install/bin'
[7.052s] INFO:colcon.colcon_core.shell:Creating package script '/home/wjs/cart_ros2/install/share/serial/package.ps1'
[7.066s] INFO:colcon.colcon_core.shell:Creating package descriptor '/home/wjs/cart_ros2/install/share/serial/package.dsv'
[7.074s] INFO:colcon.colcon_core.shell:Creating package script '/home/wjs/cart_ros2/install/share/serial/package.sh'
[7.080s] INFO:colcon.colcon_core.shell:Creating package script '/home/wjs/cart_ros2/install/share/serial/package.bash'
[7.084s] INFO:colcon.colcon_core.shell:Creating package script '/home/wjs/cart_ros2/install/share/serial/package.zsh'
[7.088s] Level 1:colcon.colcon_core.environment:create_file_with_runtime_dependencies(/home/wjs/cart_ros2/install/share/colcon-core/packages/serial)
[7.093s] Level 1:colcon.colcon_core.environment:create_environment_scripts_only(serial)
[7.095s] Level 1:colcon.colcon_core.environment:checking '/home/wjs/cart_ros2/install' for CMake module files
[7.099s] Level 1:colcon.colcon_core.environment:checking '/home/wjs/cart_ros2/install' for CMake config files
[7.106s] Level 1:colcon.colcon_core.shell:create_environment_hook('serial', 'cmake_prefix_path')
[7.107s] INFO:colcon.colcon_core.shell:Creating environment hook '/home/wjs/cart_ros2/install/share/serial/hook/cmake_prefix_path.ps1'
[7.110s] INFO:colcon.colcon_core.shell:Creating environment descriptor '/home/wjs/cart_ros2/install/share/serial/hook/cmake_prefix_path.dsv'
[7.119s] INFO:colcon.colcon_core.shell:Creating environment hook '/home/wjs/cart_ros2/install/share/serial/hook/cmake_prefix_path.sh'
[7.124s] Level 1:colcon.colcon_core.environment:checking '/home/wjs/cart_ros2/install/lib'
[7.125s] Level 1:colcon.colcon_core.shell:create_environment_hook('serial', 'ld_library_path_lib')
[7.127s] INFO:colcon.colcon_core.shell:Creating environment hook '/home/wjs/cart_ros2/install/share/serial/hook/ld_library_path_lib.ps1'
[7.129s] INFO:colcon.colcon_core.shell:Creating environment descriptor '/home/wjs/cart_ros2/install/share/serial/hook/ld_library_path_lib.dsv'
[7.131s] INFO:colcon.colcon_core.shell:Creating environment hook '/home/wjs/cart_ros2/install/share/serial/hook/ld_library_path_lib.sh'
[7.134s] Level 1:colcon.colcon_core.environment:checking '/home/wjs/cart_ros2/install/bin'
[7.134s] Level 1:colcon.colcon_core.environment:checking '/home/wjs/cart_ros2/install/lib/pkgconfig/serial.pc'
[7.135s] Level 1:colcon.colcon_core.environment:checking '/home/wjs/cart_ros2/install/lib/python3.8/site-packages'
[7.135s] Level 1:colcon.colcon_core.shell:create_environment_hook('serial', 'pythonpath')
[7.136s] INFO:colcon.colcon_core.shell:Creating environment hook '/home/wjs/cart_ros2/install/share/serial/hook/pythonpath.ps1'
[7.140s] INFO:colcon.colcon_core.shell:Creating environment descriptor '/home/wjs/cart_ros2/install/share/serial/hook/pythonpath.dsv'
[7.142s] INFO:colcon.colcon_core.shell:Creating environment hook '/home/wjs/cart_ros2/install/share/serial/hook/pythonpath.sh'
[7.146s] Level 1:colcon.colcon_core.environment:checking '/home/wjs/cart_ros2/install/bin'
[7.147s] INFO:colcon.colcon_core.shell:Creating package script '/home/wjs/cart_ros2/install/share/serial/package.ps1'
[7.151s] INFO:colcon.colcon_core.shell:Creating package descriptor '/home/wjs/cart_ros2/install/share/serial/package.dsv'
[7.155s] INFO:colcon.colcon_core.shell:Creating package script '/home/wjs/cart_ros2/install/share/serial/package.sh'
[7.164s] INFO:colcon.colcon_core.shell:Creating package script '/home/wjs/cart_ros2/install/share/serial/package.bash'
[7.167s] INFO:colcon.colcon_core.shell:Creating package script '/home/wjs/cart_ros2/install/share/serial/package.zsh'
[7.170s] Level 1:colcon.colcon_core.environment:create_file_with_runtime_dependencies(/home/wjs/cart_ros2/install/share/colcon-core/packages/serial)
[7.176s] INFO:colcon.colcon_ros.task.ament_python.build:Building ROS package in '/home/wjs/cart_ros2/src/arduino_ros2' with build type 'ament_python'
[7.177s] Level 1:colcon.colcon_core.shell:create_environment_hook('arduino_ros2', 'ament_prefix_path')
[7.179s] INFO:colcon.colcon_core.shell:Creating environment hook '/home/wjs/cart_ros2/install/share/arduino_ros2/hook/ament_prefix_path.ps1'
[7.185s] INFO:colcon.colcon_core.shell:Creating environment descriptor '/home/wjs/cart_ros2/install/share/arduino_ros2/hook/ament_prefix_path.dsv'
[7.188s] INFO:colcon.colcon_core.shell:Creating environment hook '/home/wjs/cart_ros2/install/share/arduino_ros2/hook/ament_prefix_path.sh'
[7.204s] INFO:colcon.colcon_core.shell:Skip shell extension 'powershell' for command environment: Not usable outside of PowerShell
[7.204s] DEBUG:colcon.colcon_core.shell:Skip shell extension 'dsv' for command environment
[7.321s] Level 1:colcon.colcon_core.environment:create_environment_scripts_only(agv_mapping)
[7.327s] Level 1:colcon.colcon_core.environment:checking '/home/wjs/cart_ros2/install' for CMake module files
[7.327s] DEBUG:colcon.colcon_core.event_handler.log_command:Invoked command in '/home/wjs/cart_ros2/build/agv_mapping' returned '0': CMAKE_PREFIX_PATH=${CMAKE_PREFIX_PATH}:/opt/ros/galactic /usr/bin/cmake --install /home/wjs/cart_ros2/build/agv_mapping
[7.344s] Level 1:colcon.colcon_core.environment:checking '/home/wjs/cart_ros2/install' for CMake config files
[7.355s] Level 1:colcon.colcon_core.shell:create_environment_hook('agv_mapping', 'cmake_prefix_path')
[7.357s] INFO:colcon.colcon_core.shell:Creating environment hook '/home/wjs/cart_ros2/install/share/agv_mapping/hook/cmake_prefix_path.ps1'
[7.379s] INFO:colcon.colcon_core.shell:Creating environment descriptor '/home/wjs/cart_ros2/install/share/agv_mapping/hook/cmake_prefix_path.dsv'
[7.385s] INFO:colcon.colcon_core.shell:Creating environment hook '/home/wjs/cart_ros2/install/share/agv_mapping/hook/cmake_prefix_path.sh'
[7.392s] Level 1:colcon.colcon_core.environment:checking '/home/wjs/cart_ros2/install/lib'
[7.393s] Level 1:colcon.colcon_core.shell:create_environment_hook('agv_mapping', 'ld_library_path_lib')
[7.394s] INFO:colcon.colcon_core.shell:Creating environment hook '/home/wjs/cart_ros2/install/share/agv_mapping/hook/ld_library_path_lib.ps1'
[7.410s] INFO:colcon.colcon_core.shell:Creating environment descriptor '/home/wjs/cart_ros2/install/share/agv_mapping/hook/ld_library_path_lib.dsv'
[7.419s] INFO:colcon.colcon_core.shell:Creating environment hook '/home/wjs/cart_ros2/install/share/agv_mapping/hook/ld_library_path_lib.sh'
[7.424s] Level 1:colcon.colcon_core.environment:checking '/home/wjs/cart_ros2/install/bin'
[7.424s] Level 1:colcon.colcon_core.environment:checking '/home/wjs/cart_ros2/install/lib/pkgconfig/agv_mapping.pc'
[7.426s] Level 1:colcon.colcon_core.environment:checking '/home/wjs/cart_ros2/install/lib/python3.8/site-packages'
[7.427s] Level 1:colcon.colcon_core.shell:create_environment_hook('agv_mapping', 'pythonpath')
[7.429s] INFO:colcon.colcon_core.shell:Creating environment hook '/home/wjs/cart_ros2/install/share/agv_mapping/hook/pythonpath.ps1'
[7.445s] INFO:colcon.colcon_core.shell:Creating environment descriptor '/home/wjs/cart_ros2/install/share/agv_mapping/hook/pythonpath.dsv'
[7.458s] INFO:colcon.colcon_core.shell:Creating environment hook '/home/wjs/cart_ros2/install/share/agv_mapping/hook/pythonpath.sh'
[7.480s] Level 1:colcon.colcon_core.environment:checking '/home/wjs/cart_ros2/install/bin'
[7.485s] INFO:colcon.colcon_core.shell:Creating package script '/home/wjs/cart_ros2/install/share/agv_mapping/package.ps1'
[7.490s] INFO:colcon.colcon_core.shell:Creating package descriptor '/home/wjs/cart_ros2/install/share/agv_mapping/package.dsv'
[7.502s] INFO:colcon.colcon_core.shell:Creating package script '/home/wjs/cart_ros2/install/share/agv_mapping/package.sh'
[7.504s] INFO:colcon.colcon_core.shell:Creating package script '/home/wjs/cart_ros2/install/share/agv_mapping/package.bash'
[7.508s] INFO:colcon.colcon_core.shell:Creating package script '/home/wjs/cart_ros2/install/share/agv_mapping/package.zsh'
[7.512s] Level 1:colcon.colcon_core.environment:create_file_with_runtime_dependencies(/home/wjs/cart_ros2/install/share/colcon-core/packages/agv_mapping)
[7.515s] Level 1:colcon.colcon_core.environment:create_environment_scripts_only(agv_mapping)
[7.516s] Level 1:colcon.colcon_core.environment:checking '/home/wjs/cart_ros2/install' for CMake module files
[7.519s] Level 1:colcon.colcon_core.environment:checking '/home/wjs/cart_ros2/install' for CMake config files
[7.530s] Level 1:colcon.colcon_core.shell:create_environment_hook('agv_mapping', 'cmake_prefix_path')
[7.539s] INFO:colcon.colcon_core.shell:Creating environment hook '/home/wjs/cart_ros2/install/share/agv_mapping/hook/cmake_prefix_path.ps1'
[7.572s] INFO:colcon.colcon_core.shell:Creating environment descriptor '/home/wjs/cart_ros2/install/share/agv_mapping/hook/cmake_prefix_path.dsv'
[7.582s] INFO:colcon.colcon_core.shell:Creating environment hook '/home/wjs/cart_ros2/install/share/agv_mapping/hook/cmake_prefix_path.sh'
[7.601s] Level 1:colcon.colcon_core.environment:checking '/home/wjs/cart_ros2/install/lib'
[7.602s] Level 1:colcon.colcon_core.shell:create_environment_hook('agv_mapping', 'ld_library_path_lib')
[7.603s] INFO:colcon.colcon_core.shell:Creating environment hook '/home/wjs/cart_ros2/install/share/agv_mapping/hook/ld_library_path_lib.ps1'
[7.615s] INFO:colcon.colcon_core.shell:Creating environment descriptor '/home/wjs/cart_ros2/install/share/agv_mapping/hook/ld_library_path_lib.dsv'
[7.618s] INFO:colcon.colcon_core.shell:Creating environment hook '/home/wjs/cart_ros2/install/share/agv_mapping/hook/ld_library_path_lib.sh'
[7.637s] Level 1:colcon.colcon_core.environment:checking '/home/wjs/cart_ros2/install/bin'
[7.638s] Level 1:colcon.colcon_core.environment:checking '/home/wjs/cart_ros2/install/lib/pkgconfig/agv_mapping.pc'
[7.640s] Level 1:colcon.colcon_core.environment:checking '/home/wjs/cart_ros2/install/lib/python3.8/site-packages'
[7.641s] Level 1:colcon.colcon_core.shell:create_environment_hook('agv_mapping', 'pythonpath')
[7.642s] INFO:colcon.colcon_core.shell:Creating environment hook '/home/wjs/cart_ros2/install/share/agv_mapping/hook/pythonpath.ps1'
[7.667s] INFO:colcon.colcon_core.shell:Creating environment descriptor '/home/wjs/cart_ros2/install/share/agv_mapping/hook/pythonpath.dsv'
[7.756s] INFO:colcon.colcon_core.shell:Creating environment hook '/home/wjs/cart_ros2/install/share/agv_mapping/hook/pythonpath.sh'
[7.769s] Level 1:colcon.colcon_core.environment:checking '/home/wjs/cart_ros2/install/bin'
[7.773s] INFO:colcon.colcon_core.shell:Creating package script '/home/wjs/cart_ros2/install/share/agv_mapping/package.ps1'
[7.778s] INFO:colcon.colcon_core.shell:Creating package descriptor '/home/wjs/cart_ros2/install/share/agv_mapping/package.dsv'
[7.788s] INFO:colcon.colcon_core.shell:Creating package script '/home/wjs/cart_ros2/install/share/agv_mapping/package.sh'
[7.790s] INFO:colcon.colcon_core.shell:Creating package script '/home/wjs/cart_ros2/install/share/agv_mapping/package.bash'
[7.795s] INFO:colcon.colcon_core.shell:Creating package script '/home/wjs/cart_ros2/install/share/agv_mapping/package.zsh'
[7.798s] Level 1:colcon.colcon_core.environment:create_file_with_runtime_dependencies(/home/wjs/cart_ros2/install/share/colcon-core/packages/agv_mapping)
[7.806s] INFO:colcon.colcon_ros.task.ament_python.build:Building ROS package in '/home/wjs/cart_ros2/src/ros2_differential_drive-ros2' with build type 'ament_python'
[7.807s] Level 1:colcon.colcon_core.shell:create_environment_hook('differential_drive', 'ament_prefix_path')
[7.810s] INFO:colcon.colcon_core.shell:Creating environment hook '/home/wjs/cart_ros2/install/share/differential_drive/hook/ament_prefix_path.ps1'
[7.816s] INFO:colcon.colcon_core.shell:Creating environment descriptor '/home/wjs/cart_ros2/install/share/differential_drive/hook/ament_prefix_path.dsv'
[7.853s] INFO:colcon.colcon_core.shell:Creating environment hook '/home/wjs/cart_ros2/install/share/differential_drive/hook/ament_prefix_path.sh'
[7.886s] INFO:colcon.colcon_core.shell:Skip shell extension 'powershell' for command environment: Not usable outside of PowerShell
[7.887s] DEBUG:colcon.colcon_core.shell:Skip shell extension 'dsv' for command environment
[10.235s] INFO:colcon.colcon_core.task.python.build:Building Python package in '/home/wjs/cart_ros2/src/arduino_ros2'
[10.239s] INFO:colcon.colcon_core.shell:Skip shell extension 'powershell' for command environment: Not usable outside of PowerShell
[10.239s] DEBUG:colcon.colcon_core.shell:Skip shell extension 'dsv' for command environment
[12.050s] INFO:colcon.colcon_core.task.python.build:Building Python package in '/home/wjs/cart_ros2/src/ros2_differential_drive-ros2'
[12.058s] INFO:colcon.colcon_core.shell:Skip shell extension 'powershell' for command environment: Not usable outside of PowerShell
[12.058s] DEBUG:colcon.colcon_core.shell:Skip shell extension 'dsv' for command environment
[12.135s] DEBUG:colcon.colcon_core.event_handler.log_command:Invoked command in '/home/wjs/cart_ros2/build/roboteq_interfaces' returned '0': CMAKE_PREFIX_PATH=${CMAKE_PREFIX_PATH}:/opt/ros/galactic /usr/bin/cmake --build /home/wjs/cart_ros2/build/roboteq_interfaces -- -j4 -l4
[12.162s] DEBUG:colcon.colcon_core.event_handler.log_command:Invoking command in '/home/wjs/cart_ros2/build/roboteq_interfaces': CMAKE_PREFIX_PATH=${CMAKE_PREFIX_PATH}:/opt/ros/galactic /usr/bin/cmake --install /home/wjs/cart_ros2/build/roboteq_interfaces
[12.391s] DEBUG:colcon.colcon_core.event_handler.log_command:Invoking command in '/home/wjs/cart_ros2/build/agv_body': PYTHONPATH=/home/wjs/cart_ros2/build/agv_body/prefix_override:/usr/lib/python3/dist-packages/colcon_core/task/python/colcon_distutils_commands:/home/wjs/cart_ros2/install/lib/python3.8/site-packages:${PYTHONPATH} /usr/bin/python3 -W ignore:setup.py install is deprecated -W ignore:easy_install command is deprecated setup.py develop --editable --build-directory /home/wjs/cart_ros2/build/agv_body/build --no-deps symlink_data
[13.312s] Level 1:colcon.colcon_core.environment:create_environment_scripts_only(roboteq_interfaces)
[13.315s] Level 1:colcon.colcon_core.environment:checking '/home/wjs/cart_ros2/install' for CMake module files
[13.319s] DEBUG:colcon.colcon_core.event_handler.log_command:Invoked command in '/home/wjs/cart_ros2/build/roboteq_interfaces' returned '0': CMAKE_PREFIX_PATH=${CMAKE_PREFIX_PATH}:/opt/ros/galactic /usr/bin/cmake --install /home/wjs/cart_ros2/build/roboteq_interfaces
[13.322s] Level 1:colcon.colcon_core.environment:checking '/home/wjs/cart_ros2/install' for CMake config files
[13.328s] Level 1:colcon.colcon_core.shell:create_environment_hook('roboteq_interfaces', 'cmake_prefix_path')
[13.330s] INFO:colcon.colcon_core.shell:Creating environment hook '/home/wjs/cart_ros2/install/share/roboteq_interfaces/hook/cmake_prefix_path.ps1'
[13.342s] INFO:colcon.colcon_core.shell:Creating environment descriptor '/home/wjs/cart_ros2/install/share/roboteq_interfaces/hook/cmake_prefix_path.dsv'
[13.350s] INFO:colcon.colcon_core.shell:Creating environment hook '/home/wjs/cart_ros2/install/share/roboteq_interfaces/hook/cmake_prefix_path.sh'
[13.373s] Level 1:colcon.colcon_core.environment:checking '/home/wjs/cart_ros2/install/lib'
[13.375s] Level 1:colcon.colcon_core.shell:create_environment_hook('roboteq_interfaces', 'ld_library_path_lib')
[13.380s] INFO:colcon.colcon_core.shell:Creating environment hook '/home/wjs/cart_ros2/install/share/roboteq_interfaces/hook/ld_library_path_lib.ps1'
[13.401s] INFO:colcon.colcon_core.shell:Creating environment descriptor '/home/wjs/cart_ros2/install/share/roboteq_interfaces/hook/ld_library_path_lib.dsv'
[13.411s] INFO:colcon.colcon_core.shell:Creating environment hook '/home/wjs/cart_ros2/install/share/roboteq_interfaces/hook/ld_library_path_lib.sh'
[13.441s] Level 1:colcon.colcon_core.environment:checking '/home/wjs/cart_ros2/install/bin'
[13.442s] Level 1:colcon.colcon_core.environment:checking '/home/wjs/cart_ros2/install/lib/pkgconfig/roboteq_interfaces.pc'
[13.462s] Level 1:colcon.colcon_core.environment:checking '/home/wjs/cart_ros2/install/lib/python3.8/site-packages'
[13.464s] Level 1:colcon.colcon_core.shell:create_environment_hook('roboteq_interfaces', 'pythonpath')
[13.465s] INFO:colcon.colcon_core.shell:Creating environment hook '/home/wjs/cart_ros2/install/share/roboteq_interfaces/hook/pythonpath.ps1'
[13.471s] INFO:colcon.colcon_core.shell:Creating environment descriptor '/home/wjs/cart_ros2/install/share/roboteq_interfaces/hook/pythonpath.dsv'
[13.481s] INFO:colcon.colcon_core.shell:Creating environment hook '/home/wjs/cart_ros2/install/share/roboteq_interfaces/hook/pythonpath.sh'
[13.485s] Level 1:colcon.colcon_core.environment:checking '/home/wjs/cart_ros2/install/bin'
[13.487s] INFO:colcon.colcon_core.shell:Creating package script '/home/wjs/cart_ros2/install/share/roboteq_interfaces/package.ps1'
[13.491s] INFO:colcon.colcon_core.shell:Creating package descriptor '/home/wjs/cart_ros2/install/share/roboteq_interfaces/package.dsv'
[13.494s] INFO:colcon.colcon_core.shell:Creating package script '/home/wjs/cart_ros2/install/share/roboteq_interfaces/package.sh'
[13.498s] INFO:colcon.colcon_core.shell:Creating package script '/home/wjs/cart_ros2/install/share/roboteq_interfaces/package.bash'
[13.501s] INFO:colcon.colcon_core.shell:Creating package script '/home/wjs/cart_ros2/install/share/roboteq_interfaces/package.zsh'
[13.503s] Level 1:colcon.colcon_core.environment:create_file_with_runtime_dependencies(/home/wjs/cart_ros2/install/share/colcon-core/packages/roboteq_interfaces)
[13.507s] Level 1:colcon.colcon_core.environment:create_environment_scripts_only(roboteq_interfaces)
[13.508s] Level 1:colcon.colcon_core.environment:checking '/home/wjs/cart_ros2/install' for CMake module files
[13.512s] Level 1:colcon.colcon_core.environment:checking '/home/wjs/cart_ros2/install' for CMake config files
[13.521s] Level 1:colcon.colcon_core.shell:create_environment_hook('roboteq_interfaces', 'cmake_prefix_path')
[13.523s] INFO:colcon.colcon_core.shell:Creating environment hook '/home/wjs/cart_ros2/install/share/roboteq_interfaces/hook/cmake_prefix_path.ps1'
[13.525s] INFO:colcon.colcon_core.shell:Creating environment descriptor '/home/wjs/cart_ros2/install/share/roboteq_interfaces/hook/cmake_prefix_path.dsv'
[13.535s] INFO:colcon.colcon_core.shell:Creating environment hook '/home/wjs/cart_ros2/install/share/roboteq_interfaces/hook/cmake_prefix_path.sh'
[13.539s] Level 1:colcon.colcon_core.environment:checking '/home/wjs/cart_ros2/install/lib'
[13.540s] Level 1:colcon.colcon_core.shell:create_environment_hook('roboteq_interfaces', 'ld_library_path_lib')
[13.541s] INFO:colcon.colcon_core.shell:Creating environment hook '/home/wjs/cart_ros2/install/share/roboteq_interfaces/hook/ld_library_path_lib.ps1'
[13.545s] INFO:colcon.colcon_core.shell:Creating environment descriptor '/home/wjs/cart_ros2/install/share/roboteq_interfaces/hook/ld_library_path_lib.dsv'
[13.547s] INFO:colcon.colcon_core.shell:Creating environment hook '/home/wjs/cart_ros2/install/share/roboteq_interfaces/hook/ld_library_path_lib.sh'
[13.548s] Level 1:colcon.colcon_core.environment:checking '/home/wjs/cart_ros2/install/bin'
[13.549s] Level 1:colcon.colcon_core.environment:checking '/home/wjs/cart_ros2/install/lib/pkgconfig/roboteq_interfaces.pc'
[13.550s] Level 1:colcon.colcon_core.environment:checking '/home/wjs/cart_ros2/install/lib/python3.8/site-packages'
[13.551s] Level 1:colcon.colcon_core.shell:create_environment_hook('roboteq_interfaces', 'pythonpath')
[13.552s] INFO:colcon.colcon_core.shell:Creating environment hook '/home/wjs/cart_ros2/install/share/roboteq_interfaces/hook/pythonpath.ps1'
[13.554s] INFO:colcon.colcon_core.shell:Creating environment descriptor '/home/wjs/cart_ros2/install/share/roboteq_interfaces/hook/pythonpath.dsv'
[13.556s] INFO:colcon.colcon_core.shell:Creating environment hook '/home/wjs/cart_ros2/install/share/roboteq_interfaces/hook/pythonpath.sh'
[13.561s] Level 1:colcon.colcon_core.environment:checking '/home/wjs/cart_ros2/install/bin'
[13.564s] INFO:colcon.colcon_core.shell:Creating package script '/home/wjs/cart_ros2/install/share/roboteq_interfaces/package.ps1'
[13.568s] INFO:colcon.colcon_core.shell:Creating package descriptor '/home/wjs/cart_ros2/install/share/roboteq_interfaces/package.dsv'
[13.572s] INFO:colcon.colcon_core.shell:Creating package script '/home/wjs/cart_ros2/install/share/roboteq_interfaces/package.sh'
[13.576s] INFO:colcon.colcon_core.shell:Creating package script '/home/wjs/cart_ros2/install/share/roboteq_interfaces/package.bash'
[13.579s] INFO:colcon.colcon_core.shell:Creating package script '/home/wjs/cart_ros2/install/share/roboteq_interfaces/package.zsh'
[13.582s] Level 1:colcon.colcon_core.environment:create_file_with_runtime_dependencies(/home/wjs/cart_ros2/install/share/colcon-core/packages/roboteq_interfaces)
[13.586s] INFO:colcon.colcon_ros.task.ament_cmake.build:Building ROS package in '/home/wjs/cart_ros2/src/ira_laser_tools' with build type 'ament_cmake'
[13.587s] INFO:colcon.colcon_cmake.task.cmake.build:Building CMake package in '/home/wjs/cart_ros2/src/ira_laser_tools'
[13.588s] INFO:colcon.colcon_core.shell:Skip shell extension 'powershell' for command environment: Not usable outside of PowerShell
[13.588s] DEBUG:colcon.colcon_core.shell:Skip shell extension 'dsv' for command environment
[13.719s] DEBUG:colcon.colcon_core.event_handler.log_command:Invoking command in '/home/wjs/cart_ros2/build/ira_laser_tools': CMAKE_PREFIX_PATH=${CMAKE_PREFIX_PATH}:/opt/ros/galactic /usr/bin/cmake --build /home/wjs/cart_ros2/build/ira_laser_tools -- -j4 -l4
[15.529s] DEBUG:colcon.colcon_core.event_handler.log_command:Invoked command in '/home/wjs/cart_ros2/build/ira_laser_tools' returned '0': CMAKE_PREFIX_PATH=${CMAKE_PREFIX_PATH}:/opt/ros/galactic /usr/bin/cmake --build /home/wjs/cart_ros2/build/ira_laser_tools -- -j4 -l4
[15.557s] DEBUG:colcon.colcon_core.event_handler.log_command:Invoking command in '/home/wjs/cart_ros2/build/ira_laser_tools': CMAKE_PREFIX_PATH=${CMAKE_PREFIX_PATH}:/opt/ros/galactic /usr/bin/cmake --install /home/wjs/cart_ros2/build/ira_laser_tools
[15.905s] Level 1:colcon.colcon_core.environment:create_environment_scripts_only(ira_laser_tools)
[15.908s] Level 1:colcon.colcon_core.environment:checking '/home/wjs/cart_ros2/install' for CMake module files
[15.911s] DEBUG:colcon.colcon_core.event_handler.log_command:Invoked command in '/home/wjs/cart_ros2/build/ira_laser_tools' returned '0': CMAKE_PREFIX_PATH=${CMAKE_PREFIX_PATH}:/opt/ros/galactic /usr/bin/cmake --install /home/wjs/cart_ros2/build/ira_laser_tools
[15.914s] Level 1:colcon.colcon_core.environment:checking '/home/wjs/cart_ros2/install' for CMake config files
[15.954s] Level 1:colcon.colcon_core.shell:create_environment_hook('ira_laser_tools', 'cmake_prefix_path')
[15.955s] INFO:colcon.colcon_core.shell:Creating environment hook '/home/wjs/cart_ros2/install/share/ira_laser_tools/hook/cmake_prefix_path.ps1'
[16.001s] INFO:colcon.colcon_core.shell:Creating environment descriptor '/home/wjs/cart_ros2/install/share/ira_laser_tools/hook/cmake_prefix_path.dsv'
[16.019s] INFO:colcon.colcon_core.shell:Creating environment hook '/home/wjs/cart_ros2/install/share/ira_laser_tools/hook/cmake_prefix_path.sh'
[16.052s] Level 1:colcon.colcon_core.environment:checking '/home/wjs/cart_ros2/install/lib'
[16.052s] Level 1:colcon.colcon_core.shell:create_environment_hook('ira_laser_tools', 'ld_library_path_lib')
[16.054s] INFO:colcon.colcon_core.shell:Creating environment hook '/home/wjs/cart_ros2/install/share/ira_laser_tools/hook/ld_library_path_lib.ps1'
[16.057s] INFO:colcon.colcon_core.shell:Creating environment descriptor '/home/wjs/cart_ros2/install/share/ira_laser_tools/hook/ld_library_path_lib.dsv'
[16.061s] INFO:colcon.colcon_core.shell:Creating environment hook '/home/wjs/cart_ros2/install/share/ira_laser_tools/hook/ld_library_path_lib.sh'
[16.066s] Level 1:colcon.colcon_core.environment:checking '/home/wjs/cart_ros2/install/bin'
[16.067s] Level 1:colcon.colcon_core.environment:checking '/home/wjs/cart_ros2/install/lib/pkgconfig/ira_laser_tools.pc'
[16.071s] Level 1:colcon.colcon_core.environment:checking '/home/wjs/cart_ros2/install/lib/python3.8/site-packages'
[16.071s] Level 1:colcon.colcon_core.shell:create_environment_hook('ira_laser_tools', 'pythonpath')
[16.072s] INFO:colcon.colcon_core.shell:Creating environment hook '/home/wjs/cart_ros2/install/share/ira_laser_tools/hook/pythonpath.ps1'
[16.074s] INFO:colcon.colcon_core.shell:Creating environment descriptor '/home/wjs/cart_ros2/install/share/ira_laser_tools/hook/pythonpath.dsv'
[16.078s] INFO:colcon.colcon_core.shell:Creating environment hook '/home/wjs/cart_ros2/install/share/ira_laser_tools/hook/pythonpath.sh'
[16.083s] Level 1:colcon.colcon_core.environment:checking '/home/wjs/cart_ros2/install/bin'
[16.086s] INFO:colcon.colcon_core.shell:Creating package script '/home/wjs/cart_ros2/install/share/ira_laser_tools/package.ps1'
[16.091s] INFO:colcon.colcon_core.shell:Creating package descriptor '/home/wjs/cart_ros2/install/share/ira_laser_tools/package.dsv'
[16.094s] INFO:colcon.colcon_core.shell:Creating package script '/home/wjs/cart_ros2/install/share/ira_laser_tools/package.sh'
[16.102s] INFO:colcon.colcon_core.shell:Creating package script '/home/wjs/cart_ros2/install/share/ira_laser_tools/package.bash'
[16.106s] INFO:colcon.colcon_core.shell:Creating package script '/home/wjs/cart_ros2/install/share/ira_laser_tools/package.zsh'
[16.108s] Level 1:colcon.colcon_core.environment:create_file_with_runtime_dependencies(/home/wjs/cart_ros2/install/share/colcon-core/packages/ira_laser_tools)
[16.114s] Level 1:colcon.colcon_core.environment:create_environment_scripts_only(ira_laser_tools)
[16.116s] Level 1:colcon.colcon_core.environment:checking '/home/wjs/cart_ros2/install' for CMake module files
[16.121s] Level 1:colcon.colcon_core.environment:checking '/home/wjs/cart_ros2/install' for CMake config files
[16.128s] Level 1:colcon.colcon_core.shell:create_environment_hook('ira_laser_tools', 'cmake_prefix_path')
[16.134s] INFO:colcon.colcon_core.shell:Creating environment hook '/home/wjs/cart_ros2/install/share/ira_laser_tools/hook/cmake_prefix_path.ps1'
[16.142s] INFO:colcon.colcon_core.shell:Creating environment descriptor '/home/wjs/cart_ros2/install/share/ira_laser_tools/hook/cmake_prefix_path.dsv'
[16.154s] INFO:colcon.colcon_core.shell:Creating environment hook '/home/wjs/cart_ros2/install/share/ira_laser_tools/hook/cmake_prefix_path.sh'
[16.166s] Level 1:colcon.colcon_core.environment:checking '/home/wjs/cart_ros2/install/lib'
[16.167s] Level 1:colcon.colcon_core.shell:create_environment_hook('ira_laser_tools', 'ld_library_path_lib')
[16.172s] INFO:colcon.colcon_core.shell:Creating environment hook '/home/wjs/cart_ros2/install/share/ira_laser_tools/hook/ld_library_path_lib.ps1'
[16.179s] INFO:colcon.colcon_core.shell:Creating environment descriptor '/home/wjs/cart_ros2/install/share/ira_laser_tools/hook/ld_library_path_lib.dsv'
[16.191s] INFO:colcon.colcon_core.shell:Creating environment hook '/home/wjs/cart_ros2/install/share/ira_laser_tools/hook/ld_library_path_lib.sh'
[16.200s] Level 1:colcon.colcon_core.environment:checking '/home/wjs/cart_ros2/install/bin'
[16.201s] Level 1:colcon.colcon_core.environment:checking '/home/wjs/cart_ros2/install/lib/pkgconfig/ira_laser_tools.pc'
[16.201s] Level 1:colcon.colcon_core.environment:checking '/home/wjs/cart_ros2/install/lib/python3.8/site-packages'
[16.202s] Level 1:colcon.colcon_core.shell:create_environment_hook('ira_laser_tools', 'pythonpath')
[16.203s] INFO:colcon.colcon_core.shell:Creating environment hook '/home/wjs/cart_ros2/install/share/ira_laser_tools/hook/pythonpath.ps1'
[16.228s] INFO:colcon.colcon_core.shell:Creating environment descriptor '/home/wjs/cart_ros2/install/share/ira_laser_tools/hook/pythonpath.dsv'
[16.249s] INFO:colcon.colcon_core.shell:Creating environment hook '/home/wjs/cart_ros2/install/share/ira_laser_tools/hook/pythonpath.sh'
[16.275s] Level 1:colcon.colcon_core.environment:checking '/home/wjs/cart_ros2/install/bin'
[16.277s] INFO:colcon.colcon_core.shell:Creating package script '/home/wjs/cart_ros2/install/share/ira_laser_tools/package.ps1'
[16.300s] INFO:colcon.colcon_core.shell:Creating package descriptor '/home/wjs/cart_ros2/install/share/ira_laser_tools/package.dsv'
[16.330s] INFO:colcon.colcon_core.shell:Creating package script '/home/wjs/cart_ros2/install/share/ira_laser_tools/package.sh'
[16.350s] INFO:colcon.colcon_core.shell:Creating package script '/home/wjs/cart_ros2/install/share/ira_laser_tools/package.bash'
[16.353s] INFO:colcon.colcon_core.shell:Creating package script '/home/wjs/cart_ros2/install/share/ira_laser_tools/package.zsh'
[16.355s] Level 1:colcon.colcon_core.environment:create_file_with_runtime_dependencies(/home/wjs/cart_ros2/install/share/colcon-core/packages/ira_laser_tools)
[16.377s] INFO:colcon.colcon_ros.task.ament_cmake.build:Building ROS package in '/home/wjs/cart_ros2/src/laser_filters' with build type 'ament_cmake'
[16.378s] INFO:colcon.colcon_cmake.task.cmake.build:Building CMake package in '/home/wjs/cart_ros2/src/laser_filters'
[16.379s] INFO:colcon.colcon_core.shell:Skip shell extension 'powershell' for command environment: Not usable outside of PowerShell
[16.380s] DEBUG:colcon.colcon_core.shell:Skip shell extension 'dsv' for command environment
[16.538s] DEBUG:colcon.colcon_core.event_handler.log_command:Invoking command in '/home/wjs/cart_ros2/build/laser_filters': CMAKE_PREFIX_PATH=${CMAKE_PREFIX_PATH}:/opt/ros/galactic /usr/bin/cmake --build /home/wjs/cart_ros2/build/laser_filters -- -j4 -l4
[17.937s] DEBUG:colcon.colcon_core.event_handler.log_command:Invoking command in '/home/wjs/cart_ros2/build/arduino_ros2': PYTHONPATH=/home/wjs/cart_ros2/build/arduino_ros2/prefix_override:/usr/lib/python3/dist-packages/colcon_core/task/python/colcon_distutils_commands:/home/wjs/cart_ros2/install/lib/python3.8/site-packages:${PYTHONPATH} /usr/bin/python3 -W ignore:setup.py install is deprecated -W ignore:easy_install command is deprecated setup.py develop --editable --build-directory /home/wjs/cart_ros2/build/arduino_ros2/build --no-deps symlink_data
[18.139s] DEBUG:colcon.colcon_core.event_handler.log_command:Invoking command in '/home/wjs/cart_ros2/build/differential_drive': PYTHONPATH=/home/wjs/cart_ros2/build/differential_drive/prefix_override:/usr/lib/python3/dist-packages/colcon_core/task/python/colcon_distutils_commands:/home/wjs/cart_ros2/install/lib/python3.8/site-packages:${PYTHONPATH} /usr/bin/python3 -W ignore:setup.py install is deprecated -W ignore:easy_install command is deprecated setup.py develop --editable --build-directory /home/wjs/cart_ros2/build/differential_drive/build --no-deps symlink_data
[18.248s] Level 1:colcon.colcon_core.shell:create_environment_hook('agv_body', 'pythonpath_develop')
[18.251s] DEBUG:colcon.colcon_core.event_handler.log_command:Invoked command in '/home/wjs/cart_ros2/build/agv_body' returned '0': PYTHONPATH=/home/wjs/cart_ros2/build/agv_body/prefix_override:/usr/lib/python3/dist-packages/colcon_core/task/python/colcon_distutils_commands:/home/wjs/cart_ros2/install/lib/python3.8/site-packages:${PYTHONPATH} /usr/bin/python3 -W ignore:setup.py install is deprecated -W ignore:easy_install command is deprecated setup.py develop --editable --build-directory /home/wjs/cart_ros2/build/agv_body/build --no-deps symlink_data
[18.255s] INFO:colcon.colcon_core.shell:Creating environment hook '/home/wjs/cart_ros2/build/agv_body/share/agv_body/hook/pythonpath_develop.ps1'
[18.261s] INFO:colcon.colcon_core.shell:Creating environment descriptor '/home/wjs/cart_ros2/build/agv_body/share/agv_body/hook/pythonpath_develop.dsv'
[18.293s] INFO:colcon.colcon_core.shell:Creating environment hook '/home/wjs/cart_ros2/build/agv_body/share/agv_body/hook/pythonpath_develop.sh'
[18.300s] Level 1:colcon.colcon_core.environment:checking '/home/wjs/cart_ros2/install' for CMake module files
[18.304s] Level 1:colcon.colcon_core.environment:checking '/home/wjs/cart_ros2/install' for CMake config files
[18.316s] Level 1:colcon.colcon_core.shell:create_environment_hook('agv_body', 'cmake_prefix_path')
[18.318s] INFO:colcon.colcon_core.shell:Creating environment hook '/home/wjs/cart_ros2/install/share/agv_body/hook/cmake_prefix_path.ps1'
[18.322s] INFO:colcon.colcon_core.shell:Creating environment descriptor '/home/wjs/cart_ros2/install/share/agv_body/hook/cmake_prefix_path.dsv'
[18.336s] INFO:colcon.colcon_core.shell:Creating environment hook '/home/wjs/cart_ros2/install/share/agv_body/hook/cmake_prefix_path.sh'
[18.343s] Level 1:colcon.colcon_core.environment:checking '/home/wjs/cart_ros2/install/lib'
[18.343s] Level 1:colcon.colcon_core.shell:create_environment_hook('agv_body', 'ld_library_path_lib')
[18.346s] INFO:colcon.colcon_core.shell:Creating environment hook '/home/wjs/cart_ros2/install/share/agv_body/hook/ld_library_path_lib.ps1'
[18.350s] INFO:colcon.colcon_core.shell:Creating environment descriptor '/home/wjs/cart_ros2/install/share/agv_body/hook/ld_library_path_lib.dsv'
[18.354s] INFO:colcon.colcon_core.shell:Creating environment hook '/home/wjs/cart_ros2/install/share/agv_body/hook/ld_library_path_lib.sh'
[18.358s] Level 1:colcon.colcon_core.environment:checking '/home/wjs/cart_ros2/install/bin'
[18.358s] Level 1:colcon.colcon_core.environment:checking '/home/wjs/cart_ros2/install/lib/pkgconfig/agv_body.pc'
[18.361s] Level 1:colcon.colcon_core.environment:checking '/home/wjs/cart_ros2/install/lib/python3.8/site-packages'
[18.361s] Level 1:colcon.colcon_core.shell:create_environment_hook('agv_body', 'pythonpath')
[18.362s] INFO:colcon.colcon_core.shell:Creating environment hook '/home/wjs/cart_ros2/install/share/agv_body/hook/pythonpath.ps1'
[18.366s] INFO:colcon.colcon_core.shell:Creating environment descriptor '/home/wjs/cart_ros2/install/share/agv_body/hook/pythonpath.dsv'
[18.371s] INFO:colcon.colcon_core.shell:Creating environment hook '/home/wjs/cart_ros2/install/share/agv_body/hook/pythonpath.sh'
[18.377s] Level 1:colcon.colcon_core.environment:checking '/home/wjs/cart_ros2/install/bin'
[18.377s] Level 1:colcon.colcon_core.environment:create_environment_scripts_only(agv_body)
[18.379s] INFO:colcon.colcon_core.shell:Creating package script '/home/wjs/cart_ros2/install/share/agv_body/package.ps1'
[18.383s] INFO:colcon.colcon_core.shell:Creating package descriptor '/home/wjs/cart_ros2/install/share/agv_body/package.dsv'
[18.387s] INFO:colcon.colcon_core.shell:Creating package script '/home/wjs/cart_ros2/install/share/agv_body/package.sh'
[18.390s] INFO:colcon.colcon_core.shell:Creating package script '/home/wjs/cart_ros2/install/share/agv_body/package.bash'
[18.394s] INFO:colcon.colcon_core.shell:Creating package script '/home/wjs/cart_ros2/install/share/agv_body/package.zsh'
[18.397s] Level 1:colcon.colcon_core.environment:create_file_with_runtime_dependencies(/home/wjs/cart_ros2/install/share/colcon-core/packages/agv_body)
[18.402s] INFO:colcon.colcon_ros.task.ament_cmake.build:Building ROS package in '/home/wjs/cart_ros2/src/sllidar_ros2' with build type 'ament_cmake'
[18.403s] INFO:colcon.colcon_cmake.task.cmake.build:Building CMake package in '/home/wjs/cart_ros2/src/sllidar_ros2'
[18.404s] INFO:colcon.colcon_core.shell:Skip shell extension 'powershell' for command environment: Not usable outside of PowerShell
[18.404s] DEBUG:colcon.colcon_core.shell:Skip shell extension 'dsv' for command environment
[18.608s] DEBUG:colcon.colcon_core.event_handler.log_command:Invoking command in '/home/wjs/cart_ros2/build/sllidar_ros2': CMAKE_PREFIX_PATH=${CMAKE_PREFIX_PATH}:/opt/ros/galactic /usr/bin/cmake --build /home/wjs/cart_ros2/build/sllidar_ros2 -- -j4 -l4
[19.974s] DEBUG:colcon.colcon_core.event_handler.log_command:Invoked command in '/home/wjs/cart_ros2/build/sllidar_ros2' returned '0': CMAKE_PREFIX_PATH=${CMAKE_PREFIX_PATH}:/opt/ros/galactic /usr/bin/cmake --build /home/wjs/cart_ros2/build/sllidar_ros2 -- -j4 -l4
[19.984s] DEBUG:colcon.colcon_core.event_handler.log_command:Invoking command in '/home/wjs/cart_ros2/build/sllidar_ros2': CMAKE_PREFIX_PATH=${CMAKE_PREFIX_PATH}:/opt/ros/galactic /usr/bin/cmake --install /home/wjs/cart_ros2/build/sllidar_ros2
[20.380s] Level 1:colcon.colcon_core.environment:create_environment_scripts_only(sllidar_ros2)
[20.384s] Level 1:colcon.colcon_core.environment:checking '/home/wjs/cart_ros2/install' for CMake module files
[20.385s] DEBUG:colcon.colcon_core.event_handler.log_command:Invoked command in '/home/wjs/cart_ros2/build/sllidar_ros2' returned '0': CMAKE_PREFIX_PATH=${CMAKE_PREFIX_PATH}:/opt/ros/galactic /usr/bin/cmake --install /home/wjs/cart_ros2/build/sllidar_ros2
[20.396s] Level 1:colcon.colcon_core.environment:checking '/home/wjs/cart_ros2/install' for CMake config files
[20.423s] Level 1:colcon.colcon_core.shell:create_environment_hook('sllidar_ros2', 'cmake_prefix_path')
[20.437s] INFO:colcon.colcon_core.shell:Creating environment hook '/home/wjs/cart_ros2/install/share/sllidar_ros2/hook/cmake_prefix_path.ps1'
[20.456s] INFO:colcon.colcon_core.shell:Creating environment descriptor '/home/wjs/cart_ros2/install/share/sllidar_ros2/hook/cmake_prefix_path.dsv'
[20.470s] INFO:colcon.colcon_core.shell:Creating environment hook '/home/wjs/cart_ros2/install/share/sllidar_ros2/hook/cmake_prefix_path.sh'
[20.482s] Level 1:colcon.colcon_core.environment:checking '/home/wjs/cart_ros2/install/lib'
[20.487s] Level 1:colcon.colcon_core.shell:create_environment_hook('sllidar_ros2', 'ld_library_path_lib')
[20.503s] INFO:colcon.colcon_core.shell:Creating environment hook '/home/wjs/cart_ros2/install/share/sllidar_ros2/hook/ld_library_path_lib.ps1'
[20.518s] INFO:colcon.colcon_core.shell:Creating environment descriptor '/home/wjs/cart_ros2/install/share/sllidar_ros2/hook/ld_library_path_lib.dsv'
[20.530s] INFO:colcon.colcon_core.shell:Creating environment hook '/home/wjs/cart_ros2/install/share/sllidar_ros2/hook/ld_library_path_lib.sh'
[20.537s] Level 1:colcon.colcon_core.environment:checking '/home/wjs/cart_ros2/install/bin'
[20.541s] Level 1:colcon.colcon_core.environment:checking '/home/wjs/cart_ros2/install/lib/pkgconfig/sllidar_ros2.pc'
[20.545s] Level 1:colcon.colcon_core.environment:checking '/home/wjs/cart_ros2/install/lib/python3.8/site-packages'
[20.545s] Level 1:colcon.colcon_core.shell:create_environment_hook('sllidar_ros2', 'pythonpath')
[20.546s] INFO:colcon.colcon_core.shell:Creating environment hook '/home/wjs/cart_ros2/install/share/sllidar_ros2/hook/pythonpath.ps1'
[20.552s] INFO:colcon.colcon_core.shell:Creating environment descriptor '/home/wjs/cart_ros2/install/share/sllidar_ros2/hook/pythonpath.dsv'
[20.578s] INFO:colcon.colcon_core.shell:Creating environment hook '/home/wjs/cart_ros2/install/share/sllidar_ros2/hook/pythonpath.sh'
[20.603s] Level 1:colcon.colcon_core.environment:checking '/home/wjs/cart_ros2/install/bin'
[20.608s] INFO:colcon.colcon_core.shell:Creating package script '/home/wjs/cart_ros2/install/share/sllidar_ros2/package.ps1'
[20.613s] INFO:colcon.colcon_core.shell:Creating package descriptor '/home/wjs/cart_ros2/install/share/sllidar_ros2/package.dsv'
[20.625s] INFO:colcon.colcon_core.shell:Creating package script '/home/wjs/cart_ros2/install/share/sllidar_ros2/package.sh'
[20.628s] INFO:colcon.colcon_core.shell:Creating package script '/home/wjs/cart_ros2/install/share/sllidar_ros2/package.bash'
[20.650s] INFO:colcon.colcon_core.shell:Creating package script '/home/wjs/cart_ros2/install/share/sllidar_ros2/package.zsh'
[20.665s] Level 1:colcon.colcon_core.environment:create_file_with_runtime_dependencies(/home/wjs/cart_ros2/install/share/colcon-core/packages/sllidar_ros2)
[20.686s] Level 1:colcon.colcon_core.environment:create_environment_scripts_only(sllidar_ros2)
[20.689s] Level 1:colcon.colcon_core.environment:checking '/home/wjs/cart_ros2/install' for CMake module files
[20.692s] Level 1:colcon.colcon_core.environment:checking '/home/wjs/cart_ros2/install' for CMake config files
[20.714s] Level 1:colcon.colcon_core.shell:create_environment_hook('sllidar_ros2', 'cmake_prefix_path')
[20.715s] INFO:colcon.colcon_core.shell:Creating environment hook '/home/wjs/cart_ros2/install/share/sllidar_ros2/hook/cmake_prefix_path.ps1'
[20.725s] INFO:colcon.colcon_core.shell:Creating environment descriptor '/home/wjs/cart_ros2/install/share/sllidar_ros2/hook/cmake_prefix_path.dsv'
[20.733s] INFO:colcon.colcon_core.shell:Creating environment hook '/home/wjs/cart_ros2/install/share/sllidar_ros2/hook/cmake_prefix_path.sh'
[20.739s] Level 1:colcon.colcon_core.environment:checking '/home/wjs/cart_ros2/install/lib'
[20.740s] Level 1:colcon.colcon_core.shell:create_environment_hook('sllidar_ros2', 'ld_library_path_lib')
[20.741s] INFO:colcon.colcon_core.shell:Creating environment hook '/home/wjs/cart_ros2/install/share/sllidar_ros2/hook/ld_library_path_lib.ps1'
[20.743s] INFO:colcon.colcon_core.shell:Creating environment descriptor '/home/wjs/cart_ros2/install/share/sllidar_ros2/hook/ld_library_path_lib.dsv'
[20.745s] INFO:colcon.colcon_core.shell:Creating environment hook '/home/wjs/cart_ros2/install/share/sllidar_ros2/hook/ld_library_path_lib.sh'
[20.747s] Level 1:colcon.colcon_core.environment:checking '/home/wjs/cart_ros2/install/bin'
[20.748s] Level 1:colcon.colcon_core.environment:checking '/home/wjs/cart_ros2/install/lib/pkgconfig/sllidar_ros2.pc'
[20.748s] Level 1:colcon.colcon_core.environment:checking '/home/wjs/cart_ros2/install/lib/python3.8/site-packages'
[20.749s] Level 1:colcon.colcon_core.shell:create_environment_hook('sllidar_ros2', 'pythonpath')
[20.750s] INFO:colcon.colcon_core.shell:Creating environment hook '/home/wjs/cart_ros2/install/share/sllidar_ros2/hook/pythonpath.ps1'
[20.753s] INFO:colcon.colcon_core.shell:Creating environment descriptor '/home/wjs/cart_ros2/install/share/sllidar_ros2/hook/pythonpath.dsv'
[20.755s] INFO:colcon.colcon_core.shell:Creating environment hook '/home/wjs/cart_ros2/install/share/sllidar_ros2/hook/pythonpath.sh'
[20.758s] Level 1:colcon.colcon_core.environment:checking '/home/wjs/cart_ros2/install/bin'
[20.761s] INFO:colcon.colcon_core.shell:Creating package script '/home/wjs/cart_ros2/install/share/sllidar_ros2/package.ps1'
[20.766s] INFO:colcon.colcon_core.shell:Creating package descriptor '/home/wjs/cart_ros2/install/share/sllidar_ros2/package.dsv'
[20.769s] INFO:colcon.colcon_core.shell:Creating package script '/home/wjs/cart_ros2/install/share/sllidar_ros2/package.sh'
[20.774s] INFO:colcon.colcon_core.shell:Creating package script '/home/wjs/cart_ros2/install/share/sllidar_ros2/package.bash'
[20.776s] INFO:colcon.colcon_core.shell:Creating package script '/home/wjs/cart_ros2/install/share/sllidar_ros2/package.zsh'
[20.779s] Level 1:colcon.colcon_core.environment:create_file_with_runtime_dependencies(/home/wjs/cart_ros2/install/share/colcon-core/packages/sllidar_ros2)
[20.781s] INFO:colcon.colcon_ros.task.ament_cmake.build:Building ROS package in '/home/wjs/cart_ros2/src/2th_NtrexAHRS_lib_ROS/ros2_example/stella_ahrs' with build type 'ament_cmake'
[20.782s] INFO:colcon.colcon_cmake.task.cmake.build:Building CMake package in '/home/wjs/cart_ros2/src/2th_NtrexAHRS_lib_ROS/ros2_example/stella_ahrs'
[20.783s] INFO:colcon.colcon_core.shell:Skip shell extension 'powershell' for command environment: Not usable outside of PowerShell
[20.785s] DEBUG:colcon.colcon_core.shell:Skip shell extension 'dsv' for command environment
[20.952s] DEBUG:colcon.colcon_core.event_handler.log_command:Invoking command in '/home/wjs/cart_ros2/build/stella_ahrs': CMAKE_PREFIX_PATH=${CMAKE_PREFIX_PATH}:/opt/ros/galactic /usr/bin/cmake --build /home/wjs/cart_ros2/build/stella_ahrs -- -j4 -l4
[21.030s] DEBUG:colcon.colcon_core.event_handler.log_command:Invoked command in '/home/wjs/cart_ros2/build/laser_filters' returned '0': CMAKE_PREFIX_PATH=${CMAKE_PREFIX_PATH}:/opt/ros/galactic /usr/bin/cmake --build /home/wjs/cart_ros2/build/laser_filters -- -j4 -l4
[21.053s] DEBUG:colcon.colcon_core.event_handler.log_command:Invoking command in '/home/wjs/cart_ros2/build/laser_filters': CMAKE_PREFIX_PATH=${CMAKE_PREFIX_PATH}:/opt/ros/galactic /usr/bin/cmake --install /home/wjs/cart_ros2/build/laser_filters
[21.741s] Level 1:colcon.colcon_core.environment:create_environment_scripts_only(laser_filters)
[21.743s] DEBUG:colcon.colcon_core.event_handler.log_command:Invoked command in '/home/wjs/cart_ros2/build/laser_filters' returned '0': CMAKE_PREFIX_PATH=${CMAKE_PREFIX_PATH}:/opt/ros/galactic /usr/bin/cmake --install /home/wjs/cart_ros2/build/laser_filters
[21.746s] Level 1:colcon.colcon_core.environment:checking '/home/wjs/cart_ros2/install' for CMake module files
[21.751s] Level 1:colcon.colcon_core.environment:checking '/home/wjs/cart_ros2/install' for CMake config files
[21.784s] Level 1:colcon.colcon_core.shell:create_environment_hook('laser_filters', 'cmake_prefix_path')
[21.797s] INFO:colcon.colcon_core.shell:Creating environment hook '/home/wjs/cart_ros2/install/share/laser_filters/hook/cmake_prefix_path.ps1'
[21.811s] INFO:colcon.colcon_core.shell:Creating environment descriptor '/home/wjs/cart_ros2/install/share/laser_filters/hook/cmake_prefix_path.dsv'
[21.847s] INFO:colcon.colcon_core.shell:Creating environment hook '/home/wjs/cart_ros2/install/share/laser_filters/hook/cmake_prefix_path.sh'
[21.868s] Level 1:colcon.colcon_core.environment:checking '/home/wjs/cart_ros2/install/lib'
[21.869s] Level 1:colcon.colcon_core.shell:create_environment_hook('laser_filters', 'ld_library_path_lib')
[21.870s] INFO:colcon.colcon_core.shell:Creating environment hook '/home/wjs/cart_ros2/install/share/laser_filters/hook/ld_library_path_lib.ps1'
[21.886s] INFO:colcon.colcon_core.shell:Creating environment descriptor '/home/wjs/cart_ros2/install/share/laser_filters/hook/ld_library_path_lib.dsv'
[21.896s] INFO:colcon.colcon_core.shell:Creating environment hook '/home/wjs/cart_ros2/install/share/laser_filters/hook/ld_library_path_lib.sh'
[21.899s] Level 1:colcon.colcon_core.environment:checking '/home/wjs/cart_ros2/install/bin'
[21.899s] Level 1:colcon.colcon_core.environment:checking '/home/wjs/cart_ros2/install/lib/pkgconfig/laser_filters.pc'
[21.902s] Level 1:colcon.colcon_core.environment:checking '/home/wjs/cart_ros2/install/lib/python3.8/site-packages'
[21.902s] Level 1:colcon.colcon_core.shell:create_environment_hook('laser_filters', 'pythonpath')
[21.903s] INFO:colcon.colcon_core.shell:Creating environment hook '/home/wjs/cart_ros2/install/share/laser_filters/hook/pythonpath.ps1'
[21.906s] INFO:colcon.colcon_core.shell:Creating environment descriptor '/home/wjs/cart_ros2/install/share/laser_filters/hook/pythonpath.dsv'
[21.920s] INFO:colcon.colcon_core.shell:Creating environment hook '/home/wjs/cart_ros2/install/share/laser_filters/hook/pythonpath.sh'
[21.935s] Level 1:colcon.colcon_core.environment:checking '/home/wjs/cart_ros2/install/bin'
[21.936s] INFO:colcon.colcon_core.shell:Creating package script '/home/wjs/cart_ros2/install/share/laser_filters/package.ps1'
[21.951s] INFO:colcon.colcon_core.shell:Creating package descriptor '/home/wjs/cart_ros2/install/share/laser_filters/package.dsv'
[21.953s] INFO:colcon.colcon_core.shell:Creating package script '/home/wjs/cart_ros2/install/share/laser_filters/package.sh'
[21.956s] INFO:colcon.colcon_core.shell:Creating package script '/home/wjs/cart_ros2/install/share/laser_filters/package.bash'
[21.958s] INFO:colcon.colcon_core.shell:Creating package script '/home/wjs/cart_ros2/install/share/laser_filters/package.zsh'
[21.960s] Level 1:colcon.colcon_core.environment:create_file_with_runtime_dependencies(/home/wjs/cart_ros2/install/share/colcon-core/packages/laser_filters)
[21.964s] Level 1:colcon.colcon_core.environment:create_environment_scripts_only(laser_filters)
[21.965s] Level 1:colcon.colcon_core.environment:checking '/home/wjs/cart_ros2/install' for CMake module files
[21.967s] Level 1:colcon.colcon_core.environment:checking '/home/wjs/cart_ros2/install' for CMake config files
[21.974s] Level 1:colcon.colcon_core.shell:create_environment_hook('laser_filters', 'cmake_prefix_path')
[21.976s] INFO:colcon.colcon_core.shell:Creating environment hook '/home/wjs/cart_ros2/install/share/laser_filters/hook/cmake_prefix_path.ps1'
[21.978s] INFO:colcon.colcon_core.shell:Creating environment descriptor '/home/wjs/cart_ros2/install/share/laser_filters/hook/cmake_prefix_path.dsv'
[21.985s] INFO:colcon.colcon_core.shell:Creating environment hook '/home/wjs/cart_ros2/install/share/laser_filters/hook/cmake_prefix_path.sh'
[21.988s] Level 1:colcon.colcon_core.environment:checking '/home/wjs/cart_ros2/install/lib'
[21.989s] Level 1:colcon.colcon_core.shell:create_environment_hook('laser_filters', 'ld_library_path_lib')
[21.990s] INFO:colcon.colcon_core.shell:Creating environment hook '/home/wjs/cart_ros2/install/share/laser_filters/hook/ld_library_path_lib.ps1'
[21.992s] INFO:colcon.colcon_core.shell:Creating environment descriptor '/home/wjs/cart_ros2/install/share/laser_filters/hook/ld_library_path_lib.dsv'
[21.994s] INFO:colcon.colcon_core.shell:Creating environment hook '/home/wjs/cart_ros2/install/share/laser_filters/hook/ld_library_path_lib.sh'
[21.996s] Level 1:colcon.colcon_core.environment:checking '/home/wjs/cart_ros2/install/bin'
[21.996s] Level 1:colcon.colcon_core.environment:checking '/home/wjs/cart_ros2/install/lib/pkgconfig/laser_filters.pc'
[21.997s] Level 1:colcon.colcon_core.environment:checking '/home/wjs/cart_ros2/install/lib/python3.8/site-packages'
[21.997s] Level 1:colcon.colcon_core.shell:create_environment_hook('laser_filters', 'pythonpath')
[21.999s] INFO:colcon.colcon_core.shell:Creating environment hook '/home/wjs/cart_ros2/install/share/laser_filters/hook/pythonpath.ps1'
[22.010s] INFO:colcon.colcon_core.shell:Creating environment descriptor '/home/wjs/cart_ros2/install/share/laser_filters/hook/pythonpath.dsv'
[22.018s] INFO:colcon.colcon_core.shell:Creating environment hook '/home/wjs/cart_ros2/install/share/laser_filters/hook/pythonpath.sh'
[22.021s] Level 1:colcon.colcon_core.environment:checking '/home/wjs/cart_ros2/install/bin'
[22.023s] INFO:colcon.colcon_core.shell:Creating package script '/home/wjs/cart_ros2/install/share/laser_filters/package.ps1'
[22.031s] INFO:colcon.colcon_core.shell:Creating package descriptor '/home/wjs/cart_ros2/install/share/laser_filters/package.dsv'
[22.045s] INFO:colcon.colcon_core.shell:Creating package script '/home/wjs/cart_ros2/install/share/laser_filters/package.sh'
[22.050s] INFO:colcon.colcon_core.shell:Creating package script '/home/wjs/cart_ros2/install/share/laser_filters/package.bash'
[22.058s] INFO:colcon.colcon_core.shell:Creating package script '/home/wjs/cart_ros2/install/share/laser_filters/package.zsh'
[22.061s] Level 1:colcon.colcon_core.environment:create_file_with_runtime_dependencies(/home/wjs/cart_ros2/install/share/colcon-core/packages/laser_filters)
[22.078s] INFO:colcon.colcon_ros.task.ament_cmake.build:Building ROS package in '/home/wjs/cart_ros2/src/roboteq_controller_ros-galactic-devel/roboteq_controller' with build type 'ament_cmake'
[22.101s] INFO:colcon.colcon_cmake.task.cmake.build:Building CMake package in '/home/wjs/cart_ros2/src/roboteq_controller_ros-galactic-devel/roboteq_controller'
[22.103s] INFO:colcon.colcon_core.shell:Skip shell extension 'powershell' for command environment: Not usable outside of PowerShell
[22.104s] DEBUG:colcon.colcon_core.shell:Skip shell extension 'dsv' for command environment
[22.406s] DEBUG:colcon.colcon_core.event_handler.log_command:Invoking command in '/home/wjs/cart_ros2/build/roboteq_controller': CMAKE_PREFIX_PATH=${CMAKE_PREFIX_PATH}:/opt/ros/galactic LD_LIBRARY_PATH=/home/wjs/cart_ros2/install/lib:/opt/opencv-4.5.5-cuda/lib:/home/wjs/tb3_tpl_ws/install/lib:/opt/ros/galactic/opt/yaml_cpp_vendor/lib:/opt/ros/galactic/opt/rviz_ogre_vendor/lib:/opt/ros/galactic/lib/aarch64-linux-gnu:/opt/ros/galactic/lib:/usr/local/cuda-11.4/lib64 PYTHONPATH=/home/wjs/cart_ros2/install/lib/python3.8/site-packages:/opt/opencv-4.5.5-cuda/lib/python3.8/site-packages:/home/wjs/cart_ros2/build/differential_drive/src:/home/wjs/cart_ros2/build/arduino_ros2:/home/wjs/cart_ros2/build/agv_body:/home/wjs/tb3_tpl_ws/build/turtlebot3_teleop:/home/wjs/tb3_tpl_ws/install/lib/python3.8/site-packages:/opt/ros/galactic/lib/python3.8/site-packages /usr/bin/cmake --build /home/wjs/cart_ros2/build/roboteq_controller -- -j4 -l4
[22.542s] DEBUG:colcon.colcon_core.event_handler.log_command:Invoked command in '/home/wjs/cart_ros2/build/stella_ahrs' returned '0': CMAKE_PREFIX_PATH=${CMAKE_PREFIX_PATH}:/opt/ros/galactic /usr/bin/cmake --build /home/wjs/cart_ros2/build/stella_ahrs -- -j4 -l4
[22.548s] DEBUG:colcon.colcon_core.event_handler.log_command:Invoking command in '/home/wjs/cart_ros2/build/stella_ahrs': CMAKE_PREFIX_PATH=${CMAKE_PREFIX_PATH}:/opt/ros/galactic /usr/bin/cmake --install /home/wjs/cart_ros2/build/stella_ahrs
[23.105s] Level 1:colcon.colcon_core.environment:create_environment_scripts_only(stella_ahrs)
[23.115s] DEBUG:colcon.colcon_core.event_handler.log_command:Invoked command in '/home/wjs/cart_ros2/build/stella_ahrs' returned '0': CMAKE_PREFIX_PATH=${CMAKE_PREFIX_PATH}:/opt/ros/galactic /usr/bin/cmake --install /home/wjs/cart_ros2/build/stella_ahrs
[23.118s] Level 1:colcon.colcon_core.environment:checking '/home/wjs/cart_ros2/install' for CMake module files
[23.136s] Level 1:colcon.colcon_core.environment:checking '/home/wjs/cart_ros2/install' for CMake config files
[23.163s] Level 1:colcon.colcon_core.shell:create_environment_hook('stella_ahrs', 'cmake_prefix_path')
[23.172s] INFO:colcon.colcon_core.shell:Creating environment hook '/home/wjs/cart_ros2/install/share/stella_ahrs/hook/cmake_prefix_path.ps1'
[23.195s] INFO:colcon.colcon_core.shell:Creating environment descriptor '/home/wjs/cart_ros2/install/share/stella_ahrs/hook/cmake_prefix_path.dsv'
[23.205s] INFO:colcon.colcon_core.shell:Creating environment hook '/home/wjs/cart_ros2/install/share/stella_ahrs/hook/cmake_prefix_path.sh'
[23.218s] Level 1:colcon.colcon_core.environment:checking '/home/wjs/cart_ros2/install/lib'
[23.218s] Level 1:colcon.colcon_core.shell:create_environment_hook('stella_ahrs', 'ld_library_path_lib')
[23.219s] INFO:colcon.colcon_core.shell:Creating environment hook '/home/wjs/cart_ros2/install/share/stella_ahrs/hook/ld_library_path_lib.ps1'
[23.236s] INFO:colcon.colcon_core.shell:Creating environment descriptor '/home/wjs/cart_ros2/install/share/stella_ahrs/hook/ld_library_path_lib.dsv'
[23.239s] INFO:colcon.colcon_core.shell:Creating environment hook '/home/wjs/cart_ros2/install/share/stella_ahrs/hook/ld_library_path_lib.sh'
[23.253s] Level 1:colcon.colcon_core.environment:checking '/home/wjs/cart_ros2/install/bin'
[23.254s] Level 1:colcon.colcon_core.environment:checking '/home/wjs/cart_ros2/install/lib/pkgconfig/stella_ahrs.pc'
[23.268s] Level 1:colcon.colcon_core.environment:checking '/home/wjs/cart_ros2/install/lib/python3.8/site-packages'
[23.268s] Level 1:colcon.colcon_core.shell:create_environment_hook('stella_ahrs', 'pythonpath')
[23.272s] INFO:colcon.colcon_core.shell:Creating environment hook '/home/wjs/cart_ros2/install/share/stella_ahrs/hook/pythonpath.ps1'
[23.288s] INFO:colcon.colcon_core.shell:Creating environment descriptor '/home/wjs/cart_ros2/install/share/stella_ahrs/hook/pythonpath.dsv'
[23.303s] INFO:colcon.colcon_core.shell:Creating environment hook '/home/wjs/cart_ros2/install/share/stella_ahrs/hook/pythonpath.sh'
[23.306s] Level 1:colcon.colcon_core.environment:checking '/home/wjs/cart_ros2/install/bin'
[23.308s] INFO:colcon.colcon_core.shell:Creating package script '/home/wjs/cart_ros2/install/share/stella_ahrs/package.ps1'
[23.311s] INFO:colcon.colcon_core.shell:Creating package descriptor '/home/wjs/cart_ros2/install/share/stella_ahrs/package.dsv'
[23.313s] INFO:colcon.colcon_core.shell:Creating package script '/home/wjs/cart_ros2/install/share/stella_ahrs/package.sh'
[23.315s] INFO:colcon.colcon_core.shell:Creating package script '/home/wjs/cart_ros2/install/share/stella_ahrs/package.bash'
[23.317s] INFO:colcon.colcon_core.shell:Creating package script '/home/wjs/cart_ros2/install/share/stella_ahrs/package.zsh'
[23.319s] Level 1:colcon.colcon_core.environment:create_file_with_runtime_dependencies(/home/wjs/cart_ros2/install/share/colcon-core/packages/stella_ahrs)
[23.323s] Level 1:colcon.colcon_core.environment:create_environment_scripts_only(stella_ahrs)
[23.324s] Level 1:colcon.colcon_core.environment:checking '/home/wjs/cart_ros2/install' for CMake module files
[23.327s] Level 1:colcon.colcon_core.environment:checking '/home/wjs/cart_ros2/install' for CMake config files
[23.333s] Level 1:colcon.colcon_core.shell:create_environment_hook('stella_ahrs', 'cmake_prefix_path')
[23.335s] INFO:colcon.colcon_core.shell:Creating environment hook '/home/wjs/cart_ros2/install/share/stella_ahrs/hook/cmake_prefix_path.ps1'
[23.337s] INFO:colcon.colcon_core.shell:Creating environment descriptor '/home/wjs/cart_ros2/install/share/stella_ahrs/hook/cmake_prefix_path.dsv'
[23.345s] INFO:colcon.colcon_core.shell:Creating environment hook '/home/wjs/cart_ros2/install/share/stella_ahrs/hook/cmake_prefix_path.sh'
[23.350s] Level 1:colcon.colcon_core.environment:checking '/home/wjs/cart_ros2/install/lib'
[23.350s] Level 1:colcon.colcon_core.shell:create_environment_hook('stella_ahrs', 'ld_library_path_lib')
[23.351s] INFO:colcon.colcon_core.shell:Creating environment hook '/home/wjs/cart_ros2/install/share/stella_ahrs/hook/ld_library_path_lib.ps1'
[23.353s] INFO:colcon.colcon_core.shell:Creating environment descriptor '/home/wjs/cart_ros2/install/share/stella_ahrs/hook/ld_library_path_lib.dsv'
[23.355s] INFO:colcon.colcon_core.shell:Creating environment hook '/home/wjs/cart_ros2/install/share/stella_ahrs/hook/ld_library_path_lib.sh'
[23.356s] Level 1:colcon.colcon_core.environment:checking '/home/wjs/cart_ros2/install/bin'
[23.357s] Level 1:colcon.colcon_core.environment:checking '/home/wjs/cart_ros2/install/lib/pkgconfig/stella_ahrs.pc'
[23.357s] Level 1:colcon.colcon_core.environment:checking '/home/wjs/cart_ros2/install/lib/python3.8/site-packages'
[23.358s] Level 1:colcon.colcon_core.shell:create_environment_hook('stella_ahrs', 'pythonpath')
[23.358s] INFO:colcon.colcon_core.shell:Creating environment hook '/home/wjs/cart_ros2/install/share/stella_ahrs/hook/pythonpath.ps1'
[23.360s] INFO:colcon.colcon_core.shell:Creating environment descriptor '/home/wjs/cart_ros2/install/share/stella_ahrs/hook/pythonpath.dsv'
[23.362s] INFO:colcon.colcon_core.shell:Creating environment hook '/home/wjs/cart_ros2/install/share/stella_ahrs/hook/pythonpath.sh'
[23.365s] Level 1:colcon.colcon_core.environment:checking '/home/wjs/cart_ros2/install/bin'
[23.366s] INFO:colcon.colcon_core.shell:Creating package script '/home/wjs/cart_ros2/install/share/stella_ahrs/package.ps1'
[23.370s] INFO:colcon.colcon_core.shell:Creating package descriptor '/home/wjs/cart_ros2/install/share/stella_ahrs/package.dsv'
[23.372s] INFO:colcon.colcon_core.shell:Creating package script '/home/wjs/cart_ros2/install/share/stella_ahrs/package.sh'
[23.375s] INFO:colcon.colcon_core.shell:Creating package script '/home/wjs/cart_ros2/install/share/stella_ahrs/package.bash'
[23.377s] INFO:colcon.colcon_core.shell:Creating package script '/home/wjs/cart_ros2/install/share/stella_ahrs/package.zsh'
[23.379s] Level 1:colcon.colcon_core.environment:create_file_with_runtime_dependencies(/home/wjs/cart_ros2/install/share/colcon-core/packages/stella_ahrs)
[23.685s] DEBUG:colcon.colcon_core.event_handler.log_command:Invoked command in '/home/wjs/cart_ros2/build/roboteq_controller' returned '0': CMAKE_PREFIX_PATH=${CMAKE_PREFIX_PATH}:/opt/ros/galactic LD_LIBRARY_PATH=/home/wjs/cart_ros2/install/lib:/opt/opencv-4.5.5-cuda/lib:/home/wjs/tb3_tpl_ws/install/lib:/opt/ros/galactic/opt/yaml_cpp_vendor/lib:/opt/ros/galactic/opt/rviz_ogre_vendor/lib:/opt/ros/galactic/lib/aarch64-linux-gnu:/opt/ros/galactic/lib:/usr/local/cuda-11.4/lib64 PYTHONPATH=/home/wjs/cart_ros2/install/lib/python3.8/site-packages:/opt/opencv-4.5.5-cuda/lib/python3.8/site-packages:/home/wjs/cart_ros2/build/differential_drive/src:/home/wjs/cart_ros2/build/arduino_ros2:/home/wjs/cart_ros2/build/agv_body:/home/wjs/tb3_tpl_ws/build/turtlebot3_teleop:/home/wjs/tb3_tpl_ws/install/lib/python3.8/site-packages:/opt/ros/galactic/lib/python3.8/site-packages /usr/bin/cmake --build /home/wjs/cart_ros2/build/roboteq_controller -- -j4 -l4
[23.701s] DEBUG:colcon.colcon_core.event_handler.log_command:Invoking command in '/home/wjs/cart_ros2/build/roboteq_controller': CMAKE_PREFIX_PATH=${CMAKE_PREFIX_PATH}:/opt/ros/galactic LD_LIBRARY_PATH=/home/wjs/cart_ros2/install/lib:/opt/opencv-4.5.5-cuda/lib:/home/wjs/tb3_tpl_ws/install/lib:/opt/ros/galactic/opt/yaml_cpp_vendor/lib:/opt/ros/galactic/opt/rviz_ogre_vendor/lib:/opt/ros/galactic/lib/aarch64-linux-gnu:/opt/ros/galactic/lib:/usr/local/cuda-11.4/lib64 PYTHONPATH=/home/wjs/cart_ros2/install/lib/python3.8/site-packages:/opt/opencv-4.5.5-cuda/lib/python3.8/site-packages:/home/wjs/cart_ros2/build/differential_drive/src:/home/wjs/cart_ros2/build/arduino_ros2:/home/wjs/cart_ros2/build/agv_body:/home/wjs/tb3_tpl_ws/build/turtlebot3_teleop:/home/wjs/tb3_tpl_ws/install/lib/python3.8/site-packages:/opt/ros/galactic/lib/python3.8/site-packages /usr/bin/cmake --install /home/wjs/cart_ros2/build/roboteq_controller
[24.067s] Level 1:colcon.colcon_core.environment:create_environment_scripts_only(roboteq_controller)
[24.070s] Level 1:colcon.colcon_core.environment:checking '/home/wjs/cart_ros2/install' for CMake module files
[24.072s] DEBUG:colcon.colcon_core.event_handler.log_command:Invoked command in '/home/wjs/cart_ros2/build/roboteq_controller' returned '0': CMAKE_PREFIX_PATH=${CMAKE_PREFIX_PATH}:/opt/ros/galactic LD_LIBRARY_PATH=/home/wjs/cart_ros2/install/lib:/opt/opencv-4.5.5-cuda/lib:/home/wjs/tb3_tpl_ws/install/lib:/opt/ros/galactic/opt/yaml_cpp_vendor/lib:/opt/ros/galactic/opt/rviz_ogre_vendor/lib:/opt/ros/galactic/lib/aarch64-linux-gnu:/opt/ros/galactic/lib:/usr/local/cuda-11.4/lib64 PYTHONPATH=/home/wjs/cart_ros2/install/lib/python3.8/site-packages:/opt/opencv-4.5.5-cuda/lib/python3.8/site-packages:/home/wjs/cart_ros2/build/differential_drive/src:/home/wjs/cart_ros2/build/arduino_ros2:/home/wjs/cart_ros2/build/agv_body:/home/wjs/tb3_tpl_ws/build/turtlebot3_teleop:/home/wjs/tb3_tpl_ws/install/lib/python3.8/site-packages:/opt/ros/galactic/lib/python3.8/site-packages /usr/bin/cmake --install /home/wjs/cart_ros2/build/roboteq_controller
[24.075s] Level 1:colcon.colcon_core.environment:checking '/home/wjs/cart_ros2/install' for CMake config files
[24.092s] Level 1:colcon.colcon_core.shell:create_environment_hook('roboteq_controller', 'cmake_prefix_path')
[24.093s] INFO:colcon.colcon_core.shell:Creating environment hook '/home/wjs/cart_ros2/install/share/roboteq_controller/hook/cmake_prefix_path.ps1'
[24.108s] INFO:colcon.colcon_core.shell:Creating environment descriptor '/home/wjs/cart_ros2/install/share/roboteq_controller/hook/cmake_prefix_path.dsv'
[24.115s] INFO:colcon.colcon_core.shell:Creating environment hook '/home/wjs/cart_ros2/install/share/roboteq_controller/hook/cmake_prefix_path.sh'
[24.119s] Level 1:colcon.colcon_core.environment:checking '/home/wjs/cart_ros2/install/lib'
[24.120s] Level 1:colcon.colcon_core.shell:create_environment_hook('roboteq_controller', 'ld_library_path_lib')
[24.121s] INFO:colcon.colcon_core.shell:Creating environment hook '/home/wjs/cart_ros2/install/share/roboteq_controller/hook/ld_library_path_lib.ps1'
[24.123s] INFO:colcon.colcon_core.shell:Creating environment descriptor '/home/wjs/cart_ros2/install/share/roboteq_controller/hook/ld_library_path_lib.dsv'
[24.125s] INFO:colcon.colcon_core.shell:Creating environment hook '/home/wjs/cart_ros2/install/share/roboteq_controller/hook/ld_library_path_lib.sh'
[24.127s] Level 1:colcon.colcon_core.environment:checking '/home/wjs/cart_ros2/install/bin'
[24.128s] Level 1:colcon.colcon_core.environment:checking '/home/wjs/cart_ros2/install/lib/pkgconfig/roboteq_controller.pc'
[24.129s] Level 1:colcon.colcon_core.environment:checking '/home/wjs/cart_ros2/install/lib/python3.8/site-packages'
[24.129s] Level 1:colcon.colcon_core.shell:create_environment_hook('roboteq_controller', 'pythonpath')
[24.131s] INFO:colcon.colcon_core.shell:Creating environment hook '/home/wjs/cart_ros2/install/share/roboteq_controller/hook/pythonpath.ps1'
[24.133s] INFO:colcon.colcon_core.shell:Creating environment descriptor '/home/wjs/cart_ros2/install/share/roboteq_controller/hook/pythonpath.dsv'
[24.135s] INFO:colcon.colcon_core.shell:Creating environment hook '/home/wjs/cart_ros2/install/share/roboteq_controller/hook/pythonpath.sh'
[24.139s] Level 1:colcon.colcon_core.environment:checking '/home/wjs/cart_ros2/install/bin'
[24.140s] INFO:colcon.colcon_core.shell:Creating package script '/home/wjs/cart_ros2/install/share/roboteq_controller/package.ps1'
[24.144s] INFO:colcon.colcon_core.shell:Creating package descriptor '/home/wjs/cart_ros2/install/share/roboteq_controller/package.dsv'
[24.148s] INFO:colcon.colcon_core.shell:Creating package script '/home/wjs/cart_ros2/install/share/roboteq_controller/package.sh'
[24.151s] INFO:colcon.colcon_core.shell:Creating package script '/home/wjs/cart_ros2/install/share/roboteq_controller/package.bash'
[24.153s] INFO:colcon.colcon_core.shell:Creating package script '/home/wjs/cart_ros2/install/share/roboteq_controller/package.zsh'
[24.155s] Level 1:colcon.colcon_core.environment:create_file_with_runtime_dependencies(/home/wjs/cart_ros2/install/share/colcon-core/packages/roboteq_controller)
[24.159s] Level 1:colcon.colcon_core.environment:create_environment_scripts_only(roboteq_controller)
[24.160s] Level 1:colcon.colcon_core.environment:checking '/home/wjs/cart_ros2/install' for CMake module files
[24.162s] Level 1:colcon.colcon_core.environment:checking '/home/wjs/cart_ros2/install' for CMake config files
[24.172s] Level 1:colcon.colcon_core.shell:create_environment_hook('roboteq_controller', 'cmake_prefix_path')
[24.173s] INFO:colcon.colcon_core.shell:Creating environment hook '/home/wjs/cart_ros2/install/share/roboteq_controller/hook/cmake_prefix_path.ps1'
[24.175s] INFO:colcon.colcon_core.shell:Creating environment descriptor '/home/wjs/cart_ros2/install/share/roboteq_controller/hook/cmake_prefix_path.dsv'
[24.182s] INFO:colcon.colcon_core.shell:Creating environment hook '/home/wjs/cart_ros2/install/share/roboteq_controller/hook/cmake_prefix_path.sh'
[24.186s] Level 1:colcon.colcon_core.environment:checking '/home/wjs/cart_ros2/install/lib'
[24.186s] Level 1:colcon.colcon_core.shell:create_environment_hook('roboteq_controller', 'ld_library_path_lib')
[24.188s] INFO:colcon.colcon_core.shell:Creating environment hook '/home/wjs/cart_ros2/install/share/roboteq_controller/hook/ld_library_path_lib.ps1'
[24.190s] INFO:colcon.colcon_core.shell:Creating environment descriptor '/home/wjs/cart_ros2/install/share/roboteq_controller/hook/ld_library_path_lib.dsv'
[24.193s] INFO:colcon.colcon_core.shell:Creating environment hook '/home/wjs/cart_ros2/install/share/roboteq_controller/hook/ld_library_path_lib.sh'
[24.196s] Level 1:colcon.colcon_core.environment:checking '/home/wjs/cart_ros2/install/bin'
[24.196s] Level 1:colcon.colcon_core.environment:checking '/home/wjs/cart_ros2/install/lib/pkgconfig/roboteq_controller.pc'
[24.197s] Level 1:colcon.colcon_core.environment:checking '/home/wjs/cart_ros2/install/lib/python3.8/site-packages'
[24.197s] Level 1:colcon.colcon_core.shell:create_environment_hook('roboteq_controller', 'pythonpath')
[24.198s] INFO:colcon.colcon_core.shell:Creating environment hook '/home/wjs/cart_ros2/install/share/roboteq_controller/hook/pythonpath.ps1'
[24.200s] INFO:colcon.colcon_core.shell:Creating environment descriptor '/home/wjs/cart_ros2/install/share/roboteq_controller/hook/pythonpath.dsv'
[24.211s] INFO:colcon.colcon_core.shell:Creating environment hook '/home/wjs/cart_ros2/install/share/roboteq_controller/hook/pythonpath.sh'
[24.227s] Level 1:colcon.colcon_core.environment:checking '/home/wjs/cart_ros2/install/bin'
[24.267s] INFO:colcon.colcon_core.shell:Creating package script '/home/wjs/cart_ros2/install/share/roboteq_controller/package.ps1'
[24.281s] INFO:colcon.colcon_core.shell:Creating package descriptor '/home/wjs/cart_ros2/install/share/roboteq_controller/package.dsv'
[24.295s] INFO:colcon.colcon_core.shell:Creating package script '/home/wjs/cart_ros2/install/share/roboteq_controller/package.sh'
[24.310s] INFO:colcon.colcon_core.shell:Creating package script '/home/wjs/cart_ros2/install/share/roboteq_controller/package.bash'
[24.345s] INFO:colcon.colcon_core.shell:Creating package script '/home/wjs/cart_ros2/install/share/roboteq_controller/package.zsh'
[24.348s] Level 1:colcon.colcon_core.environment:create_file_with_runtime_dependencies(/home/wjs/cart_ros2/install/share/colcon-core/packages/roboteq_controller)
[24.384s] Level 1:colcon.colcon_core.shell:create_environment_hook('arduino_ros2', 'pythonpath_develop')
[24.385s] INFO:colcon.colcon_core.shell:Creating environment hook '/home/wjs/cart_ros2/build/arduino_ros2/share/arduino_ros2/hook/pythonpath_develop.ps1'
[24.387s] DEBUG:colcon.colcon_core.event_handler.log_command:Invoked command in '/home/wjs/cart_ros2/build/arduino_ros2' returned '0': PYTHONPATH=/home/wjs/cart_ros2/build/arduino_ros2/prefix_override:/usr/lib/python3/dist-packages/colcon_core/task/python/colcon_distutils_commands:/home/wjs/cart_ros2/install/lib/python3.8/site-packages:${PYTHONPATH} /usr/bin/python3 -W ignore:setup.py install is deprecated -W ignore:easy_install command is deprecated setup.py develop --editable --build-directory /home/wjs/cart_ros2/build/arduino_ros2/build --no-deps symlink_data
[24.393s] INFO:colcon.colcon_core.shell:Creating environment descriptor '/home/wjs/cart_ros2/build/arduino_ros2/share/arduino_ros2/hook/pythonpath_develop.dsv'
[24.400s] INFO:colcon.colcon_core.shell:Creating environment hook '/home/wjs/cart_ros2/build/arduino_ros2/share/arduino_ros2/hook/pythonpath_develop.sh'
[24.407s] Level 1:colcon.colcon_core.environment:checking '/home/wjs/cart_ros2/install' for CMake module files
[24.418s] Level 1:colcon.colcon_core.environment:checking '/home/wjs/cart_ros2/install' for CMake config files
[24.460s] Level 1:colcon.colcon_core.shell:create_environment_hook('arduino_ros2', 'cmake_prefix_path')
[24.461s] INFO:colcon.colcon_core.shell:Creating environment hook '/home/wjs/cart_ros2/install/share/arduino_ros2/hook/cmake_prefix_path.ps1'
[24.470s] INFO:colcon.colcon_core.shell:Creating environment descriptor '/home/wjs/cart_ros2/install/share/arduino_ros2/hook/cmake_prefix_path.dsv'
[24.479s] INFO:colcon.colcon_core.shell:Creating environment hook '/home/wjs/cart_ros2/install/share/arduino_ros2/hook/cmake_prefix_path.sh'
[24.487s] Level 1:colcon.colcon_core.environment:checking '/home/wjs/cart_ros2/install/lib'
[24.488s] Level 1:colcon.colcon_core.shell:create_environment_hook('arduino_ros2', 'ld_library_path_lib')
[24.489s] INFO:colcon.colcon_core.shell:Creating environment hook '/home/wjs/cart_ros2/install/share/arduino_ros2/hook/ld_library_path_lib.ps1'
[24.497s] INFO:colcon.colcon_core.shell:Creating environment descriptor '/home/wjs/cart_ros2/install/share/arduino_ros2/hook/ld_library_path_lib.dsv'
[24.505s] INFO:colcon.colcon_core.shell:Creating environment hook '/home/wjs/cart_ros2/install/share/arduino_ros2/hook/ld_library_path_lib.sh'
[24.509s] Level 1:colcon.colcon_core.environment:checking '/home/wjs/cart_ros2/install/bin'
[24.511s] Level 1:colcon.colcon_core.environment:checking '/home/wjs/cart_ros2/install/lib/pkgconfig/arduino_ros2.pc'
[24.512s] Level 1:colcon.colcon_core.environment:checking '/home/wjs/cart_ros2/install/lib/python3.8/site-packages'
[24.512s] Level 1:colcon.colcon_core.shell:create_environment_hook('arduino_ros2', 'pythonpath')
[24.513s] INFO:colcon.colcon_core.shell:Creating environment hook '/home/wjs/cart_ros2/install/share/arduino_ros2/hook/pythonpath.ps1'
[24.523s] INFO:colcon.colcon_core.shell:Creating environment descriptor '/home/wjs/cart_ros2/install/share/arduino_ros2/hook/pythonpath.dsv'
[24.526s] INFO:colcon.colcon_core.shell:Creating environment hook '/home/wjs/cart_ros2/install/share/arduino_ros2/hook/pythonpath.sh'
[24.535s] Level 1:colcon.colcon_core.environment:checking '/home/wjs/cart_ros2/install/bin'
[24.535s] Level 1:colcon.colcon_core.environment:create_environment_scripts_only(arduino_ros2)
[24.537s] INFO:colcon.colcon_core.shell:Creating package script '/home/wjs/cart_ros2/install/share/arduino_ros2/package.ps1'
[24.576s] INFO:colcon.colcon_core.shell:Creating package descriptor '/home/wjs/cart_ros2/install/share/arduino_ros2/package.dsv'
[24.617s] INFO:colcon.colcon_core.shell:Creating package script '/home/wjs/cart_ros2/install/share/arduino_ros2/package.sh'
[24.628s] INFO:colcon.colcon_core.shell:Creating package script '/home/wjs/cart_ros2/install/share/arduino_ros2/package.bash'
[24.641s] INFO:colcon.colcon_core.shell:Creating package script '/home/wjs/cart_ros2/install/share/arduino_ros2/package.zsh'
[24.647s] Level 1:colcon.colcon_core.environment:create_file_with_runtime_dependencies(/home/wjs/cart_ros2/install/share/colcon-core/packages/arduino_ros2)
[24.665s] Level 1:colcon.colcon_core.shell:create_environment_hook('differential_drive', 'pythonpath_develop')
[24.667s] DEBUG:colcon.colcon_core.event_handler.log_command:Invoked command in '/home/wjs/cart_ros2/build/differential_drive' returned '0': PYTHONPATH=/home/wjs/cart_ros2/build/differential_drive/prefix_override:/usr/lib/python3/dist-packages/colcon_core/task/python/colcon_distutils_commands:/home/wjs/cart_ros2/install/lib/python3.8/site-packages:${PYTHONPATH} /usr/bin/python3 -W ignore:setup.py install is deprecated -W ignore:easy_install command is deprecated setup.py develop --editable --build-directory /home/wjs/cart_ros2/build/differential_drive/build --no-deps symlink_data
[24.668s] INFO:colcon.colcon_core.shell:Creating environment hook '/home/wjs/cart_ros2/build/differential_drive/src/share/differential_drive/hook/pythonpath_develop.ps1'
[24.675s] INFO:colcon.colcon_core.shell:Creating environment descriptor '/home/wjs/cart_ros2/build/differential_drive/src/share/differential_drive/hook/pythonpath_develop.dsv'
[24.688s] INFO:colcon.colcon_core.shell:Creating environment hook '/home/wjs/cart_ros2/build/differential_drive/src/share/differential_drive/hook/pythonpath_develop.sh'
[24.692s] Level 1:colcon.colcon_core.environment:checking '/home/wjs/cart_ros2/install' for CMake module files
[24.702s] Level 1:colcon.colcon_core.environment:checking '/home/wjs/cart_ros2/install' for CMake config files
[24.714s] Level 1:colcon.colcon_core.shell:create_environment_hook('differential_drive', 'cmake_prefix_path')
[24.717s] INFO:colcon.colcon_core.shell:Creating environment hook '/home/wjs/cart_ros2/install/share/differential_drive/hook/cmake_prefix_path.ps1'
[24.727s] INFO:colcon.colcon_core.shell:Creating environment descriptor '/home/wjs/cart_ros2/install/share/differential_drive/hook/cmake_prefix_path.dsv'
[24.739s] INFO:colcon.colcon_core.shell:Creating environment hook '/home/wjs/cart_ros2/install/share/differential_drive/hook/cmake_prefix_path.sh'
[24.763s] Level 1:colcon.colcon_core.environment:checking '/home/wjs/cart_ros2/install/lib'
[24.765s] Level 1:colcon.colcon_core.shell:create_environment_hook('differential_drive', 'ld_library_path_lib')
[24.767s] INFO:colcon.colcon_core.shell:Creating environment hook '/home/wjs/cart_ros2/install/share/differential_drive/hook/ld_library_path_lib.ps1'
[24.771s] INFO:colcon.colcon_core.shell:Creating environment descriptor '/home/wjs/cart_ros2/install/share/differential_drive/hook/ld_library_path_lib.dsv'
[24.773s] INFO:colcon.colcon_core.shell:Creating environment hook '/home/wjs/cart_ros2/install/share/differential_drive/hook/ld_library_path_lib.sh'
[24.777s] Level 1:colcon.colcon_core.environment:checking '/home/wjs/cart_ros2/install/bin'
[24.778s] Level 1:colcon.colcon_core.environment:checking '/home/wjs/cart_ros2/install/lib/pkgconfig/differential_drive.pc'
[24.780s] Level 1:colcon.colcon_core.environment:checking '/home/wjs/cart_ros2/install/lib/python3.8/site-packages'
[24.781s] Level 1:colcon.colcon_core.shell:create_environment_hook('differential_drive', 'pythonpath')
[24.784s] INFO:colcon.colcon_core.shell:Creating environment hook '/home/wjs/cart_ros2/install/share/differential_drive/hook/pythonpath.ps1'
[24.788s] INFO:colcon.colcon_core.shell:Creating environment descriptor '/home/wjs/cart_ros2/install/share/differential_drive/hook/pythonpath.dsv'
[24.791s] INFO:colcon.colcon_core.shell:Creating environment hook '/home/wjs/cart_ros2/install/share/differential_drive/hook/pythonpath.sh'
[24.795s] Level 1:colcon.colcon_core.environment:checking '/home/wjs/cart_ros2/install/bin'
[24.796s] Level 1:colcon.colcon_core.environment:create_environment_scripts_only(differential_drive)
[24.798s] INFO:colcon.colcon_core.shell:Creating package script '/home/wjs/cart_ros2/install/share/differential_drive/package.ps1'
[24.803s] INFO:colcon.colcon_core.shell:Creating package descriptor '/home/wjs/cart_ros2/install/share/differential_drive/package.dsv'
[24.808s] INFO:colcon.colcon_core.shell:Creating package script '/home/wjs/cart_ros2/install/share/differential_drive/package.sh'
[24.813s] INFO:colcon.colcon_core.shell:Creating package script '/home/wjs/cart_ros2/install/share/differential_drive/package.bash'
[24.818s] INFO:colcon.colcon_core.shell:Creating package script '/home/wjs/cart_ros2/install/share/differential_drive/package.zsh'
[24.821s] Level 1:colcon.colcon_core.environment:create_file_with_runtime_dependencies(/home/wjs/cart_ros2/install/share/colcon-core/packages/differential_drive)
[24.827s] DEBUG:colcon.colcon_parallel_executor.executor.parallel:closing loop
[24.837s] DEBUG:colcon.colcon_parallel_executor.executor.parallel:loop closed
[24.838s] DEBUG:colcon.colcon_parallel_executor.executor.parallel:run_until_complete finished with '0'
[24.838s] DEBUG:colcon.colcon_core.event_reactor:joining thread
[24.864s] INFO:colcon.colcon_core.plugin_system:Skipping extension 'colcon_notification.desktop_notification.terminal_notifier': Not used on non-Darwin systems
[24.864s] INFO:colcon.colcon_core.plugin_system:Skipping extension 'colcon_notification.desktop_notification.win32': Not used on non-Windows systems
[24.865s] INFO:colcon.colcon_notification.desktop_notification:Sending desktop notification using 'notify2'
[24.952s] DEBUG:colcon.colcon_core.event_reactor:joined thread
[24.954s] INFO:colcon.colcon_core.shell:Creating prefix script '/home/wjs/cart_ros2/install/local_setup.ps1'
[24.959s] INFO:colcon.colcon_core.shell:Creating prefix util module '/home/wjs/cart_ros2/install/_local_setup_util_ps1.py'
[24.977s] INFO:colcon.colcon_core.shell:Creating prefix chain script '/home/wjs/cart_ros2/install/setup.ps1'
[24.992s] INFO:colcon.colcon_core.shell:Creating prefix script '/home/wjs/cart_ros2/install/local_setup.sh'
[25.001s] INFO:colcon.colcon_core.shell:Creating prefix util module '/home/wjs/cart_ros2/install/_local_setup_util_sh.py'
[25.006s] INFO:colcon.colcon_core.shell:Creating prefix chain script '/home/wjs/cart_ros2/install/setup.sh'
[25.014s] INFO:colcon.colcon_core.shell:Creating prefix script '/home/wjs/cart_ros2/install/local_setup.bash'
[25.018s] INFO:colcon.colcon_core.shell:Creating prefix chain script '/home/wjs/cart_ros2/install/setup.bash'
[25.041s] INFO:colcon.colcon_core.shell:Creating prefix script '/home/wjs/cart_ros2/install/local_setup.zsh'
[25.048s] INFO:colcon.colcon_core.shell:Creating prefix chain script '/home/wjs/cart_ros2/install/setup.zsh'
